,module
evm.TU.Ap1.1006,0
evm.TU.Ap1.1014,0
evm.TU.Ap1.1015,0
evm.TU.Ap1.1019,0
evm.TU.Ap1.1023,1
evm.TU.Ap1.1025,0
evm.TU.Ap1.1033,0
evm.TU.Ap1.1034,0
evm.TU.Ap1.1045,0
evm.TU.Ap1.1047,0
evm.TU.Ap1.1051,0
evm.TU.Ap1.1052,0
evm.TU.Ap1.1055,0
evm.TU.Ap1.1059,0
evm.TU.Ap1.1061,0
evm.TU.Ap1.1062,0
evm.TU.Ap1.1063,1
evm.TU.Ap1.1066,0
evm.TU.Ap1.107,0
evm.TU.Ap1.1071,0
evm.TU.Ap1.1072,0
evm.TU.Ap1.1073,1
evm.TU.Ap1.108,0
evm.TU.Ap1.1080,0
evm.TU.Ap1.1085,0
evm.TU.Ap1.1086,0
evm.TU.Ap1.109,0
evm.TU.Ap1.1090,0
evm.TU.Ap1.1092,0
evm.TU.Ap1.1095,0
evm.TU.Ap1.1096,0
evm.TU.Ap1.1099,1
evm.TU.Ap1.1109,0
evm.TU.Ap1.1110,0
evm.TU.Ap1.1111,0
evm.TU.Ap1.1112,0
evm.TU.Ap1.1113,0
evm.TU.Ap1.1115,0
evm.TU.Ap1.1116,0
evm.TU.Ap1.1123,0
evm.TU.Ap1.1132,0
evm.TU.Ap1.1133,0
evm.TU.Ap1.1134,0
evm.TU.Ap1.114,0
evm.TU.Ap1.1142,0
evm.TU.Ap1.1143,0
evm.TU.Ap1.1155,0
evm.TU.Ap1.1158,0
evm.TU.Ap1.1159,0
evm.TU.Ap1.116,1
evm.TU.Ap1.1160,0
evm.TU.Ap1.1161,0
evm.TU.Ap1.1162,0
evm.TU.Ap1.1163,0
evm.TU.Ap1.1164,0
evm.TU.Ap1.1165,0
evm.TU.Ap1.1166,0
evm.TU.Ap1.1168,0
evm.TU.Ap1.1172,0
evm.TU.Ap1.1173,0
evm.TU.Ap1.1177,0
evm.TU.Ap1.1188_evm.TU.Ap1.1190,0
evm.TU.Ap1.1191,0
evm.TU.Ap1.1192,0
evm.TU.Ap1.1194,0
evm.TU.Ap1.12,0
evm.TU.Ap1.120,0
evm.TU.Ap1.1223,0
evm.TU.Ap1.1245,0
evm.TU.Ap1.1246,0
evm.TU.Ap1.1247,0
evm.TU.Ap1.125,1
evm.TU.Ap1.1255,0
evm.TU.Ap1.1256,0
evm.TU.Ap1.1258,0
evm.TU.Ap1.1260,0
evm.TU.Ap1.1264,0
evm.TU.Ap1.1266,0
evm.TU.Ap1.1267,0
evm.TU.Ap1.1268,1
evm.TU.Ap1.1269,0
evm.TU.Ap1.1272,0
evm.TU.Ap1.1273,0
evm.TU.Ap1.1276,0
evm.TU.Ap1.1277,0
evm.TU.Ap1.1284,0
evm.TU.Ap1.1285,0
evm.TU.Ap1.1292,0
evm.TU.Ap1.1293,0
evm.TU.Ap1.1295,0
evm.TU.Ap1.1296,0
evm.TU.Ap1.1298,0
evm.TU.Ap1.1299,0
evm.TU.Ap1.13,0
evm.TU.Ap1.1306,0
evm.TU.Ap1.1308,0
evm.TU.Ap1.1309,1
evm.TU.Ap1.132,1
evm.TU.Ap1.1337_evm.TU.Ap1.1336,0
evm.TU.Ap1.134,0
evm.TU.Ap1.1344,0
evm.TU.Ap1.1347,0
evm.TU.Ap1.1356,0
evm.TU.Ap1.1361,0
evm.TU.Ap1.1363,1
evm.TU.Ap1.1367,0
evm.TU.Ap1.1370,0
evm.TU.Ap1.1371,0
evm.TU.Ap1.1373,0
evm.TU.Ap1.1374,0
evm.TU.Ap1.1375,0
evm.TU.Ap1.1376,0
evm.TU.Ap1.1377,0
evm.TU.Ap1.1378,0
evm.TU.Ap1.1379,0
evm.TU.Ap1.1380,0
evm.TU.Ap1.1381,0
evm.TU.Ap1.1382,0
evm.TU.Ap1.1383,0
evm.TU.Ap1.1385,0
evm.TU.Ap1.1386,1
evm.TU.Ap1.1387,0
evm.TU.Ap1.1388,0
evm.TU.Ap1.1389,0
evm.TU.Ap1.1391,0
evm.TU.Ap1.1393,0
evm.TU.Ap1.1396,0
evm.TU.Ap1.14,0
evm.TU.Ap1.140,0
evm.TU.Ap1.1407,0
evm.TU.Ap1.1410,0
evm.TU.Ap1.1411,0
evm.TU.Ap1.1414,0
evm.TU.Ap1.1416,0
evm.TU.Ap1.1417,0
evm.TU.Ap1.1419,0
evm.TU.Ap1.142,0
evm.TU.Ap1.1421,0
evm.TU.Ap1.143,0
evm.TU.Ap1.1465,1
evm.TU.Ap1.1466,0
evm.TU.Ap1.1467,0
evm.TU.Ap1.1468,0
evm.TU.Ap1.1470,0
evm.TU.Ap1.1471,0
evm.TU.Ap1.1472,0
evm.TU.Ap1.1473,0
evm.TU.Ap1.1474,0
evm.TU.Ap1.1475,0
evm.TU.Ap1.1477,0
evm.TU.Ap1.1478,0
evm.TU.Ap1.1479,0
evm.TU.Ap1.1480,0
evm.TU.Ap1.1482,0
evm.TU.Ap1.1487,0
evm.TU.Ap1.1489,1
evm.TU.Ap1.1490,0
evm.TU.Ap1.15,0
evm.TU.Ap1.1502,0
evm.TU.Ap1.1503,0
evm.TU.Ap1.1504,0
evm.TU.Ap1.1505,0
evm.TU.Ap1.1506,0
evm.TU.Ap1.1507,0
evm.TU.Ap1.1508,0
evm.TU.Ap1.1509,0
evm.TU.Ap1.1510,0
evm.TU.Ap1.1517,0
evm.TU.Ap1.1521,1
evm.TU.Ap1.1522,1
evm.TU.Ap1.1525,1
evm.TU.Ap1.1527,1
evm.TU.Ap1.1529,1
evm.TU.Ap1.1530,0
evm.TU.Ap1.1532,0
evm.TU.Ap1.1534,0
evm.TU.Ap1.1535,0
evm.TU.Ap1.1538,0
evm.TU.Ap1.1540,0
evm.TU.Ap1.1541,0
evm.TU.Ap1.1545,0
evm.TU.Ap1.1547,0
evm.TU.Ap1.1563_evm.TU.Ap1.1548,0
evm.TU.Ap1.1575,0
evm.TU.Ap1.1578,0
evm.TU.Ap1.1581,0
evm.TU.Ap1.1584,0
evm.TU.Ap1.1585,1
evm.TU.Ap1.1587,0
evm.TU.Ap1.1591,0
evm.TU.Ap1.1594,0
evm.TU.Ap1.1597,0
evm.TU.Ap1.1599,0
evm.TU.Ap1.16,0
evm.TU.Ap1.1600,0
evm.TU.Ap1.1602,0
evm.TU.Ap1.1603,0
evm.TU.Ap1.1609,0
evm.TU.Ap1.1610,1
evm.TU.Ap1.1611,0
evm.TU.Ap1.1615,0
evm.TU.Ap1.1617,0
evm.TU.Ap1.1619,0
evm.TU.Ap1.1627,0
evm.TU.Ap1.1629,0
evm.TU.Ap1.1631,1
evm.TU.Ap1.1632,0
evm.TU.Ap1.1633,0
evm.TU.Ap1.1641,0
evm.TU.Ap1.1642,0
evm.TU.Ap1.1646,0
evm.TU.Ap1.1652,0
evm.TU.Ap1.1654,0
evm.TU.Ap1.1657,0
evm.TU.Ap1.1659,0
evm.TU.Ap1.1660,0
evm.TU.Ap1.1661,0
evm.TU.Ap1.1662,1
evm.TU.Ap1.1664,0
evm.TU.Ap1.1667,1
evm.TU.Ap1.1668,0
evm.TU.Ap1.1670,0
evm.TU.Ap1.1686,0
evm.TU.Ap1.1688,0
evm.TU.Ap1.1695,0
evm.TU.Ap1.17,0
evm.TU.Ap1.1701,0
evm.TU.Ap1.1704,0
evm.TU.Ap1.1705,0
evm.TU.Ap1.1708,1
evm.TU.Ap1.1710,0
evm.TU.Ap1.1711,0
evm.TU.Ap1.1712,0
evm.TU.Ap1.1713,0
evm.TU.Ap1.1719,0
evm.TU.Ap1.172,0
evm.TU.Ap1.1720,0
evm.TU.Ap1.1723,0
evm.TU.Ap1.173,0
evm.TU.Ap1.1738,0
evm.TU.Ap1.1746,0
evm.TU.Ap1.1747,0
evm.TU.Ap1.1748,0
evm.TU.Ap1.1749,0
evm.TU.Ap1.175,0
evm.TU.Ap1.176,1
evm.TU.Ap1.1762,0
evm.TU.Ap1.1764,1
evm.TU.Ap1.1785,0
evm.TU.Ap1.1787,0
evm.TU.Ap1.1792_evm.TU.Ap1.1793,0
evm.TU.Ap1.1794,0
evm.TU.Ap1.18,1
evm.TU.Ap1.1807,0
evm.TU.Ap1.181,0
evm.TU.Ap1.1810,0
evm.TU.Ap1.1813,0
evm.TU.Ap1.1817,0
evm.TU.Ap1.182,0
evm.TU.Ap1.1821,0
evm.TU.Ap1.1828,0
evm.TU.Ap1.1830,0
evm.TU.Ap1.1832,0
evm.TU.Ap1.1837,1
evm.TU.Ap1.1842,0
evm.TU.Ap1.1850,0
evm.TU.Ap1.1854,0
evm.TU.Ap1.1858,0
evm.TU.Ap1.186,0
evm.TU.Ap1.1862,0
evm.TU.Ap1.1864,1
evm.TU.Ap1.1865,1
evm.TU.Ap1.1869,1
evm.TU.Ap1.1873,0
evm.TU.Ap1.1874,0
evm.TU.Ap1.1876,0
evm.TU.Ap1.1878,0
evm.TU.Ap1.1881,0
evm.TU.Ap1.1882,0
evm.TU.Ap1.1883,0
evm.TU.Ap1.189,0
evm.TU.Ap1.1898_evm.TU.Ap1.1897,0
evm.TU.Ap1.1899,0
evm.TU.Ap1.19,0
evm.TU.Ap1.190,0
evm.TU.Ap1.1902,1
evm.TU.Ap1.1903,1
evm.TU.Ap1.1918,0
evm.TU.Ap1.1922,0
evm.TU.Ap1.1925,0
evm.TU.Ap1.1928,1
evm.TU.Ap1.1933_evm.TU.Ap1.1929_evm.TU.Ap1.1934,0
evm.TU.Ap1.1946,0
evm.TU.Ap1.1948,0
evm.TU.Ap1.1954,0
evm.TU.Ap1.1959,0
evm.TU.Ap1.1985,0
evm.TU.Ap1.1986,0
evm.TU.Ap1.1989,0
evm.TU.Ap1.199,0
evm.TU.Ap1.1992,0
evm.TU.Ap1.1994,0
evm.TU.Ap1.1995,0
evm.TU.Ap1.2003,0
evm.TU.Ap1.2009,0
evm.TU.Ap1.2011,0
evm.TU.Ap1.2012,0
evm.TU.Ap1.2013,0
evm.TU.Ap1.2014,0
evm.TU.Ap1.2016,0
evm.TU.Ap1.2020,0
evm.TU.Ap1.2021,0
evm.TU.Ap1.2022,0
evm.TU.Ap1.2023,0
evm.TU.Ap1.2024,0
evm.TU.Ap1.2025,0
evm.TU.Ap1.2027,1
evm.TU.Ap1.2080,1
evm.TU.Ap1.21,0
evm.TU.Ap1.2102,0
evm.TU.Ap1.2103,0
evm.TU.Ap1.2105,0
evm.TU.Ap1.2106,0
evm.TU.Ap1.2109,0
evm.TU.Ap1.2110,0
evm.TU.Ap1.2118,0
evm.TU.Ap1.2120,0
evm.TU.Ap1.2121,0
evm.TU.Ap1.2126,0
evm.TU.Ap1.2127,0
evm.TU.Ap1.2128,0
evm.TU.Ap1.2141,0
evm.TU.Ap1.2150,0
evm.TU.Ap1.2155,0
evm.TU.Ap1.2156,0
evm.TU.Ap1.2157,0
evm.TU.Ap1.2158,0
evm.TU.Ap1.2159,0
evm.TU.Ap1.2160,0
evm.TU.Ap1.2166,0
evm.TU.Ap1.2168,0
evm.TU.Ap1.2174,0
evm.TU.Ap1.2176,0
evm.TU.Ap1.2177,0
evm.TU.Ap1.2178,0
evm.TU.Ap1.2179,0
evm.TU.Ap1.2180,0
evm.TU.Ap1.2181,0
evm.TU.Ap1.2184,0
evm.TU.Ap1.2186,0
evm.TU.Ap1.2187,0
evm.TU.Ap1.2193,0
evm.TU.Ap1.2200,0
evm.TU.Ap1.2201,0
evm.TU.Ap1.2202,0
evm.TU.Ap1.2204,0
evm.TU.Ap1.2205,0
evm.TU.Ap1.2206,0
evm.TU.Ap1.2208,0
evm.TU.Ap1.221,0
evm.TU.Ap1.2213,0
evm.TU.Ap1.2215,0
evm.TU.Ap1.222,0
evm.TU.Ap1.223,0
evm.TU.Ap1.2230,0
evm.TU.Ap1.224,0
evm.TU.Ap1.2247,0
evm.TU.Ap1.2248,0
evm.TU.Ap1.225,0
evm.TU.Ap1.226,0
evm.TU.Ap1.2264,0
evm.TU.Ap1.2267,1
evm.TU.Ap1.2268,0
evm.TU.Ap1.227,1
evm.TU.Ap1.2272,0
evm.TU.Ap1.2277,0
evm.TU.Ap1.2279,0
evm.TU.Ap1.228,0
evm.TU.Ap1.2280,0
evm.TU.Ap1.2281,0
evm.TU.Ap1.2282,0
evm.TU.Ap1.2285,0
evm.TU.Ap1.2286,0
evm.TU.Ap1.2287,0
evm.TU.Ap1.2291,0
evm.TU.Ap1.2300,0
evm.TU.Ap1.2301,0
evm.TU.Ap1.231,0
evm.TU.Ap1.2316,0
evm.TU.Ap1.2317,0
evm.TU.Ap1.2318,0
evm.TU.Ap1.2319,0
evm.TU.Ap1.232,0
evm.TU.Ap1.2320,0
evm.TU.Ap1.2332,0
evm.TU.Ap1.2339,0
evm.TU.Ap1.234,0
evm.TU.Ap1.2344,0
evm.TU.Ap1.2348,0
evm.TU.Ap1.2353,1
evm.TU.Ap1.2354,0
evm.TU.Ap1.2355,0
evm.TU.Ap1.2356,0
evm.TU.Ap1.2357,0
evm.TU.Ap1.2360,0
evm.TU.Ap1.2362,0
evm.TU.Ap1.2363,0
evm.TU.Ap1.2364,1
evm.TU.Ap1.2366,1
evm.TU.Ap1.237,0
evm.TU.Ap1.2370,0
evm.TU.Ap1.2375,0
evm.TU.Ap1.2377,0
evm.TU.Ap1.2378,0
evm.TU.Ap1.2379,0
evm.TU.Ap1.238,0
evm.TU.Ap1.2388,0
evm.TU.Ap1.239,0
evm.TU.Ap1.2390,1
evm.TU.Ap1.2394,0
evm.TU.Ap1.2395,0
evm.TU.Ap1.2397,1
evm.TU.Ap1.24,1
evm.TU.Ap1.240,0
evm.TU.Ap1.2423,0
evm.TU.Ap1.2451,0
evm.TU.Ap1.2453,0
evm.TU.Ap1.2462,0
evm.TU.Ap1.2471,0
evm.TU.Ap1.2473,0
evm.TU.Ap1.2486,1
evm.TU.Ap1.2488,0
evm.TU.Ap1.2490,0
evm.TU.Ap1.2491,0
evm.TU.Ap1.2495,0
evm.TU.Ap1.2496,1
evm.TU.Ap1.2498,0
evm.TU.Ap1.2500,0
evm.TU.Ap1.2501,0
evm.TU.Ap1.2504,0
evm.TU.Ap1.2505,0
evm.TU.Ap1.2506,1
evm.TU.Ap1.2513,0
evm.TU.Ap1.2514,0
evm.TU.Ap1.2518,0
evm.TU.Ap1.2521,1
evm.TU.Ap1.2522,0
evm.TU.Ap1.2523,0
evm.TU.Ap1.2524,0
evm.TU.Ap1.2545,0
evm.TU.Ap1.2546,0
evm.TU.Ap1.2548,0
evm.TU.Ap1.2549,0
evm.TU.Ap1.2550,0
evm.TU.Ap1.2552,0
evm.TU.Ap1.2561,0
evm.TU.Ap1.2567,0
evm.TU.Ap1.2571,1
evm.TU.Ap1.2572,0
evm.TU.Ap1.2574,0
evm.TU.Ap1.2575,0
evm.TU.Ap1.2582,0
evm.TU.Ap1.2584,0
evm.TU.Ap1.2585,0
evm.TU.Ap1.2593,0
evm.TU.Ap1.2594,1
evm.TU.Ap1.2595,0
evm.TU.Ap1.2596,0
evm.TU.Ap1.2597,0
evm.TU.Ap1.26,0
evm.TU.Ap1.2607,0
evm.TU.Ap1.2635,0
evm.TU.Ap1.2636,1
evm.TU.Ap1.2640,0
evm.TU.Ap1.2641,0
evm.TU.Ap1.2643,0
evm.TU.Ap1.2644,0
evm.TU.Ap1.2645,0
evm.TU.Ap1.2646,0
evm.TU.Ap1.2647,0
evm.TU.Ap1.2650,0
evm.TU.Ap1.2651,0
evm.TU.Ap1.2652,0
evm.TU.Ap1.2653,0
evm.TU.Ap1.2656,0
evm.TU.Ap1.2658,0
evm.TU.Ap1.2659,0
evm.TU.Ap1.2661,0
evm.TU.Ap1.2662,1
evm.TU.Ap1.2663,0
evm.TU.Ap1.2666,0
evm.TU.Ap1.2670,0
evm.TU.Ap1.2672,1
evm.TU.Ap1.2673,0
evm.TU.Ap1.2674,0
evm.TU.Ap1.2680,0
evm.TU.Ap1.2681,0
evm.TU.Ap1.2684,0
evm.TU.Ap1.2686,1
evm.TU.Ap1.2687,0
evm.TU.Ap1.2689,0
evm.TU.Ap1.2691,0
evm.TU.Ap1.2692,0
evm.TU.Ap1.2694,0
evm.TU.Ap1.2695,0
evm.TU.Ap1.2696,0
evm.TU.Ap1.2697,0
evm.TU.Ap1.2698,0
evm.TU.Ap1.2700,0
evm.TU.Ap1.2702,0
evm.TU.Ap1.2704,0
evm.TU.Ap1.2705,0
evm.TU.Ap1.2707,0
evm.TU.Ap1.2708,0
evm.TU.Ap1.2710,0
evm.TU.Ap1.2712,0
evm.TU.Ap1.2713,0
evm.TU.Ap1.2714,0
evm.TU.Ap1.2715,0
evm.TU.Ap1.2716,0
evm.TU.Ap1.2717,0
evm.TU.Ap1.2718,0
evm.TU.Ap1.2722,0
evm.TU.Ap1.2734,0
evm.TU.Ap1.2735,0
evm.TU.Ap1.2736,0
evm.TU.Ap1.2743,0
evm.TU.Ap1.2744,0
evm.TU.Ap1.2745,0
evm.TU.Ap1.2748,0
evm.TU.Ap1.2749,0
evm.TU.Ap1.2750,0
evm.TU.Ap1.2753,0
evm.TU.Ap1.2755,1
evm.TU.Ap1.2757,0
evm.TU.Ap1.2764,1
evm.TU.Ap1.2771,0
evm.TU.Ap1.2779,0
evm.TU.Ap1.278,0
evm.TU.Ap1.2781,0
evm.TU.Ap1.2782,0
evm.TU.Ap1.2784,0
evm.TU.Ap1.2785,0
evm.TU.Ap1.2788,0
evm.TU.Ap1.2789,0
evm.TU.Ap1.279,0
evm.TU.Ap1.2790,0
evm.TU.Ap1.2791,0
evm.TU.Ap1.2792,0
evm.TU.Ap1.2797,0
evm.TU.Ap1.2798,0
evm.TU.Ap1.280,1
evm.TU.Ap1.2800,0
evm.TU.Ap1.2808,0
evm.TU.Ap1.281,0
evm.TU.Ap1.2812,0
evm.TU.Ap1.2813,0
evm.TU.Ap1.2814,0
evm.TU.Ap1.2815,0
evm.TU.Ap1.2819,0
evm.TU.Ap1.2820,1
evm.TU.Ap1.2821,1
evm.TU.Ap1.2829,0
evm.TU.Ap1.2830,1
evm.TU.Ap1.2831,0
evm.TU.Ap1.2832,0
evm.TU.Ap1.2834,1
evm.TU.Ap1.2835,1
evm.TU.Ap1.2836,1
evm.TU.Ap1.2837,1
evm.TU.Ap1.2839,1
evm.TU.Ap1.2841,1
evm.TU.Ap1.2843,1
evm.TU.Ap1.2847,1
evm.TU.Ap1.2848,1
evm.TU.Ap1.2851,0
evm.TU.Ap1.2864,0
evm.TU.Ap1.2865,0
evm.TU.Ap1.2869,0
evm.TU.Ap1.2870,0
evm.TU.Ap1.2873,0
evm.TU.Ap1.2878,0
evm.TU.Ap1.2884,0
evm.TU.Ap1.2885,0
evm.TU.Ap1.2892,0
evm.TU.Ap1.2893,0
evm.TU.Ap1.2894,0
evm.TU.Ap1.2896,0
evm.TU.Ap1.2897,0
evm.TU.Ap1.29,0
evm.TU.Ap1.290,0
evm.TU.Ap1.2902,0
evm.TU.Ap1.2903,1
evm.TU.Ap1.2904,1
evm.TU.Ap1.2911,0
evm.TU.Ap1.2913,0
evm.TU.Ap1.2914,0
evm.TU.Ap1.2916,0
evm.TU.Ap1.2919,0
evm.TU.Ap1.2922,0
evm.TU.Ap1.2938,0
evm.TU.Ap1.2939,0
evm.TU.Ap1.2948,0
evm.TU.Ap1.2949,0
evm.TU.Ap1.2950,0
evm.TU.Ap1.2954,0
evm.TU.Ap1.2961,0
evm.TU.Ap1.2962,1
evm.TU.Ap1.2965,0
evm.TU.Ap1.2967,0
evm.TU.Ap1.2968,0
evm.TU.Ap1.2969,0
evm.TU.Ap1.2970,0
evm.TU.Ap1.2974,0
evm.TU.Ap1.2975,0
evm.TU.Ap1.2977,0
evm.TU.Ap1.2981,0
evm.TU.Ap1.2984,0
evm.TU.Ap1.2994,0
evm.TU.Ap1.2997,0
evm.TU.Ap1.2999,0
evm.TU.Ap1.30,0
evm.TU.Ap1.300,0
evm.TU.Ap1.3000,0
evm.TU.Ap1.3001,0
evm.TU.Ap1.3002,0
evm.TU.Ap1.3003_evm.TU.Ap1.3004,0
evm.TU.Ap1.3006,0
evm.TU.Ap1.3007,0
evm.TU.Ap1.3008,0
evm.TU.Ap1.3009,0
evm.TU.Ap1.3010,0
evm.TU.Ap1.3029,0
evm.TU.Ap1.3034,0
evm.TU.Ap1.3037,0
evm.TU.Ap1.3048,0
evm.TU.Ap1.3052,0
evm.TU.Ap1.3059,0
evm.TU.Ap1.3061,0
evm.TU.Ap1.3062,0
evm.TU.Ap1.3068,0
evm.TU.Ap1.3070,0
evm.TU.Ap1.3086,0
evm.TU.Ap1.309,0
evm.TU.Ap1.3090,1
evm.TU.Ap1.3097,0
evm.TU.Ap1.3104,0
evm.TU.Ap1.3115,0
evm.TU.Ap1.3116,0
evm.TU.Ap1.3125,0
evm.TU.Ap1.3126,0
evm.TU.Ap1.3129,0
evm.TU.Ap1.3132,0
evm.TU.Ap1.3134,0
evm.TU.Ap1.3135,0
evm.TU.Ap1.3141,0
evm.TU.Ap1.3142,0
evm.TU.Ap1.3143,0
evm.TU.Ap1.3151,0
evm.TU.Ap1.3152,0
evm.TU.Ap1.3160,0
evm.TU.Ap1.3162,0
evm.TU.Ap1.3163,0
evm.TU.Ap1.3165_evm.TU.Ap1.3164,0
evm.TU.Ap1.3175,0
evm.TU.Ap1.3188,0
evm.TU.Ap1.3189,0
evm.TU.Ap1.3194,0
evm.TU.Ap1.3195,0
evm.TU.Ap1.3198,0
evm.TU.Ap1.3199,0
evm.TU.Ap1.3200,0
evm.TU.Ap1.3217,0
evm.TU.Ap1.3218,0
evm.TU.Ap1.3220,0
evm.TU.Ap1.3221,0
evm.TU.Ap1.3225,0
evm.TU.Ap1.3227,0
evm.TU.Ap1.3228,0
evm.TU.Ap1.3230,0
evm.TU.Ap1.3232,0
evm.TU.Ap1.3236,0
evm.TU.Ap1.3237,0
evm.TU.Ap1.3238,0
evm.TU.Ap1.3239,0
evm.TU.Ap1.3241,1
evm.TU.Ap1.3246,0
evm.TU.Ap1.3247,0
evm.TU.Ap1.3250,0
evm.TU.Ap1.3251,0
evm.TU.Ap1.3252,0
evm.TU.Ap1.3253,0
evm.TU.Ap1.3258,0
evm.TU.Ap1.3260,0
evm.TU.Ap1.3266,0
evm.TU.Ap1.3268,0
evm.TU.Ap1.3269,0
evm.TU.Ap1.3270,0
evm.TU.Ap1.3272,1
evm.TU.Ap1.3273,0
evm.TU.Ap1.3274,0
evm.TU.Ap1.3277,0
evm.TU.Ap1.3278,0
evm.TU.Ap1.3280,0
evm.TU.Ap1.3285,0
evm.TU.Ap1.3293,0
evm.TU.Ap1.3294,0
evm.TU.Ap1.3296,0
evm.TU.Ap1.3297,0
evm.TU.Ap1.3298,0
evm.TU.Ap1.3300,0
evm.TU.Ap1.3308,1
evm.TU.Ap1.3310,0
evm.TU.Ap1.3311,0
evm.TU.Ap1.3313,0
evm.TU.Ap1.3322,0
evm.TU.Ap1.3323,0
evm.TU.Ap1.3325,0
evm.TU.Ap1.3328_evm.TU.Ap1.3330,0
evm.TU.Ap1.3333,0
evm.TU.Ap1.3335,0
evm.TU.Ap1.3336,0
evm.TU.Ap1.3341,0
evm.TU.Ap1.3342,0
evm.TU.Ap1.3343,0
evm.TU.Ap1.3348,0
evm.TU.Ap1.3349,0
evm.TU.Ap1.3352,0
evm.TU.Ap1.3354,0
evm.TU.Ap1.3356,0
evm.TU.Ap1.3369,0
evm.TU.Ap1.3370,0
evm.TU.Ap1.3377,0
evm.TU.Ap1.3378,0
evm.TU.Ap1.3379,1
evm.TU.Ap1.3383,0
evm.TU.Ap1.3384,1
evm.TU.Ap1.3385,1
evm.TU.Ap1.3387,0
evm.TU.Ap1.3388,0
evm.TU.Ap1.3389,0
evm.TU.Ap1.3394,0
evm.TU.Ap1.3397,0
evm.TU.Ap1.3399,0
evm.TU.Ap1.34,0
evm.TU.Ap1.3411,0
evm.TU.Ap1.3413,0
evm.TU.Ap1.3414,0
evm.TU.Ap1.3417,0
evm.TU.Ap1.3419,0
evm.TU.Ap1.342_evm.TU.Ap1.331,0
evm.TU.Ap1.3420,0
evm.TU.Ap1.3421,0
evm.TU.Ap1.3422,0
evm.TU.Ap1.3423,0
evm.TU.Ap1.3425,0
evm.TU.Ap1.3428,0
evm.TU.Ap1.3429,0
evm.TU.Ap1.343,0
evm.TU.Ap1.3430,1
evm.TU.Ap1.3431,0
evm.TU.Ap1.3433,0
evm.TU.Ap1.3434,0
evm.TU.Ap1.3437,0
evm.TU.Ap1.3441,1
evm.TU.Ap1.3442,1
evm.TU.Ap1.3443,1
evm.TU.Ap1.3444,1
evm.TU.Ap1.3445,0
evm.TU.Ap1.3447,0
evm.TU.Ap1.3448,0
evm.TU.Ap1.3449,0
evm.TU.Ap1.3451,0
evm.TU.Ap1.3453,0
evm.TU.Ap1.3454,0
evm.TU.Ap1.3463,0
evm.TU.Ap1.3464,0
evm.TU.Ap1.3468,0
evm.TU.Ap1.3474,0
evm.TU.Ap1.3479,0
evm.TU.Ap1.3482,0
evm.TU.Ap1.3486,0
evm.TU.Ap1.3487,0
evm.TU.Ap1.3488,0
evm.TU.Ap1.3489,0
evm.TU.Ap1.3498,0
evm.TU.Ap1.35,0
evm.TU.Ap1.3500,0
evm.TU.Ap1.3502,1
evm.TU.Ap1.3503,1
evm.TU.Ap1.3505,0
evm.TU.Ap1.3506,0
evm.TU.Ap1.3507,0
evm.TU.Ap1.3508,0
evm.TU.Ap1.3509,0
evm.TU.Ap1.3512,0
evm.TU.Ap1.3518,0
evm.TU.Ap1.3527,0
evm.TU.Ap1.3528,0
evm.TU.Ap1.3529,0
evm.TU.Ap1.3530,1
evm.TU.Ap1.3532,0
evm.TU.Ap1.3534_evm.TU.Ap1.3541,0
evm.TU.Ap1.3543,0
evm.TU.Ap1.3545,0
evm.TU.Ap1.3546,0
evm.TU.Ap1.3547,0
evm.TU.Ap1.3548,1
evm.TU.Ap1.3556,0
evm.TU.Ap1.3558,0
evm.TU.Ap1.3559,0
evm.TU.Ap1.3562,0
evm.TU.Ap1.357,0
evm.TU.Ap1.3579,0
evm.TU.Ap1.358,0
evm.TU.Ap1.3580,0
evm.TU.Ap1.3583,0
evm.TU.Ap1.3584,0
evm.TU.Ap1.3598,1
evm.TU.Ap1.3599,0
evm.TU.Ap1.36,0
evm.TU.Ap1.3601,0
evm.TU.Ap1.3603,0
evm.TU.Ap1.3604,0
evm.TU.Ap1.3605,0
evm.TU.Ap1.3607,0
evm.TU.Ap1.3608,0
evm.TU.Ap1.3610,0
evm.TU.Ap1.3615,1
evm.TU.Ap1.3616,1
evm.TU.Ap1.3617,1
evm.TU.Ap1.3625,0
evm.TU.Ap1.363_evm.TU.Ap1.361,0
evm.TU.Ap1.3637,0
evm.TU.Ap1.364,0
evm.TU.Ap1.3644,0
evm.TU.Ap1.3647,0
evm.TU.Ap1.3649,1
evm.TU.Ap1.365,0
evm.TU.Ap1.3650,0
evm.TU.Ap1.3651,0
evm.TU.Ap1.3652,0
evm.TU.Ap1.3658,0
evm.TU.Ap1.366,0
evm.TU.Ap1.3660,0
evm.TU.Ap1.3661,1
evm.TU.Ap1.3663,0
evm.TU.Ap1.3668,0
evm.TU.Ap1.3669,0
evm.TU.Ap1.3679,0
evm.TU.Ap1.368,0
evm.TU.Ap1.3680,0
evm.TU.Ap1.3681,0
evm.TU.Ap1.37_evm.TU.Ap1.38,0
evm.TU.Ap1.3700,0
evm.TU.Ap1.3701,0
evm.TU.Ap1.3703,1
evm.TU.Ap1.3704,0
evm.TU.Ap1.3705,0
evm.TU.Ap1.3706,1
evm.TU.Ap1.3714,0
evm.TU.Ap1.372,0
evm.TU.Ap1.3720,0
evm.TU.Ap1.3723,0
evm.TU.Ap1.3724,0
evm.TU.Ap1.3729,0
evm.TU.Ap1.373,0
evm.TU.Ap1.3730,0
evm.TU.Ap1.3731,0
evm.TU.Ap1.3732,0
evm.TU.Ap1.3734,1
evm.TU.Ap1.3735,0
evm.TU.Ap1.3741,0
evm.TU.Ap1.3742,1
evm.TU.Ap1.3749,1
evm.TU.Ap1.3750,0
evm.TU.Ap1.3751,0
evm.TU.Ap1.3755,0
evm.TU.Ap1.3756,0
evm.TU.Ap1.3757,0
evm.TU.Ap1.3758,1
evm.TU.Ap1.3759,1
evm.TU.Ap1.376,0
evm.TU.Ap1.3762,1
evm.TU.Ap1.3764,1
evm.TU.Ap1.3765,1
evm.TU.Ap1.3769,1
evm.TU.Ap1.3770,1
evm.TU.Ap1.3781,0
evm.TU.Ap1.3789,0
evm.TU.Ap1.379,0
evm.TU.Ap1.3790,0
evm.TU.Ap1.3794,0
evm.TU.Ap1.3815,0
evm.TU.Ap1.3818_evm.TU.Ap1.3822_evm.TU.Ap1.3817,0
evm.TU.Ap1.3827,0
evm.TU.Ap1.3830,0
evm.TU.Ap1.3831,0
evm.TU.Ap1.3833,0
evm.TU.Ap1.3844,0
evm.TU.Ap1.3850,0
evm.TU.Ap1.3859,0
evm.TU.Ap1.3860,0
evm.TU.Ap1.3861,0
evm.TU.Ap1.3869,0
evm.TU.Ap1.387_evm.TU.Ap1.380,1
evm.TU.Ap1.3871,0
evm.TU.Ap1.3872,0
evm.TU.Ap1.3874,0
evm.TU.Ap1.3877,0
evm.TU.Ap1.3884,0
evm.TU.Ap1.3892,0
evm.TU.Ap1.3896,0
evm.TU.Ap1.3897,0
evm.TU.Ap1.39,0
evm.TU.Ap1.3932,0
evm.TU.Ap1.394,1
evm.TU.Ap1.3976_evm.TU.Ap1.3979,0
evm.TU.Ap1.3983,0
evm.TU.Ap1.3990,0
evm.TU.Ap1.3998,0
evm.TU.Ap1.4010,1
evm.TU.Ap1.4011,0
evm.TU.Ap1.4012,0
evm.TU.Ap1.4019,1
evm.TU.Ap1.4020,0
evm.TU.Ap1.4021,0
evm.TU.Ap1.4023,0
evm.TU.Ap1.4029,0
evm.TU.Ap1.403,0
evm.TU.Ap1.4034,0
evm.TU.Ap1.4036,0
evm.TU.Ap1.4037,0
evm.TU.Ap1.4038,0
evm.TU.Ap1.4039,0
evm.TU.Ap1.4040,0
evm.TU.Ap1.4044,0
evm.TU.Ap1.4046,0
evm.TU.Ap1.4047,0
evm.TU.Ap1.4050,0
evm.TU.Ap1.4053,0
evm.TU.Ap1.4054,0
evm.TU.Ap1.4055,0
evm.TU.Ap1.4069,0
evm.TU.Ap1.4071,0
evm.TU.Ap1.4076,0
evm.TU.Ap1.4077,1
evm.TU.Ap1.4079,0
evm.TU.Ap1.4080,0
evm.TU.Ap1.4084,0
evm.TU.Ap1.4090,0
evm.TU.Ap1.4091_evm.TU.Ap1.4094,0
evm.TU.Ap1.4096,0
evm.TU.Ap1.4098,0
evm.TU.Ap1.4110,0
evm.TU.Ap1.4111,0
evm.TU.Ap1.4112,0
evm.TU.Ap1.4113,0
evm.TU.Ap1.4114,0
evm.TU.Ap1.4118,0
evm.TU.Ap1.4119,0
evm.TU.Ap1.4132,0
evm.TU.Ap1.4134,0
evm.TU.Ap1.4140,1
evm.TU.Ap1.4141,0
evm.TU.Ap1.4142,0
evm.TU.Ap1.4143,0
evm.TU.Ap1.4144,0
evm.TU.Ap1.4145,0
evm.TU.Ap1.4146,1
evm.TU.Ap1.4147,0
evm.TU.Ap1.4157,0
evm.TU.Ap1.4161,0
evm.TU.Ap1.4162_evm.TU.Ap1.4163,1
evm.TU.Ap1.4164,1
evm.TU.Ap1.4170,0
evm.TU.Ap1.4173,0
evm.TU.Ap1.4174,0
evm.TU.Ap1.4175,0
evm.TU.Ap1.4176,0
evm.TU.Ap1.4178,0
evm.TU.Ap1.4179,0
evm.TU.Ap1.4180,0
evm.TU.Ap1.4182,0
evm.TU.Ap1.4183,0
evm.TU.Ap1.4184,0
evm.TU.Ap1.4190,0
evm.TU.Ap1.4191,0
evm.TU.Ap1.4195,0
evm.TU.Ap1.422,0
evm.TU.Ap1.425,0
evm.TU.Ap1.429,0
evm.TU.Ap1.431,0
evm.TU.Ap1.437,1
evm.TU.Ap1.438,0
evm.TU.Ap1.440,0
evm.TU.Ap1.442,0
evm.TU.Ap1.444,0
evm.TU.Ap1.445,0
evm.TU.Ap1.448,0
evm.TU.Ap1.449,0
evm.TU.Ap1.451,0
evm.TU.Ap1.464,0
evm.TU.Ap1.466,0
evm.TU.Ap1.48,0
evm.TU.Ap1.485,1
evm.TU.Ap1.487,0
evm.TU.Ap1.488,0
evm.TU.Ap1.489,0
evm.TU.Ap1.490,0
evm.TU.Ap1.497,0
evm.TU.Ap1.499,0
evm.TU.Ap1.501,0
evm.TU.Ap1.505,0
evm.TU.Ap1.508,1
evm.TU.Ap1.509,0
evm.TU.Ap1.51,0
evm.TU.Ap1.511,0
evm.TU.Ap1.512,0
evm.TU.Ap1.514,0
evm.TU.Ap1.515,0
evm.TU.Ap1.52,1
evm.TU.Ap1.524,0
evm.TU.Ap1.54,0
evm.TU.Ap1.546,0
evm.TU.Ap1.547,0
evm.TU.Ap1.548,0
evm.TU.Ap1.549,0
evm.TU.Ap1.55,0
evm.TU.Ap1.550,0
evm.TU.Ap1.551,0
evm.TU.Ap1.554,0
evm.TU.Ap1.555,1
evm.TU.Ap1.559,0
evm.TU.Ap1.562_evm.TU.Ap1.563,0
evm.TU.Ap1.571,0
evm.TU.Ap1.572,0
evm.TU.Ap1.574,1
evm.TU.Ap1.575,0
evm.TU.Ap1.576,0
evm.TU.Ap1.577,0
evm.TU.Ap1.578,0
evm.TU.Ap1.587,0
evm.TU.Ap1.588,0
evm.TU.Ap1.589,0
evm.TU.Ap1.59,0
evm.TU.Ap1.590,0
evm.TU.Ap1.594,0
evm.TU.Ap1.598,0
evm.TU.Ap1.599,0
evm.TU.Ap1.600,0
evm.TU.Ap1.603,0
evm.TU.Ap1.604,1
evm.TU.Ap1.605,0
evm.TU.Ap1.607,0
evm.TU.Ap1.608,0
evm.TU.Ap1.609,0
evm.TU.Ap1.61,0
evm.TU.Ap1.612,0
evm.TU.Ap1.613,0
evm.TU.Ap1.629,0
evm.TU.Ap1.632,0
evm.TU.Ap1.633,1
evm.TU.Ap1.634,0
evm.TU.Ap1.635,0
evm.TU.Ap1.636,0
evm.TU.Ap1.637,1
evm.TU.Ap1.638,0
evm.TU.Ap1.648,0
evm.TU.Ap1.654,1
evm.TU.Ap1.655,0
evm.TU.Ap1.659,0
evm.TU.Ap1.660,0
evm.TU.Ap1.665,0
evm.TU.Ap1.667,0
evm.TU.Ap1.669,0
evm.TU.Ap1.670,0
evm.TU.Ap1.672,0
evm.TU.Ap1.681,0
evm.TU.Ap1.683_evm.TU.Ap1.684,0
evm.TU.Ap1.688,0
evm.TU.Ap1.69,0
evm.TU.Ap1.692,0
evm.TU.Ap1.70,1
evm.TU.Ap1.701,0
evm.TU.Ap1.712,0
evm.TU.Ap1.72,0
evm.TU.Ap1.720,0
evm.TU.Ap1.722,0
evm.TU.Ap1.726,0
evm.TU.Ap1.727,0
evm.TU.Ap1.728,1
evm.TU.Ap1.729,0
evm.TU.Ap1.73,0
evm.TU.Ap1.733,0
evm.TU.Ap1.736,0
evm.TU.Ap1.74,0
evm.TU.Ap1.745,0
evm.TU.Ap1.75,0
evm.TU.Ap1.755,0
evm.TU.Ap1.77,0
evm.TU.Ap1.784,0
evm.TU.Ap1.819,0
evm.TU.Ap1.82,0
evm.TU.Ap1.821,0
evm.TU.Ap1.823,0
evm.TU.Ap1.829,0
evm.TU.Ap1.830,0
evm.TU.Ap1.833,0
evm.TU.Ap1.841,0
evm.TU.Ap1.842,0
evm.TU.Ap1.844,0
evm.TU.Ap1.847,0
evm.TU.Ap1.849,0
evm.TU.Ap1.850,0
evm.TU.Ap1.851,0
evm.TU.Ap1.854,0
evm.TU.Ap1.86,0
evm.TU.Ap1.863,0
evm.TU.Ap1.866,0
evm.TU.Ap1.875,0
evm.TU.Ap1.878,0
evm.TU.Ap1.88,0
evm.TU.Ap1.885,0
evm.TU.Ap1.886,0
evm.TU.Ap1.887,0
evm.TU.Ap1.890,0
evm.TU.Ap1.892,1
evm.TU.Ap1.907,1
evm.TU.Ap1.909,0
evm.TU.Ap1.91,1
evm.TU.Ap1.910,0
evm.TU.Ap1.914,0
evm.TU.Ap1.92,0
evm.TU.Ap1.938,1
evm.TU.Ap1.94,0
evm.TU.Ap1.942,0
evm.TU.Ap1.949,0
evm.TU.Ap1.95,0
evm.TU.Ap1.951,0
evm.TU.Ap1.953,0
evm.TU.Ap1.957,0
evm.TU.Ap1.958,1
evm.TU.Ap1.959,0
evm.TU.Ap1.96,0
evm.TU.Ap1.961,1
evm.TU.Ap1.965,0
evm.TU.Ap1.984,0
evm.TU.Ap1.991,0
evm.TU.Ap10.1,0
evm.TU.Ap10.1005,0
evm.TU.Ap10.102,0
evm.TU.Ap10.1021,0
evm.TU.Ap10.1023,0
evm.TU.Ap10.1027,0
evm.TU.Ap10.1042,1
evm.TU.Ap10.1045,0
evm.TU.Ap10.105,0
evm.TU.Ap10.1050,0
evm.TU.Ap10.1052,0
evm.TU.Ap10.1058,0
evm.TU.Ap10.1059,0
evm.TU.Ap10.1065,0
evm.TU.Ap10.107,0
evm.TU.Ap10.1076,0
evm.TU.Ap10.109,0
evm.TU.Ap10.1095,0
evm.TU.Ap10.1101,0
evm.TU.Ap10.1103,0
evm.TU.Ap10.1124,1
evm.TU.Ap10.113,0
evm.TU.Ap10.114,0
evm.TU.Ap10.115,0
evm.TU.Ap10.117,0
evm.TU.Ap10.1175,0
evm.TU.Ap10.1176,0
evm.TU.Ap10.1177,0
evm.TU.Ap10.118,0
evm.TU.Ap10.119,0
evm.TU.Ap10.1191,0
evm.TU.Ap10.1194,0
evm.TU.Ap10.1198,0
evm.TU.Ap10.1199,0
evm.TU.Ap10.120,0
evm.TU.Ap10.1202,1
evm.TU.Ap10.1207,0
evm.TU.Ap10.1210,0
evm.TU.Ap10.1217,0
evm.TU.Ap10.1218,0
evm.TU.Ap10.122,0
evm.TU.Ap10.1221,1
evm.TU.Ap10.1226,0
evm.TU.Ap10.1227,0
evm.TU.Ap10.1270,0
evm.TU.Ap10.1271,0
evm.TU.Ap10.1313,0
evm.TU.Ap10.1336,0
evm.TU.Ap10.1337,0
evm.TU.Ap10.1342,0
evm.TU.Ap10.1343,0
evm.TU.Ap10.1376,0
evm.TU.Ap10.1385,0
evm.TU.Ap10.1394,0
evm.TU.Ap10.1444,0
evm.TU.Ap10.1448,0
evm.TU.Ap10.1458,0
evm.TU.Ap10.1461,1
evm.TU.Ap10.1462,0
evm.TU.Ap10.1468,0
evm.TU.Ap10.1469,0
evm.TU.Ap10.1470,0
evm.TU.Ap10.1483,0
evm.TU.Ap10.1484,0
evm.TU.Ap10.1485,0
evm.TU.Ap10.1486,1
evm.TU.Ap10.1487,0
evm.TU.Ap10.1491_evm.TU.Ap10.1502,0
evm.TU.Ap10.15,0
evm.TU.Ap10.1510,0
evm.TU.Ap10.1530,0
evm.TU.Ap10.1557_evm.TU.Ap10.1544,0
evm.TU.Ap10.1558,0
evm.TU.Ap10.1562,0
evm.TU.Ap10.1564,0
evm.TU.Ap10.1571,0
evm.TU.Ap10.1572,0
evm.TU.Ap10.1573,0
evm.TU.Ap10.1574,0
evm.TU.Ap10.1575,0
evm.TU.Ap10.1579,0
evm.TU.Ap10.1580,0
evm.TU.Ap10.1581,1
evm.TU.Ap10.1583,1
evm.TU.Ap10.1584,0
evm.TU.Ap10.16,0
evm.TU.Ap10.1609,1
evm.TU.Ap10.1610,0
evm.TU.Ap10.1611,0
evm.TU.Ap10.1618,0
evm.TU.Ap10.163,0
evm.TU.Ap10.1630,0
evm.TU.Ap10.1634,0
evm.TU.Ap10.1638,0
evm.TU.Ap10.1639,0
evm.TU.Ap10.1640,0
evm.TU.Ap10.1643,0
evm.TU.Ap10.1645,0
evm.TU.Ap10.1647,0
evm.TU.Ap10.1648,0
evm.TU.Ap10.1649,1
evm.TU.Ap10.1659,0
evm.TU.Ap10.167,0
evm.TU.Ap10.1674,0
evm.TU.Ap10.1681,1
evm.TU.Ap10.1684,0
evm.TU.Ap10.1685,0
evm.TU.Ap10.1689,0
evm.TU.Ap10.1690,0
evm.TU.Ap10.171,0
evm.TU.Ap10.1720,0
evm.TU.Ap10.1726_evm.TU.Ap10.1729,0
evm.TU.Ap10.1738,0
evm.TU.Ap10.1739,0
evm.TU.Ap10.1741,1
evm.TU.Ap10.1742,1
evm.TU.Ap10.1744,0
evm.TU.Ap10.1745,0
evm.TU.Ap10.1748,1
evm.TU.Ap10.1752,0
evm.TU.Ap10.1758,0
evm.TU.Ap10.1759,0
evm.TU.Ap10.1760,1
evm.TU.Ap10.1762,0
evm.TU.Ap10.1764,0
evm.TU.Ap10.1767,0
evm.TU.Ap10.1768,0
evm.TU.Ap10.1776,0
evm.TU.Ap10.1777,0
evm.TU.Ap10.1784,0
evm.TU.Ap10.18,0
evm.TU.Ap10.1802,0
evm.TU.Ap10.1808,0
evm.TU.Ap10.1829,0
evm.TU.Ap10.1831,0
evm.TU.Ap10.1846,0
evm.TU.Ap10.1848,0
evm.TU.Ap10.1849,0
evm.TU.Ap10.1851,0
evm.TU.Ap10.1852,0
evm.TU.Ap10.1856,0
evm.TU.Ap10.1858,0
evm.TU.Ap10.1862,0
evm.TU.Ap10.1869,0
evm.TU.Ap10.1870,0
evm.TU.Ap10.1871,0
evm.TU.Ap10.1873,0
evm.TU.Ap10.1874,0
evm.TU.Ap10.1875,0
evm.TU.Ap10.1878,0
evm.TU.Ap10.1879,0
evm.TU.Ap10.1884,0
evm.TU.Ap10.19,1
evm.TU.Ap10.1910,0
evm.TU.Ap10.1911,0
evm.TU.Ap10.1912,0
evm.TU.Ap10.1913,0
evm.TU.Ap10.1914,0
evm.TU.Ap10.1915,0
evm.TU.Ap10.1916,0
evm.TU.Ap10.1924,0
evm.TU.Ap10.1925,0
evm.TU.Ap10.1926,0
evm.TU.Ap10.1927,0
evm.TU.Ap10.1930,0
evm.TU.Ap10.1931,0
evm.TU.Ap10.1933,0
evm.TU.Ap10.1934,0
evm.TU.Ap10.1936,0
evm.TU.Ap10.194,0
evm.TU.Ap10.1941,0
evm.TU.Ap10.1942,0
evm.TU.Ap10.1945,1
evm.TU.Ap10.1946,0
evm.TU.Ap10.1948,0
evm.TU.Ap10.195,0
evm.TU.Ap10.1952,0
evm.TU.Ap10.1953,1
evm.TU.Ap10.1954,0
evm.TU.Ap10.1956,0
evm.TU.Ap10.1958,0
evm.TU.Ap10.1959,0
evm.TU.Ap10.1960,1
evm.TU.Ap10.1961,0
evm.TU.Ap10.1962,0
evm.TU.Ap10.1975,0
evm.TU.Ap10.1976,0
evm.TU.Ap10.198,0
evm.TU.Ap10.1986,0
evm.TU.Ap10.1991,0
evm.TU.Ap10.1992,0
evm.TU.Ap10.1994,0
evm.TU.Ap10.1995,0
evm.TU.Ap10.20,1
evm.TU.Ap10.2005,0
evm.TU.Ap10.2006,0
evm.TU.Ap10.2007,0
evm.TU.Ap10.201,0
evm.TU.Ap10.2011,0
evm.TU.Ap10.2017,0
evm.TU.Ap10.2023,0
evm.TU.Ap10.2024,0
evm.TU.Ap10.203,0
evm.TU.Ap10.2030,0
evm.TU.Ap10.2038,0
evm.TU.Ap10.2042,1
evm.TU.Ap10.2047,1
evm.TU.Ap10.2048,0
evm.TU.Ap10.205,0
evm.TU.Ap10.2050,0
evm.TU.Ap10.2051,1
evm.TU.Ap10.2054,0
evm.TU.Ap10.2056,0
evm.TU.Ap10.2059,0
evm.TU.Ap10.2060,0
evm.TU.Ap10.2061,0
evm.TU.Ap10.2062,0
evm.TU.Ap10.2063,0
evm.TU.Ap10.2067,0
evm.TU.Ap10.2068,0
evm.TU.Ap10.2082,0
evm.TU.Ap10.2084,0
evm.TU.Ap10.2088,0
evm.TU.Ap10.2089,0
evm.TU.Ap10.2094,0
evm.TU.Ap10.2096,0
evm.TU.Ap10.21_evm.TU.Ap10.22,0
evm.TU.Ap10.212,0
evm.TU.Ap10.213,0
evm.TU.Ap10.214,0
evm.TU.Ap10.215,0
evm.TU.Ap10.216,0
evm.TU.Ap10.217,0
evm.TU.Ap10.218,0
evm.TU.Ap10.220,0
evm.TU.Ap10.227,1
evm.TU.Ap10.231,0
evm.TU.Ap10.232,0
evm.TU.Ap10.235,0
evm.TU.Ap10.249,0
evm.TU.Ap10.254,0
evm.TU.Ap10.261,0
evm.TU.Ap10.263,0
evm.TU.Ap10.266,0
evm.TU.Ap10.267,0
evm.TU.Ap10.269,0
evm.TU.Ap10.28,0
evm.TU.Ap10.281,0
evm.TU.Ap10.289,0
evm.TU.Ap10.290,0
evm.TU.Ap10.291,0
evm.TU.Ap10.314,0
evm.TU.Ap10.315,0
evm.TU.Ap10.318,0
evm.TU.Ap10.323,1
evm.TU.Ap10.326,0
evm.TU.Ap10.327,0
evm.TU.Ap10.328,0
evm.TU.Ap10.329,0
evm.TU.Ap10.331,0
evm.TU.Ap10.332,0
evm.TU.Ap10.333,1
evm.TU.Ap10.344,0
evm.TU.Ap10.352,0
evm.TU.Ap10.353,0
evm.TU.Ap10.358,0
evm.TU.Ap10.36,0
evm.TU.Ap10.375_evm.TU.Ap10.362,0
evm.TU.Ap10.377,0
evm.TU.Ap10.378,0
evm.TU.Ap10.380,0
evm.TU.Ap10.381,0
evm.TU.Ap10.383,0
evm.TU.Ap10.384,0
evm.TU.Ap10.385,0
evm.TU.Ap10.388,0
evm.TU.Ap10.393,0
evm.TU.Ap10.394,1
evm.TU.Ap10.395,0
evm.TU.Ap10.396,0
evm.TU.Ap10.397,0
evm.TU.Ap10.398,0
evm.TU.Ap10.41,0
evm.TU.Ap10.411,0
evm.TU.Ap10.412,0
evm.TU.Ap10.413,0
evm.TU.Ap10.414,0
evm.TU.Ap10.415,0
evm.TU.Ap10.416,0
evm.TU.Ap10.417,0
evm.TU.Ap10.418,0
evm.TU.Ap10.419,0
evm.TU.Ap10.423,0
evm.TU.Ap10.43,1
evm.TU.Ap10.44,0
evm.TU.Ap10.45,0
evm.TU.Ap10.46,0
evm.TU.Ap10.467,0
evm.TU.Ap10.469,0
evm.TU.Ap10.470,0
evm.TU.Ap10.482,1
evm.TU.Ap10.486,0
evm.TU.Ap10.487,0
evm.TU.Ap10.488,0
evm.TU.Ap10.49,0
evm.TU.Ap10.490,0
evm.TU.Ap10.491,0
evm.TU.Ap10.492,0
evm.TU.Ap10.495,0
evm.TU.Ap10.5,1
evm.TU.Ap10.501,0
evm.TU.Ap10.502,0
evm.TU.Ap10.503,0
evm.TU.Ap10.510,0
evm.TU.Ap10.514,0
evm.TU.Ap10.516,0
evm.TU.Ap10.517,0
evm.TU.Ap10.52,0
evm.TU.Ap10.527,0
evm.TU.Ap10.531,0
evm.TU.Ap10.55,0
evm.TU.Ap10.573,0
evm.TU.Ap10.576,0
evm.TU.Ap10.578,0
evm.TU.Ap10.580,0
evm.TU.Ap10.581,0
evm.TU.Ap10.583,0
evm.TU.Ap10.584,0
evm.TU.Ap10.589,1
evm.TU.Ap10.591,0
evm.TU.Ap10.592,0
evm.TU.Ap10.596,0
evm.TU.Ap10.601,0
evm.TU.Ap10.602,0
evm.TU.Ap10.609,0
evm.TU.Ap10.61,1
evm.TU.Ap10.610,0
evm.TU.Ap10.614,0
evm.TU.Ap10.615,0
evm.TU.Ap10.619,0
evm.TU.Ap10.620,0
evm.TU.Ap10.621,0
evm.TU.Ap10.626,0
evm.TU.Ap10.635,0
evm.TU.Ap10.637,0
evm.TU.Ap10.638,0
evm.TU.Ap10.639,1
evm.TU.Ap10.640,0
evm.TU.Ap10.641,0
evm.TU.Ap10.642,0
evm.TU.Ap10.644,1
evm.TU.Ap10.645,1
evm.TU.Ap10.648,0
evm.TU.Ap10.649,0
evm.TU.Ap10.650,1
evm.TU.Ap10.653,0
evm.TU.Ap10.656,0
evm.TU.Ap10.657,0
evm.TU.Ap10.658,0
evm.TU.Ap10.66,1
evm.TU.Ap10.668,0
evm.TU.Ap10.670,0
evm.TU.Ap10.672,0
evm.TU.Ap10.676,0
evm.TU.Ap10.68,0
evm.TU.Ap10.681,0
evm.TU.Ap10.683,0
evm.TU.Ap10.689,0
evm.TU.Ap10.692,0
evm.TU.Ap10.693,0
evm.TU.Ap10.696,0
evm.TU.Ap10.71,0
evm.TU.Ap10.710,0
evm.TU.Ap10.720,0
evm.TU.Ap10.73,0
evm.TU.Ap10.738,0
evm.TU.Ap10.739,0
evm.TU.Ap10.740,0
evm.TU.Ap10.741,0
evm.TU.Ap10.742,0
evm.TU.Ap10.745,0
evm.TU.Ap10.755,0
evm.TU.Ap10.756,0
evm.TU.Ap10.758,0
evm.TU.Ap10.762,0
evm.TU.Ap10.765,1
evm.TU.Ap10.766,0
evm.TU.Ap10.768,0
evm.TU.Ap10.769,0
evm.TU.Ap10.773,0
evm.TU.Ap10.774,0
evm.TU.Ap10.776,0
evm.TU.Ap10.78,0
evm.TU.Ap10.781,0
evm.TU.Ap10.782,0
evm.TU.Ap10.783,1
evm.TU.Ap10.786,0
evm.TU.Ap10.793,0
evm.TU.Ap10.80,0
evm.TU.Ap10.801,0
evm.TU.Ap10.808,0
evm.TU.Ap10.81,0
evm.TU.Ap10.811,0
evm.TU.Ap10.812,0
evm.TU.Ap10.83,0
evm.TU.Ap10.834,0
evm.TU.Ap10.837,0
evm.TU.Ap10.838,0
evm.TU.Ap10.839,0
evm.TU.Ap10.84,0
evm.TU.Ap10.842,0
evm.TU.Ap10.849,0
evm.TU.Ap10.85,0
evm.TU.Ap10.850,0
evm.TU.Ap10.853,1
evm.TU.Ap10.854,0
evm.TU.Ap10.857,0
evm.TU.Ap10.899,0
evm.TU.Ap10.902,0
evm.TU.Ap10.903,0
evm.TU.Ap10.907,0
evm.TU.Ap10.909,0
evm.TU.Ap10.910,0
evm.TU.Ap10.912,0
evm.TU.Ap10.914,0
evm.TU.Ap10.915,0
evm.TU.Ap10.92,0
evm.TU.Ap10.922,0
evm.TU.Ap10.923,0
evm.TU.Ap10.924,0
evm.TU.Ap10.93,0
evm.TU.Ap10.931,1
evm.TU.Ap10.932,1
evm.TU.Ap10.933,0
evm.TU.Ap10.934,1
evm.TU.Ap10.94,0
evm.TU.Ap10.949,1
evm.TU.Ap10.95,0
evm.TU.Ap10.954,1
evm.TU.Ap10.955,1
evm.TU.Ap10.956,1
evm.TU.Ap10.957,1
evm.TU.Ap10.958,0
evm.TU.Ap10.964,0
evm.TU.Ap10.966,0
evm.TU.Ap10.969,1
evm.TU.Ap10.970,1
evm.TU.Ap10.976,1
evm.TU.Ap10.978,0
evm.TU.Ap10.981,1
evm.TU.Ap10.984,0
evm.TU.Ap10.993,1
evm.TU.Ap10.994,1
evm.TU.Ap10.995,1
evm.TU.Ap10.996,1
evm.TU.Ap10.997,1
evm.TU.Ap10.998,0
evm.TU.Ap11.1003_evm.TU.Ap11.1005,0
evm.TU.Ap11.1010,0
evm.TU.Ap11.1012,0
evm.TU.Ap11.1021,0
evm.TU.Ap11.1023,0
evm.TU.Ap11.1025,0
evm.TU.Ap11.1026,0
evm.TU.Ap11.1027,0
evm.TU.Ap11.1028,0
evm.TU.Ap11.1029,0
evm.TU.Ap11.1030,0
evm.TU.Ap11.1033,0
evm.TU.Ap11.1035,0
evm.TU.Ap11.1042,0
evm.TU.Ap11.1043,0
evm.TU.Ap11.1045,0
evm.TU.Ap11.1046,0
evm.TU.Ap11.105,0
evm.TU.Ap11.1052,0
evm.TU.Ap11.1054,0
evm.TU.Ap11.1070,0
evm.TU.Ap11.1071,0
evm.TU.Ap11.1072,0
evm.TU.Ap11.1087,0
evm.TU.Ap11.1093,0
evm.TU.Ap11.1094,0
evm.TU.Ap11.1095,1
evm.TU.Ap11.1097,0
evm.TU.Ap11.1099,0
evm.TU.Ap11.1104,0
evm.TU.Ap11.1105,0
evm.TU.Ap11.1106,0
evm.TU.Ap11.1108,0
evm.TU.Ap11.1121,0
evm.TU.Ap11.1136,0
evm.TU.Ap11.1137,0
evm.TU.Ap11.1150,0
evm.TU.Ap11.1151,0
evm.TU.Ap11.1159,0
evm.TU.Ap11.1160,0
evm.TU.Ap11.1161,0
evm.TU.Ap11.1162,0
evm.TU.Ap11.1172,0
evm.TU.Ap11.1177,0
evm.TU.Ap11.1178,0
evm.TU.Ap11.1184,0
evm.TU.Ap11.1193,1
evm.TU.Ap11.1199_evm.TU.Ap11.1201,0
evm.TU.Ap11.1202,0
evm.TU.Ap11.1210,0
evm.TU.Ap11.1211,0
evm.TU.Ap11.1214,0
evm.TU.Ap11.1222,0
evm.TU.Ap11.1223,0
evm.TU.Ap11.1230,0
evm.TU.Ap11.1232,0
evm.TU.Ap11.1238,0
evm.TU.Ap11.1239,0
evm.TU.Ap11.1241,0
evm.TU.Ap11.1242,0
evm.TU.Ap11.1245,0
evm.TU.Ap11.1246,0
evm.TU.Ap11.1257,0
evm.TU.Ap11.1260,1
evm.TU.Ap11.1261,0
evm.TU.Ap11.1262,0
evm.TU.Ap11.1270,0
evm.TU.Ap11.1271,0
evm.TU.Ap11.1273,0
evm.TU.Ap11.1275,0
evm.TU.Ap11.1276,0
evm.TU.Ap11.1285,0
evm.TU.Ap11.1287,0
evm.TU.Ap11.1288,0
evm.TU.Ap11.1302,0
evm.TU.Ap11.1306,0
evm.TU.Ap11.1320,0
evm.TU.Ap11.1336,0
evm.TU.Ap11.134,0
evm.TU.Ap11.135,0
evm.TU.Ap11.136,0
evm.TU.Ap11.1366,1
evm.TU.Ap11.137,0
evm.TU.Ap11.1379,0
evm.TU.Ap11.138,0
evm.TU.Ap11.1386,0
evm.TU.Ap11.1394,0
evm.TU.Ap11.14,0
evm.TU.Ap11.1405,0
evm.TU.Ap11.1414_evm.TU.Ap11.1407,0
evm.TU.Ap11.1415,0
evm.TU.Ap11.1417,0
evm.TU.Ap11.1418,0
evm.TU.Ap11.1421,1
evm.TU.Ap11.1422,0
evm.TU.Ap11.1424,0
evm.TU.Ap11.1434,0
evm.TU.Ap11.1435,0
evm.TU.Ap11.1436,0
evm.TU.Ap11.1438,0
evm.TU.Ap11.1443,1
evm.TU.Ap11.1449,0
evm.TU.Ap11.1456,0
evm.TU.Ap11.1458,0
evm.TU.Ap11.1459,0
evm.TU.Ap11.1460,0
evm.TU.Ap11.1463,0
evm.TU.Ap11.1465,0
evm.TU.Ap11.1466,0
evm.TU.Ap11.1469,0
evm.TU.Ap11.1470,0
evm.TU.Ap11.1471,0
evm.TU.Ap11.1472,0
evm.TU.Ap11.1473,0
evm.TU.Ap11.1474,0
evm.TU.Ap11.1493,0
evm.TU.Ap11.1497,0
evm.TU.Ap11.1498,0
evm.TU.Ap11.15,1
evm.TU.Ap11.1503,0
evm.TU.Ap11.1504_evm.TU.Ap11.1506,0
evm.TU.Ap11.1507,0
evm.TU.Ap11.1509,0
evm.TU.Ap11.1511,0
evm.TU.Ap11.1515,0
evm.TU.Ap11.1517,0
evm.TU.Ap11.1518,0
evm.TU.Ap11.1520,0
evm.TU.Ap11.1521,0
evm.TU.Ap11.1524,0
evm.TU.Ap11.1530,0
evm.TU.Ap11.1535,0
evm.TU.Ap11.1537,1
evm.TU.Ap11.1540,1
evm.TU.Ap11.1541,1
evm.TU.Ap11.1544,1
evm.TU.Ap11.1545_evm.TU.Ap11.1567,0
evm.TU.Ap11.1576,0
evm.TU.Ap11.1579,0
evm.TU.Ap11.1582,1
evm.TU.Ap11.1584,0
evm.TU.Ap11.159_evm.TU.Ap11.139_evm.TU.Ap11.140_evm.TU.Ap11.148,0
evm.TU.Ap11.1594,1
evm.TU.Ap11.1598,0
evm.TU.Ap11.1599,1
evm.TU.Ap11.1600,0
evm.TU.Ap11.1601,0
evm.TU.Ap11.1605,0
evm.TU.Ap11.1607,0
evm.TU.Ap11.1609,0
evm.TU.Ap11.1610,0
evm.TU.Ap11.1615,0
evm.TU.Ap11.1625,1
evm.TU.Ap11.1627,0
evm.TU.Ap11.1628,1
evm.TU.Ap11.1629,0
evm.TU.Ap11.1630,0
evm.TU.Ap11.1634,1
evm.TU.Ap11.1635,0
evm.TU.Ap11.1636,0
evm.TU.Ap11.1639,0
evm.TU.Ap11.1640,1
evm.TU.Ap11.1641,0
evm.TU.Ap11.1647,0
evm.TU.Ap11.1649,0
evm.TU.Ap11.1654,0
evm.TU.Ap11.1655,0
evm.TU.Ap11.1656,0
evm.TU.Ap11.1665,0
evm.TU.Ap11.1666,0
evm.TU.Ap11.1667_evm.TU.Ap11.1672,1
evm.TU.Ap11.1674,0
evm.TU.Ap11.1676,0
evm.TU.Ap11.1677,0
evm.TU.Ap11.1678,0
evm.TU.Ap11.1680,0
evm.TU.Ap11.1681,0
evm.TU.Ap11.1684,0
evm.TU.Ap11.1687,0
evm.TU.Ap11.1690,0
evm.TU.Ap11.1691,0
evm.TU.Ap11.1694,0
evm.TU.Ap11.1697,0
evm.TU.Ap11.1698,0
evm.TU.Ap11.17,0
evm.TU.Ap11.1702,0
evm.TU.Ap11.1703,0
evm.TU.Ap11.1704,0
evm.TU.Ap11.1705,0
evm.TU.Ap11.1706,0
evm.TU.Ap11.1707,0
evm.TU.Ap11.1712,0
evm.TU.Ap11.1713,0
evm.TU.Ap11.1725,1
evm.TU.Ap11.1728,0
evm.TU.Ap11.1729,0
evm.TU.Ap11.1730_evm.TU.Ap11.1731,0
evm.TU.Ap11.1736,0
evm.TU.Ap11.1741,1
evm.TU.Ap11.1742,1
evm.TU.Ap11.1746,1
evm.TU.Ap11.175,0
evm.TU.Ap11.1751,0
evm.TU.Ap11.1752,0
evm.TU.Ap11.1757,1
evm.TU.Ap11.1761,0
evm.TU.Ap11.1762,0
evm.TU.Ap11.1764,0
evm.TU.Ap11.1767,0
evm.TU.Ap11.1769,0
evm.TU.Ap11.177_evm.TU.Ap11.179,0
evm.TU.Ap11.1774,0
evm.TU.Ap11.1776,0
evm.TU.Ap11.1777,0
evm.TU.Ap11.1780,0
evm.TU.Ap11.1781,0
evm.TU.Ap11.1782,0
evm.TU.Ap11.1784,0
evm.TU.Ap11.1787_evm.TU.Ap11.1788,0
evm.TU.Ap11.1789,0
evm.TU.Ap11.1792,1
evm.TU.Ap11.1794,0
evm.TU.Ap11.1796,0
evm.TU.Ap11.180,0
evm.TU.Ap11.1800,1
evm.TU.Ap11.1801,0
evm.TU.Ap11.1805,0
evm.TU.Ap11.1806,0
evm.TU.Ap11.1809,0
evm.TU.Ap11.1820_evm.TU.Ap11.1818,0
evm.TU.Ap11.1827,0
evm.TU.Ap11.1830,0
evm.TU.Ap11.1831,0
evm.TU.Ap11.1832,0
evm.TU.Ap11.1837,0
evm.TU.Ap11.1838,0
evm.TU.Ap11.1841,0
evm.TU.Ap11.1842,0
evm.TU.Ap11.1849,0
evm.TU.Ap11.185,0
evm.TU.Ap11.1850,0
evm.TU.Ap11.1853,0
evm.TU.Ap11.1855,0
evm.TU.Ap11.1856,0
evm.TU.Ap11.186,0
evm.TU.Ap11.1860,0
evm.TU.Ap11.1861,0
evm.TU.Ap11.1862,0
evm.TU.Ap11.1863,0
evm.TU.Ap11.1864,0
evm.TU.Ap11.1866,0
evm.TU.Ap11.1875,0
evm.TU.Ap11.1876,0
evm.TU.Ap11.1877,0
evm.TU.Ap11.1879,0
evm.TU.Ap11.188,0
evm.TU.Ap11.1880,0
evm.TU.Ap11.1881,1
evm.TU.Ap11.1888,0
evm.TU.Ap11.189,0
evm.TU.Ap11.1891,0
evm.TU.Ap11.1894,0
evm.TU.Ap11.1895,1
evm.TU.Ap11.1896_evm.TU.Ap11.1897,0
evm.TU.Ap11.1899,0
evm.TU.Ap11.1901,0
evm.TU.Ap11.1902,0
evm.TU.Ap11.1904,0
evm.TU.Ap11.1906,0
evm.TU.Ap11.1907,0
evm.TU.Ap11.1909,1
evm.TU.Ap11.191,0
evm.TU.Ap11.1910,0
evm.TU.Ap11.197,0
evm.TU.Ap11.2,0
evm.TU.Ap11.201,1
evm.TU.Ap11.204,0
evm.TU.Ap11.205,0
evm.TU.Ap11.206,0
evm.TU.Ap11.207,0
evm.TU.Ap11.209,0
evm.TU.Ap11.210,0
evm.TU.Ap11.219,0
evm.TU.Ap11.221,0
evm.TU.Ap11.222,0
evm.TU.Ap11.224,0
evm.TU.Ap11.228,0
evm.TU.Ap11.229,1
evm.TU.Ap11.233,0
evm.TU.Ap11.234,1
evm.TU.Ap11.235,1
evm.TU.Ap11.236,0
evm.TU.Ap11.238,0
evm.TU.Ap11.239,1
evm.TU.Ap11.240,0
evm.TU.Ap11.241,0
evm.TU.Ap11.242,1
evm.TU.Ap11.243,1
evm.TU.Ap11.252,0
evm.TU.Ap11.253,0
evm.TU.Ap11.258,0
evm.TU.Ap11.261,0
evm.TU.Ap11.264,0
evm.TU.Ap11.268,0
evm.TU.Ap11.269,0
evm.TU.Ap11.270,1
evm.TU.Ap11.271,0
evm.TU.Ap11.272,0
evm.TU.Ap11.294,0
evm.TU.Ap11.295,0
evm.TU.Ap11.296,0
evm.TU.Ap11.3,0
evm.TU.Ap11.301,0
evm.TU.Ap11.303,0
evm.TU.Ap11.325,0
evm.TU.Ap11.326,0
evm.TU.Ap11.327,0
evm.TU.Ap11.335,0
evm.TU.Ap11.340,0
evm.TU.Ap11.357,0
evm.TU.Ap11.358,1
evm.TU.Ap11.360,0
evm.TU.Ap11.369,0
evm.TU.Ap11.372,0
evm.TU.Ap11.373,0
evm.TU.Ap11.382,0
evm.TU.Ap11.384,0
evm.TU.Ap11.386_evm.TU.Ap11.387,0
evm.TU.Ap11.389,0
evm.TU.Ap11.392,0
evm.TU.Ap11.405,0
evm.TU.Ap11.410,0
evm.TU.Ap11.414,0
evm.TU.Ap11.416,0
evm.TU.Ap11.417,1
evm.TU.Ap11.419,0
evm.TU.Ap11.422,0
evm.TU.Ap11.425,0
evm.TU.Ap11.43,0
evm.TU.Ap11.44,0
evm.TU.Ap11.476,0
evm.TU.Ap11.477,0
evm.TU.Ap11.5,0
evm.TU.Ap11.500,0
evm.TU.Ap11.501,0
evm.TU.Ap11.541,1
evm.TU.Ap11.549,1
evm.TU.Ap11.553,0
evm.TU.Ap11.57,0
evm.TU.Ap11.586,0
evm.TU.Ap11.588,0
evm.TU.Ap11.59,0
evm.TU.Ap11.591,0
evm.TU.Ap11.592,0
evm.TU.Ap11.593_evm.TU.Ap11.597,0
evm.TU.Ap11.598,0
evm.TU.Ap11.599,0
evm.TU.Ap11.602,0
evm.TU.Ap11.612,0
evm.TU.Ap11.613,1
evm.TU.Ap11.614,0
evm.TU.Ap11.617,1
evm.TU.Ap11.618,0
evm.TU.Ap11.620,0
evm.TU.Ap11.621,0
evm.TU.Ap11.622,0
evm.TU.Ap11.642,0
evm.TU.Ap11.645,0
evm.TU.Ap11.646,0
evm.TU.Ap11.649,0
evm.TU.Ap11.653,0
evm.TU.Ap11.655,0
evm.TU.Ap11.658,0
evm.TU.Ap11.659_evm.TU.Ap11.661,0
evm.TU.Ap11.662,0
evm.TU.Ap11.664,0
evm.TU.Ap11.665,0
evm.TU.Ap11.67,0
evm.TU.Ap11.676,0
evm.TU.Ap11.678,0
evm.TU.Ap11.679,0
evm.TU.Ap11.68,0
evm.TU.Ap11.680,0
evm.TU.Ap11.69,0
evm.TU.Ap11.7,0
evm.TU.Ap11.70,0
evm.TU.Ap11.703,0
evm.TU.Ap11.71,0
evm.TU.Ap11.712,0
evm.TU.Ap11.719,0
evm.TU.Ap11.72,0
evm.TU.Ap11.720,0
evm.TU.Ap11.73,0
evm.TU.Ap11.731,0
evm.TU.Ap11.732,0
evm.TU.Ap11.748,1
evm.TU.Ap11.749,0
evm.TU.Ap11.75,0
evm.TU.Ap11.76,0
evm.TU.Ap11.777,0
evm.TU.Ap11.778,0
evm.TU.Ap11.779,0
evm.TU.Ap11.783,0
evm.TU.Ap11.784,0
evm.TU.Ap11.785,0
evm.TU.Ap11.79,0
evm.TU.Ap11.791,0
evm.TU.Ap11.805,0
evm.TU.Ap11.806,0
evm.TU.Ap11.81,0
evm.TU.Ap11.810,0
evm.TU.Ap11.811,0
evm.TU.Ap11.812,0
evm.TU.Ap11.816,0
evm.TU.Ap11.817,0
evm.TU.Ap11.829,0
evm.TU.Ap11.832,0
evm.TU.Ap11.833,1
evm.TU.Ap11.835,0
evm.TU.Ap11.836,0
evm.TU.Ap11.838,0
evm.TU.Ap11.842,0
evm.TU.Ap11.848,0
evm.TU.Ap11.85,0
evm.TU.Ap11.853,0
evm.TU.Ap11.856,0
evm.TU.Ap11.857,0
evm.TU.Ap11.858,0
evm.TU.Ap11.859,0
evm.TU.Ap11.86,0
evm.TU.Ap11.860,0
evm.TU.Ap11.863,0
evm.TU.Ap11.867,0
evm.TU.Ap11.868,0
evm.TU.Ap11.87,1
evm.TU.Ap11.870,0
evm.TU.Ap11.875,0
evm.TU.Ap11.876,0
evm.TU.Ap11.877,0
evm.TU.Ap11.878,0
evm.TU.Ap11.887,0
evm.TU.Ap11.888,0
evm.TU.Ap11.89,1
evm.TU.Ap11.896,0
evm.TU.Ap11.9,0
evm.TU.Ap11.902,0
evm.TU.Ap11.904,0
evm.TU.Ap11.907,0
evm.TU.Ap11.91,1
evm.TU.Ap11.916,0
evm.TU.Ap11.92,1
evm.TU.Ap11.922,1
evm.TU.Ap11.925,0
evm.TU.Ap11.927,0
evm.TU.Ap11.93,0
evm.TU.Ap11.932,0
evm.TU.Ap11.933,0
evm.TU.Ap11.935,0
evm.TU.Ap11.936,0
evm.TU.Ap11.938,0
evm.TU.Ap11.939,0
evm.TU.Ap11.941,0
evm.TU.Ap11.942,0
evm.TU.Ap11.944,1
evm.TU.Ap11.945,0
evm.TU.Ap11.947,0
evm.TU.Ap11.951,0
evm.TU.Ap11.955,0
evm.TU.Ap11.956,0
evm.TU.Ap11.958,0
evm.TU.Ap11.959,0
evm.TU.Ap11.96,0
evm.TU.Ap11.961,0
evm.TU.Ap11.962,0
evm.TU.Ap11.963,0
evm.TU.Ap11.966,0
evm.TU.Ap11.967,0
evm.TU.Ap11.97,1
evm.TU.Ap11.972,0
evm.TU.Ap11.976,0
evm.TU.Ap11.977,0
evm.TU.Ap11.979,0
evm.TU.Ap11.984,0
evm.TU.Ap11.987,1
evm.TU.Ap11.988,0
evm.TU.Ap11.989,1
evm.TU.Ap11.991,0
evm.TU.Ap12.100,1
evm.TU.Ap12.1000,0
evm.TU.Ap12.1002,0
evm.TU.Ap12.1003,0
evm.TU.Ap12.1004,0
evm.TU.Ap12.1005,0
evm.TU.Ap12.1006,0
evm.TU.Ap12.1007,0
evm.TU.Ap12.1014,0
evm.TU.Ap12.102,0
evm.TU.Ap12.1023,0
evm.TU.Ap12.1025,0
evm.TU.Ap12.1026,0
evm.TU.Ap12.1028,0
evm.TU.Ap12.1029,0
evm.TU.Ap12.1041,0
evm.TU.Ap12.1045,0
evm.TU.Ap12.1046,0
evm.TU.Ap12.1049,0
evm.TU.Ap12.1050,0
evm.TU.Ap12.1051,0
evm.TU.Ap12.106,0
evm.TU.Ap12.1068,0
evm.TU.Ap12.1069,0
evm.TU.Ap12.1070,0
evm.TU.Ap12.1075,0
evm.TU.Ap12.1076,0
evm.TU.Ap12.1078,0
evm.TU.Ap12.108,0
evm.TU.Ap12.1083,0
evm.TU.Ap12.1084,0
evm.TU.Ap12.1085,0
evm.TU.Ap12.1092,0
evm.TU.Ap12.1094,0
evm.TU.Ap12.1095,0
evm.TU.Ap12.1099,0
evm.TU.Ap12.11,0
evm.TU.Ap12.110,0
evm.TU.Ap12.1100,0
evm.TU.Ap12.1108,0
evm.TU.Ap12.111,0
evm.TU.Ap12.1112,0
evm.TU.Ap12.1114,0
evm.TU.Ap12.113,0
evm.TU.Ap12.1139,0
evm.TU.Ap12.114,0
evm.TU.Ap12.1141,0
evm.TU.Ap12.1142,1
evm.TU.Ap12.1143,0
evm.TU.Ap12.1147,0
evm.TU.Ap12.115,0
evm.TU.Ap12.1157,0
evm.TU.Ap12.1158,0
evm.TU.Ap12.1162,0
evm.TU.Ap12.1164,0
evm.TU.Ap12.1166,0
evm.TU.Ap12.1167,0
evm.TU.Ap12.1168,0
evm.TU.Ap12.1169,0
evm.TU.Ap12.1175,0
evm.TU.Ap12.1176,0
evm.TU.Ap12.1182,0
evm.TU.Ap12.1186,0
evm.TU.Ap12.1188,0
evm.TU.Ap12.1190,0
evm.TU.Ap12.1191,0
evm.TU.Ap12.1193,0
evm.TU.Ap12.1194_evm.TU.Ap12.1196,0
evm.TU.Ap12.1197,0
evm.TU.Ap12.1198,0
evm.TU.Ap12.1199,0
evm.TU.Ap12.12,0
evm.TU.Ap12.1201,0
evm.TU.Ap12.1207,0
evm.TU.Ap12.1213,0
evm.TU.Ap12.122,0
evm.TU.Ap12.1225,0
evm.TU.Ap12.1227,0
evm.TU.Ap12.1232,0
evm.TU.Ap12.1263,0
evm.TU.Ap12.1265,1
evm.TU.Ap12.1268,0
evm.TU.Ap12.1270,0
evm.TU.Ap12.1273,0
evm.TU.Ap12.1274,0
evm.TU.Ap12.1281,0
evm.TU.Ap12.129,0
evm.TU.Ap12.1292,0
evm.TU.Ap12.1295,0
evm.TU.Ap12.13,0
evm.TU.Ap12.130,0
evm.TU.Ap12.1301,0
evm.TU.Ap12.1303,0
evm.TU.Ap12.131,0
evm.TU.Ap12.132,0
evm.TU.Ap12.133,1
evm.TU.Ap12.1335,0
evm.TU.Ap12.1336,0
evm.TU.Ap12.1337,0
evm.TU.Ap12.1338,0
evm.TU.Ap12.1340,1
evm.TU.Ap12.1342,1
evm.TU.Ap12.1343,0
evm.TU.Ap12.1347_evm.TU.Ap12.1355,0
evm.TU.Ap12.135,0
evm.TU.Ap12.1359,0
evm.TU.Ap12.1362,0
evm.TU.Ap12.1367,1
evm.TU.Ap12.1374,0
evm.TU.Ap12.1376,0
evm.TU.Ap12.1381,0
evm.TU.Ap12.1384,0
evm.TU.Ap12.139,0
evm.TU.Ap12.1390,0
evm.TU.Ap12.1393,0
evm.TU.Ap12.1413,0
evm.TU.Ap12.1414,0
evm.TU.Ap12.1415,0
evm.TU.Ap12.1417,0
evm.TU.Ap12.1419,0
evm.TU.Ap12.142,0
evm.TU.Ap12.1420,0
evm.TU.Ap12.1422,0
evm.TU.Ap12.1424,0
evm.TU.Ap12.1425,0
evm.TU.Ap12.1432,0
evm.TU.Ap12.1438,1
evm.TU.Ap12.1440,0
evm.TU.Ap12.1444,0
evm.TU.Ap12.1445,0
evm.TU.Ap12.1447,0
evm.TU.Ap12.1448,0
evm.TU.Ap12.1449,0
evm.TU.Ap12.1450,0
evm.TU.Ap12.1451,0
evm.TU.Ap12.1456,1
evm.TU.Ap12.1460,0
evm.TU.Ap12.1461,0
evm.TU.Ap12.1468,1
evm.TU.Ap12.1469,0
evm.TU.Ap12.1477,1
evm.TU.Ap12.1482,0
evm.TU.Ap12.1483,0
evm.TU.Ap12.1488,1
evm.TU.Ap12.1489,0
evm.TU.Ap12.1491,0
evm.TU.Ap12.1494,0
evm.TU.Ap12.1495,0
evm.TU.Ap12.1501,0
evm.TU.Ap12.1503,0
evm.TU.Ap12.1504,0
evm.TU.Ap12.1505,0
evm.TU.Ap12.1507,0
evm.TU.Ap12.1508,0
evm.TU.Ap12.1511,1
evm.TU.Ap12.1513,0
evm.TU.Ap12.1523,0
evm.TU.Ap12.1525,0
evm.TU.Ap12.1526,1
evm.TU.Ap12.1527,0
evm.TU.Ap12.1528,0
evm.TU.Ap12.1529,0
evm.TU.Ap12.1532,0
evm.TU.Ap12.1535,0
evm.TU.Ap12.1542,0
evm.TU.Ap12.1543,0
evm.TU.Ap12.1547,0
evm.TU.Ap12.1548,0
evm.TU.Ap12.1551,0
evm.TU.Ap12.1552,0
evm.TU.Ap12.1553,0
evm.TU.Ap12.1565,0
evm.TU.Ap12.1566,0
evm.TU.Ap12.1573,0
evm.TU.Ap12.1575,0
evm.TU.Ap12.1576,0
evm.TU.Ap12.1579,0
evm.TU.Ap12.158_evm.TU.Ap12.161,0
evm.TU.Ap12.1582,0
evm.TU.Ap12.1583,0
evm.TU.Ap12.1584,0
evm.TU.Ap12.1587,0
evm.TU.Ap12.1593,0
evm.TU.Ap12.1594,0
evm.TU.Ap12.1596,0
evm.TU.Ap12.1598,1
evm.TU.Ap12.1599,0
evm.TU.Ap12.1601,0
evm.TU.Ap12.1605,0
evm.TU.Ap12.1609,0
evm.TU.Ap12.1612,0
evm.TU.Ap12.1618,1
evm.TU.Ap12.1621,0
evm.TU.Ap12.1627,0
evm.TU.Ap12.1631,0
evm.TU.Ap12.1635,0
evm.TU.Ap12.1639,0
evm.TU.Ap12.164,0
evm.TU.Ap12.165,0
evm.TU.Ap12.1653,0
evm.TU.Ap12.1655,0
evm.TU.Ap12.1658,0
evm.TU.Ap12.166,0
evm.TU.Ap12.1663,0
evm.TU.Ap12.1665,0
evm.TU.Ap12.1667,0
evm.TU.Ap12.1668,0
evm.TU.Ap12.1669,0
evm.TU.Ap12.167,0
evm.TU.Ap12.1675,0
evm.TU.Ap12.1684,0
evm.TU.Ap12.1685,0
evm.TU.Ap12.1689,0
evm.TU.Ap12.1703,0
evm.TU.Ap12.1704,0
evm.TU.Ap12.1707,1
evm.TU.Ap12.1709,0
evm.TU.Ap12.171,0
evm.TU.Ap12.1710,0
evm.TU.Ap12.1715,0
evm.TU.Ap12.1716,0
evm.TU.Ap12.172,0
evm.TU.Ap12.1720,0
evm.TU.Ap12.1722,0
evm.TU.Ap12.1723,0
evm.TU.Ap12.1725,0
evm.TU.Ap12.1732,0
evm.TU.Ap12.1733,0
evm.TU.Ap12.1734,0
evm.TU.Ap12.1735,0
evm.TU.Ap12.175,0
evm.TU.Ap12.1750,0
evm.TU.Ap12.1755,0
evm.TU.Ap12.1756,0
evm.TU.Ap12.1757,0
evm.TU.Ap12.1758,0
evm.TU.Ap12.1763,0
evm.TU.Ap12.1764,0
evm.TU.Ap12.1765,0
evm.TU.Ap12.1768,0
evm.TU.Ap12.1769,0
evm.TU.Ap12.1771,0
evm.TU.Ap12.1772,0
evm.TU.Ap12.178,0
evm.TU.Ap12.1788,0
evm.TU.Ap12.1790,0
evm.TU.Ap12.1791,0
evm.TU.Ap12.1792,0
evm.TU.Ap12.1795,0
evm.TU.Ap12.1796_evm.TU.Ap12.1805,0
evm.TU.Ap12.1811,0
evm.TU.Ap12.1813,0
evm.TU.Ap12.1814,0
evm.TU.Ap12.1817,0
evm.TU.Ap12.1821_evm.TU.Ap12.1830,0
evm.TU.Ap12.1831,0
evm.TU.Ap12.1832,0
evm.TU.Ap12.1834,0
evm.TU.Ap12.1837,0
evm.TU.Ap12.1841,0
evm.TU.Ap12.1844,0
evm.TU.Ap12.1848,0
evm.TU.Ap12.1850,0
evm.TU.Ap12.1854,0
evm.TU.Ap12.1857,0
evm.TU.Ap12.1858,0
evm.TU.Ap12.1870,0
evm.TU.Ap12.1871,0
evm.TU.Ap12.1872,0
evm.TU.Ap12.188,0
evm.TU.Ap12.1888,0
evm.TU.Ap12.1889,0
evm.TU.Ap12.1890,0
evm.TU.Ap12.1892,0
evm.TU.Ap12.1904,0
evm.TU.Ap12.1905,0
evm.TU.Ap12.1920_evm.TU.Ap12.1923,0
evm.TU.Ap12.1924,0
evm.TU.Ap12.1925,1
evm.TU.Ap12.1928,0
evm.TU.Ap12.1929,0
evm.TU.Ap12.1932,0
evm.TU.Ap12.1941,0
evm.TU.Ap12.1949,0
evm.TU.Ap12.1950,0
evm.TU.Ap12.1958,0
evm.TU.Ap12.1965,0
evm.TU.Ap12.1967,0
evm.TU.Ap12.1968,0
evm.TU.Ap12.1974,0
evm.TU.Ap12.1975,0
evm.TU.Ap12.1976,0
evm.TU.Ap12.1977,0
evm.TU.Ap12.198,0
evm.TU.Ap12.1983,0
evm.TU.Ap12.1985,0
evm.TU.Ap12.1986,0
evm.TU.Ap12.1988,0
evm.TU.Ap12.199,0
evm.TU.Ap12.1991,0
evm.TU.Ap12.2012,0
evm.TU.Ap12.2013,0
evm.TU.Ap12.2015,1
evm.TU.Ap12.2017,0
evm.TU.Ap12.2019,0
evm.TU.Ap12.202,0
evm.TU.Ap12.2020,1
evm.TU.Ap12.2021,1
evm.TU.Ap12.2022,0
evm.TU.Ap12.2023,0
evm.TU.Ap12.2027,0
evm.TU.Ap12.203,0
evm.TU.Ap12.205,0
evm.TU.Ap12.2087,0
evm.TU.Ap12.2090,0
evm.TU.Ap12.2091,0
evm.TU.Ap12.2092,0
evm.TU.Ap12.2093,0
evm.TU.Ap12.2098,0
evm.TU.Ap12.2099,0
evm.TU.Ap12.2113,0
evm.TU.Ap12.2114,0
evm.TU.Ap12.2115,0
evm.TU.Ap12.2116,1
evm.TU.Ap12.212,0
evm.TU.Ap12.2131,0
evm.TU.Ap12.2140,0
evm.TU.Ap12.2141,0
evm.TU.Ap12.2144_evm.TU.Ap12.2145,1
evm.TU.Ap12.2146,0
evm.TU.Ap12.2151_evm.TU.Ap12.2154,1
evm.TU.Ap12.2157,0
evm.TU.Ap12.2158,0
evm.TU.Ap12.216_evm.TU.Ap12.217_evm.TU.Ap12.219,0
evm.TU.Ap12.2162,0
evm.TU.Ap12.2163,0
evm.TU.Ap12.2164,0
evm.TU.Ap12.2166,0
evm.TU.Ap12.2167,1
evm.TU.Ap12.2168,0
evm.TU.Ap12.2174,0
evm.TU.Ap12.2175,0
evm.TU.Ap12.2176,0
evm.TU.Ap12.2177,0
evm.TU.Ap12.2179,0
evm.TU.Ap12.2180,0
evm.TU.Ap12.2181,0
evm.TU.Ap12.2188,0
evm.TU.Ap12.2189,0
evm.TU.Ap12.2190,0
evm.TU.Ap12.2191,0
evm.TU.Ap12.2193,0
evm.TU.Ap12.2194,0
evm.TU.Ap12.2195,0
evm.TU.Ap12.2196,0
evm.TU.Ap12.2199,0
evm.TU.Ap12.2200,1
evm.TU.Ap12.2201,0
evm.TU.Ap12.2210,0
evm.TU.Ap12.2216,0
evm.TU.Ap12.2217,0
evm.TU.Ap12.2218,0
evm.TU.Ap12.2220,0
evm.TU.Ap12.2225,0
evm.TU.Ap12.2228,0
evm.TU.Ap12.2230,0
evm.TU.Ap12.2235,0
evm.TU.Ap12.2249,1
evm.TU.Ap12.2252,0
evm.TU.Ap12.2254,1
evm.TU.Ap12.2255,0
evm.TU.Ap12.2256,0
evm.TU.Ap12.2260,0
evm.TU.Ap12.2262,1
evm.TU.Ap12.2263,0
evm.TU.Ap12.2265,0
evm.TU.Ap12.2268,0
evm.TU.Ap12.2269,0
evm.TU.Ap12.2270,0
evm.TU.Ap12.2272,1
evm.TU.Ap12.2273,0
evm.TU.Ap12.228,1
evm.TU.Ap12.2285,0
evm.TU.Ap12.2290,0
evm.TU.Ap12.2302,0
evm.TU.Ap12.2304,0
evm.TU.Ap12.2324,0
evm.TU.Ap12.2331,0
evm.TU.Ap12.2332,0
evm.TU.Ap12.2333,0
evm.TU.Ap12.2334,0
evm.TU.Ap12.2335,0
evm.TU.Ap12.2340,0
evm.TU.Ap12.2346,0
evm.TU.Ap12.2347,0
evm.TU.Ap12.2349,0
evm.TU.Ap12.2351,0
evm.TU.Ap12.2352,0
evm.TU.Ap12.2370,1
evm.TU.Ap12.2375,0
evm.TU.Ap12.2396,0
evm.TU.Ap12.2397,0
evm.TU.Ap12.2398,0
evm.TU.Ap12.240,0
evm.TU.Ap12.2401_evm.TU.Ap12.2399,0
evm.TU.Ap12.2403,0
evm.TU.Ap12.2407,0
evm.TU.Ap12.2411,0
evm.TU.Ap12.242,0
evm.TU.Ap12.2430,0
evm.TU.Ap12.2434,1
evm.TU.Ap12.2435,0
evm.TU.Ap12.244,0
evm.TU.Ap12.2444,0
evm.TU.Ap12.2445,0
evm.TU.Ap12.2447,0
evm.TU.Ap12.2449,0
evm.TU.Ap12.245,1
evm.TU.Ap12.2450,0
evm.TU.Ap12.2456,0
evm.TU.Ap12.2459,0
evm.TU.Ap12.246,1
evm.TU.Ap12.2462,0
evm.TU.Ap12.2465,0
evm.TU.Ap12.2466,0
evm.TU.Ap12.2468,0
evm.TU.Ap12.2469,0
evm.TU.Ap12.247,1
evm.TU.Ap12.2471,0
evm.TU.Ap12.2472,0
evm.TU.Ap12.2473,0
evm.TU.Ap12.2474,0
evm.TU.Ap12.2475,0
evm.TU.Ap12.2476,0
evm.TU.Ap12.2477,0
evm.TU.Ap12.2478,0
evm.TU.Ap12.248,0
evm.TU.Ap12.2484,0
evm.TU.Ap12.2488,0
evm.TU.Ap12.2504,1
evm.TU.Ap12.2505,0
evm.TU.Ap12.2507,0
evm.TU.Ap12.2509,0
evm.TU.Ap12.251,0
evm.TU.Ap12.2510,0
evm.TU.Ap12.2512,0
evm.TU.Ap12.2513,0
evm.TU.Ap12.2516,0
evm.TU.Ap12.2518,1
evm.TU.Ap12.2520,0
evm.TU.Ap12.2522,0
evm.TU.Ap12.2523,0
evm.TU.Ap12.2527,0
evm.TU.Ap12.2528,0
evm.TU.Ap12.2529,0
evm.TU.Ap12.2531,0
evm.TU.Ap12.2533,0
evm.TU.Ap12.2538,0
evm.TU.Ap12.2540,0
evm.TU.Ap12.2541,0
evm.TU.Ap12.2543,0
evm.TU.Ap12.2556,0
evm.TU.Ap12.2557,0
evm.TU.Ap12.2559,0
evm.TU.Ap12.2560,0
evm.TU.Ap12.2568_evm.TU.Ap12.2570,0
evm.TU.Ap12.2571,0
evm.TU.Ap12.2575,0
evm.TU.Ap12.2576,0
evm.TU.Ap12.2578_evm.TU.Ap12.2579,0
evm.TU.Ap12.2580,0
evm.TU.Ap12.2581,0
evm.TU.Ap12.2582,0
evm.TU.Ap12.259,0
evm.TU.Ap12.2593,0
evm.TU.Ap12.2595,0
evm.TU.Ap12.2599,0
evm.TU.Ap12.2604,0
evm.TU.Ap12.2605,0
evm.TU.Ap12.2606,0
evm.TU.Ap12.2608,0
evm.TU.Ap12.2609,0
evm.TU.Ap12.2610,0
evm.TU.Ap12.2611,0
evm.TU.Ap12.2612,0
evm.TU.Ap12.2613,0
evm.TU.Ap12.2615,0
evm.TU.Ap12.2616,0
evm.TU.Ap12.2618_evm.TU.Ap12.2619,0
evm.TU.Ap12.2626,0
evm.TU.Ap12.2627,0
evm.TU.Ap12.2629,0
evm.TU.Ap12.2636,1
evm.TU.Ap12.2637,0
evm.TU.Ap12.2647,0
evm.TU.Ap12.2649,1
evm.TU.Ap12.2650,0
evm.TU.Ap12.2651,0
evm.TU.Ap12.2662,0
evm.TU.Ap12.2669,0
evm.TU.Ap12.2670,0
evm.TU.Ap12.2671,0
evm.TU.Ap12.2672,0
evm.TU.Ap12.2673,0
evm.TU.Ap12.2682,0
evm.TU.Ap12.2697,1
evm.TU.Ap12.2701,0
evm.TU.Ap12.2713,0
evm.TU.Ap12.2715,0
evm.TU.Ap12.2721,0
evm.TU.Ap12.2726,0
evm.TU.Ap12.2727,0
evm.TU.Ap12.2728,0
evm.TU.Ap12.2730,0
evm.TU.Ap12.2731,0
evm.TU.Ap12.2733,0
evm.TU.Ap12.2735,0
evm.TU.Ap12.2736,0
evm.TU.Ap12.2738,0
evm.TU.Ap12.2739,0
evm.TU.Ap12.2743,0
evm.TU.Ap12.2744,0
evm.TU.Ap12.2745,0
evm.TU.Ap12.2746,0
evm.TU.Ap12.2747,0
evm.TU.Ap12.275,0
evm.TU.Ap12.2751,0
evm.TU.Ap12.2752,0
evm.TU.Ap12.2753,0
evm.TU.Ap12.2755,0
evm.TU.Ap12.2756,0
evm.TU.Ap12.2759,1
evm.TU.Ap12.2760,0
evm.TU.Ap12.2763,0
evm.TU.Ap12.2765,1
evm.TU.Ap12.2766,0
evm.TU.Ap12.277,0
evm.TU.Ap12.2771,0
evm.TU.Ap12.2777_evm.TU.Ap12.2778,0
evm.TU.Ap12.2781,0
evm.TU.Ap12.2782,0
evm.TU.Ap12.2784,0
evm.TU.Ap12.2785,0
evm.TU.Ap12.2787,0
evm.TU.Ap12.2788,0
evm.TU.Ap12.2789,0
evm.TU.Ap12.2793,0
evm.TU.Ap12.2794,0
evm.TU.Ap12.2795,0
evm.TU.Ap12.2796,0
evm.TU.Ap12.2797,0
evm.TU.Ap12.2799,0
evm.TU.Ap12.2801,0
evm.TU.Ap12.2810,0
evm.TU.Ap12.2816,0
evm.TU.Ap12.2818,0
evm.TU.Ap12.2819,0
evm.TU.Ap12.2820,0
evm.TU.Ap12.2828,0
evm.TU.Ap12.284,0
evm.TU.Ap12.287,0
evm.TU.Ap12.289,0
evm.TU.Ap12.303,0
evm.TU.Ap12.335,0
evm.TU.Ap12.340,0
evm.TU.Ap12.358,0
evm.TU.Ap12.360,0
evm.TU.Ap12.363,0
evm.TU.Ap12.365,0
evm.TU.Ap12.367,0
evm.TU.Ap12.369,0
evm.TU.Ap12.37,0
evm.TU.Ap12.372,0
evm.TU.Ap12.373,0
evm.TU.Ap12.377,0
evm.TU.Ap12.378,1
evm.TU.Ap12.379,0
evm.TU.Ap12.38,0
evm.TU.Ap12.380,0
evm.TU.Ap12.383,0
evm.TU.Ap12.41,0
evm.TU.Ap12.42,0
evm.TU.Ap12.428,0
evm.TU.Ap12.430_evm.TU.Ap12.431_evm.TU.Ap12.432,0
evm.TU.Ap12.438,0
evm.TU.Ap12.44,0
evm.TU.Ap12.443,0
evm.TU.Ap12.449,0
evm.TU.Ap12.451,1
evm.TU.Ap12.452,0
evm.TU.Ap12.453,0
evm.TU.Ap12.454,0
evm.TU.Ap12.456,0
evm.TU.Ap12.458,0
evm.TU.Ap12.459_evm.TU.Ap12.460,0
evm.TU.Ap12.461,0
evm.TU.Ap12.464,0
evm.TU.Ap12.466,0
evm.TU.Ap12.467,0
evm.TU.Ap12.468,0
evm.TU.Ap12.472,0
evm.TU.Ap12.474,0
evm.TU.Ap12.475,0
evm.TU.Ap12.477,0
evm.TU.Ap12.479,0
evm.TU.Ap12.480,0
evm.TU.Ap12.481,0
evm.TU.Ap12.482,0
evm.TU.Ap12.484,0
evm.TU.Ap12.486,0
evm.TU.Ap12.487,1
evm.TU.Ap12.492,1
evm.TU.Ap12.493,0
evm.TU.Ap12.495,0
evm.TU.Ap12.499,0
evm.TU.Ap12.5,0
evm.TU.Ap12.500,0
evm.TU.Ap12.501,0
evm.TU.Ap12.502,0
evm.TU.Ap12.503,0
evm.TU.Ap12.504,0
evm.TU.Ap12.505,0
evm.TU.Ap12.506,0
evm.TU.Ap12.509,0
evm.TU.Ap12.512,0
evm.TU.Ap12.513,0
evm.TU.Ap12.515,0
evm.TU.Ap12.516,0
evm.TU.Ap12.520,0
evm.TU.Ap12.522,0
evm.TU.Ap12.523,0
evm.TU.Ap12.528,0
evm.TU.Ap12.529,1
evm.TU.Ap12.53,0
evm.TU.Ap12.530,1
evm.TU.Ap12.531,1
evm.TU.Ap12.533,0
evm.TU.Ap12.534,0
evm.TU.Ap12.535,0
evm.TU.Ap12.537,0
evm.TU.Ap12.538,0
evm.TU.Ap12.539,0
evm.TU.Ap12.54,0
evm.TU.Ap12.542,0
evm.TU.Ap12.544,0
evm.TU.Ap12.548,0
evm.TU.Ap12.549,0
evm.TU.Ap12.550,0
evm.TU.Ap12.551,0
evm.TU.Ap12.554,0
evm.TU.Ap12.555,0
evm.TU.Ap12.556,0
evm.TU.Ap12.557,0
evm.TU.Ap12.558,1
evm.TU.Ap12.559,0
evm.TU.Ap12.566,0
evm.TU.Ap12.568,0
evm.TU.Ap12.571,0
evm.TU.Ap12.573,0
evm.TU.Ap12.58,0
evm.TU.Ap12.59,0
evm.TU.Ap12.596,0
evm.TU.Ap12.6,0
evm.TU.Ap12.600_evm.TU.Ap12.603_evm.TU.Ap12.607,0
evm.TU.Ap12.642,0
evm.TU.Ap12.643,0
evm.TU.Ap12.656,0
evm.TU.Ap12.660,1
evm.TU.Ap12.663,0
evm.TU.Ap12.665,0
evm.TU.Ap12.668,0
evm.TU.Ap12.670,0
evm.TU.Ap12.672,0
evm.TU.Ap12.673,0
evm.TU.Ap12.68,0
evm.TU.Ap12.680,0
evm.TU.Ap12.681_evm.TU.Ap12.682,0
evm.TU.Ap12.69,0
evm.TU.Ap12.707,0
evm.TU.Ap12.711,0
evm.TU.Ap12.725,0
evm.TU.Ap12.727,0
evm.TU.Ap12.736,0
evm.TU.Ap12.737,0
evm.TU.Ap12.739,0
evm.TU.Ap12.74,0
evm.TU.Ap12.759,0
evm.TU.Ap12.761,0
evm.TU.Ap12.763,0
evm.TU.Ap12.764,0
evm.TU.Ap12.770,0
evm.TU.Ap12.772,0
evm.TU.Ap12.773,0
evm.TU.Ap12.775,0
evm.TU.Ap12.777,0
evm.TU.Ap12.779,0
evm.TU.Ap12.780,0
evm.TU.Ap12.782,0
evm.TU.Ap12.783,1
evm.TU.Ap12.785,0
evm.TU.Ap12.793,0
evm.TU.Ap12.796,0
evm.TU.Ap12.8,0
evm.TU.Ap12.800,0
evm.TU.Ap12.805,0
evm.TU.Ap12.807,0
evm.TU.Ap12.808,1
evm.TU.Ap12.810,0
evm.TU.Ap12.813,0
evm.TU.Ap12.817,0
evm.TU.Ap12.825,0
evm.TU.Ap12.83,0
evm.TU.Ap12.835,0
evm.TU.Ap12.836,0
evm.TU.Ap12.839,0
evm.TU.Ap12.84,0
evm.TU.Ap12.840,0
evm.TU.Ap12.843,0
evm.TU.Ap12.86,0
evm.TU.Ap12.869,0
evm.TU.Ap12.87,0
evm.TU.Ap12.871,0
evm.TU.Ap12.872,0
evm.TU.Ap12.873,0
evm.TU.Ap12.874,0
evm.TU.Ap12.877,0
evm.TU.Ap12.878,0
evm.TU.Ap12.88_evm.TU.Ap12.89,0
evm.TU.Ap12.882_evm.TU.Ap12.880,0
evm.TU.Ap12.884,0
evm.TU.Ap12.888,0
evm.TU.Ap12.889,0
evm.TU.Ap12.890,0
evm.TU.Ap12.891,0
evm.TU.Ap12.895,0
evm.TU.Ap12.896,0
evm.TU.Ap12.90,0
evm.TU.Ap12.902,0
evm.TU.Ap12.907,0
evm.TU.Ap12.910,0
evm.TU.Ap12.912,1
evm.TU.Ap12.919,1
evm.TU.Ap12.920,0
evm.TU.Ap12.921,0
evm.TU.Ap12.934,0
evm.TU.Ap12.935,0
evm.TU.Ap12.938,0
evm.TU.Ap12.939,0
evm.TU.Ap12.94_evm.TU.Ap12.95,0
evm.TU.Ap12.940,0
evm.TU.Ap12.941,0
evm.TU.Ap12.942,0
evm.TU.Ap12.944,0
evm.TU.Ap12.945,1
evm.TU.Ap12.946,0
evm.TU.Ap12.948,0
evm.TU.Ap12.953,0
evm.TU.Ap12.96,0
evm.TU.Ap12.965,0
evm.TU.Ap12.968,0
evm.TU.Ap12.971,0
evm.TU.Ap12.973,0
evm.TU.Ap12.974,0
evm.TU.Ap12.975,0
evm.TU.Ap12.979,0
evm.TU.Ap12.98,0
evm.TU.Ap12.99,0
evm.TU.Ap12.992_evm.TU.Ap12.993,0
evm.TU.Ap12.995,0
evm.TU.Ap12.996,0
evm.TU.Ap12.999,0
evm.TU.Ap13.10,0
evm.TU.Ap13.1003,0
evm.TU.Ap13.1004,0
evm.TU.Ap13.1013,0
evm.TU.Ap13.1016,0
evm.TU.Ap13.1017,0
evm.TU.Ap13.1018,0
evm.TU.Ap13.1019,0
evm.TU.Ap13.104,0
evm.TU.Ap13.1046,1
evm.TU.Ap13.1048_evm.TU.Ap13.1047,0
evm.TU.Ap13.105,0
evm.TU.Ap13.1052,1
evm.TU.Ap13.1055,0
evm.TU.Ap13.107,0
evm.TU.Ap13.1073,0
evm.TU.Ap13.1075_evm.TU.Ap13.1078,0
evm.TU.Ap13.1084,0
evm.TU.Ap13.109,0
evm.TU.Ap13.11,0
evm.TU.Ap13.1104_evm.TU.Ap13.1106,0
evm.TU.Ap13.1107_evm.TU.Ap13.1108,0
evm.TU.Ap13.1109,0
evm.TU.Ap13.112,0
evm.TU.Ap13.1131,0
evm.TU.Ap13.1132_evm.TU.Ap13.1133,0
evm.TU.Ap13.1136,0
evm.TU.Ap13.1137,0
evm.TU.Ap13.1138,0
evm.TU.Ap13.114,0
evm.TU.Ap13.1140,0
evm.TU.Ap13.1141,0
evm.TU.Ap13.1153,0
evm.TU.Ap13.1159_evm.TU.Ap13.1156,0
evm.TU.Ap13.1160,0
evm.TU.Ap13.1161,0
evm.TU.Ap13.1162,0
evm.TU.Ap13.1163,0
evm.TU.Ap13.1164,0
evm.TU.Ap13.1166,0
evm.TU.Ap13.1169,0
evm.TU.Ap13.1171,0
evm.TU.Ap13.1173,0
evm.TU.Ap13.1175,0
evm.TU.Ap13.1176,0
evm.TU.Ap13.1180,0
evm.TU.Ap13.1182,0
evm.TU.Ap13.1189,0
evm.TU.Ap13.1190,0
evm.TU.Ap13.1192,0
evm.TU.Ap13.1193,0
evm.TU.Ap13.1194,0
evm.TU.Ap13.1197,0
evm.TU.Ap13.1199,0
evm.TU.Ap13.12,0
evm.TU.Ap13.1203,0
evm.TU.Ap13.1205,0
evm.TU.Ap13.1206,0
evm.TU.Ap13.1207,0
evm.TU.Ap13.1209,0
evm.TU.Ap13.1210,0
evm.TU.Ap13.1211,0
evm.TU.Ap13.1214,0
evm.TU.Ap13.1215,0
evm.TU.Ap13.1216,0
evm.TU.Ap13.1218,0
evm.TU.Ap13.1222,0
evm.TU.Ap13.1223,0
evm.TU.Ap13.1224,0
evm.TU.Ap13.1225,0
evm.TU.Ap13.1226,0
evm.TU.Ap13.1227,0
evm.TU.Ap13.123,0
evm.TU.Ap13.1231,0
evm.TU.Ap13.1232,0
evm.TU.Ap13.1235,0
evm.TU.Ap13.1237,0
evm.TU.Ap13.1244,0
evm.TU.Ap13.1248,0
evm.TU.Ap13.125,0
evm.TU.Ap13.1255,0
evm.TU.Ap13.1258,0
evm.TU.Ap13.1270,0
evm.TU.Ap13.1276,0
evm.TU.Ap13.1278,0
evm.TU.Ap13.1289,0
evm.TU.Ap13.1290,0
evm.TU.Ap13.1291,0
evm.TU.Ap13.1292,1
evm.TU.Ap13.13,0
evm.TU.Ap13.1302,0
evm.TU.Ap13.1306,0
evm.TU.Ap13.1307,0
evm.TU.Ap13.131,0
evm.TU.Ap13.1310,0
evm.TU.Ap13.1311,0
evm.TU.Ap13.1312,0
evm.TU.Ap13.1313,0
evm.TU.Ap13.1314,0
evm.TU.Ap13.1315,0
evm.TU.Ap13.1316,0
evm.TU.Ap13.1320,0
evm.TU.Ap13.1323,0
evm.TU.Ap13.1325,0
evm.TU.Ap13.1327,0
evm.TU.Ap13.1329,0
evm.TU.Ap13.1330,0
evm.TU.Ap13.1331,0
evm.TU.Ap13.1334,0
evm.TU.Ap13.1335,1
evm.TU.Ap13.134,0
evm.TU.Ap13.1340,0
evm.TU.Ap13.1342,1
evm.TU.Ap13.1343,0
evm.TU.Ap13.1344,0
evm.TU.Ap13.1350,0
evm.TU.Ap13.1352,0
evm.TU.Ap13.1354,0
evm.TU.Ap13.1357,0
evm.TU.Ap13.1359,0
evm.TU.Ap13.1361,0
evm.TU.Ap13.1362,0
evm.TU.Ap13.1365,0
evm.TU.Ap13.138,0
evm.TU.Ap13.1386,0
evm.TU.Ap13.1399,1
evm.TU.Ap13.140,0
evm.TU.Ap13.1401,0
evm.TU.Ap13.1402,0
evm.TU.Ap13.1403,0
evm.TU.Ap13.1407,0
evm.TU.Ap13.1408,0
evm.TU.Ap13.1409,0
evm.TU.Ap13.141,0
evm.TU.Ap13.1410,0
evm.TU.Ap13.1411,1
evm.TU.Ap13.1412,0
evm.TU.Ap13.1417,0
evm.TU.Ap13.142,0
evm.TU.Ap13.1426,0
evm.TU.Ap13.1428,0
evm.TU.Ap13.1431,0
evm.TU.Ap13.1439,0
evm.TU.Ap13.144,0
evm.TU.Ap13.1441,0
evm.TU.Ap13.1442,0
evm.TU.Ap13.1443,0
evm.TU.Ap13.1444,0
evm.TU.Ap13.1447,0
evm.TU.Ap13.1456,0
evm.TU.Ap13.1457,0
evm.TU.Ap13.1458,1
evm.TU.Ap13.1478,0
evm.TU.Ap13.1491,0
evm.TU.Ap13.1495,0
evm.TU.Ap13.1496,0
evm.TU.Ap13.1499,0
evm.TU.Ap13.1500,0
evm.TU.Ap13.1501,0
evm.TU.Ap13.1503,0
evm.TU.Ap13.1514,0
evm.TU.Ap13.1516,0
evm.TU.Ap13.1517,0
evm.TU.Ap13.1518,0
evm.TU.Ap13.1519,0
evm.TU.Ap13.1524,0
evm.TU.Ap13.1529,0
evm.TU.Ap13.155,0
evm.TU.Ap13.1555,0
evm.TU.Ap13.1563_evm.TU.Ap13.1564,0
evm.TU.Ap13.1565,0
evm.TU.Ap13.157,0
evm.TU.Ap13.1571,0
evm.TU.Ap13.1581,0
evm.TU.Ap13.1582,0
evm.TU.Ap13.1586,0
evm.TU.Ap13.1587,0
evm.TU.Ap13.1588,0
evm.TU.Ap13.159,0
evm.TU.Ap13.1590,0
evm.TU.Ap13.1596,0
evm.TU.Ap13.160,0
evm.TU.Ap13.1605,0
evm.TU.Ap13.162_evm.TU.Ap13.164,0
evm.TU.Ap13.1630,0
evm.TU.Ap13.1634_evm.TU.Ap13.1635,0
evm.TU.Ap13.1636,0
evm.TU.Ap13.1637,0
evm.TU.Ap13.1639_evm.TU.Ap13.1640_evm.TU.Ap13.1642_evm.TU.Ap13.1643,0
evm.TU.Ap13.165,0
evm.TU.Ap13.1650,0
evm.TU.Ap13.166,0
evm.TU.Ap13.1669,1
evm.TU.Ap13.167,0
evm.TU.Ap13.1675,0
evm.TU.Ap13.168,0
evm.TU.Ap13.169,0
evm.TU.Ap13.1696,0
evm.TU.Ap13.1697,0
evm.TU.Ap13.170_evm.TU.Ap13.171,0
evm.TU.Ap13.1702,0
evm.TU.Ap13.1704,0
evm.TU.Ap13.1711,0
evm.TU.Ap13.1714_evm.TU.Ap13.1718,1
evm.TU.Ap13.1719,0
evm.TU.Ap13.1722,0
evm.TU.Ap13.1725,1
evm.TU.Ap13.1741,0
evm.TU.Ap13.1744,0
evm.TU.Ap13.1750,0
evm.TU.Ap13.1751,0
evm.TU.Ap13.1752,0
evm.TU.Ap13.1753,0
evm.TU.Ap13.1759_evm.TU.Ap13.1760,0
evm.TU.Ap13.1761,1
evm.TU.Ap13.1772,0
evm.TU.Ap13.1773,0
evm.TU.Ap13.178,0
evm.TU.Ap13.1784,0
evm.TU.Ap13.1785,0
evm.TU.Ap13.1796,0
evm.TU.Ap13.1799,1
evm.TU.Ap13.180,0
evm.TU.Ap13.1800,0
evm.TU.Ap13.1808,1
evm.TU.Ap13.1810,0
evm.TU.Ap13.182,0
evm.TU.Ap13.1821,0
evm.TU.Ap13.1824,0
evm.TU.Ap13.1828,0
evm.TU.Ap13.183,0
evm.TU.Ap13.1852,1
evm.TU.Ap13.1854,0
evm.TU.Ap13.1862,0
evm.TU.Ap13.1863,0
evm.TU.Ap13.1876,0
evm.TU.Ap13.1877,0
evm.TU.Ap13.1878,0
evm.TU.Ap13.1880,1
evm.TU.Ap13.1881,1
evm.TU.Ap13.1882,1
evm.TU.Ap13.1885,0
evm.TU.Ap13.1888,0
evm.TU.Ap13.1889,0
evm.TU.Ap13.1895,0
evm.TU.Ap13.1898,0
evm.TU.Ap13.1908,0
evm.TU.Ap13.1909,0
evm.TU.Ap13.1916,0
evm.TU.Ap13.1917,0
evm.TU.Ap13.1928_evm.TU.Ap13.1922,0
evm.TU.Ap13.1933,0
evm.TU.Ap13.1934,0
evm.TU.Ap13.1935,0
evm.TU.Ap13.1962,0
evm.TU.Ap13.1963,0
evm.TU.Ap13.1976,0
evm.TU.Ap13.1979,0
evm.TU.Ap13.1980,0
evm.TU.Ap13.1984,0
evm.TU.Ap13.1987,0
evm.TU.Ap13.199,0
evm.TU.Ap13.1990,0
evm.TU.Ap13.1993,0
evm.TU.Ap13.1994,0
evm.TU.Ap13.1995,0
evm.TU.Ap13.1996,0
evm.TU.Ap13.2,1
evm.TU.Ap13.2000,0
evm.TU.Ap13.2003,0
evm.TU.Ap13.2005,0
evm.TU.Ap13.2008,0
evm.TU.Ap13.2012,0
evm.TU.Ap13.202,0
evm.TU.Ap13.2020,0
evm.TU.Ap13.2023,0
evm.TU.Ap13.2034,0
evm.TU.Ap13.2037,0
evm.TU.Ap13.2038,0
evm.TU.Ap13.2039,0
evm.TU.Ap13.2040,0
evm.TU.Ap13.2041,0
evm.TU.Ap13.2045,0
evm.TU.Ap13.205,0
evm.TU.Ap13.2050,0
evm.TU.Ap13.206,0
evm.TU.Ap13.2061,0
evm.TU.Ap13.2062,0
evm.TU.Ap13.2063,0
evm.TU.Ap13.2068,1
evm.TU.Ap13.207,0
evm.TU.Ap13.2072,0
evm.TU.Ap13.2073,0
evm.TU.Ap13.2082,0
evm.TU.Ap13.2088,0
evm.TU.Ap13.2094,0
evm.TU.Ap13.210,0
evm.TU.Ap13.2120,0
evm.TU.Ap13.2121,0
evm.TU.Ap13.2122,0
evm.TU.Ap13.2123,0
evm.TU.Ap13.2124,1
evm.TU.Ap13.2125,0
evm.TU.Ap13.2126,0
evm.TU.Ap13.2127,1
evm.TU.Ap13.214,0
evm.TU.Ap13.2147,0
evm.TU.Ap13.2149,0
evm.TU.Ap13.2163,0
evm.TU.Ap13.2171,0
evm.TU.Ap13.2172,0
evm.TU.Ap13.2173,0
evm.TU.Ap13.2176,0
evm.TU.Ap13.218,0
evm.TU.Ap13.2183,1
evm.TU.Ap13.2184,0
evm.TU.Ap13.2185,0
evm.TU.Ap13.2187,0
evm.TU.Ap13.2188,0
evm.TU.Ap13.2190,0
evm.TU.Ap13.2191,0
evm.TU.Ap13.220,0
evm.TU.Ap13.2201_evm.TU.Ap13.2213,0
evm.TU.Ap13.2227,0
evm.TU.Ap13.2229,0
evm.TU.Ap13.224,0
evm.TU.Ap13.2243,0
evm.TU.Ap13.2244,0
evm.TU.Ap13.2258,0
evm.TU.Ap13.226,0
evm.TU.Ap13.2265,0
evm.TU.Ap13.227,0
evm.TU.Ap13.2272,0
evm.TU.Ap13.2273,0
evm.TU.Ap13.2276,0
evm.TU.Ap13.2277,0
evm.TU.Ap13.2281,0
evm.TU.Ap13.2282,0
evm.TU.Ap13.2283,0
evm.TU.Ap13.2284,0
evm.TU.Ap13.2285,0
evm.TU.Ap13.2288_evm.TU.Ap13.2301,0
evm.TU.Ap13.229,0
evm.TU.Ap13.230_evm.TU.Ap13.231,0
evm.TU.Ap13.2302_evm.TU.Ap13.2307,0
evm.TU.Ap13.2319,0
evm.TU.Ap13.2325,0
evm.TU.Ap13.2329,0
evm.TU.Ap13.2331,0
evm.TU.Ap13.2333,0
evm.TU.Ap13.2334,0
evm.TU.Ap13.2335,0
evm.TU.Ap13.2336,0
evm.TU.Ap13.2338,1
evm.TU.Ap13.2344,1
evm.TU.Ap13.2354,0
evm.TU.Ap13.236,0
evm.TU.Ap13.2361,0
evm.TU.Ap13.2363,0
evm.TU.Ap13.238,0
evm.TU.Ap13.2383,0
evm.TU.Ap13.2386,0
evm.TU.Ap13.2387,0
evm.TU.Ap13.2388,0
evm.TU.Ap13.2389,0
evm.TU.Ap13.2394,0
evm.TU.Ap13.2396,0
evm.TU.Ap13.2398,0
evm.TU.Ap13.2403,0
evm.TU.Ap13.2407,0
evm.TU.Ap13.2419,0
evm.TU.Ap13.242,0
evm.TU.Ap13.2421,1
evm.TU.Ap13.2422,0
evm.TU.Ap13.2423,0
evm.TU.Ap13.2444,0
evm.TU.Ap13.2445,0
evm.TU.Ap13.2450,0
evm.TU.Ap13.2457,0
evm.TU.Ap13.2459,0
evm.TU.Ap13.2460,0
evm.TU.Ap13.2462,0
evm.TU.Ap13.247,0
evm.TU.Ap13.2471,0
evm.TU.Ap13.2472,0
evm.TU.Ap13.2474,0
evm.TU.Ap13.2475,0
evm.TU.Ap13.2479,0
evm.TU.Ap13.2480,0
evm.TU.Ap13.2481,0
evm.TU.Ap13.2482,0
evm.TU.Ap13.2484,0
evm.TU.Ap13.2493,0
evm.TU.Ap13.2494,0
evm.TU.Ap13.2497,0
evm.TU.Ap13.2501,0
evm.TU.Ap13.2502,0
evm.TU.Ap13.2510,0
evm.TU.Ap13.2526,0
evm.TU.Ap13.2528,0
evm.TU.Ap13.2531,0
evm.TU.Ap13.254,0
evm.TU.Ap13.2562,0
evm.TU.Ap13.2565,0
evm.TU.Ap13.2566,0
evm.TU.Ap13.2584,0
evm.TU.Ap13.2585,0
evm.TU.Ap13.2599_evm.TU.Ap13.2590,0
evm.TU.Ap13.2603,0
evm.TU.Ap13.2630_evm.TU.Ap13.2632,0
evm.TU.Ap13.2634,0
evm.TU.Ap13.2636,0
evm.TU.Ap13.2637,0
evm.TU.Ap13.2640_evm.TU.Ap13.2651_evm.TU.Ap13.2638,1
evm.TU.Ap13.2652,1
evm.TU.Ap13.2674,0
evm.TU.Ap13.2676_evm.TU.Ap13.2695,0
evm.TU.Ap13.2696,0
evm.TU.Ap13.2704,0
evm.TU.Ap13.2716,0
evm.TU.Ap13.2717,0
evm.TU.Ap13.2718,0
evm.TU.Ap13.272,0
evm.TU.Ap13.2723,0
evm.TU.Ap13.2725,0
evm.TU.Ap13.2728,0
evm.TU.Ap13.2730,0
evm.TU.Ap13.2732,0
evm.TU.Ap13.2733,1
evm.TU.Ap13.2739,0
evm.TU.Ap13.275,0
evm.TU.Ap13.2750,0
evm.TU.Ap13.2752,0
evm.TU.Ap13.2759,0
evm.TU.Ap13.276,0
evm.TU.Ap13.2765,0
evm.TU.Ap13.2766,0
evm.TU.Ap13.2775,0
evm.TU.Ap13.2776,0
evm.TU.Ap13.2778,1
evm.TU.Ap13.2779,0
evm.TU.Ap13.278,0
evm.TU.Ap13.2782,0
evm.TU.Ap13.279,0
evm.TU.Ap13.2794,0
evm.TU.Ap13.2795,0
evm.TU.Ap13.2797,0
evm.TU.Ap13.280,0
evm.TU.Ap13.2810,0
evm.TU.Ap13.2818,0
evm.TU.Ap13.2843,0
evm.TU.Ap13.2846,0
evm.TU.Ap13.2849_evm.TU.Ap13.2850,0
evm.TU.Ap13.2852,0
evm.TU.Ap13.2853,0
evm.TU.Ap13.2854,0
evm.TU.Ap13.2857,0
evm.TU.Ap13.2858,1
evm.TU.Ap13.2859,1
evm.TU.Ap13.2860,0
evm.TU.Ap13.2863,0
evm.TU.Ap13.2877,0
evm.TU.Ap13.2878,0
evm.TU.Ap13.2893,0
evm.TU.Ap13.2896,1
evm.TU.Ap13.2898,0
evm.TU.Ap13.2900,0
evm.TU.Ap13.2902,0
evm.TU.Ap13.2907,0
evm.TU.Ap13.2908,0
evm.TU.Ap13.2916,0
evm.TU.Ap13.2917,0
evm.TU.Ap13.2921,1
evm.TU.Ap13.2922,0
evm.TU.Ap13.2927,0
evm.TU.Ap13.2930,0
evm.TU.Ap13.2931,0
evm.TU.Ap13.2932,0
evm.TU.Ap13.2935,0
evm.TU.Ap13.2937,0
evm.TU.Ap13.2939,0
evm.TU.Ap13.2941,0
evm.TU.Ap13.2948,0
evm.TU.Ap13.2969,0
evm.TU.Ap13.2970,0
evm.TU.Ap13.2972,0
evm.TU.Ap13.2975,0
evm.TU.Ap13.2986,0
evm.TU.Ap13.2988,0
evm.TU.Ap13.2989,0
evm.TU.Ap13.2990,0
evm.TU.Ap13.2993,0
evm.TU.Ap13.2997,0
evm.TU.Ap13.2998,0
evm.TU.Ap13.2999,0
evm.TU.Ap13.3,0
evm.TU.Ap13.3000,0
evm.TU.Ap13.3001,0
evm.TU.Ap13.3009,0
evm.TU.Ap13.3015,0
evm.TU.Ap13.3017,0
evm.TU.Ap13.3019,1
evm.TU.Ap13.3021,0
evm.TU.Ap13.3026,0
evm.TU.Ap13.3027,0
evm.TU.Ap13.3040,0
evm.TU.Ap13.3042,0
evm.TU.Ap13.3044,0
evm.TU.Ap13.3045,0
evm.TU.Ap13.3048,0
evm.TU.Ap13.3050,0
evm.TU.Ap13.3051,0
evm.TU.Ap13.3053,0
evm.TU.Ap13.3060,0
evm.TU.Ap13.3061,0
evm.TU.Ap13.3064,0
evm.TU.Ap13.3065,0
evm.TU.Ap13.3076,0
evm.TU.Ap13.3077,0
evm.TU.Ap13.3078,0
evm.TU.Ap13.3079,0
evm.TU.Ap13.3084,0
evm.TU.Ap13.3085,0
evm.TU.Ap13.3090,1
evm.TU.Ap13.3092,0
evm.TU.Ap13.3093,0
evm.TU.Ap13.3098,0
evm.TU.Ap13.3101,0
evm.TU.Ap13.3102,0
evm.TU.Ap13.3103_evm.TU.Ap13.3104,0
evm.TU.Ap13.3106,0
evm.TU.Ap13.3108,0
evm.TU.Ap13.311,1
evm.TU.Ap13.3113,0
evm.TU.Ap13.3122,0
evm.TU.Ap13.3123,0
evm.TU.Ap13.3127,0
evm.TU.Ap13.3128,0
evm.TU.Ap13.3129,0
evm.TU.Ap13.3131,1
evm.TU.Ap13.3136,1
evm.TU.Ap13.3139,0
evm.TU.Ap13.3142,0
evm.TU.Ap13.3144,0
evm.TU.Ap13.3147,0
evm.TU.Ap13.315,0
evm.TU.Ap13.3150,0
evm.TU.Ap13.3151,0
evm.TU.Ap13.3152,0
evm.TU.Ap13.3157,0
evm.TU.Ap13.3158,0
evm.TU.Ap13.3159,0
evm.TU.Ap13.3160,1
evm.TU.Ap13.3161,0
evm.TU.Ap13.3163,0
evm.TU.Ap13.3165,0
evm.TU.Ap13.3168,0
evm.TU.Ap13.3174,0
evm.TU.Ap13.3175,1
evm.TU.Ap13.3179,0
evm.TU.Ap13.318,0
evm.TU.Ap13.3180,0
evm.TU.Ap13.32,0
evm.TU.Ap13.323,0
evm.TU.Ap13.324,0
evm.TU.Ap13.325,0
evm.TU.Ap13.329,0
evm.TU.Ap13.337,0
evm.TU.Ap13.339,0
evm.TU.Ap13.341,0
evm.TU.Ap13.349,0
evm.TU.Ap13.355,0
evm.TU.Ap13.357,0
evm.TU.Ap13.363,0
evm.TU.Ap13.365,0
evm.TU.Ap13.370,0
evm.TU.Ap13.371,0
evm.TU.Ap13.372,0
evm.TU.Ap13.375,0
evm.TU.Ap13.380,0
evm.TU.Ap13.381,0
evm.TU.Ap13.382,0
evm.TU.Ap13.387,0
evm.TU.Ap13.389,0
evm.TU.Ap13.393,0
evm.TU.Ap13.397,0
evm.TU.Ap13.4,0
evm.TU.Ap13.40,1
evm.TU.Ap13.400,1
evm.TU.Ap13.401,0
evm.TU.Ap13.402,0
evm.TU.Ap13.408,0
evm.TU.Ap13.412,0
evm.TU.Ap13.424,0
evm.TU.Ap13.430,0
evm.TU.Ap13.432,1
evm.TU.Ap13.435,0
evm.TU.Ap13.436,0
evm.TU.Ap13.439,0
evm.TU.Ap13.44,0
evm.TU.Ap13.442,1
evm.TU.Ap13.444,0
evm.TU.Ap13.446,0
evm.TU.Ap13.447,0
evm.TU.Ap13.45,0
evm.TU.Ap13.46,0
evm.TU.Ap13.462,0
evm.TU.Ap13.463,0
evm.TU.Ap13.470,1
evm.TU.Ap13.473,0
evm.TU.Ap13.484,0
evm.TU.Ap13.496,0
evm.TU.Ap13.501,0
evm.TU.Ap13.502,0
evm.TU.Ap13.503,0
evm.TU.Ap13.504,0
evm.TU.Ap13.505,0
evm.TU.Ap13.506,1
evm.TU.Ap13.508_evm.TU.Ap13.510,1
evm.TU.Ap13.521_evm.TU.Ap13.512,0
evm.TU.Ap13.528,0
evm.TU.Ap13.534,0
evm.TU.Ap13.539,0
evm.TU.Ap13.543,0
evm.TU.Ap13.546,0
evm.TU.Ap13.548,0
evm.TU.Ap13.550,0
evm.TU.Ap13.552,0
evm.TU.Ap13.553,0
evm.TU.Ap13.555,0
evm.TU.Ap13.556,0
evm.TU.Ap13.59,0
evm.TU.Ap13.60,0
evm.TU.Ap13.601,1
evm.TU.Ap13.615,0
evm.TU.Ap13.617,0
evm.TU.Ap13.634,0
evm.TU.Ap13.638_evm.TU.Ap13.636,0
evm.TU.Ap13.64,0
evm.TU.Ap13.645,1
evm.TU.Ap13.648,1
evm.TU.Ap13.649_evm.TU.Ap13.650,0
evm.TU.Ap13.651,0
evm.TU.Ap13.655,0
evm.TU.Ap13.656,0
evm.TU.Ap13.66,1
evm.TU.Ap13.660,0
evm.TU.Ap13.664,0
evm.TU.Ap13.666,0
evm.TU.Ap13.668,0
evm.TU.Ap13.669,0
evm.TU.Ap13.680,0
evm.TU.Ap13.685,0
evm.TU.Ap13.688,0
evm.TU.Ap13.69,0
evm.TU.Ap13.692,0
evm.TU.Ap13.693,0
evm.TU.Ap13.695,0
evm.TU.Ap13.70,0
evm.TU.Ap13.71,0
evm.TU.Ap13.711,0
evm.TU.Ap13.713,0
evm.TU.Ap13.715,0
evm.TU.Ap13.72,0
evm.TU.Ap13.727,0
evm.TU.Ap13.73,0
evm.TU.Ap13.737,0
evm.TU.Ap13.742,0
evm.TU.Ap13.744,0
evm.TU.Ap13.75,0
evm.TU.Ap13.752,0
evm.TU.Ap13.76,0
evm.TU.Ap13.763,1
evm.TU.Ap13.769,0
evm.TU.Ap13.774,0
evm.TU.Ap13.778,0
evm.TU.Ap13.779,0
evm.TU.Ap13.782,0
evm.TU.Ap13.788,0
evm.TU.Ap13.789,0
evm.TU.Ap13.790,0
evm.TU.Ap13.791,0
evm.TU.Ap13.793_evm.TU.Ap13.794,1
evm.TU.Ap13.795,0
evm.TU.Ap13.796,0
evm.TU.Ap13.799,1
evm.TU.Ap13.805,0
evm.TU.Ap13.810,1
evm.TU.Ap13.817,0
evm.TU.Ap13.818,0
evm.TU.Ap13.824,0
evm.TU.Ap13.827,1
evm.TU.Ap13.83,0
evm.TU.Ap13.830,0
evm.TU.Ap13.831,1
evm.TU.Ap13.85,0
evm.TU.Ap13.86,1
evm.TU.Ap13.87,0
evm.TU.Ap13.870,0
evm.TU.Ap13.882,0
evm.TU.Ap13.884,1
evm.TU.Ap13.885,0
evm.TU.Ap13.886,0
evm.TU.Ap13.888,0
evm.TU.Ap13.893,0
evm.TU.Ap13.9,0
evm.TU.Ap13.901,0
evm.TU.Ap13.902,0
evm.TU.Ap13.903,0
evm.TU.Ap13.906,0
evm.TU.Ap13.908,0
evm.TU.Ap13.909,0
evm.TU.Ap13.92,0
evm.TU.Ap13.922,0
evm.TU.Ap13.923,0
evm.TU.Ap13.924,0
evm.TU.Ap13.933,0
evm.TU.Ap13.934,0
evm.TU.Ap13.937,0
evm.TU.Ap13.938,0
evm.TU.Ap13.939,0
evm.TU.Ap13.948,0
evm.TU.Ap13.956,0
evm.TU.Ap13.959,0
evm.TU.Ap13.968,0
evm.TU.Ap13.971,0
evm.TU.Ap13.975,0
evm.TU.Ap13.981,0
evm.TU.Ap13.985,0
evm.TU.Ap13.987,0
evm.TU.Ap13.990,0
evm.TU.Ap13.996,0
evm.TU.Ap13.997,0
evm.TU.Ap14.1005,0
evm.TU.Ap14.1011,0
evm.TU.Ap14.1015,0
evm.TU.Ap14.102,0
evm.TU.Ap14.1022,0
evm.TU.Ap14.1023,0
evm.TU.Ap14.1024,0
evm.TU.Ap14.1029,0
evm.TU.Ap14.1031,0
evm.TU.Ap14.1034,0
evm.TU.Ap14.1035,0
evm.TU.Ap14.1036,0
evm.TU.Ap14.1057,0
evm.TU.Ap14.106,0
evm.TU.Ap14.1062,0
evm.TU.Ap14.1068,0
evm.TU.Ap14.1071,0
evm.TU.Ap14.1085,0
evm.TU.Ap14.1091,0
evm.TU.Ap14.110,0
evm.TU.Ap14.1101,0
evm.TU.Ap14.1106,0
evm.TU.Ap14.1111,0
evm.TU.Ap14.1116,0
evm.TU.Ap14.1119,0
evm.TU.Ap14.112,0
evm.TU.Ap14.1123,0
evm.TU.Ap14.1124,0
evm.TU.Ap14.1125,0
evm.TU.Ap14.1126,0
evm.TU.Ap14.1127,0
evm.TU.Ap14.1128,0
evm.TU.Ap14.1129,0
evm.TU.Ap14.1133,0
evm.TU.Ap14.1135,0
evm.TU.Ap14.1136,0
evm.TU.Ap14.1140,0
evm.TU.Ap14.1142,0
evm.TU.Ap14.1147,0
evm.TU.Ap14.1157,0
evm.TU.Ap14.1159,0
evm.TU.Ap14.116,0
evm.TU.Ap14.1160,0
evm.TU.Ap14.1162,1
evm.TU.Ap14.1172,0
evm.TU.Ap14.121,0
evm.TU.Ap14.1225,0
evm.TU.Ap14.1227,0
evm.TU.Ap14.1228_evm.TU.Ap14.1229,0
evm.TU.Ap14.1230,0
evm.TU.Ap14.1232,0
evm.TU.Ap14.1233,0
evm.TU.Ap14.1234,0
evm.TU.Ap14.1237,0
evm.TU.Ap14.124,0
evm.TU.Ap14.1243,0
evm.TU.Ap14.1245,0
evm.TU.Ap14.1251,1
evm.TU.Ap14.1254,0
evm.TU.Ap14.1255,0
evm.TU.Ap14.1257,1
evm.TU.Ap14.1261,0
evm.TU.Ap14.1262,0
evm.TU.Ap14.1274,0
evm.TU.Ap14.1275,0
evm.TU.Ap14.1276,0
evm.TU.Ap14.1278,0
evm.TU.Ap14.1282,1
evm.TU.Ap14.1289,0
evm.TU.Ap14.1295,0
evm.TU.Ap14.1296,0
evm.TU.Ap14.13,0
evm.TU.Ap14.1300,0
evm.TU.Ap14.1301,0
evm.TU.Ap14.1302,0
evm.TU.Ap14.1303,0
evm.TU.Ap14.1307,0
evm.TU.Ap14.1319,0
evm.TU.Ap14.133_evm.TU.Ap14.134,0
evm.TU.Ap14.1355,0
evm.TU.Ap14.1356,0
evm.TU.Ap14.1357,0
evm.TU.Ap14.1361,0
evm.TU.Ap14.1365,0
evm.TU.Ap14.1366,0
evm.TU.Ap14.137,0
evm.TU.Ap14.1385,0
evm.TU.Ap14.1390,0
evm.TU.Ap14.1398,0
evm.TU.Ap14.140,1
evm.TU.Ap14.1406,0
evm.TU.Ap14.141,0
evm.TU.Ap14.142,1
evm.TU.Ap14.1423,0
evm.TU.Ap14.1426,0
evm.TU.Ap14.1433,0
evm.TU.Ap14.1434,0
evm.TU.Ap14.1444,0
evm.TU.Ap14.145,1
evm.TU.Ap14.1452,0
evm.TU.Ap14.1454,0
evm.TU.Ap14.1458,0
evm.TU.Ap14.1463,0
evm.TU.Ap14.1470,0
evm.TU.Ap14.1486,0
evm.TU.Ap14.1489,0
evm.TU.Ap14.1491,0
evm.TU.Ap14.1494,0
evm.TU.Ap14.1495,1
evm.TU.Ap14.1496,0
evm.TU.Ap14.1498,0
evm.TU.Ap14.150,0
evm.TU.Ap14.1500,0
evm.TU.Ap14.1501,0
evm.TU.Ap14.1502,0
evm.TU.Ap14.1510,0
evm.TU.Ap14.1525,0
evm.TU.Ap14.1530,0
evm.TU.Ap14.1533,0
evm.TU.Ap14.1544,0
evm.TU.Ap14.1545,0
evm.TU.Ap14.1546,0
evm.TU.Ap14.155,0
evm.TU.Ap14.1559,0
evm.TU.Ap14.156,0
evm.TU.Ap14.157,0
evm.TU.Ap14.1575,0
evm.TU.Ap14.1583,0
evm.TU.Ap14.1586,0
evm.TU.Ap14.159,0
evm.TU.Ap14.1595,1
evm.TU.Ap14.1597,0
evm.TU.Ap14.1598,0
evm.TU.Ap14.1599,0
evm.TU.Ap14.160,0
evm.TU.Ap14.1604,0
evm.TU.Ap14.1606,0
evm.TU.Ap14.1608,0
evm.TU.Ap14.1612,0
evm.TU.Ap14.1614,0
evm.TU.Ap14.1617,0
evm.TU.Ap14.1619,0
evm.TU.Ap14.1623,0
evm.TU.Ap14.1625,0
evm.TU.Ap14.1628,0
evm.TU.Ap14.1629,0
evm.TU.Ap14.1630,0
evm.TU.Ap14.1635,0
evm.TU.Ap14.1636,0
evm.TU.Ap14.1637,0
evm.TU.Ap14.1640,0
evm.TU.Ap14.1646_evm.TU.Ap14.1645,0
evm.TU.Ap14.1649,0
evm.TU.Ap14.1651,0
evm.TU.Ap14.1658,0
evm.TU.Ap14.1659,0
evm.TU.Ap14.1666,1
evm.TU.Ap14.1676,0
evm.TU.Ap14.1677,0
evm.TU.Ap14.1682,0
evm.TU.Ap14.1683,0
evm.TU.Ap14.1685,0
evm.TU.Ap14.1686,0
evm.TU.Ap14.1690,0
evm.TU.Ap14.1692,0
evm.TU.Ap14.1696,0
evm.TU.Ap14.17,0
evm.TU.Ap14.1702,0
evm.TU.Ap14.1703,0
evm.TU.Ap14.1704,1
evm.TU.Ap14.1707,0
evm.TU.Ap14.1717,0
evm.TU.Ap14.1718,0
evm.TU.Ap14.1719,0
evm.TU.Ap14.1720,0
evm.TU.Ap14.1722_evm.TU.Ap14.1743,0
evm.TU.Ap14.174,0
evm.TU.Ap14.1747,0
evm.TU.Ap14.1751,0
evm.TU.Ap14.1755,0
evm.TU.Ap14.1757,0
evm.TU.Ap14.1758,0
evm.TU.Ap14.1759,0
evm.TU.Ap14.1764,0
evm.TU.Ap14.1765,1
evm.TU.Ap14.1766,1
evm.TU.Ap14.1778,0
evm.TU.Ap14.178,0
evm.TU.Ap14.1786,0
evm.TU.Ap14.1787,0
evm.TU.Ap14.179,0
evm.TU.Ap14.1790,1
evm.TU.Ap14.1794,0
evm.TU.Ap14.1796,0
evm.TU.Ap14.18,0
evm.TU.Ap14.1806,0
evm.TU.Ap14.1807,0
evm.TU.Ap14.1808,0
evm.TU.Ap14.181,0
evm.TU.Ap14.1812,0
evm.TU.Ap14.1815,0
evm.TU.Ap14.1818,0
evm.TU.Ap14.182,0
evm.TU.Ap14.185,0
evm.TU.Ap14.1851,0
evm.TU.Ap14.1858,0
evm.TU.Ap14.186,0
evm.TU.Ap14.1861,0
evm.TU.Ap14.1866,0
evm.TU.Ap14.1868,0
evm.TU.Ap14.1870,0
evm.TU.Ap14.1877,0
evm.TU.Ap14.1878,0
evm.TU.Ap14.1879,0
evm.TU.Ap14.1882,0
evm.TU.Ap14.1883,0
evm.TU.Ap14.1887,0
evm.TU.Ap14.1889,0
evm.TU.Ap14.189,0
evm.TU.Ap14.1890,0
evm.TU.Ap14.1891,1
evm.TU.Ap14.1896,0
evm.TU.Ap14.1897,0
evm.TU.Ap14.19,0
evm.TU.Ap14.190,0
evm.TU.Ap14.1900,1
evm.TU.Ap14.1904,0
evm.TU.Ap14.1917,0
evm.TU.Ap14.1918,0
evm.TU.Ap14.1922,0
evm.TU.Ap14.1923,0
evm.TU.Ap14.1925,0
evm.TU.Ap14.1928,0
evm.TU.Ap14.1929,1
evm.TU.Ap14.1930,1
evm.TU.Ap14.1933,0
evm.TU.Ap14.1944,0
evm.TU.Ap14.1947,0
evm.TU.Ap14.1949,1
evm.TU.Ap14.1950,1
evm.TU.Ap14.1951,0
evm.TU.Ap14.1952,0
evm.TU.Ap14.1953,0
evm.TU.Ap14.1963,0
evm.TU.Ap14.1968,0
evm.TU.Ap14.1969,0
evm.TU.Ap14.1971,0
evm.TU.Ap14.1973,0
evm.TU.Ap14.1984,0
evm.TU.Ap14.1985,0
evm.TU.Ap14.1989,0
evm.TU.Ap14.1996,0
evm.TU.Ap14.2003,1
evm.TU.Ap14.2006,0
evm.TU.Ap14.2008,0
evm.TU.Ap14.2012,0
evm.TU.Ap14.2013,1
evm.TU.Ap14.2017,0
evm.TU.Ap14.2019,0
evm.TU.Ap14.202,0
evm.TU.Ap14.2023,0
evm.TU.Ap14.2025,0
evm.TU.Ap14.2026,0
evm.TU.Ap14.2027,0
evm.TU.Ap14.2028,0
evm.TU.Ap14.2030,0
evm.TU.Ap14.2039,0
evm.TU.Ap14.2041,0
evm.TU.Ap14.2044,0
evm.TU.Ap14.205,0
evm.TU.Ap14.2050,0
evm.TU.Ap14.2051,0
evm.TU.Ap14.2053,0
evm.TU.Ap14.2066,0
evm.TU.Ap14.2074,1
evm.TU.Ap14.208,0
evm.TU.Ap14.210,0
evm.TU.Ap14.211,0
evm.TU.Ap14.212,0
evm.TU.Ap14.213,0
evm.TU.Ap14.215,0
evm.TU.Ap14.216,0
evm.TU.Ap14.217,0
evm.TU.Ap14.222,0
evm.TU.Ap14.225,0
evm.TU.Ap14.226,0
evm.TU.Ap14.230,0
evm.TU.Ap14.237,0
evm.TU.Ap14.238,0
evm.TU.Ap14.242,1
evm.TU.Ap14.243,0
evm.TU.Ap14.247,0
evm.TU.Ap14.252,0
evm.TU.Ap14.254,0
evm.TU.Ap14.258,0
evm.TU.Ap14.259,0
evm.TU.Ap14.26,0
evm.TU.Ap14.268,0
evm.TU.Ap14.270,0
evm.TU.Ap14.277,0
evm.TU.Ap14.281,0
evm.TU.Ap14.29,0
evm.TU.Ap14.295,0
evm.TU.Ap14.296,0
evm.TU.Ap14.298,0
evm.TU.Ap14.299,0
evm.TU.Ap14.3,0
evm.TU.Ap14.304,0
evm.TU.Ap14.305,0
evm.TU.Ap14.306,0
evm.TU.Ap14.310,0
evm.TU.Ap14.311,0
evm.TU.Ap14.322,0
evm.TU.Ap14.323,0
evm.TU.Ap14.325,0
evm.TU.Ap14.326,0
evm.TU.Ap14.328,0
evm.TU.Ap14.329,0
evm.TU.Ap14.331,0
evm.TU.Ap14.334,0
evm.TU.Ap14.335,0
evm.TU.Ap14.337,0
evm.TU.Ap14.338,0
evm.TU.Ap14.339,1
evm.TU.Ap14.345,0
evm.TU.Ap14.346,1
evm.TU.Ap14.347,0
evm.TU.Ap14.356,0
evm.TU.Ap14.357,0
evm.TU.Ap14.358,0
evm.TU.Ap14.359,0
evm.TU.Ap14.368,0
evm.TU.Ap14.380,0
evm.TU.Ap14.381,0
evm.TU.Ap14.384,0
evm.TU.Ap14.385,0
evm.TU.Ap14.386,0
evm.TU.Ap14.387,0
evm.TU.Ap14.390,1
evm.TU.Ap14.393,1
evm.TU.Ap14.396,0
evm.TU.Ap14.4,0
evm.TU.Ap14.401,0
evm.TU.Ap14.419,0
evm.TU.Ap14.426,0
evm.TU.Ap14.428,0
evm.TU.Ap14.429,1
evm.TU.Ap14.430,1
evm.TU.Ap14.431,0
evm.TU.Ap14.432,0
evm.TU.Ap14.433,0
evm.TU.Ap14.435,1
evm.TU.Ap14.436,0
evm.TU.Ap14.437,0
evm.TU.Ap14.440,1
evm.TU.Ap14.441,0
evm.TU.Ap14.444,0
evm.TU.Ap14.445,0
evm.TU.Ap14.446,0
evm.TU.Ap14.45,0
evm.TU.Ap14.451,0
evm.TU.Ap14.457,0
evm.TU.Ap14.464,0
evm.TU.Ap14.466,0
evm.TU.Ap14.467,0
evm.TU.Ap14.468,0
evm.TU.Ap14.470,0
evm.TU.Ap14.472,0
evm.TU.Ap14.475,0
evm.TU.Ap14.491,1
evm.TU.Ap14.497,0
evm.TU.Ap14.498,0
evm.TU.Ap14.50,0
evm.TU.Ap14.500,0
evm.TU.Ap14.501,0
evm.TU.Ap14.502,0
evm.TU.Ap14.503,0
evm.TU.Ap14.504,0
evm.TU.Ap14.506,0
evm.TU.Ap14.509,0
evm.TU.Ap14.51,0
evm.TU.Ap14.514,0
evm.TU.Ap14.516,0
evm.TU.Ap14.522,0
evm.TU.Ap14.53,0
evm.TU.Ap14.539,0
evm.TU.Ap14.552_evm.TU.Ap14.553,0
evm.TU.Ap14.56,0
evm.TU.Ap14.560,0
evm.TU.Ap14.565,1
evm.TU.Ap14.573,1
evm.TU.Ap14.577,0
evm.TU.Ap14.579,0
evm.TU.Ap14.58,0
evm.TU.Ap14.580,0
evm.TU.Ap14.581,0
evm.TU.Ap14.585,0
evm.TU.Ap14.592,1
evm.TU.Ap14.6,0
evm.TU.Ap14.60,0
evm.TU.Ap14.604,0
evm.TU.Ap14.609,1
evm.TU.Ap14.623,1
evm.TU.Ap14.624,1
evm.TU.Ap14.63,0
evm.TU.Ap14.64,0
evm.TU.Ap14.66,0
evm.TU.Ap14.666,0
evm.TU.Ap14.679,0
evm.TU.Ap14.68,0
evm.TU.Ap14.694,0
evm.TU.Ap14.699,0
evm.TU.Ap14.7,0
evm.TU.Ap14.70,0
evm.TU.Ap14.700,0
evm.TU.Ap14.702,0
evm.TU.Ap14.703,0
evm.TU.Ap14.705,0
evm.TU.Ap14.706,0
evm.TU.Ap14.711,0
evm.TU.Ap14.713,0
evm.TU.Ap14.714,0
evm.TU.Ap14.715,0
evm.TU.Ap14.722,0
evm.TU.Ap14.724,0
evm.TU.Ap14.725,1
evm.TU.Ap14.727,1
evm.TU.Ap14.732,0
evm.TU.Ap14.733,0
evm.TU.Ap14.737,0
evm.TU.Ap14.740,0
evm.TU.Ap14.741,0
evm.TU.Ap14.746,0
evm.TU.Ap14.749,0
evm.TU.Ap14.750,1
evm.TU.Ap14.752,0
evm.TU.Ap14.754,0
evm.TU.Ap14.755,0
evm.TU.Ap14.765,0
evm.TU.Ap14.768_evm.TU.Ap14.780,0
evm.TU.Ap14.77,0
evm.TU.Ap14.78,0
evm.TU.Ap14.783,0
evm.TU.Ap14.785,0
evm.TU.Ap14.787,0
evm.TU.Ap14.789,0
evm.TU.Ap14.791,0
evm.TU.Ap14.793,0
evm.TU.Ap14.797,0
evm.TU.Ap14.8,0
evm.TU.Ap14.808,0
evm.TU.Ap14.809,0
evm.TU.Ap14.814,0
evm.TU.Ap14.815,0
evm.TU.Ap14.817,0
evm.TU.Ap14.818,1
evm.TU.Ap14.819,0
evm.TU.Ap14.82,0
evm.TU.Ap14.829,0
evm.TU.Ap14.830,0
evm.TU.Ap14.836,0
evm.TU.Ap14.842,0
evm.TU.Ap14.845,0
evm.TU.Ap14.846,0
evm.TU.Ap14.847,0
evm.TU.Ap14.85,0
evm.TU.Ap14.855,0
evm.TU.Ap14.857,0
evm.TU.Ap14.867,0
evm.TU.Ap14.869,0
evm.TU.Ap14.87,0
evm.TU.Ap14.871,0
evm.TU.Ap14.874,0
evm.TU.Ap14.88,0
evm.TU.Ap14.89,0
evm.TU.Ap14.891,1
evm.TU.Ap14.892,0
evm.TU.Ap14.895,0
evm.TU.Ap14.896,0
evm.TU.Ap14.9,0
evm.TU.Ap14.90,0
evm.TU.Ap14.908,0
evm.TU.Ap14.909,0
evm.TU.Ap14.912,0
evm.TU.Ap14.914,0
evm.TU.Ap14.922,0
evm.TU.Ap14.923,0
evm.TU.Ap14.924,0
evm.TU.Ap14.927,0
evm.TU.Ap14.931,0
evm.TU.Ap14.933,0
evm.TU.Ap14.934,0
evm.TU.Ap14.947,0
evm.TU.Ap14.951,0
evm.TU.Ap14.954,0
evm.TU.Ap14.956,0
evm.TU.Ap14.96,0
evm.TU.Ap14.964,0
evm.TU.Ap14.97,0
evm.TU.Ap14.970,0
evm.TU.Ap14.972,0
evm.TU.Ap14.973,0
evm.TU.Ap14.974,0
evm.TU.Ap14.976,0
evm.TU.Ap14.977,0
evm.TU.Ap14.979,0
evm.TU.Ap14.98,0
evm.TU.Ap14.985,1
evm.TU.Ap14.988,1
evm.TU.Ap14.993,0
evm.TU.Ap14.995,1
evm.TU.Ap2.1,0
evm.TU.Ap2.10,0
evm.TU.Ap2.1000,1
evm.TU.Ap2.1004,1
evm.TU.Ap2.1005,0
evm.TU.Ap2.1033,0
evm.TU.Ap2.1035,0
evm.TU.Ap2.1038,0
evm.TU.Ap2.1039,0
evm.TU.Ap2.1040,0
evm.TU.Ap2.1042,0
evm.TU.Ap2.1043,0
evm.TU.Ap2.1046,0
evm.TU.Ap2.1047,0
evm.TU.Ap2.1056,0
evm.TU.Ap2.1057,0
evm.TU.Ap2.1071_evm.TU.Ap2.1061,0
evm.TU.Ap2.1072_evm.TU.Ap2.1076,0
evm.TU.Ap2.1079,0
evm.TU.Ap2.1080,0
evm.TU.Ap2.1087,0
evm.TU.Ap2.1095,0
evm.TU.Ap2.1096,0
evm.TU.Ap2.11,0
evm.TU.Ap2.1100,0
evm.TU.Ap2.1105,0
evm.TU.Ap2.1109,0
evm.TU.Ap2.111,0
evm.TU.Ap2.1121,0
evm.TU.Ap2.113,0
evm.TU.Ap2.1135,0
evm.TU.Ap2.1136,0
evm.TU.Ap2.1137,0
evm.TU.Ap2.1139,0
evm.TU.Ap2.1140,0
evm.TU.Ap2.1141,0
evm.TU.Ap2.1143,0
evm.TU.Ap2.1146,0
evm.TU.Ap2.1148,0
evm.TU.Ap2.1149,0
evm.TU.Ap2.1151,0
evm.TU.Ap2.1154,0
evm.TU.Ap2.1165,0
evm.TU.Ap2.1166,1
evm.TU.Ap2.1171,0
evm.TU.Ap2.1180,0
evm.TU.Ap2.1190,0
evm.TU.Ap2.1191,0
evm.TU.Ap2.1192,0
evm.TU.Ap2.1193,0
evm.TU.Ap2.1194,0
evm.TU.Ap2.1196,0
evm.TU.Ap2.1197,0
evm.TU.Ap2.1198,0
evm.TU.Ap2.1199,0
evm.TU.Ap2.1203,0
evm.TU.Ap2.1204,0
evm.TU.Ap2.1210,0
evm.TU.Ap2.1214,0
evm.TU.Ap2.1215,0
evm.TU.Ap2.1219,0
evm.TU.Ap2.1221,0
evm.TU.Ap2.1230,0
evm.TU.Ap2.1232,1
evm.TU.Ap2.1233,0
evm.TU.Ap2.1235,1
evm.TU.Ap2.1236,0
evm.TU.Ap2.1237,0
evm.TU.Ap2.1238,0
evm.TU.Ap2.1239,0
evm.TU.Ap2.1240,0
evm.TU.Ap2.1245,0
evm.TU.Ap2.1246,0
evm.TU.Ap2.1256,0
evm.TU.Ap2.1258,0
evm.TU.Ap2.1275,0
evm.TU.Ap2.1276,0
evm.TU.Ap2.1277,0
evm.TU.Ap2.1281,0
evm.TU.Ap2.1282,0
evm.TU.Ap2.1320,0
evm.TU.Ap2.1328,0
evm.TU.Ap2.135,0
evm.TU.Ap2.1351,0
evm.TU.Ap2.1356,0
evm.TU.Ap2.139,0
evm.TU.Ap2.1390,0
evm.TU.Ap2.1392,0
evm.TU.Ap2.1394,0
evm.TU.Ap2.1397,0
evm.TU.Ap2.1399,0
evm.TU.Ap2.1400,0
evm.TU.Ap2.141,0
evm.TU.Ap2.1410,0
evm.TU.Ap2.1412,1
evm.TU.Ap2.1415,0
evm.TU.Ap2.1416,0
evm.TU.Ap2.1417,0
evm.TU.Ap2.1419,0
evm.TU.Ap2.1427,0
evm.TU.Ap2.1429,0
evm.TU.Ap2.1431,0
evm.TU.Ap2.1433,0
evm.TU.Ap2.1435,1
evm.TU.Ap2.1436,0
evm.TU.Ap2.1438,0
evm.TU.Ap2.144,0
evm.TU.Ap2.1442,0
evm.TU.Ap2.1445,0
evm.TU.Ap2.1446,0
evm.TU.Ap2.1447,0
evm.TU.Ap2.145,1
evm.TU.Ap2.1450,0
evm.TU.Ap2.1451,1
evm.TU.Ap2.1453,1
evm.TU.Ap2.1454_evm.TU.Ap2.1456,0
evm.TU.Ap2.1457,0
evm.TU.Ap2.1458,0
evm.TU.Ap2.1459,0
evm.TU.Ap2.1460,0
evm.TU.Ap2.1461,1
evm.TU.Ap2.1464,0
evm.TU.Ap2.1474,0
evm.TU.Ap2.1475,0
evm.TU.Ap2.1476,0
evm.TU.Ap2.1477,0
evm.TU.Ap2.1478,0
evm.TU.Ap2.1479,0
evm.TU.Ap2.1480,0
evm.TU.Ap2.1481,0
evm.TU.Ap2.1482,1
evm.TU.Ap2.1484,1
evm.TU.Ap2.1488,0
evm.TU.Ap2.1491,1
evm.TU.Ap2.1492,0
evm.TU.Ap2.1495,0
evm.TU.Ap2.1507,0
evm.TU.Ap2.1508,0
evm.TU.Ap2.1510,0
evm.TU.Ap2.1513,0
evm.TU.Ap2.1514,0
evm.TU.Ap2.1515,0
evm.TU.Ap2.1519,0
evm.TU.Ap2.1524,0
evm.TU.Ap2.1525_evm.TU.Ap2.1530,0
evm.TU.Ap2.153,0
evm.TU.Ap2.1533,0
evm.TU.Ap2.1535,0
evm.TU.Ap2.1537,0
evm.TU.Ap2.1539,0
evm.TU.Ap2.154,0
evm.TU.Ap2.1542,0
evm.TU.Ap2.1543,1
evm.TU.Ap2.1556,0
evm.TU.Ap2.1557,0
evm.TU.Ap2.1561,0
evm.TU.Ap2.1563,1
evm.TU.Ap2.1566,0
evm.TU.Ap2.1570,0
evm.TU.Ap2.1572,0
evm.TU.Ap2.1573,0
evm.TU.Ap2.1574,1
evm.TU.Ap2.1575,1
evm.TU.Ap2.1580,1
evm.TU.Ap2.1592,0
evm.TU.Ap2.1601,0
evm.TU.Ap2.1612,0
evm.TU.Ap2.1616,0
evm.TU.Ap2.1618,0
evm.TU.Ap2.1623,0
evm.TU.Ap2.1625,0
evm.TU.Ap2.1626,0
evm.TU.Ap2.1627,0
evm.TU.Ap2.1629,0
evm.TU.Ap2.1631,0
evm.TU.Ap2.1638,0
evm.TU.Ap2.1639,0
evm.TU.Ap2.1640,0
evm.TU.Ap2.1641,0
evm.TU.Ap2.1644,0
evm.TU.Ap2.1648,0
evm.TU.Ap2.1649,0
evm.TU.Ap2.1651,0
evm.TU.Ap2.1662,0
evm.TU.Ap2.1663,0
evm.TU.Ap2.1667,0
evm.TU.Ap2.1668,0
evm.TU.Ap2.1692_evm.TU.Ap2.1694,0
evm.TU.Ap2.1697,0
evm.TU.Ap2.1699,1
evm.TU.Ap2.17,0
evm.TU.Ap2.1700,0
evm.TU.Ap2.1701,0
evm.TU.Ap2.1703,0
evm.TU.Ap2.1706,0
evm.TU.Ap2.1707,0
evm.TU.Ap2.1709,0
evm.TU.Ap2.1765,0
evm.TU.Ap2.1775,0
evm.TU.Ap2.1778,0
evm.TU.Ap2.1780,0
evm.TU.Ap2.1781,0
evm.TU.Ap2.1783,1
evm.TU.Ap2.1786,0
evm.TU.Ap2.1787,0
evm.TU.Ap2.1788,1
evm.TU.Ap2.179,0
evm.TU.Ap2.1791,0
evm.TU.Ap2.1794,0
evm.TU.Ap2.1795,0
evm.TU.Ap2.1797,0
evm.TU.Ap2.1798,0
evm.TU.Ap2.18,0
evm.TU.Ap2.1800_evm.TU.Ap2.1799,0
evm.TU.Ap2.1802,0
evm.TU.Ap2.1803,0
evm.TU.Ap2.1805,0
evm.TU.Ap2.1810,0
evm.TU.Ap2.1814,0
evm.TU.Ap2.1815,0
evm.TU.Ap2.1818,0
evm.TU.Ap2.1820,0
evm.TU.Ap2.1822,0
evm.TU.Ap2.1824,0
evm.TU.Ap2.1825,0
evm.TU.Ap2.1826,0
evm.TU.Ap2.1827,0
evm.TU.Ap2.1834,0
evm.TU.Ap2.1838,0
evm.TU.Ap2.1839,0
evm.TU.Ap2.184,0
evm.TU.Ap2.1844,0
evm.TU.Ap2.1846,0
evm.TU.Ap2.185,0
evm.TU.Ap2.1851,0
evm.TU.Ap2.1854,0
evm.TU.Ap2.1855,0
evm.TU.Ap2.1865,0
evm.TU.Ap2.1868,0
evm.TU.Ap2.1878,0
evm.TU.Ap2.1890,0
evm.TU.Ap2.1891,0
evm.TU.Ap2.1892,0
evm.TU.Ap2.1895,0
evm.TU.Ap2.1896,0
evm.TU.Ap2.1897,0
evm.TU.Ap2.1902,0
evm.TU.Ap2.1906,0
evm.TU.Ap2.1910,0
evm.TU.Ap2.1911,0
evm.TU.Ap2.1914,0
evm.TU.Ap2.1919,0
evm.TU.Ap2.1922,0
evm.TU.Ap2.1928,0
evm.TU.Ap2.1930,1
evm.TU.Ap2.1931_evm.TU.Ap2.1932,0
evm.TU.Ap2.1935,0
evm.TU.Ap2.194,1
evm.TU.Ap2.1944,0
evm.TU.Ap2.1948,1
evm.TU.Ap2.1951,0
evm.TU.Ap2.1952,0
evm.TU.Ap2.1954,0
evm.TU.Ap2.1958,1
evm.TU.Ap2.1959,0
evm.TU.Ap2.1961,0
evm.TU.Ap2.1962_evm.TU.Ap2.1963,0
evm.TU.Ap2.1966,0
evm.TU.Ap2.1967,1
evm.TU.Ap2.1972,0
evm.TU.Ap2.1975,0
evm.TU.Ap2.1976,1
evm.TU.Ap2.1977,0
evm.TU.Ap2.1978,1
evm.TU.Ap2.1982,0
evm.TU.Ap2.1983,0
evm.TU.Ap2.1984,0
evm.TU.Ap2.1986,0
evm.TU.Ap2.1987,0
evm.TU.Ap2.199,0
evm.TU.Ap2.1991,0
evm.TU.Ap2.1993,0
evm.TU.Ap2.1996,0
evm.TU.Ap2.1997,0
evm.TU.Ap2.200,0
evm.TU.Ap2.201,0
evm.TU.Ap2.2025,0
evm.TU.Ap2.2027,1
evm.TU.Ap2.2028,0
evm.TU.Ap2.2030,0
evm.TU.Ap2.2031,0
evm.TU.Ap2.2037,0
evm.TU.Ap2.2038,0
evm.TU.Ap2.2039,0
evm.TU.Ap2.2040,0
evm.TU.Ap2.2042,0
evm.TU.Ap2.2044,0
evm.TU.Ap2.2045,0
evm.TU.Ap2.2046,0
evm.TU.Ap2.2047,0
evm.TU.Ap2.2050,0
evm.TU.Ap2.2051,0
evm.TU.Ap2.2053,0
evm.TU.Ap2.2054,1
evm.TU.Ap2.2055,0
evm.TU.Ap2.2056,0
evm.TU.Ap2.2057,0
evm.TU.Ap2.2088,0
evm.TU.Ap2.2090,0
evm.TU.Ap2.210,0
evm.TU.Ap2.2107,0
evm.TU.Ap2.2108,0
evm.TU.Ap2.2116,0
evm.TU.Ap2.2127,0
evm.TU.Ap2.2135,0
evm.TU.Ap2.2137,0
evm.TU.Ap2.2138,0
evm.TU.Ap2.2141,0
evm.TU.Ap2.2142,0
evm.TU.Ap2.2151,0
evm.TU.Ap2.2154,0
evm.TU.Ap2.2162,0
evm.TU.Ap2.2163,0
evm.TU.Ap2.2165,0
evm.TU.Ap2.2166,0
evm.TU.Ap2.2167,0
evm.TU.Ap2.217,0
evm.TU.Ap2.2175,0
evm.TU.Ap2.218,0
evm.TU.Ap2.2182,0
evm.TU.Ap2.2183,0
evm.TU.Ap2.2184,0
evm.TU.Ap2.2185,0
evm.TU.Ap2.2187,0
evm.TU.Ap2.219,0
evm.TU.Ap2.2192,0
evm.TU.Ap2.2195,0
evm.TU.Ap2.2196,0
evm.TU.Ap2.220,0
evm.TU.Ap2.2201,0
evm.TU.Ap2.2202,0
evm.TU.Ap2.2205,0
evm.TU.Ap2.2206,0
evm.TU.Ap2.221,0
evm.TU.Ap2.2214,0
evm.TU.Ap2.2217,1
evm.TU.Ap2.2218,0
evm.TU.Ap2.2224,0
evm.TU.Ap2.2225,0
evm.TU.Ap2.2227,0
evm.TU.Ap2.2229,0
evm.TU.Ap2.2230,0
evm.TU.Ap2.2248,0
evm.TU.Ap2.225,0
evm.TU.Ap2.2256,0
evm.TU.Ap2.2259,0
evm.TU.Ap2.226,0
evm.TU.Ap2.2263,0
evm.TU.Ap2.2287,0
evm.TU.Ap2.2290,0
evm.TU.Ap2.2296,0
evm.TU.Ap2.2302,0
evm.TU.Ap2.2303,0
evm.TU.Ap2.2304,0
evm.TU.Ap2.2306,0
evm.TU.Ap2.2308,0
evm.TU.Ap2.2313,0
evm.TU.Ap2.2315,0
evm.TU.Ap2.2318,0
evm.TU.Ap2.235,0
evm.TU.Ap2.2351,0
evm.TU.Ap2.2352,0
evm.TU.Ap2.2355,0
evm.TU.Ap2.2356,0
evm.TU.Ap2.2357,1
evm.TU.Ap2.2358,0
evm.TU.Ap2.236,1
evm.TU.Ap2.2360,0
evm.TU.Ap2.2361,0
evm.TU.Ap2.2363,0
evm.TU.Ap2.2377,1
evm.TU.Ap2.2379,0
evm.TU.Ap2.2380,0
evm.TU.Ap2.2381,0
evm.TU.Ap2.2382,0
evm.TU.Ap2.2386,0
evm.TU.Ap2.2400,0
evm.TU.Ap2.241,0
evm.TU.Ap2.2411,0
evm.TU.Ap2.2419,0
evm.TU.Ap2.2420,0
evm.TU.Ap2.2425,0
evm.TU.Ap2.2430,0
evm.TU.Ap2.2432,0
evm.TU.Ap2.2433,0
evm.TU.Ap2.2439_evm.TU.Ap2.2441,0
evm.TU.Ap2.244,0
evm.TU.Ap2.2446_evm.TU.Ap2.2447,0
evm.TU.Ap2.2452,0
evm.TU.Ap2.2455,0
evm.TU.Ap2.2460,0
evm.TU.Ap2.2462,0
evm.TU.Ap2.2466,0
evm.TU.Ap2.2468,0
evm.TU.Ap2.2479,0
evm.TU.Ap2.2482,0
evm.TU.Ap2.2485,0
evm.TU.Ap2.2488,0
evm.TU.Ap2.2489,0
evm.TU.Ap2.2491,0
evm.TU.Ap2.25,1
evm.TU.Ap2.2500,1
evm.TU.Ap2.2501,0
evm.TU.Ap2.2502,0
evm.TU.Ap2.2504,0
evm.TU.Ap2.2505,0
evm.TU.Ap2.2506,1
evm.TU.Ap2.2516,0
evm.TU.Ap2.252,1
evm.TU.Ap2.2527,0
evm.TU.Ap2.2530,0
evm.TU.Ap2.254,1
evm.TU.Ap2.255,0
evm.TU.Ap2.2551,0
evm.TU.Ap2.2556,1
evm.TU.Ap2.2568,0
evm.TU.Ap2.2569,0
evm.TU.Ap2.2570,0
evm.TU.Ap2.2571,0
evm.TU.Ap2.2578,0
evm.TU.Ap2.2579,0
evm.TU.Ap2.2584,0
evm.TU.Ap2.2589,0
evm.TU.Ap2.2593,0
evm.TU.Ap2.2604,1
evm.TU.Ap2.2605,0
evm.TU.Ap2.2608,0
evm.TU.Ap2.2609,1
evm.TU.Ap2.2610,0
evm.TU.Ap2.2614,0
evm.TU.Ap2.2615,0
evm.TU.Ap2.2622,0
evm.TU.Ap2.2625,0
evm.TU.Ap2.263,0
evm.TU.Ap2.2633,0
evm.TU.Ap2.2634,0
evm.TU.Ap2.2635,0
evm.TU.Ap2.2644,0
evm.TU.Ap2.2645,0
evm.TU.Ap2.2646,0
evm.TU.Ap2.2650,0
evm.TU.Ap2.2653,0
evm.TU.Ap2.2656,0
evm.TU.Ap2.2657,0
evm.TU.Ap2.266,0
evm.TU.Ap2.2660,0
evm.TU.Ap2.2662_evm.TU.Ap2.2664,0
evm.TU.Ap2.2667,0
evm.TU.Ap2.2671,0
evm.TU.Ap2.2672,0
evm.TU.Ap2.2673,0
evm.TU.Ap2.2676,1
evm.TU.Ap2.2677,0
evm.TU.Ap2.2678,0
evm.TU.Ap2.2680,0
evm.TU.Ap2.2682,0
evm.TU.Ap2.269_evm.TU.Ap2.270_evm.TU.Ap2.271,0
evm.TU.Ap2.2692,0
evm.TU.Ap2.2706,0
evm.TU.Ap2.2715,1
evm.TU.Ap2.2725,0
evm.TU.Ap2.2726,0
evm.TU.Ap2.273,0
evm.TU.Ap2.2753,0
evm.TU.Ap2.2757,0
evm.TU.Ap2.2759,0
evm.TU.Ap2.2761,0
evm.TU.Ap2.2766,0
evm.TU.Ap2.2767,1
evm.TU.Ap2.2775,0
evm.TU.Ap2.2777,0
evm.TU.Ap2.2781,0
evm.TU.Ap2.2782,0
evm.TU.Ap2.2783,0
evm.TU.Ap2.2787,0
evm.TU.Ap2.2788,0
evm.TU.Ap2.2799,0
evm.TU.Ap2.28,0
evm.TU.Ap2.2808,0
evm.TU.Ap2.2809,0
evm.TU.Ap2.2810,0
evm.TU.Ap2.2811,0
evm.TU.Ap2.2813,0
evm.TU.Ap2.2816,0
evm.TU.Ap2.2819,0
evm.TU.Ap2.282,0
evm.TU.Ap2.2823,0
evm.TU.Ap2.2825,0
evm.TU.Ap2.2828,0
evm.TU.Ap2.2831,0
evm.TU.Ap2.2832,0
evm.TU.Ap2.2834,0
evm.TU.Ap2.2837,0
evm.TU.Ap2.2840,0
evm.TU.Ap2.2841,1
evm.TU.Ap2.2846,0
evm.TU.Ap2.2847,0
evm.TU.Ap2.2850,0
evm.TU.Ap2.2852,0
evm.TU.Ap2.2853,0
evm.TU.Ap2.2887,0
evm.TU.Ap2.2891,0
evm.TU.Ap2.2893,0
evm.TU.Ap2.2895,0
evm.TU.Ap2.2900,0
evm.TU.Ap2.2901,0
evm.TU.Ap2.2902,0
evm.TU.Ap2.2903,0
evm.TU.Ap2.2905,1
evm.TU.Ap2.2906,1
evm.TU.Ap2.2907,1
evm.TU.Ap2.291,0
evm.TU.Ap2.2918,0
evm.TU.Ap2.292,0
evm.TU.Ap2.2927,0
evm.TU.Ap2.293,0
evm.TU.Ap2.2930,0
evm.TU.Ap2.2931,1
evm.TU.Ap2.2937,1
evm.TU.Ap2.2940,0
evm.TU.Ap2.2945,0
evm.TU.Ap2.2947,0
evm.TU.Ap2.2948,0
evm.TU.Ap2.2949,0
evm.TU.Ap2.2953,0
evm.TU.Ap2.2957,0
evm.TU.Ap2.2988,0
evm.TU.Ap2.299,0
evm.TU.Ap2.3002,0
evm.TU.Ap2.3005,0
evm.TU.Ap2.3007,0
evm.TU.Ap2.3008,0
evm.TU.Ap2.3009,0
evm.TU.Ap2.3010,0
evm.TU.Ap2.3011,0
evm.TU.Ap2.3012,0
evm.TU.Ap2.3013,0
evm.TU.Ap2.3018,0
evm.TU.Ap2.3019,0
evm.TU.Ap2.3020,0
evm.TU.Ap2.3021,0
evm.TU.Ap2.3022,0
evm.TU.Ap2.3023,0
evm.TU.Ap2.3024,0
evm.TU.Ap2.3027,0
evm.TU.Ap2.3028,0
evm.TU.Ap2.3030,1
evm.TU.Ap2.3031,0
evm.TU.Ap2.3032,0
evm.TU.Ap2.3035,0
evm.TU.Ap2.3037,0
evm.TU.Ap2.3041,0
evm.TU.Ap2.306,0
evm.TU.Ap2.3068,0
evm.TU.Ap2.3070,0
evm.TU.Ap2.3076,1
evm.TU.Ap2.3078,0
evm.TU.Ap2.308,0
evm.TU.Ap2.3083,0
evm.TU.Ap2.3084,0
evm.TU.Ap2.3086,0
evm.TU.Ap2.3093,0
evm.TU.Ap2.3095,0
evm.TU.Ap2.3096,0
evm.TU.Ap2.3098,0
evm.TU.Ap2.3100,0
evm.TU.Ap2.3101,0
evm.TU.Ap2.3102_evm.TU.Ap2.3103,0
evm.TU.Ap2.3105,1
evm.TU.Ap2.3106,1
evm.TU.Ap2.3107_evm.TU.Ap2.3108,0
evm.TU.Ap2.3109,0
evm.TU.Ap2.3113,0
evm.TU.Ap2.3114,0
evm.TU.Ap2.312,0
evm.TU.Ap2.3125,0
evm.TU.Ap2.3130,0
evm.TU.Ap2.3131,0
evm.TU.Ap2.3133,1
evm.TU.Ap2.3134,0
evm.TU.Ap2.3135,0
evm.TU.Ap2.3145,0
evm.TU.Ap2.3146,0
evm.TU.Ap2.3147,0
evm.TU.Ap2.3148,0
evm.TU.Ap2.315,0
evm.TU.Ap2.3150,0
evm.TU.Ap2.3151,0
evm.TU.Ap2.3152,0
evm.TU.Ap2.3159,0
evm.TU.Ap2.3160,0
evm.TU.Ap2.3163,0
evm.TU.Ap2.3169,0
evm.TU.Ap2.317,1
evm.TU.Ap2.3173,0
evm.TU.Ap2.3174,0
evm.TU.Ap2.3176,0
evm.TU.Ap2.3181,0
evm.TU.Ap2.3182,0
evm.TU.Ap2.3183,0
evm.TU.Ap2.3184,0
evm.TU.Ap2.3187,0
evm.TU.Ap2.3192,0
evm.TU.Ap2.3193,0
evm.TU.Ap2.3199,0
evm.TU.Ap2.3203,0
evm.TU.Ap2.3206,0
evm.TU.Ap2.3207,0
evm.TU.Ap2.3208,0
evm.TU.Ap2.3215,1
evm.TU.Ap2.3217,0
evm.TU.Ap2.3219,0
evm.TU.Ap2.3225,1
evm.TU.Ap2.3227,0
evm.TU.Ap2.3229,1
evm.TU.Ap2.323,0
evm.TU.Ap2.3231,1
evm.TU.Ap2.3232,0
evm.TU.Ap2.3235,1
evm.TU.Ap2.3236,1
evm.TU.Ap2.3246,0
evm.TU.Ap2.3255,0
evm.TU.Ap2.3256,0
evm.TU.Ap2.3258,1
evm.TU.Ap2.3259,1
evm.TU.Ap2.3260,1
evm.TU.Ap2.3266,0
evm.TU.Ap2.3269,0
evm.TU.Ap2.3270,0
evm.TU.Ap2.3273,0
evm.TU.Ap2.3274,0
evm.TU.Ap2.3281,0
evm.TU.Ap2.3282,0
evm.TU.Ap2.3287,1
evm.TU.Ap2.3291,1
evm.TU.Ap2.3292,0
evm.TU.Ap2.3300,0
evm.TU.Ap2.3301,0
evm.TU.Ap2.3303,0
evm.TU.Ap2.3307,0
evm.TU.Ap2.3308_evm.TU.Ap2.3309,0
evm.TU.Ap2.3310,0
evm.TU.Ap2.3312,0
evm.TU.Ap2.3316,0
evm.TU.Ap2.3320,0
evm.TU.Ap2.3321,0
evm.TU.Ap2.3324,0
evm.TU.Ap2.333,0
evm.TU.Ap2.3339,0
evm.TU.Ap2.3340,0
evm.TU.Ap2.3341,0
evm.TU.Ap2.3344,1
evm.TU.Ap2.3345_evm.TU.Ap2.3347,0
evm.TU.Ap2.3348,0
evm.TU.Ap2.3353,0
evm.TU.Ap2.3355,0
evm.TU.Ap2.3357,1
evm.TU.Ap2.3358,0
evm.TU.Ap2.336,0
evm.TU.Ap2.338,0
evm.TU.Ap2.3389,0
evm.TU.Ap2.339,0
evm.TU.Ap2.3395,1
evm.TU.Ap2.3404,0
evm.TU.Ap2.3422,0
evm.TU.Ap2.3423,0
evm.TU.Ap2.3424,0
evm.TU.Ap2.3425,0
evm.TU.Ap2.3426,0
evm.TU.Ap2.3428,0
evm.TU.Ap2.3429,0
evm.TU.Ap2.3431,0
evm.TU.Ap2.3432,0
evm.TU.Ap2.3439_evm.TU.Ap2.3445,1
evm.TU.Ap2.3450,0
evm.TU.Ap2.3454,0
evm.TU.Ap2.3455,0
evm.TU.Ap2.3461,0
evm.TU.Ap2.3462,0
evm.TU.Ap2.3463,0
evm.TU.Ap2.3464,0
evm.TU.Ap2.3471,0
evm.TU.Ap2.349_evm.TU.Ap2.350,0
evm.TU.Ap2.351,0
evm.TU.Ap2.352,0
evm.TU.Ap2.3522_evm.TU.Ap2.3503,0
evm.TU.Ap2.3526,0
evm.TU.Ap2.3527,0
evm.TU.Ap2.353,0
evm.TU.Ap2.3530,0
evm.TU.Ap2.3531,0
evm.TU.Ap2.3532,0
evm.TU.Ap2.3533,0
evm.TU.Ap2.3535,0
evm.TU.Ap2.3542,0
evm.TU.Ap2.3543,0
evm.TU.Ap2.3544,0
evm.TU.Ap2.3548,0
evm.TU.Ap2.3549,0
evm.TU.Ap2.355,0
evm.TU.Ap2.3551,0
evm.TU.Ap2.3552,0
evm.TU.Ap2.3553,0
evm.TU.Ap2.3556,0
evm.TU.Ap2.3559,0
evm.TU.Ap2.356,1
evm.TU.Ap2.3560,0
evm.TU.Ap2.3562,1
evm.TU.Ap2.3566,0
evm.TU.Ap2.3567,0
evm.TU.Ap2.357,0
evm.TU.Ap2.3571,0
evm.TU.Ap2.3585,0
evm.TU.Ap2.3586,0
evm.TU.Ap2.3587,0
evm.TU.Ap2.3590,0
evm.TU.Ap2.3599,0
evm.TU.Ap2.3600,0
evm.TU.Ap2.3601,1
evm.TU.Ap2.3602,1
evm.TU.Ap2.3606,0
evm.TU.Ap2.3608,0
evm.TU.Ap2.3613,0
evm.TU.Ap2.3614,1
evm.TU.Ap2.3615,0
evm.TU.Ap2.3629,0
evm.TU.Ap2.3630,0
evm.TU.Ap2.3631,0
evm.TU.Ap2.3636,0
evm.TU.Ap2.3639,0
evm.TU.Ap2.3643,0
evm.TU.Ap2.3651,0
evm.TU.Ap2.3656,0
evm.TU.Ap2.3663,0
evm.TU.Ap2.3668,0
evm.TU.Ap2.3670,0
evm.TU.Ap2.3671,0
evm.TU.Ap2.3674,0
evm.TU.Ap2.3675,0
evm.TU.Ap2.3678,0
evm.TU.Ap2.368,0
evm.TU.Ap2.3680,0
evm.TU.Ap2.3684,0
evm.TU.Ap2.3685,0
evm.TU.Ap2.3686,0
evm.TU.Ap2.3688,0
evm.TU.Ap2.369,1
evm.TU.Ap2.3691,0
evm.TU.Ap2.3692,0
evm.TU.Ap2.3693,0
evm.TU.Ap2.3694,1
evm.TU.Ap2.3695,1
evm.TU.Ap2.370,1
evm.TU.Ap2.3703,0
evm.TU.Ap2.3705,0
evm.TU.Ap2.3708,0
evm.TU.Ap2.3709,0
evm.TU.Ap2.3712,0
evm.TU.Ap2.3716_evm.TU.Ap2.3714,0
evm.TU.Ap2.372,0
evm.TU.Ap2.3720,0
evm.TU.Ap2.3722,0
evm.TU.Ap2.3723,0
evm.TU.Ap2.3724,0
evm.TU.Ap2.3726,0
evm.TU.Ap2.3729,0
evm.TU.Ap2.373,1
evm.TU.Ap2.3731,0
evm.TU.Ap2.3736,0
evm.TU.Ap2.3747,0
evm.TU.Ap2.3749,0
evm.TU.Ap2.3753,0
evm.TU.Ap2.3755,0
evm.TU.Ap2.3765,0
evm.TU.Ap2.3775,0
evm.TU.Ap2.3780,0
evm.TU.Ap2.3781,0
evm.TU.Ap2.3783,0
evm.TU.Ap2.3784,0
evm.TU.Ap2.3785,0
evm.TU.Ap2.3786,0
evm.TU.Ap2.3787,0
evm.TU.Ap2.3788,0
evm.TU.Ap2.3789,0
evm.TU.Ap2.3791,0
evm.TU.Ap2.3792,1
evm.TU.Ap2.3797,0
evm.TU.Ap2.3802,0
evm.TU.Ap2.3805,0
evm.TU.Ap2.3806,0
evm.TU.Ap2.3811,0
evm.TU.Ap2.3817,0
evm.TU.Ap2.3818,0
evm.TU.Ap2.382,1
evm.TU.Ap2.3820,0
evm.TU.Ap2.3821,0
evm.TU.Ap2.3822,1
evm.TU.Ap2.3824,0
evm.TU.Ap2.3825,0
evm.TU.Ap2.383,1
evm.TU.Ap2.3832,0
evm.TU.Ap2.3834,0
evm.TU.Ap2.3842,0
evm.TU.Ap2.385,0
evm.TU.Ap2.3859,0
evm.TU.Ap2.3860,0
evm.TU.Ap2.3861,0
evm.TU.Ap2.3862,0
evm.TU.Ap2.3866,0
evm.TU.Ap2.3867,0
evm.TU.Ap2.3880,0
evm.TU.Ap2.3881,0
evm.TU.Ap2.3882,0
evm.TU.Ap2.3883,0
evm.TU.Ap2.3885,1
evm.TU.Ap2.3893,0
evm.TU.Ap2.3895,0
evm.TU.Ap2.3896,0
evm.TU.Ap2.3897,0
evm.TU.Ap2.3898,0
evm.TU.Ap2.3899,0
evm.TU.Ap2.3903,0
evm.TU.Ap2.3905,0
evm.TU.Ap2.3910,1
evm.TU.Ap2.3911,0
evm.TU.Ap2.3915,0
evm.TU.Ap2.3920,0
evm.TU.Ap2.3921,0
evm.TU.Ap2.3923,0
evm.TU.Ap2.3928,0
evm.TU.Ap2.3929,0
evm.TU.Ap2.3930,0
evm.TU.Ap2.3934,0
evm.TU.Ap2.3935,0
evm.TU.Ap2.3942,0
evm.TU.Ap2.3944,0
evm.TU.Ap2.3945,0
evm.TU.Ap2.3948,0
evm.TU.Ap2.3949,0
evm.TU.Ap2.395,0
evm.TU.Ap2.3951,0
evm.TU.Ap2.3954,0
evm.TU.Ap2.3959,0
evm.TU.Ap2.396,1
evm.TU.Ap2.3986,0
evm.TU.Ap2.3988,0
evm.TU.Ap2.3989,0
evm.TU.Ap2.3994,0
evm.TU.Ap2.3995,0
evm.TU.Ap2.3996,0
evm.TU.Ap2.4002,0
evm.TU.Ap2.4008,0
evm.TU.Ap2.4009,0
evm.TU.Ap2.401,0
evm.TU.Ap2.4013,0
evm.TU.Ap2.4017,0
evm.TU.Ap2.4018,1
evm.TU.Ap2.4020,0
evm.TU.Ap2.4021,0
evm.TU.Ap2.4025,0
evm.TU.Ap2.4041,0
evm.TU.Ap2.4043,0
evm.TU.Ap2.4045,0
evm.TU.Ap2.4046,0
evm.TU.Ap2.405,1
evm.TU.Ap2.4050,0
evm.TU.Ap2.4052,0
evm.TU.Ap2.4053,0
evm.TU.Ap2.4055,1
evm.TU.Ap2.4056,0
evm.TU.Ap2.4057,0
evm.TU.Ap2.4058,0
evm.TU.Ap2.4059,0
evm.TU.Ap2.406,0
evm.TU.Ap2.4061,0
evm.TU.Ap2.4062,0
evm.TU.Ap2.408,1
evm.TU.Ap2.4086,0
evm.TU.Ap2.4087,0
evm.TU.Ap2.4097,0
evm.TU.Ap2.4098,0
evm.TU.Ap2.4099,0
evm.TU.Ap2.4106,0
evm.TU.Ap2.4107,0
evm.TU.Ap2.4108,0
evm.TU.Ap2.4110,0
evm.TU.Ap2.4112,0
evm.TU.Ap2.4117,0
evm.TU.Ap2.4119,0
evm.TU.Ap2.4121,0
evm.TU.Ap2.4124,0
evm.TU.Ap2.4128,0
evm.TU.Ap2.413,0
evm.TU.Ap2.4134,0
evm.TU.Ap2.4137,0
evm.TU.Ap2.4138,0
evm.TU.Ap2.4139,0
evm.TU.Ap2.414,0
evm.TU.Ap2.4140,0
evm.TU.Ap2.4141,0
evm.TU.Ap2.4142,0
evm.TU.Ap2.415_evm.TU.Ap2.424,0
evm.TU.Ap2.425,0
evm.TU.Ap2.426,0
evm.TU.Ap2.430,0
evm.TU.Ap2.439,0
evm.TU.Ap2.441,0
evm.TU.Ap2.443,0
evm.TU.Ap2.447,0
evm.TU.Ap2.459,0
evm.TU.Ap2.466,0
evm.TU.Ap2.470,0
evm.TU.Ap2.473,0
evm.TU.Ap2.478,0
evm.TU.Ap2.479,0
evm.TU.Ap2.482,0
evm.TU.Ap2.483,0
evm.TU.Ap2.484,0
evm.TU.Ap2.485,0
evm.TU.Ap2.486,1
evm.TU.Ap2.488,0
evm.TU.Ap2.489,0
evm.TU.Ap2.491,0
evm.TU.Ap2.492,0
evm.TU.Ap2.497,0
evm.TU.Ap2.498,0
evm.TU.Ap2.499,0
evm.TU.Ap2.5,0
evm.TU.Ap2.500,1
evm.TU.Ap2.502,0
evm.TU.Ap2.503,0
evm.TU.Ap2.624,1
evm.TU.Ap2.629,0
evm.TU.Ap2.631,0
evm.TU.Ap2.637,0
evm.TU.Ap2.645,0
evm.TU.Ap2.646,0
evm.TU.Ap2.647,0
evm.TU.Ap2.648,0
evm.TU.Ap2.657,0
evm.TU.Ap2.658,0
evm.TU.Ap2.660,0
evm.TU.Ap2.664,0
evm.TU.Ap2.669,0
evm.TU.Ap2.671,0
evm.TU.Ap2.673,0
evm.TU.Ap2.675,0
evm.TU.Ap2.678,0
evm.TU.Ap2.680,0
evm.TU.Ap2.681,0
evm.TU.Ap2.693,0
evm.TU.Ap2.7,0
evm.TU.Ap2.715,1
evm.TU.Ap2.722,0
evm.TU.Ap2.728,0
evm.TU.Ap2.739,0
evm.TU.Ap2.741,0
evm.TU.Ap2.744,0
evm.TU.Ap2.750,0
evm.TU.Ap2.751,0
evm.TU.Ap2.753,0
evm.TU.Ap2.754,0
evm.TU.Ap2.756,0
evm.TU.Ap2.764,0
evm.TU.Ap2.765,0
evm.TU.Ap2.771,0
evm.TU.Ap2.786,0
evm.TU.Ap2.792,0
evm.TU.Ap2.794,0
evm.TU.Ap2.795,0
evm.TU.Ap2.8,0
evm.TU.Ap2.80,0
evm.TU.Ap2.805,0
evm.TU.Ap2.811,0
evm.TU.Ap2.822,1
evm.TU.Ap2.831,0
evm.TU.Ap2.832,0
evm.TU.Ap2.835,1
evm.TU.Ap2.837,0
evm.TU.Ap2.846,0
evm.TU.Ap2.85,0
evm.TU.Ap2.850,0
evm.TU.Ap2.851,0
evm.TU.Ap2.854,0
evm.TU.Ap2.855,0
evm.TU.Ap2.86,0
evm.TU.Ap2.881,0
evm.TU.Ap2.883,0
evm.TU.Ap2.90,0
evm.TU.Ap2.901,0
evm.TU.Ap2.902,0
evm.TU.Ap2.904,0
evm.TU.Ap2.905,0
evm.TU.Ap2.910,0
evm.TU.Ap2.914,0
evm.TU.Ap2.917,0
evm.TU.Ap2.919,0
evm.TU.Ap2.920,0
evm.TU.Ap2.921,0
evm.TU.Ap2.923,0
evm.TU.Ap2.924,0
evm.TU.Ap2.925,0
evm.TU.Ap2.929,0
evm.TU.Ap2.930,0
evm.TU.Ap2.931,0
evm.TU.Ap2.932,0
evm.TU.Ap2.94,0
evm.TU.Ap2.957,0
evm.TU.Ap2.960,0
evm.TU.Ap2.975,0
evm.TU.Ap2.976,0
evm.TU.Ap2.977,0
evm.TU.Ap2.983,0
evm.TU.Ap2.985,0
evm.TU.Ap2.986,0
evm.TU.Ap2.99,0
evm.TU.Ap2.991,0
evm.TU.Ap2.994,0
evm.TU.Ap2.995,0
evm.TU.Ap2.998,0
evm.TU.Ap3.1001,0
evm.TU.Ap3.1003,0
evm.TU.Ap3.1007,0
evm.TU.Ap3.1008,0
evm.TU.Ap3.1010,0
evm.TU.Ap3.1013,0
evm.TU.Ap3.1016,0
evm.TU.Ap3.1017,0
evm.TU.Ap3.102,0
evm.TU.Ap3.1020,0
evm.TU.Ap3.1023,0
evm.TU.Ap3.103,0
evm.TU.Ap3.1033,0
evm.TU.Ap3.1034,0
evm.TU.Ap3.104,0
evm.TU.Ap3.1047,0
evm.TU.Ap3.1048,0
evm.TU.Ap3.106,0
evm.TU.Ap3.1063,0
evm.TU.Ap3.1064,0
evm.TU.Ap3.1067,0
evm.TU.Ap3.1070,0
evm.TU.Ap3.1073,0
evm.TU.Ap3.1075,0
evm.TU.Ap3.1078,0
evm.TU.Ap3.1082,0
evm.TU.Ap3.109,0
evm.TU.Ap3.1091,0
evm.TU.Ap3.1092,1
evm.TU.Ap3.1093,0
evm.TU.Ap3.1095,0
evm.TU.Ap3.1096,0
evm.TU.Ap3.1097,0
evm.TU.Ap3.1100,0
evm.TU.Ap3.1101,0
evm.TU.Ap3.1105,0
evm.TU.Ap3.1106,0
evm.TU.Ap3.1107,0
evm.TU.Ap3.1109,0
evm.TU.Ap3.1122,0
evm.TU.Ap3.1127,0
evm.TU.Ap3.1128,0
evm.TU.Ap3.1129,0
evm.TU.Ap3.1130,0
evm.TU.Ap3.1131,0
evm.TU.Ap3.1134,0
evm.TU.Ap3.1147,0
evm.TU.Ap3.1152,1
evm.TU.Ap3.1162,0
evm.TU.Ap3.1163,0
evm.TU.Ap3.1170,0
evm.TU.Ap3.1176,0
evm.TU.Ap3.1180,0
evm.TU.Ap3.1182,0
evm.TU.Ap3.1183_evm.TU.Ap3.1185,0
evm.TU.Ap3.1186,0
evm.TU.Ap3.119,0
evm.TU.Ap3.1190,0
evm.TU.Ap3.1192,0
evm.TU.Ap3.1195,0
evm.TU.Ap3.12,0
evm.TU.Ap3.1204,0
evm.TU.Ap3.1205,0
evm.TU.Ap3.1210,0
evm.TU.Ap3.1211,1
evm.TU.Ap3.1216,0
evm.TU.Ap3.1217,0
evm.TU.Ap3.1219,0
evm.TU.Ap3.1221,0
evm.TU.Ap3.1224,0
evm.TU.Ap3.1229,0
evm.TU.Ap3.123,1
evm.TU.Ap3.1231,0
evm.TU.Ap3.1232,0
evm.TU.Ap3.1234,0
evm.TU.Ap3.1236,1
evm.TU.Ap3.1237,0
evm.TU.Ap3.1238,0
evm.TU.Ap3.1239,0
evm.TU.Ap3.1241,0
evm.TU.Ap3.1244,0
evm.TU.Ap3.1245,0
evm.TU.Ap3.1247_evm.TU.Ap3.1249,0
evm.TU.Ap3.1250_evm.TU.Ap3.1253,0
evm.TU.Ap3.1254,0
evm.TU.Ap3.1255,0
evm.TU.Ap3.1261,0
evm.TU.Ap3.1266,0
evm.TU.Ap3.1268,0
evm.TU.Ap3.127,0
evm.TU.Ap3.1275,0
evm.TU.Ap3.1276_evm.TU.Ap3.1281,0
evm.TU.Ap3.128,0
evm.TU.Ap3.1282,0
evm.TU.Ap3.1283,0
evm.TU.Ap3.1289,0
evm.TU.Ap3.1290,0
evm.TU.Ap3.1292,0
evm.TU.Ap3.1293,1
evm.TU.Ap3.1295,0
evm.TU.Ap3.1296,0
evm.TU.Ap3.1297,0
evm.TU.Ap3.1298,0
evm.TU.Ap3.1299,0
evm.TU.Ap3.1300,0
evm.TU.Ap3.1303,0
evm.TU.Ap3.1304,0
evm.TU.Ap3.1309,0
evm.TU.Ap3.131,0
evm.TU.Ap3.1310,0
evm.TU.Ap3.1311,0
evm.TU.Ap3.1314,0
evm.TU.Ap3.1315,0
evm.TU.Ap3.1317,1
evm.TU.Ap3.1318,1
evm.TU.Ap3.1320,0
evm.TU.Ap3.1321,0
evm.TU.Ap3.1323,0
evm.TU.Ap3.1324,0
evm.TU.Ap3.1329,0
evm.TU.Ap3.133,0
evm.TU.Ap3.1335,0
evm.TU.Ap3.1336,0
evm.TU.Ap3.1337,0
evm.TU.Ap3.1339,0
evm.TU.Ap3.1341,0
evm.TU.Ap3.1342,1
evm.TU.Ap3.1343,0
evm.TU.Ap3.1346,0
evm.TU.Ap3.1351,1
evm.TU.Ap3.1369,0
evm.TU.Ap3.1370_evm.TU.Ap3.1371,0
evm.TU.Ap3.1377,0
evm.TU.Ap3.1379,0
evm.TU.Ap3.138,0
evm.TU.Ap3.1380,0
evm.TU.Ap3.1385,0
evm.TU.Ap3.1386,0
evm.TU.Ap3.1387,1
evm.TU.Ap3.1394,0
evm.TU.Ap3.1395,0
evm.TU.Ap3.1399,0
evm.TU.Ap3.14,0
evm.TU.Ap3.1400,0
evm.TU.Ap3.1401,0
evm.TU.Ap3.1402,0
evm.TU.Ap3.1403,0
evm.TU.Ap3.1406,0
evm.TU.Ap3.1408,0
evm.TU.Ap3.1409,0
evm.TU.Ap3.141,0
evm.TU.Ap3.1410,0
evm.TU.Ap3.1415,0
evm.TU.Ap3.1417,0
evm.TU.Ap3.1418,0
evm.TU.Ap3.1419,0
evm.TU.Ap3.1420,0
evm.TU.Ap3.1422,0
evm.TU.Ap3.1423_evm.TU.Ap3.1431,0
evm.TU.Ap3.143,0
evm.TU.Ap3.1432,0
evm.TU.Ap3.1435,0
evm.TU.Ap3.144,0
evm.TU.Ap3.1445,0
evm.TU.Ap3.1448,0
evm.TU.Ap3.1449,0
evm.TU.Ap3.145,0
evm.TU.Ap3.1467,0
evm.TU.Ap3.1469,0
evm.TU.Ap3.1470,0
evm.TU.Ap3.1471,0
evm.TU.Ap3.1474,0
evm.TU.Ap3.1477,0
evm.TU.Ap3.148,0
evm.TU.Ap3.1484,0
evm.TU.Ap3.1485_evm.TU.Ap3.1487,0
evm.TU.Ap3.1491,0
evm.TU.Ap3.1497,0
evm.TU.Ap3.15,0
evm.TU.Ap3.1504,0
evm.TU.Ap3.1507,0
evm.TU.Ap3.151,0
evm.TU.Ap3.152,0
evm.TU.Ap3.1531,0
evm.TU.Ap3.1536,0
evm.TU.Ap3.1537,0
evm.TU.Ap3.1538,0
evm.TU.Ap3.1539,0
evm.TU.Ap3.1540,0
evm.TU.Ap3.1542,0
evm.TU.Ap3.1546,0
evm.TU.Ap3.155,0
evm.TU.Ap3.1551,0
evm.TU.Ap3.1552,0
evm.TU.Ap3.1568,1
evm.TU.Ap3.1580,0
evm.TU.Ap3.1581,0
evm.TU.Ap3.1587,1
evm.TU.Ap3.1591,0
evm.TU.Ap3.1592,0
evm.TU.Ap3.1593,0
evm.TU.Ap3.1594,0
evm.TU.Ap3.1598,0
evm.TU.Ap3.1599_evm.TU.Ap3.1600,0
evm.TU.Ap3.16,1
evm.TU.Ap3.1601,0
evm.TU.Ap3.1602,0
evm.TU.Ap3.1603,0
evm.TU.Ap3.1604,0
evm.TU.Ap3.1605,0
evm.TU.Ap3.1613,0
evm.TU.Ap3.1615,0
evm.TU.Ap3.1619,0
evm.TU.Ap3.1620,0
evm.TU.Ap3.1622,0
evm.TU.Ap3.1625,0
evm.TU.Ap3.1630,0
evm.TU.Ap3.1631,0
evm.TU.Ap3.1637,0
evm.TU.Ap3.1638,0
evm.TU.Ap3.1642,0
evm.TU.Ap3.1643,0
evm.TU.Ap3.165,0
evm.TU.Ap3.1656,0
evm.TU.Ap3.1658,0
evm.TU.Ap3.166,0
evm.TU.Ap3.1660,0
evm.TU.Ap3.1661,0
evm.TU.Ap3.1662,0
evm.TU.Ap3.168,0
evm.TU.Ap3.17,0
evm.TU.Ap3.170,0
evm.TU.Ap3.1712,0
evm.TU.Ap3.172,0
evm.TU.Ap3.1728,0
evm.TU.Ap3.173,0
evm.TU.Ap3.1743,0
evm.TU.Ap3.1746,0
evm.TU.Ap3.1751,0
evm.TU.Ap3.1752,0
evm.TU.Ap3.1754,0
evm.TU.Ap3.1755,0
evm.TU.Ap3.1762,0
evm.TU.Ap3.1764,0
evm.TU.Ap3.1773,0
evm.TU.Ap3.1781,0
evm.TU.Ap3.180,0
evm.TU.Ap3.1805,0
evm.TU.Ap3.1806,0
evm.TU.Ap3.1807,0
evm.TU.Ap3.1809,1
evm.TU.Ap3.182,0
evm.TU.Ap3.1823_evm.TU.Ap3.1821,0
evm.TU.Ap3.1824,0
evm.TU.Ap3.1825,0
evm.TU.Ap3.1830,0
evm.TU.Ap3.1831,0
evm.TU.Ap3.1832,0
evm.TU.Ap3.1833_evm.TU.Ap3.1835,0
evm.TU.Ap3.1838,0
evm.TU.Ap3.1839,0
evm.TU.Ap3.184,0
evm.TU.Ap3.1840,0
evm.TU.Ap3.1844,0
evm.TU.Ap3.1845,0
evm.TU.Ap3.1846,0
evm.TU.Ap3.1849,0
evm.TU.Ap3.185,0
evm.TU.Ap3.1854,0
evm.TU.Ap3.1855,0
evm.TU.Ap3.1859,1
evm.TU.Ap3.186,0
evm.TU.Ap3.1862,0
evm.TU.Ap3.1866,0
evm.TU.Ap3.187,1
evm.TU.Ap3.1871,0
evm.TU.Ap3.1872,0
evm.TU.Ap3.1877,0
evm.TU.Ap3.1878,0
evm.TU.Ap3.188,0
evm.TU.Ap3.1882,0
evm.TU.Ap3.189,0
evm.TU.Ap3.1897,0
evm.TU.Ap3.19,0
evm.TU.Ap3.1900,0
evm.TU.Ap3.1903,0
evm.TU.Ap3.1904,0
evm.TU.Ap3.1905,0
evm.TU.Ap3.1910,0
evm.TU.Ap3.1911,0
evm.TU.Ap3.1914,0
evm.TU.Ap3.1919,0
evm.TU.Ap3.192,0
evm.TU.Ap3.1920,0
evm.TU.Ap3.1925,0
evm.TU.Ap3.1926,0
evm.TU.Ap3.1927,0
evm.TU.Ap3.1932,1
evm.TU.Ap3.1933,0
evm.TU.Ap3.1934,0
evm.TU.Ap3.1935,0
evm.TU.Ap3.1938,0
evm.TU.Ap3.1941,0
evm.TU.Ap3.1942,0
evm.TU.Ap3.1944,0
evm.TU.Ap3.1946,0
evm.TU.Ap3.1947,0
evm.TU.Ap3.1948,1
evm.TU.Ap3.1949,0
evm.TU.Ap3.195,0
evm.TU.Ap3.1952,0
evm.TU.Ap3.1953,0
evm.TU.Ap3.1954,0
evm.TU.Ap3.1957,1
evm.TU.Ap3.1961,0
evm.TU.Ap3.1962,0
evm.TU.Ap3.1964,0
evm.TU.Ap3.1969,0
evm.TU.Ap3.197,0
evm.TU.Ap3.1970,0
evm.TU.Ap3.1971,0
evm.TU.Ap3.1972,0
evm.TU.Ap3.1973,0
evm.TU.Ap3.1992,0
evm.TU.Ap3.1993,0
evm.TU.Ap3.1994,0
evm.TU.Ap3.1997,0
evm.TU.Ap3.2000,0
evm.TU.Ap3.2001,0
evm.TU.Ap3.2002,0
evm.TU.Ap3.2006,0
evm.TU.Ap3.2007,0
evm.TU.Ap3.2009,0
evm.TU.Ap3.201,1
evm.TU.Ap3.2011,0
evm.TU.Ap3.2014,1
evm.TU.Ap3.2022_evm.TU.Ap3.2023,1
evm.TU.Ap3.2024,0
evm.TU.Ap3.2026,0
evm.TU.Ap3.203,0
evm.TU.Ap3.2030,0
evm.TU.Ap3.2031,0
evm.TU.Ap3.2032,0
evm.TU.Ap3.2034,1
evm.TU.Ap3.2039,0
evm.TU.Ap3.2041,1
evm.TU.Ap3.2042,0
evm.TU.Ap3.2043,0
evm.TU.Ap3.2045,0
evm.TU.Ap3.2051,0
evm.TU.Ap3.2052,0
evm.TU.Ap3.2053,0
evm.TU.Ap3.2056,0
evm.TU.Ap3.2057,0
evm.TU.Ap3.2058,0
evm.TU.Ap3.2059,0
evm.TU.Ap3.206,0
evm.TU.Ap3.2061,0
evm.TU.Ap3.2062,0
evm.TU.Ap3.2063,1
evm.TU.Ap3.2068,1
evm.TU.Ap3.2070,0
evm.TU.Ap3.2073,0
evm.TU.Ap3.2075,0
evm.TU.Ap3.2076,0
evm.TU.Ap3.208,0
evm.TU.Ap3.2080,0
evm.TU.Ap3.2084,0
evm.TU.Ap3.2089,1
evm.TU.Ap3.2093,0
evm.TU.Ap3.2101,1
evm.TU.Ap3.2102,0
evm.TU.Ap3.2103,0
evm.TU.Ap3.2106,1
evm.TU.Ap3.2107,1
evm.TU.Ap3.2108,0
evm.TU.Ap3.2109,1
evm.TU.Ap3.2111,0
evm.TU.Ap3.2113,0
evm.TU.Ap3.2114,0
evm.TU.Ap3.2115,0
evm.TU.Ap3.2116,0
evm.TU.Ap3.2118,0
evm.TU.Ap3.2121,0
evm.TU.Ap3.2129,1
evm.TU.Ap3.2130,0
evm.TU.Ap3.2136,0
evm.TU.Ap3.2137,0
evm.TU.Ap3.2144,1
evm.TU.Ap3.2146,1
evm.TU.Ap3.2149,0
evm.TU.Ap3.215,0
evm.TU.Ap3.2150,0
evm.TU.Ap3.2153,0
evm.TU.Ap3.2154,0
evm.TU.Ap3.2155,0
evm.TU.Ap3.2157,0
evm.TU.Ap3.2158,0
evm.TU.Ap3.216,0
evm.TU.Ap3.2160,0
evm.TU.Ap3.2161,0
evm.TU.Ap3.2162,0
evm.TU.Ap3.2164,0
evm.TU.Ap3.217,0
evm.TU.Ap3.2172,0
evm.TU.Ap3.2173,0
evm.TU.Ap3.2174,0
evm.TU.Ap3.2185,0
evm.TU.Ap3.219,1
evm.TU.Ap3.220,0
evm.TU.Ap3.2202,0
evm.TU.Ap3.2205,0
evm.TU.Ap3.2206,0
evm.TU.Ap3.2207,0
evm.TU.Ap3.2208,0
evm.TU.Ap3.2217,0
evm.TU.Ap3.2219,0
evm.TU.Ap3.2221,0
evm.TU.Ap3.2224,0
evm.TU.Ap3.2233,0
evm.TU.Ap3.2234,0
evm.TU.Ap3.2235,0
evm.TU.Ap3.2236,0
evm.TU.Ap3.2237,0
evm.TU.Ap3.224,0
evm.TU.Ap3.2240,0
evm.TU.Ap3.2247,0
evm.TU.Ap3.2249,0
evm.TU.Ap3.2262,0
evm.TU.Ap3.2265,0
evm.TU.Ap3.2267,1
evm.TU.Ap3.227,0
evm.TU.Ap3.2270,0
evm.TU.Ap3.228,0
evm.TU.Ap3.2298,0
evm.TU.Ap3.231,0
evm.TU.Ap3.2314,0
evm.TU.Ap3.2319,0
evm.TU.Ap3.232,1
evm.TU.Ap3.2320,0
evm.TU.Ap3.2322,0
evm.TU.Ap3.2324,0
evm.TU.Ap3.2325,0
evm.TU.Ap3.2326,0
evm.TU.Ap3.2329,0
evm.TU.Ap3.233,1
evm.TU.Ap3.2331,0
evm.TU.Ap3.2337,0
evm.TU.Ap3.2339,0
evm.TU.Ap3.234,0
evm.TU.Ap3.2341,0
evm.TU.Ap3.2350,1
evm.TU.Ap3.2354,0
evm.TU.Ap3.2358,0
evm.TU.Ap3.2360,0
evm.TU.Ap3.2361,0
evm.TU.Ap3.2362,0
evm.TU.Ap3.2363,0
evm.TU.Ap3.2364,0
evm.TU.Ap3.2367,0
evm.TU.Ap3.2371,0
evm.TU.Ap3.2375_evm.TU.Ap3.2376_evm.TU.Ap3.2377_evm.TU.Ap3.2378,0
evm.TU.Ap3.2379,0
evm.TU.Ap3.238,0
evm.TU.Ap3.2381,0
evm.TU.Ap3.2382,0
evm.TU.Ap3.2383_evm.TU.Ap3.2384,0
evm.TU.Ap3.239,0
evm.TU.Ap3.2391,0
evm.TU.Ap3.2392,1
evm.TU.Ap3.24,0
evm.TU.Ap3.2401,0
evm.TU.Ap3.2403,0
evm.TU.Ap3.2404,0
evm.TU.Ap3.241,0
evm.TU.Ap3.2412,0
evm.TU.Ap3.2413,0
evm.TU.Ap3.2415,1
evm.TU.Ap3.2418,0
evm.TU.Ap3.2419,0
evm.TU.Ap3.2420,0
evm.TU.Ap3.2422,0
evm.TU.Ap3.2423,0
evm.TU.Ap3.2428,0
evm.TU.Ap3.243,0
evm.TU.Ap3.2430,1
evm.TU.Ap3.2431,0
evm.TU.Ap3.2432,0
evm.TU.Ap3.2436,0
evm.TU.Ap3.2438,0
evm.TU.Ap3.2439,0
evm.TU.Ap3.2440,0
evm.TU.Ap3.2443,0
evm.TU.Ap3.2444,0
evm.TU.Ap3.2451,0
evm.TU.Ap3.2452,0
evm.TU.Ap3.2456,0
evm.TU.Ap3.2457,1
evm.TU.Ap3.2459,0
evm.TU.Ap3.2460,0
evm.TU.Ap3.2462,0
evm.TU.Ap3.2465,0
evm.TU.Ap3.2469,0
evm.TU.Ap3.2471,1
evm.TU.Ap3.2475,0
evm.TU.Ap3.2477,0
evm.TU.Ap3.2483,0
evm.TU.Ap3.2486,0
evm.TU.Ap3.2487,0
evm.TU.Ap3.249,0
evm.TU.Ap3.2493,0
evm.TU.Ap3.2498,0
evm.TU.Ap3.2499,0
evm.TU.Ap3.25,0
evm.TU.Ap3.2502,0
evm.TU.Ap3.2503,0
evm.TU.Ap3.2504,0
evm.TU.Ap3.2505,0
evm.TU.Ap3.2507,0
evm.TU.Ap3.2508_evm.TU.Ap3.2509,0
evm.TU.Ap3.251,0
evm.TU.Ap3.2510,0
evm.TU.Ap3.2512,0
evm.TU.Ap3.2514,0
evm.TU.Ap3.2515,0
evm.TU.Ap3.252,0
evm.TU.Ap3.257,0
evm.TU.Ap3.259,0
evm.TU.Ap3.261,0
evm.TU.Ap3.262,0
evm.TU.Ap3.268,0
evm.TU.Ap3.269,0
evm.TU.Ap3.270,0
evm.TU.Ap3.273,0
evm.TU.Ap3.274,0
evm.TU.Ap3.275,0
evm.TU.Ap3.281,0
evm.TU.Ap3.286,0
evm.TU.Ap3.287,0
evm.TU.Ap3.288,0
evm.TU.Ap3.289,0
evm.TU.Ap3.29,0
evm.TU.Ap3.296,1
evm.TU.Ap3.299,0
evm.TU.Ap3.30,0
evm.TU.Ap3.302,0
evm.TU.Ap3.31,0
evm.TU.Ap3.313,0
evm.TU.Ap3.323,0
evm.TU.Ap3.324,0
evm.TU.Ap3.328,0
evm.TU.Ap3.329,0
evm.TU.Ap3.33,0
evm.TU.Ap3.330,0
evm.TU.Ap3.331,0
evm.TU.Ap3.333,0
evm.TU.Ap3.339_evm.TU.Ap3.340,0
evm.TU.Ap3.34,0
evm.TU.Ap3.341,0
evm.TU.Ap3.35,0
evm.TU.Ap3.354_evm.TU.Ap3.342,0
evm.TU.Ap3.358,0
evm.TU.Ap3.36,0
evm.TU.Ap3.360,0
evm.TU.Ap3.361,0
evm.TU.Ap3.362,0
evm.TU.Ap3.364,0
evm.TU.Ap3.367,0
evm.TU.Ap3.369,0
evm.TU.Ap3.37,0
evm.TU.Ap3.371,1
evm.TU.Ap3.374,0
evm.TU.Ap3.385,1
evm.TU.Ap3.396,0
evm.TU.Ap3.398,1
evm.TU.Ap3.40,0
evm.TU.Ap3.41,1
evm.TU.Ap3.42,0
evm.TU.Ap3.43,0
evm.TU.Ap3.444,0
evm.TU.Ap3.445,0
evm.TU.Ap3.446,0
evm.TU.Ap3.451,0
evm.TU.Ap3.452,0
evm.TU.Ap3.453,0
evm.TU.Ap3.456,1
evm.TU.Ap3.457,0
evm.TU.Ap3.458,0
evm.TU.Ap3.461,1
evm.TU.Ap3.462,0
evm.TU.Ap3.463,0
evm.TU.Ap3.464,1
evm.TU.Ap3.465,1
evm.TU.Ap3.466,0
evm.TU.Ap3.467,0
evm.TU.Ap3.468,0
evm.TU.Ap3.469,0
evm.TU.Ap3.474,0
evm.TU.Ap3.477,0
evm.TU.Ap3.478,0
evm.TU.Ap3.487,0
evm.TU.Ap3.49,0
evm.TU.Ap3.491,0
evm.TU.Ap3.493,0
evm.TU.Ap3.494,0
evm.TU.Ap3.495,0
evm.TU.Ap3.499,0
evm.TU.Ap3.5,0
evm.TU.Ap3.500,0
evm.TU.Ap3.501,0
evm.TU.Ap3.503,0
evm.TU.Ap3.516,0
evm.TU.Ap3.520,0
evm.TU.Ap3.521,0
evm.TU.Ap3.528,0
evm.TU.Ap3.529,0
evm.TU.Ap3.53,1
evm.TU.Ap3.532,0
evm.TU.Ap3.541,0
evm.TU.Ap3.542,0
evm.TU.Ap3.544,0
evm.TU.Ap3.545,0
evm.TU.Ap3.55,0
evm.TU.Ap3.56,0
evm.TU.Ap3.561,0
evm.TU.Ap3.562,1
evm.TU.Ap3.568,0
evm.TU.Ap3.570,0
evm.TU.Ap3.571,0
evm.TU.Ap3.572,1
evm.TU.Ap3.575,0
evm.TU.Ap3.577,0
evm.TU.Ap3.579,0
evm.TU.Ap3.582,0
evm.TU.Ap3.594,0
evm.TU.Ap3.596,0
evm.TU.Ap3.599,0
evm.TU.Ap3.60,0
evm.TU.Ap3.602,0
evm.TU.Ap3.603,0
evm.TU.Ap3.613,0
evm.TU.Ap3.615,1
evm.TU.Ap3.616,1
evm.TU.Ap3.620,1
evm.TU.Ap3.621,0
evm.TU.Ap3.624,1
evm.TU.Ap3.626,0
evm.TU.Ap3.627,0
evm.TU.Ap3.629,0
evm.TU.Ap3.63,0
evm.TU.Ap3.634,0
evm.TU.Ap3.641,0
evm.TU.Ap3.642,0
evm.TU.Ap3.644,0
evm.TU.Ap3.645,0
evm.TU.Ap3.65,0
evm.TU.Ap3.650,0
evm.TU.Ap3.653,0
evm.TU.Ap3.66,0
evm.TU.Ap3.661,0
evm.TU.Ap3.662,0
evm.TU.Ap3.665,0
evm.TU.Ap3.667,0
evm.TU.Ap3.668,0
evm.TU.Ap3.669,0
evm.TU.Ap3.67,0
evm.TU.Ap3.677,0
evm.TU.Ap3.678,1
evm.TU.Ap3.68,0
evm.TU.Ap3.685,0
evm.TU.Ap3.687,0
evm.TU.Ap3.689,0
evm.TU.Ap3.690,0
evm.TU.Ap3.700,0
evm.TU.Ap3.701,0
evm.TU.Ap3.702,0
evm.TU.Ap3.703,0
evm.TU.Ap3.708,1
evm.TU.Ap3.709,1
evm.TU.Ap3.71,0
evm.TU.Ap3.710,1
evm.TU.Ap3.712,0
evm.TU.Ap3.715,0
evm.TU.Ap3.718,0
evm.TU.Ap3.72,0
evm.TU.Ap3.727,0
evm.TU.Ap3.729,0
evm.TU.Ap3.73,0
evm.TU.Ap3.730,0
evm.TU.Ap3.732,0
evm.TU.Ap3.733,0
evm.TU.Ap3.737,0
evm.TU.Ap3.74,0
evm.TU.Ap3.746,0
evm.TU.Ap3.747,0
evm.TU.Ap3.748,0
evm.TU.Ap3.749,0
evm.TU.Ap3.750,0
evm.TU.Ap3.756,0
evm.TU.Ap3.757,0
evm.TU.Ap3.760,0
evm.TU.Ap3.764,0
evm.TU.Ap3.769,0
evm.TU.Ap3.775,0
evm.TU.Ap3.776,0
evm.TU.Ap3.783,0
evm.TU.Ap3.784,0
evm.TU.Ap3.785,0
evm.TU.Ap3.791,0
evm.TU.Ap3.792,0
evm.TU.Ap3.797,0
evm.TU.Ap3.799,0
evm.TU.Ap3.8,1
evm.TU.Ap3.802,0
evm.TU.Ap3.808,0
evm.TU.Ap3.819,0
evm.TU.Ap3.820,1
evm.TU.Ap3.821,0
evm.TU.Ap3.822,0
evm.TU.Ap3.824,0
evm.TU.Ap3.825,1
evm.TU.Ap3.826,0
evm.TU.Ap3.827,0
evm.TU.Ap3.830,0
evm.TU.Ap3.834,0
evm.TU.Ap3.836,0
evm.TU.Ap3.838,0
evm.TU.Ap3.839,0
evm.TU.Ap3.84,0
evm.TU.Ap3.842,0
evm.TU.Ap3.849,1
evm.TU.Ap3.852,0
evm.TU.Ap3.853,0
evm.TU.Ap3.854,1
evm.TU.Ap3.858,0
evm.TU.Ap3.861,0
evm.TU.Ap3.862,0
evm.TU.Ap3.87,0
evm.TU.Ap3.878,0
evm.TU.Ap3.879,0
evm.TU.Ap3.882,0
evm.TU.Ap3.883,1
evm.TU.Ap3.884,0
evm.TU.Ap3.886_evm.TU.Ap3.887,0
evm.TU.Ap3.89,0
evm.TU.Ap3.899,0
evm.TU.Ap3.90,0
evm.TU.Ap3.900,0
evm.TU.Ap3.901,0
evm.TU.Ap3.903,0
evm.TU.Ap3.906_evm.TU.Ap3.914,0
evm.TU.Ap3.919,0
evm.TU.Ap3.927,0
evm.TU.Ap3.928,0
evm.TU.Ap3.929,0
evm.TU.Ap3.935,0
evm.TU.Ap3.936,0
evm.TU.Ap3.937,0
evm.TU.Ap3.939,0
evm.TU.Ap3.942,0
evm.TU.Ap3.944,0
evm.TU.Ap3.945,0
evm.TU.Ap3.95,0
evm.TU.Ap3.96,0
evm.TU.Ap3.960,0
evm.TU.Ap3.962,1
evm.TU.Ap3.963,0
evm.TU.Ap3.965,1
evm.TU.Ap3.972,0
evm.TU.Ap3.974,0
evm.TU.Ap3.975,0
evm.TU.Ap3.977,0
evm.TU.Ap3.98,0
evm.TU.Ap3.983,0
evm.TU.Ap3.985,0
evm.TU.Ap3.992,0
evm.TU.Ap3.993_evm.TU.Ap3.994,0
evm.TU.Ap3.998,0
evm.TU.Ap3.999,1
evm.TU.Ap4.1,0
evm.TU.Ap4.1002,0
evm.TU.Ap4.102,0
evm.TU.Ap4.1023,0
evm.TU.Ap4.1025,0
evm.TU.Ap4.1026,0
evm.TU.Ap4.1027,0
evm.TU.Ap4.1028,0
evm.TU.Ap4.1029,0
evm.TU.Ap4.103,0
evm.TU.Ap4.1030,0
evm.TU.Ap4.104,0
evm.TU.Ap4.1040,0
evm.TU.Ap4.105,0
evm.TU.Ap4.1062,0
evm.TU.Ap4.107,1
evm.TU.Ap4.1077,0
evm.TU.Ap4.108,1
evm.TU.Ap4.1081,0
evm.TU.Ap4.1084,0
evm.TU.Ap4.109,0
evm.TU.Ap4.11,0
evm.TU.Ap4.1107,0
evm.TU.Ap4.111,0
evm.TU.Ap4.1119,0
evm.TU.Ap4.1122,0
evm.TU.Ap4.1126,0
evm.TU.Ap4.1132,0
evm.TU.Ap4.1133,0
evm.TU.Ap4.1136,0
evm.TU.Ap4.1137,0
evm.TU.Ap4.114,0
evm.TU.Ap4.1147,0
evm.TU.Ap4.1152,0
evm.TU.Ap4.1153,0
evm.TU.Ap4.1155,0
evm.TU.Ap4.1178,0
evm.TU.Ap4.1179,0
evm.TU.Ap4.1182,0
evm.TU.Ap4.1195,0
evm.TU.Ap4.1200,0
evm.TU.Ap4.122,0
evm.TU.Ap4.1228,1
evm.TU.Ap4.1229,1
evm.TU.Ap4.1232,1
evm.TU.Ap4.1236,0
evm.TU.Ap4.1238,0
evm.TU.Ap4.1239,0
evm.TU.Ap4.1240,0
evm.TU.Ap4.1243,1
evm.TU.Ap4.1247,0
evm.TU.Ap4.1248,0
evm.TU.Ap4.1255,0
evm.TU.Ap4.1262,0
evm.TU.Ap4.1263,0
evm.TU.Ap4.1266,0
evm.TU.Ap4.1267,0
evm.TU.Ap4.1268,0
evm.TU.Ap4.1269,0
evm.TU.Ap4.1270,0
evm.TU.Ap4.1271,0
evm.TU.Ap4.1279,0
evm.TU.Ap4.1280,0
evm.TU.Ap4.1281,0
evm.TU.Ap4.1283,0
evm.TU.Ap4.1284,0
evm.TU.Ap4.1287,0
evm.TU.Ap4.1288,0
evm.TU.Ap4.129,0
evm.TU.Ap4.1290,0
evm.TU.Ap4.1291,0
evm.TU.Ap4.1293,1
evm.TU.Ap4.1295,0
evm.TU.Ap4.1296,0
evm.TU.Ap4.13,0
evm.TU.Ap4.1300,0
evm.TU.Ap4.131,0
evm.TU.Ap4.1313,0
evm.TU.Ap4.132,0
evm.TU.Ap4.1329,0
evm.TU.Ap4.1331,0
evm.TU.Ap4.1335,0
evm.TU.Ap4.1336,0
evm.TU.Ap4.1338,0
evm.TU.Ap4.1339,0
evm.TU.Ap4.1340,0
evm.TU.Ap4.1342,0
evm.TU.Ap4.1344,0
evm.TU.Ap4.135,0
evm.TU.Ap4.1350,0
evm.TU.Ap4.1351,0
evm.TU.Ap4.1354,0
evm.TU.Ap4.1356,0
evm.TU.Ap4.1359_evm.TU.Ap4.1363,0
evm.TU.Ap4.1364,0
evm.TU.Ap4.1367,0
evm.TU.Ap4.1368,0
evm.TU.Ap4.1369,0
evm.TU.Ap4.1372,0
evm.TU.Ap4.1384,0
evm.TU.Ap4.1385,0
evm.TU.Ap4.1395,0
evm.TU.Ap4.1399,0
evm.TU.Ap4.1403,0
evm.TU.Ap4.1405,0
evm.TU.Ap4.1406,0
evm.TU.Ap4.1407,0
evm.TU.Ap4.1413,0
evm.TU.Ap4.1418,0
evm.TU.Ap4.1419,1
evm.TU.Ap4.142,0
evm.TU.Ap4.1421,0
evm.TU.Ap4.144,0
evm.TU.Ap4.1451,0
evm.TU.Ap4.1475,0
evm.TU.Ap4.1485,0
evm.TU.Ap4.1487,0
evm.TU.Ap4.1498,0
evm.TU.Ap4.1499,0
evm.TU.Ap4.1500,0
evm.TU.Ap4.1505,1
evm.TU.Ap4.1507,0
evm.TU.Ap4.1509,0
evm.TU.Ap4.1512,0
evm.TU.Ap4.1513,0
evm.TU.Ap4.1514,0
evm.TU.Ap4.1520,0
evm.TU.Ap4.1523,0
evm.TU.Ap4.1524,0
evm.TU.Ap4.1525,0
evm.TU.Ap4.1526,1
evm.TU.Ap4.1527,0
evm.TU.Ap4.153,0
evm.TU.Ap4.1532,1
evm.TU.Ap4.1537,0
evm.TU.Ap4.1549,0
evm.TU.Ap4.1551,0
evm.TU.Ap4.1553,0
evm.TU.Ap4.1562,0
evm.TU.Ap4.1565,0
evm.TU.Ap4.1567,0
evm.TU.Ap4.157,0
evm.TU.Ap4.1572,0
evm.TU.Ap4.16,0
evm.TU.Ap4.1620,0
evm.TU.Ap4.1654_evm.TU.Ap4.1655,0
evm.TU.Ap4.1656,0
evm.TU.Ap4.168,0
evm.TU.Ap4.1686,1
evm.TU.Ap4.1689,0
evm.TU.Ap4.1690,0
evm.TU.Ap4.1691,0
evm.TU.Ap4.1694,0
evm.TU.Ap4.1695,0
evm.TU.Ap4.1713,1
evm.TU.Ap4.1714,0
evm.TU.Ap4.1717,1
evm.TU.Ap4.1722,0
evm.TU.Ap4.1723,0
evm.TU.Ap4.1734,0
evm.TU.Ap4.1736,1
evm.TU.Ap4.1737,0
evm.TU.Ap4.1739,0
evm.TU.Ap4.174,0
evm.TU.Ap4.1743,0
evm.TU.Ap4.1760,0
evm.TU.Ap4.1763,0
evm.TU.Ap4.1769,0
evm.TU.Ap4.177,0
evm.TU.Ap4.1770,0
evm.TU.Ap4.1779,0
evm.TU.Ap4.178,0
evm.TU.Ap4.1783,1
evm.TU.Ap4.1791,0
evm.TU.Ap4.1796,0
evm.TU.Ap4.180,0
evm.TU.Ap4.1806,0
evm.TU.Ap4.1807,1
evm.TU.Ap4.181,0
evm.TU.Ap4.1810,0
evm.TU.Ap4.182,0
evm.TU.Ap4.1821,0
evm.TU.Ap4.185,0
evm.TU.Ap4.1855,0
evm.TU.Ap4.186,0
evm.TU.Ap4.1866,0
evm.TU.Ap4.1872,0
evm.TU.Ap4.1875,0
evm.TU.Ap4.1906,0
evm.TU.Ap4.1915,0
evm.TU.Ap4.192,0
evm.TU.Ap4.1957,0
evm.TU.Ap4.1960,0
evm.TU.Ap4.1984,0
evm.TU.Ap4.199,0
evm.TU.Ap4.1997,0
evm.TU.Ap4.20,0
evm.TU.Ap4.2044,0
evm.TU.Ap4.21,0
evm.TU.Ap4.2117,0
evm.TU.Ap4.2129,0
evm.TU.Ap4.2166,0
evm.TU.Ap4.217,0
evm.TU.Ap4.2171,0
evm.TU.Ap4.2191,0
evm.TU.Ap4.2193,1
evm.TU.Ap4.2291,0
evm.TU.Ap4.23,0
evm.TU.Ap4.2314,0
evm.TU.Ap4.2315,0
evm.TU.Ap4.2351,0
evm.TU.Ap4.2370,0
evm.TU.Ap4.24,0
evm.TU.Ap4.2409,0
evm.TU.Ap4.2442,0
evm.TU.Ap4.2453,0
evm.TU.Ap4.2478,0
evm.TU.Ap4.2495,0
evm.TU.Ap4.2504,0
evm.TU.Ap4.2558,0
evm.TU.Ap4.2560,0
evm.TU.Ap4.2570,0
evm.TU.Ap4.259,0
evm.TU.Ap4.2606,0
evm.TU.Ap4.262,0
evm.TU.Ap4.2658,0
evm.TU.Ap4.268,0
evm.TU.Ap4.2687,1
evm.TU.Ap4.2691,0
evm.TU.Ap4.2712,0
evm.TU.Ap4.2730,0
evm.TU.Ap4.2735,0
evm.TU.Ap4.2742,0
evm.TU.Ap4.2743,0
evm.TU.Ap4.277,0
evm.TU.Ap4.2788,0
evm.TU.Ap4.2789,0
evm.TU.Ap4.2832,0
evm.TU.Ap4.2839,0
evm.TU.Ap4.2894,0
evm.TU.Ap4.2898,0
evm.TU.Ap4.29,0
evm.TU.Ap4.2905,0
evm.TU.Ap4.2918,0
evm.TU.Ap4.2968,0
evm.TU.Ap4.302,0
evm.TU.Ap4.3028,0
evm.TU.Ap4.3029,0
evm.TU.Ap4.303,0
evm.TU.Ap4.3037,0
evm.TU.Ap4.3055,0
evm.TU.Ap4.3062,0
evm.TU.Ap4.3082,0
evm.TU.Ap4.3083,1
evm.TU.Ap4.3103,0
evm.TU.Ap4.311,0
evm.TU.Ap4.3110,1
evm.TU.Ap4.3113,0
evm.TU.Ap4.3114,0
evm.TU.Ap4.3125,0
evm.TU.Ap4.3128,0
evm.TU.Ap4.316,0
evm.TU.Ap4.3162,0
evm.TU.Ap4.3166,0
evm.TU.Ap4.3169,1
evm.TU.Ap4.3170,1
evm.TU.Ap4.319,0
evm.TU.Ap4.3195,0
evm.TU.Ap4.3197,0
evm.TU.Ap4.3199,0
evm.TU.Ap4.320,0
evm.TU.Ap4.3208,0
evm.TU.Ap4.3232,0
evm.TU.Ap4.3236,0
evm.TU.Ap4.3238,0
evm.TU.Ap4.3242,0
evm.TU.Ap4.325,0
evm.TU.Ap4.326,0
evm.TU.Ap4.328,0
evm.TU.Ap4.330,0
evm.TU.Ap4.331,0
evm.TU.Ap4.3341,0
evm.TU.Ap4.3343,0
evm.TU.Ap4.3388,0
evm.TU.Ap4.3396,0
evm.TU.Ap4.3426,0
evm.TU.Ap4.3428,0
evm.TU.Ap4.3433,0
evm.TU.Ap4.3456,0
evm.TU.Ap4.3475,0
evm.TU.Ap4.3492,0
evm.TU.Ap4.3499,0
evm.TU.Ap4.3500,1
evm.TU.Ap4.3522,0
evm.TU.Ap4.3573,0
evm.TU.Ap4.3607,0
evm.TU.Ap4.3697,0
evm.TU.Ap4.3698,0
evm.TU.Ap4.37,0
evm.TU.Ap4.3739,1
evm.TU.Ap4.3741,0
evm.TU.Ap4.3742,0
evm.TU.Ap4.3772,0
evm.TU.Ap4.3775,0
evm.TU.Ap4.3777,0
evm.TU.Ap4.3780,0
evm.TU.Ap4.3790,0
evm.TU.Ap4.3795,0
evm.TU.Ap4.383,0
evm.TU.Ap4.3858,0
evm.TU.Ap4.388,0
evm.TU.Ap4.3889,1
evm.TU.Ap4.3891,0
evm.TU.Ap4.39_evm.TU.Ap4.40,0
evm.TU.Ap4.3905,0
evm.TU.Ap4.3921,0
evm.TU.Ap4.396,0
evm.TU.Ap4.3962,0
evm.TU.Ap4.3965,0
evm.TU.Ap4.398,0
evm.TU.Ap4.4009,0
evm.TU.Ap4.4010,0
evm.TU.Ap4.4012,0
evm.TU.Ap4.4014,0
evm.TU.Ap4.4015,0
evm.TU.Ap4.404,1
evm.TU.Ap4.4057,0
evm.TU.Ap4.406,0
evm.TU.Ap4.4080,0
evm.TU.Ap4.4083,0
evm.TU.Ap4.4094,0
evm.TU.Ap4.410,0
evm.TU.Ap4.411,0
evm.TU.Ap4.4112,1
evm.TU.Ap4.412,0
evm.TU.Ap4.4120,0
evm.TU.Ap4.4133,0
evm.TU.Ap4.415,0
evm.TU.Ap4.4151,1
evm.TU.Ap4.418,0
evm.TU.Ap4.4213,0
evm.TU.Ap4.4220,0
evm.TU.Ap4.426,0
evm.TU.Ap4.4265,1
evm.TU.Ap4.428,0
evm.TU.Ap4.429,0
evm.TU.Ap4.4294,0
evm.TU.Ap4.430,0
evm.TU.Ap4.4301,0
evm.TU.Ap4.4302,0
evm.TU.Ap4.431,0
evm.TU.Ap4.4363,0
evm.TU.Ap4.4368,0
evm.TU.Ap4.437,0
evm.TU.Ap4.4371,0
evm.TU.Ap4.4386,0
evm.TU.Ap4.443,0
evm.TU.Ap4.4447,0
evm.TU.Ap4.4451,0
evm.TU.Ap4.446,1
evm.TU.Ap4.4475,0
evm.TU.Ap4.4477,0
evm.TU.Ap4.448,0
evm.TU.Ap4.4485,0
evm.TU.Ap4.452,0
evm.TU.Ap4.4528,1
evm.TU.Ap4.453,0
evm.TU.Ap4.4531,0
evm.TU.Ap4.455,0
evm.TU.Ap4.4558,0
evm.TU.Ap4.456,0
evm.TU.Ap4.457,0
evm.TU.Ap4.4598,0
evm.TU.Ap4.4599,0
evm.TU.Ap4.460,0
evm.TU.Ap4.4618,0
evm.TU.Ap4.463,0
evm.TU.Ap4.4648,0
evm.TU.Ap4.465,0
evm.TU.Ap4.4651,0
evm.TU.Ap4.47,0
evm.TU.Ap4.4718,0
evm.TU.Ap4.4719,0
evm.TU.Ap4.4723,0
evm.TU.Ap4.4725,0
evm.TU.Ap4.4726,0
evm.TU.Ap4.4727,0
evm.TU.Ap4.4737,0
evm.TU.Ap4.4738,0
evm.TU.Ap4.4744,0
evm.TU.Ap4.4745,0
evm.TU.Ap4.4750,0
evm.TU.Ap4.4754,0
evm.TU.Ap4.4756,0
evm.TU.Ap4.4759,0
evm.TU.Ap4.4761,0
evm.TU.Ap4.4764,0
evm.TU.Ap4.4765,0
evm.TU.Ap4.478,0
evm.TU.Ap4.4780,0
evm.TU.Ap4.4792,0
evm.TU.Ap4.4793,1
evm.TU.Ap4.48,0
evm.TU.Ap4.480,0
evm.TU.Ap4.4808_evm.TU.Ap4.4811,1
evm.TU.Ap4.4814,0
evm.TU.Ap4.4845,0
evm.TU.Ap4.485,0
evm.TU.Ap4.4865,0
evm.TU.Ap4.487,0
evm.TU.Ap4.488,0
evm.TU.Ap4.4880,0
evm.TU.Ap4.4891,0
evm.TU.Ap4.4895,1
evm.TU.Ap4.490,0
evm.TU.Ap4.4903,0
evm.TU.Ap4.491,0
evm.TU.Ap4.4934,0
evm.TU.Ap4.4935,0
evm.TU.Ap4.4961,0
evm.TU.Ap4.4962,0
evm.TU.Ap4.4963,0
evm.TU.Ap4.4964,0
evm.TU.Ap4.497,0
evm.TU.Ap4.4970,0
evm.TU.Ap4.4972,0
evm.TU.Ap4.4973,0
evm.TU.Ap4.4974,0
evm.TU.Ap4.4975,0
evm.TU.Ap4.4978,0
evm.TU.Ap4.498,0
evm.TU.Ap4.500,0
evm.TU.Ap4.5010,1
evm.TU.Ap4.5012,0
evm.TU.Ap4.5016,0
evm.TU.Ap4.5037,0
evm.TU.Ap4.5038,0
evm.TU.Ap4.5052,0
evm.TU.Ap4.5054,0
evm.TU.Ap4.5055,0
evm.TU.Ap4.5062,0
evm.TU.Ap4.5063,0
evm.TU.Ap4.5064,0
evm.TU.Ap4.5065,0
evm.TU.Ap4.5068_evm.TU.Ap4.5070,0
evm.TU.Ap4.5078,0
evm.TU.Ap4.5079,0
evm.TU.Ap4.508,0
evm.TU.Ap4.5084,0
evm.TU.Ap4.5087,0
evm.TU.Ap4.5088_evm.TU.Ap4.5091,0
evm.TU.Ap4.5092,0
evm.TU.Ap4.5093,0
evm.TU.Ap4.5095,0
evm.TU.Ap4.5096,0
evm.TU.Ap4.5097,0
evm.TU.Ap4.5098,0
evm.TU.Ap4.5099,0
evm.TU.Ap4.510,0
evm.TU.Ap4.5100,0
evm.TU.Ap4.5101,0
evm.TU.Ap4.5103,0
evm.TU.Ap4.5106,0
evm.TU.Ap4.5107,0
evm.TU.Ap4.511,1
evm.TU.Ap4.5113,0
evm.TU.Ap4.5114,0
evm.TU.Ap4.5119,1
evm.TU.Ap4.513,0
evm.TU.Ap4.516,0
evm.TU.Ap4.5162,0
evm.TU.Ap4.5163,0
evm.TU.Ap4.5166,0
evm.TU.Ap4.5168,0
evm.TU.Ap4.517,1
evm.TU.Ap4.5186,1
evm.TU.Ap4.52,0
evm.TU.Ap4.520,0
evm.TU.Ap4.5205,0
evm.TU.Ap4.5208,0
evm.TU.Ap4.521,0
evm.TU.Ap4.5211,0
evm.TU.Ap4.5213,0
evm.TU.Ap4.5217,0
evm.TU.Ap4.522,0
evm.TU.Ap4.5223,0
evm.TU.Ap4.5224,0
evm.TU.Ap4.5225,0
evm.TU.Ap4.5228,0
evm.TU.Ap4.5229,0
evm.TU.Ap4.5237,0
evm.TU.Ap4.524,0
evm.TU.Ap4.525,0
evm.TU.Ap4.5251,0
evm.TU.Ap4.5259,0
evm.TU.Ap4.5260,0
evm.TU.Ap4.5261,0
evm.TU.Ap4.5262,0
evm.TU.Ap4.5264,1
evm.TU.Ap4.5269,1
evm.TU.Ap4.5270,0
evm.TU.Ap4.5278,0
evm.TU.Ap4.5280,1
evm.TU.Ap4.5283,0
evm.TU.Ap4.5286,0
evm.TU.Ap4.5287,0
evm.TU.Ap4.5288,0
evm.TU.Ap4.529,0
evm.TU.Ap4.5290,0
evm.TU.Ap4.5294,0
evm.TU.Ap4.5295,0
evm.TU.Ap4.53,0
evm.TU.Ap4.530,0
evm.TU.Ap4.5300,0
evm.TU.Ap4.5303,0
evm.TU.Ap4.5306,0
evm.TU.Ap4.5307,0
evm.TU.Ap4.5316,0
evm.TU.Ap4.5319,0
evm.TU.Ap4.5320,1
evm.TU.Ap4.533,0
evm.TU.Ap4.5338,0
evm.TU.Ap4.534,0
evm.TU.Ap4.5340,0
evm.TU.Ap4.5341,0
evm.TU.Ap4.5346_evm.TU.Ap4.5348,0
evm.TU.Ap4.535,0
evm.TU.Ap4.5352,0
evm.TU.Ap4.5357,0
evm.TU.Ap4.5359,0
evm.TU.Ap4.5360,1
evm.TU.Ap4.5361,1
evm.TU.Ap4.5365,1
evm.TU.Ap4.5366,1
evm.TU.Ap4.5368_evm.TU.Ap4.5386,0
evm.TU.Ap4.538,0
evm.TU.Ap4.539,0
evm.TU.Ap4.5392,0
evm.TU.Ap4.5394,1
evm.TU.Ap4.54,0
evm.TU.Ap4.540,0
evm.TU.Ap4.5401,0
evm.TU.Ap4.5402,0
evm.TU.Ap4.5403,0
evm.TU.Ap4.5404,0
evm.TU.Ap4.5409,1
evm.TU.Ap4.541,0
evm.TU.Ap4.5413,0
evm.TU.Ap4.5414,1
evm.TU.Ap4.5416,0
evm.TU.Ap4.5417,0
evm.TU.Ap4.5419,0
evm.TU.Ap4.5420,0
evm.TU.Ap4.5423,0
evm.TU.Ap4.5424,0
evm.TU.Ap4.5425,0
evm.TU.Ap4.5426,0
evm.TU.Ap4.543,0
evm.TU.Ap4.5435,0
evm.TU.Ap4.5436,0
evm.TU.Ap4.544,0
evm.TU.Ap4.5442,0
evm.TU.Ap4.5443,0
evm.TU.Ap4.545,1
evm.TU.Ap4.5466,0
evm.TU.Ap4.5469,0
evm.TU.Ap4.5470,0
evm.TU.Ap4.5471,0
evm.TU.Ap4.5472,0
evm.TU.Ap4.5475,1
evm.TU.Ap4.548,0
evm.TU.Ap4.5482,0
evm.TU.Ap4.5483,1
evm.TU.Ap4.5484,0
evm.TU.Ap4.5487,0
evm.TU.Ap4.5488,0
evm.TU.Ap4.5489,0
evm.TU.Ap4.5490,0
evm.TU.Ap4.5492,0
evm.TU.Ap4.5493,0
evm.TU.Ap4.5494,0
evm.TU.Ap4.5496,0
evm.TU.Ap4.5497,0
evm.TU.Ap4.55,0
evm.TU.Ap4.550,1
evm.TU.Ap4.5500,0
evm.TU.Ap4.5501,0
evm.TU.Ap4.5502,0
evm.TU.Ap4.5504,0
evm.TU.Ap4.5505,0
evm.TU.Ap4.5508,0
evm.TU.Ap4.5509,1
evm.TU.Ap4.5512,0
evm.TU.Ap4.5514,0
evm.TU.Ap4.5517,1
evm.TU.Ap4.552,1
evm.TU.Ap4.5521,0
evm.TU.Ap4.5530,0
evm.TU.Ap4.5535,0
evm.TU.Ap4.556,1
evm.TU.Ap4.558,0
evm.TU.Ap4.5599,1
evm.TU.Ap4.5602,0
evm.TU.Ap4.5603,1
evm.TU.Ap4.5605,0
evm.TU.Ap4.5608,0
evm.TU.Ap4.5609,0
evm.TU.Ap4.5610,0
evm.TU.Ap4.5611,0
evm.TU.Ap4.5623,1
evm.TU.Ap4.5625,0
evm.TU.Ap4.563,0
evm.TU.Ap4.5636,0
evm.TU.Ap4.5637,0
evm.TU.Ap4.5639,0
evm.TU.Ap4.564,0
evm.TU.Ap4.5640,0
evm.TU.Ap4.5641,0
evm.TU.Ap4.5643,0
evm.TU.Ap4.5646,1
evm.TU.Ap4.5647,1
evm.TU.Ap4.5649,0
evm.TU.Ap4.565,0
evm.TU.Ap4.5650,0
evm.TU.Ap4.5651,0
evm.TU.Ap4.5653,1
evm.TU.Ap4.5654,0
evm.TU.Ap4.5656,0
evm.TU.Ap4.5658,0
evm.TU.Ap4.5660,0
evm.TU.Ap4.5661,0
evm.TU.Ap4.5662,0
evm.TU.Ap4.5666,0
evm.TU.Ap4.5667_evm.TU.Ap4.5670,1
evm.TU.Ap4.5672,0
evm.TU.Ap4.5673,0
evm.TU.Ap4.5678,0
evm.TU.Ap4.5688,0
evm.TU.Ap4.5690,0
evm.TU.Ap4.5691_evm.TU.Ap4.5692,0
evm.TU.Ap4.5693,1
evm.TU.Ap4.5695,0
evm.TU.Ap4.5698,0
evm.TU.Ap4.57,0
evm.TU.Ap4.570,0
evm.TU.Ap4.5700,0
evm.TU.Ap4.5701,0
evm.TU.Ap4.5708,0
evm.TU.Ap4.5723,0
evm.TU.Ap4.5724,0
evm.TU.Ap4.574,0
evm.TU.Ap4.5740,0
evm.TU.Ap4.5759,1
evm.TU.Ap4.5761,0
evm.TU.Ap4.5763,0
evm.TU.Ap4.5773,0
evm.TU.Ap4.5774,0
evm.TU.Ap4.5777,0
evm.TU.Ap4.5783,0
evm.TU.Ap4.5789,0
evm.TU.Ap4.5792,0
evm.TU.Ap4.5799,0
evm.TU.Ap4.5800,0
evm.TU.Ap4.5803,0
evm.TU.Ap4.5804,0
evm.TU.Ap4.5805,1
evm.TU.Ap4.5819,0
evm.TU.Ap4.583,0
evm.TU.Ap4.5834,1
evm.TU.Ap4.5835,0
evm.TU.Ap4.5848,0
evm.TU.Ap4.585,0
evm.TU.Ap4.5852,0
evm.TU.Ap4.5857,0
evm.TU.Ap4.5860,0
evm.TU.Ap4.5862,0
evm.TU.Ap4.5863,0
evm.TU.Ap4.5868,0
evm.TU.Ap4.5869,0
evm.TU.Ap4.587,1
evm.TU.Ap4.5870,0
evm.TU.Ap4.5872,0
evm.TU.Ap4.5874,1
evm.TU.Ap4.5875,0
evm.TU.Ap4.5878,0
evm.TU.Ap4.588,0
evm.TU.Ap4.5880,0
evm.TU.Ap4.5881,1
evm.TU.Ap4.5884,0
evm.TU.Ap4.5885,0
evm.TU.Ap4.5887,1
evm.TU.Ap4.5891,0
evm.TU.Ap4.59,0
evm.TU.Ap4.5906,0
evm.TU.Ap4.5908,0
evm.TU.Ap4.5909,1
evm.TU.Ap4.591,0
evm.TU.Ap4.5910,1
evm.TU.Ap4.5913,0
evm.TU.Ap4.5914,0
evm.TU.Ap4.5915,0
evm.TU.Ap4.5916,0
evm.TU.Ap4.5917,0
evm.TU.Ap4.5920,0
evm.TU.Ap4.5929,0
evm.TU.Ap4.5933,0
evm.TU.Ap4.5937,0
evm.TU.Ap4.5938,0
evm.TU.Ap4.5942,0
evm.TU.Ap4.5944,0
evm.TU.Ap4.5945,0
evm.TU.Ap4.5949,0
evm.TU.Ap4.595,0
evm.TU.Ap4.5951,0
evm.TU.Ap4.5954,0
evm.TU.Ap4.5956,0
evm.TU.Ap4.5958,0
evm.TU.Ap4.5961,0
evm.TU.Ap4.5968_evm.TU.Ap4.5971,0
evm.TU.Ap4.5972,0
evm.TU.Ap4.5979,0
evm.TU.Ap4.5985,0
evm.TU.Ap4.5987,0
evm.TU.Ap4.599,0
evm.TU.Ap4.5990,0
evm.TU.Ap4.5991,0
evm.TU.Ap4.5999,0
evm.TU.Ap4.60,0
evm.TU.Ap4.6007,0
evm.TU.Ap4.602,0
evm.TU.Ap4.6025,0
evm.TU.Ap4.6030,0
evm.TU.Ap4.6032,0
evm.TU.Ap4.6049,0
evm.TU.Ap4.6058,1
evm.TU.Ap4.6059,0
evm.TU.Ap4.6083,0
evm.TU.Ap4.6084,0
evm.TU.Ap4.6087_evm.TU.Ap4.6088,0
evm.TU.Ap4.6089,0
evm.TU.Ap4.6090,0
evm.TU.Ap4.6091,1
evm.TU.Ap4.6094,0
evm.TU.Ap4.6098,0
evm.TU.Ap4.61,0
evm.TU.Ap4.6101,0
evm.TU.Ap4.6102,0
evm.TU.Ap4.6105,0
evm.TU.Ap4.6107,0
evm.TU.Ap4.6112,0
evm.TU.Ap4.6114,0
evm.TU.Ap4.6116,0
evm.TU.Ap4.6117,0
evm.TU.Ap4.6121,0
evm.TU.Ap4.6124,1
evm.TU.Ap4.6127,0
evm.TU.Ap4.6128,0
evm.TU.Ap4.6129,0
evm.TU.Ap4.6132,0
evm.TU.Ap4.6140,0
evm.TU.Ap4.6141,0
evm.TU.Ap4.6142,0
evm.TU.Ap4.6144,0
evm.TU.Ap4.6145,0
evm.TU.Ap4.6160,1
evm.TU.Ap4.6165,0
evm.TU.Ap4.6173,0
evm.TU.Ap4.6174,0
evm.TU.Ap4.6186,0
evm.TU.Ap4.6187,0
evm.TU.Ap4.6192,0
evm.TU.Ap4.6193,0
evm.TU.Ap4.6196,0
evm.TU.Ap4.6198,1
evm.TU.Ap4.6199,0
evm.TU.Ap4.62,0
evm.TU.Ap4.6207,0
evm.TU.Ap4.6217,0
evm.TU.Ap4.6233,0
evm.TU.Ap4.6234,0
evm.TU.Ap4.6236,0
evm.TU.Ap4.6239,0
evm.TU.Ap4.6257,0
evm.TU.Ap4.6258,0
evm.TU.Ap4.6259,0
evm.TU.Ap4.6260,0
evm.TU.Ap4.6261,0
evm.TU.Ap4.6265,0
evm.TU.Ap4.6269,0
evm.TU.Ap4.6273,0
evm.TU.Ap4.6274,0
evm.TU.Ap4.6276,0
evm.TU.Ap4.6277,0
evm.TU.Ap4.6278,1
evm.TU.Ap4.6279,0
evm.TU.Ap4.6280,1
evm.TU.Ap4.6281,0
evm.TU.Ap4.6284,0
evm.TU.Ap4.6285_evm.TU.Ap4.6286,0
evm.TU.Ap4.6287,0
evm.TU.Ap4.6288,0
evm.TU.Ap4.629,0
evm.TU.Ap4.6290,0
evm.TU.Ap4.6295,0
evm.TU.Ap4.6298,0
evm.TU.Ap4.6299,1
evm.TU.Ap4.6301,1
evm.TU.Ap4.6303,0
evm.TU.Ap4.6304,0
evm.TU.Ap4.631,0
evm.TU.Ap4.6310,0
evm.TU.Ap4.6313,1
evm.TU.Ap4.6317,0
evm.TU.Ap4.6318,0
evm.TU.Ap4.6319,0
evm.TU.Ap4.632,0
evm.TU.Ap4.633,0
evm.TU.Ap4.6336,0
evm.TU.Ap4.6343,0
evm.TU.Ap4.635,1
evm.TU.Ap4.6355,0
evm.TU.Ap4.6356,0
evm.TU.Ap4.6359,0
evm.TU.Ap4.6367,0
evm.TU.Ap4.6368,0
evm.TU.Ap4.6369,0
evm.TU.Ap4.637,0
evm.TU.Ap4.6371,0
evm.TU.Ap4.6372,0
evm.TU.Ap4.6373,0
evm.TU.Ap4.638,1
evm.TU.Ap4.6381,0
evm.TU.Ap4.6382,0
evm.TU.Ap4.6383,0
evm.TU.Ap4.6389,0
evm.TU.Ap4.639,0
evm.TU.Ap4.64,0
evm.TU.Ap4.6400,0
evm.TU.Ap4.6401,0
evm.TU.Ap4.6402,0
evm.TU.Ap4.6403,0
evm.TU.Ap4.6404,0
evm.TU.Ap4.6406,0
evm.TU.Ap4.6407,0
evm.TU.Ap4.6424,0
evm.TU.Ap4.6426,0
evm.TU.Ap4.6428,1
evm.TU.Ap4.644,0
evm.TU.Ap4.645,1
evm.TU.Ap4.6459,0
evm.TU.Ap4.646,0
evm.TU.Ap4.6461,0
evm.TU.Ap4.6466,0
evm.TU.Ap4.6468,1
evm.TU.Ap4.6479,0
evm.TU.Ap4.649,0
evm.TU.Ap4.6496,0
evm.TU.Ap4.6497,0
evm.TU.Ap4.6499,0
evm.TU.Ap4.6500,0
evm.TU.Ap4.6503,0
evm.TU.Ap4.6507,0
evm.TU.Ap4.6509,0
evm.TU.Ap4.651,0
evm.TU.Ap4.6523,0
evm.TU.Ap4.6525,0
evm.TU.Ap4.6529,0
evm.TU.Ap4.6530,0
evm.TU.Ap4.6531,0
evm.TU.Ap4.6532,0
evm.TU.Ap4.6534,0
evm.TU.Ap4.6536,0
evm.TU.Ap4.6537,0
evm.TU.Ap4.6559,0
evm.TU.Ap4.6560,0
evm.TU.Ap4.6562,0
evm.TU.Ap4.6563,0
evm.TU.Ap4.6567,0
evm.TU.Ap4.6573,0
evm.TU.Ap4.6574,1
evm.TU.Ap4.6577,0
evm.TU.Ap4.6578,0
evm.TU.Ap4.6580,0
evm.TU.Ap4.6581,0
evm.TU.Ap4.6582,0
evm.TU.Ap4.6585,0
evm.TU.Ap4.6586,0
evm.TU.Ap4.6590,0
evm.TU.Ap4.6594,0
evm.TU.Ap4.6596,0
evm.TU.Ap4.6597,0
evm.TU.Ap4.660,0
evm.TU.Ap4.6600,0
evm.TU.Ap4.6601,1
evm.TU.Ap4.6602,0
evm.TU.Ap4.6605,0
evm.TU.Ap4.6609,0
evm.TU.Ap4.661,0
evm.TU.Ap4.6620,0
evm.TU.Ap4.6621,0
evm.TU.Ap4.6622,0
evm.TU.Ap4.6623,0
evm.TU.Ap4.6626,0
evm.TU.Ap4.6629,0
evm.TU.Ap4.6632,0
evm.TU.Ap4.6634,0
evm.TU.Ap4.6636,0
evm.TU.Ap4.664,0
evm.TU.Ap4.6642,0
evm.TU.Ap4.6645,0
evm.TU.Ap4.6647,0
evm.TU.Ap4.6652,0
evm.TU.Ap4.6656,1
evm.TU.Ap4.6657,0
evm.TU.Ap4.6658,0
evm.TU.Ap4.6659,0
evm.TU.Ap4.6665,0
evm.TU.Ap4.667,0
evm.TU.Ap4.6673,0
evm.TU.Ap4.6675,0
evm.TU.Ap4.668,0
evm.TU.Ap4.669,0
evm.TU.Ap4.6695,0
evm.TU.Ap4.6696,0
evm.TU.Ap4.6736,0
evm.TU.Ap4.6737,0
evm.TU.Ap4.6738,0
evm.TU.Ap4.6739,0
evm.TU.Ap4.6740,0
evm.TU.Ap4.6741,0
evm.TU.Ap4.6745,0
evm.TU.Ap4.6747,0
evm.TU.Ap4.6757,0
evm.TU.Ap4.6759,1
evm.TU.Ap4.6760,0
evm.TU.Ap4.6761,0
evm.TU.Ap4.6763,1
evm.TU.Ap4.6767,0
evm.TU.Ap4.677,0
evm.TU.Ap4.6771,0
evm.TU.Ap4.6778,1
evm.TU.Ap4.6779,0
evm.TU.Ap4.678,1
evm.TU.Ap4.6785,0
evm.TU.Ap4.679,0
evm.TU.Ap4.6794,0
evm.TU.Ap4.6797,0
evm.TU.Ap4.6799,1
evm.TU.Ap4.68,0
evm.TU.Ap4.680,1
evm.TU.Ap4.6801,0
evm.TU.Ap4.6805,0
evm.TU.Ap4.681,1
evm.TU.Ap4.6811,0
evm.TU.Ap4.6812,0
evm.TU.Ap4.6813,1
evm.TU.Ap4.6814,0
evm.TU.Ap4.6819,0
evm.TU.Ap4.6829,0
evm.TU.Ap4.6833_evm.TU.Ap4.6834,0
evm.TU.Ap4.6836,0
evm.TU.Ap4.6837,0
evm.TU.Ap4.6838,0
evm.TU.Ap4.684,0
evm.TU.Ap4.6846,0
evm.TU.Ap4.6847,0
evm.TU.Ap4.6849,0
evm.TU.Ap4.6851,0
evm.TU.Ap4.6853,0
evm.TU.Ap4.6855,1
evm.TU.Ap4.6858,0
evm.TU.Ap4.6860,0
evm.TU.Ap4.6862,0
evm.TU.Ap4.6863,0
evm.TU.Ap4.6864,0
evm.TU.Ap4.687,0
evm.TU.Ap4.6872,0
evm.TU.Ap4.6873,0
evm.TU.Ap4.6874,0
evm.TU.Ap4.6878,0
evm.TU.Ap4.6882,0
evm.TU.Ap4.6883,0
evm.TU.Ap4.6889,0
evm.TU.Ap4.689,0
evm.TU.Ap4.6894,0
evm.TU.Ap4.6896,1
evm.TU.Ap4.69,0
evm.TU.Ap4.6901,0
evm.TU.Ap4.6905,0
evm.TU.Ap4.6923,0
evm.TU.Ap4.6926,0
evm.TU.Ap4.6927,0
evm.TU.Ap4.6928,0
evm.TU.Ap4.6929,0
evm.TU.Ap4.6930,0
evm.TU.Ap4.6931,0
evm.TU.Ap4.6932,0
evm.TU.Ap4.6933,0
evm.TU.Ap4.6938,0
evm.TU.Ap4.6940,0
evm.TU.Ap4.6941,0
evm.TU.Ap4.6944_evm.TU.Ap4.6946,1
evm.TU.Ap4.695,1
evm.TU.Ap4.6951,1
evm.TU.Ap4.6952,0
evm.TU.Ap4.6953,0
evm.TU.Ap4.6958,0
evm.TU.Ap4.696,0
evm.TU.Ap4.6960_evm.TU.Ap4.6961,0
evm.TU.Ap4.6963,0
evm.TU.Ap4.6964,0
evm.TU.Ap4.6976,0
evm.TU.Ap4.6977,0
evm.TU.Ap4.6979,0
evm.TU.Ap4.6982,0
evm.TU.Ap4.6983,0
evm.TU.Ap4.6984,1
evm.TU.Ap4.6985,0
evm.TU.Ap4.6986,0
evm.TU.Ap4.6987,0
evm.TU.Ap4.6992,0
evm.TU.Ap4.6999,0
evm.TU.Ap4.7000,0
evm.TU.Ap4.7001,0
evm.TU.Ap4.7005,0
evm.TU.Ap4.7009,0
evm.TU.Ap4.7010,0
evm.TU.Ap4.7011,0
evm.TU.Ap4.7012,0
evm.TU.Ap4.7014,0
evm.TU.Ap4.7015,0
evm.TU.Ap4.7016,0
evm.TU.Ap4.7017,0
evm.TU.Ap4.7018,0
evm.TU.Ap4.7019,0
evm.TU.Ap4.7023,0
evm.TU.Ap4.7029,0
evm.TU.Ap4.7037,0
evm.TU.Ap4.7040,0
evm.TU.Ap4.7045,0
evm.TU.Ap4.7046,0
evm.TU.Ap4.7050,0
evm.TU.Ap4.7052,0
evm.TU.Ap4.7053,0
evm.TU.Ap4.7054,0
evm.TU.Ap4.7059,0
evm.TU.Ap4.7067,0
evm.TU.Ap4.7069,0
evm.TU.Ap4.7070,0
evm.TU.Ap4.7071,0
evm.TU.Ap4.7072,0
evm.TU.Ap4.7075,0
evm.TU.Ap4.7077,1
evm.TU.Ap4.7081,0
evm.TU.Ap4.7087,0
evm.TU.Ap4.7092,0
evm.TU.Ap4.7096,0
evm.TU.Ap4.7097,0
evm.TU.Ap4.7101,0
evm.TU.Ap4.7105,0
evm.TU.Ap4.7108,0
evm.TU.Ap4.7116,0
evm.TU.Ap4.7121,0
evm.TU.Ap4.7122,1
evm.TU.Ap4.7125,0
evm.TU.Ap4.7127,0
evm.TU.Ap4.7129,0
evm.TU.Ap4.7130,0
evm.TU.Ap4.7133,0
evm.TU.Ap4.7134,0
evm.TU.Ap4.7137,0
evm.TU.Ap4.7139,1
evm.TU.Ap4.7143,1
evm.TU.Ap4.7144,0
evm.TU.Ap4.7145,0
evm.TU.Ap4.7156,1
evm.TU.Ap4.7157,0
evm.TU.Ap4.7162,1
evm.TU.Ap4.7164,0
evm.TU.Ap4.7165,1
evm.TU.Ap4.7167,0
evm.TU.Ap4.7168,1
evm.TU.Ap4.7170,1
evm.TU.Ap4.7177,1
evm.TU.Ap4.7178,0
evm.TU.Ap4.7180,0
evm.TU.Ap4.7184,1
evm.TU.Ap4.7186,0
evm.TU.Ap4.7191,1
evm.TU.Ap4.7193,0
evm.TU.Ap4.7198,0
evm.TU.Ap4.7214,1
evm.TU.Ap4.7215,1
evm.TU.Ap4.7216,1
evm.TU.Ap4.7217,1
evm.TU.Ap4.7219,1
evm.TU.Ap4.7220,0
evm.TU.Ap4.7222,1
evm.TU.Ap4.7224,0
evm.TU.Ap4.7226,0
evm.TU.Ap4.7233,0
evm.TU.Ap4.7242,0
evm.TU.Ap4.7244,0
evm.TU.Ap4.7247,0
evm.TU.Ap4.7248,0
evm.TU.Ap4.7249,0
evm.TU.Ap4.7250,0
evm.TU.Ap4.7257,0
evm.TU.Ap4.7261,0
evm.TU.Ap4.7265,0
evm.TU.Ap4.7266,0
evm.TU.Ap4.7268,0
evm.TU.Ap4.7269,0
evm.TU.Ap4.7270,0
evm.TU.Ap4.7275,0
evm.TU.Ap4.7278,0
evm.TU.Ap4.7280,0
evm.TU.Ap4.7281,0
evm.TU.Ap4.7283,0
evm.TU.Ap4.7284,0
evm.TU.Ap4.7286,0
evm.TU.Ap4.7288,0
evm.TU.Ap4.7298,0
evm.TU.Ap4.7299,0
evm.TU.Ap4.730,0
evm.TU.Ap4.7302,0
evm.TU.Ap4.7305,0
evm.TU.Ap4.7306,0
evm.TU.Ap4.7307,0
evm.TU.Ap4.7308,0
evm.TU.Ap4.7309,0
evm.TU.Ap4.731,0
evm.TU.Ap4.7311,0
evm.TU.Ap4.7317,0
evm.TU.Ap4.7318,0
evm.TU.Ap4.7319,1
evm.TU.Ap4.7322,0
evm.TU.Ap4.7324,0
evm.TU.Ap4.7325,0
evm.TU.Ap4.7328,0
evm.TU.Ap4.7329,0
evm.TU.Ap4.733,0
evm.TU.Ap4.7330,0
evm.TU.Ap4.7331,0
evm.TU.Ap4.7333,0
evm.TU.Ap4.7335,0
evm.TU.Ap4.7338,0
evm.TU.Ap4.7343,0
evm.TU.Ap4.736,0
evm.TU.Ap4.7360,0
evm.TU.Ap4.7363,0
evm.TU.Ap4.748,0
evm.TU.Ap4.751,0
evm.TU.Ap4.759,0
evm.TU.Ap4.763,0
evm.TU.Ap4.764,1
evm.TU.Ap4.767,0
evm.TU.Ap4.768,0
evm.TU.Ap4.769,0
evm.TU.Ap4.777,0
evm.TU.Ap4.783,1
evm.TU.Ap4.784,0
evm.TU.Ap4.785,0
evm.TU.Ap4.787,0
evm.TU.Ap4.788,0
evm.TU.Ap4.789,0
evm.TU.Ap4.790,0
evm.TU.Ap4.791,0
evm.TU.Ap4.797,0
evm.TU.Ap4.814,0
evm.TU.Ap4.815,0
evm.TU.Ap4.821,0
evm.TU.Ap4.822,0
evm.TU.Ap4.825,1
evm.TU.Ap4.827,0
evm.TU.Ap4.828,0
evm.TU.Ap4.829,0
evm.TU.Ap4.830,0
evm.TU.Ap4.831,0
evm.TU.Ap4.834,1
evm.TU.Ap4.835,0
evm.TU.Ap4.839_evm.TU.Ap4.840_evm.TU.Ap4.841,0
evm.TU.Ap4.848,0
evm.TU.Ap4.858,0
evm.TU.Ap4.859,0
evm.TU.Ap4.862,1
evm.TU.Ap4.863,0
evm.TU.Ap4.864,0
evm.TU.Ap4.865,0
evm.TU.Ap4.869,0
evm.TU.Ap4.875,0
evm.TU.Ap4.876,1
evm.TU.Ap4.879,1
evm.TU.Ap4.881,1
evm.TU.Ap4.882,0
evm.TU.Ap4.884,0
evm.TU.Ap4.887,0
evm.TU.Ap4.890,0
evm.TU.Ap4.893,0
evm.TU.Ap4.895,0
evm.TU.Ap4.901,0
evm.TU.Ap4.909,0
evm.TU.Ap4.914,0
evm.TU.Ap4.917,0
evm.TU.Ap4.922,0
evm.TU.Ap4.93,0
evm.TU.Ap4.938,1
evm.TU.Ap4.941,0
evm.TU.Ap4.942,0
evm.TU.Ap4.943,0
evm.TU.Ap4.944,0
evm.TU.Ap4.946,0
evm.TU.Ap4.947,0
evm.TU.Ap4.949,0
evm.TU.Ap4.951,0
evm.TU.Ap4.952,0
evm.TU.Ap4.953,0
evm.TU.Ap4.955,0
evm.TU.Ap4.961,0
evm.TU.Ap4.962,0
evm.TU.Ap4.99,0
evm.TU.Ap5.100,0
evm.TU.Ap5.1000,0
evm.TU.Ap5.1002,0
evm.TU.Ap5.1003,0
evm.TU.Ap5.1004,0
evm.TU.Ap5.1006,0
evm.TU.Ap5.1008,0
evm.TU.Ap5.101,0
evm.TU.Ap5.1010,0
evm.TU.Ap5.1016,0
evm.TU.Ap5.1017,0
evm.TU.Ap5.1019,0
evm.TU.Ap5.102,0
evm.TU.Ap5.1021,0
evm.TU.Ap5.1023,0
evm.TU.Ap5.1024,0
evm.TU.Ap5.1025,0
evm.TU.Ap5.1027,0
evm.TU.Ap5.103,0
evm.TU.Ap5.1033,0
evm.TU.Ap5.1034,0
evm.TU.Ap5.104,0
evm.TU.Ap5.1041,1
evm.TU.Ap5.1042,0
evm.TU.Ap5.1043,1
evm.TU.Ap5.1044,0
evm.TU.Ap5.1045,0
evm.TU.Ap5.1049,0
evm.TU.Ap5.1050,0
evm.TU.Ap5.1054,0
evm.TU.Ap5.1062,1
evm.TU.Ap5.1064,0
evm.TU.Ap5.1086_evm.TU.Ap5.1088,0
evm.TU.Ap5.1089,1
evm.TU.Ap5.1097,0
evm.TU.Ap5.1098,0
evm.TU.Ap5.11,0
evm.TU.Ap5.1100,0
evm.TU.Ap5.1104,0
evm.TU.Ap5.1105,0
evm.TU.Ap5.1106,0
evm.TU.Ap5.1108,0
evm.TU.Ap5.1109,0
evm.TU.Ap5.111,0
evm.TU.Ap5.1110,0
evm.TU.Ap5.1111,0
evm.TU.Ap5.1112,0
evm.TU.Ap5.1113,0
evm.TU.Ap5.1114,0
evm.TU.Ap5.1115,0
evm.TU.Ap5.1120,0
evm.TU.Ap5.1124,0
evm.TU.Ap5.1125,0
evm.TU.Ap5.1126,0
evm.TU.Ap5.1127,0
evm.TU.Ap5.1128,0
evm.TU.Ap5.113,0
evm.TU.Ap5.1131,0
evm.TU.Ap5.1132,0
evm.TU.Ap5.1133,0
evm.TU.Ap5.1135,0
evm.TU.Ap5.1136,0
evm.TU.Ap5.1137,0
evm.TU.Ap5.114,0
evm.TU.Ap5.1141,0
evm.TU.Ap5.1142,1
evm.TU.Ap5.1145,0
evm.TU.Ap5.1147,0
evm.TU.Ap5.1151,0
evm.TU.Ap5.1155,0
evm.TU.Ap5.1156_evm.TU.Ap5.1161,0
evm.TU.Ap5.116,0
evm.TU.Ap5.117,0
evm.TU.Ap5.1175,0
evm.TU.Ap5.118,0
evm.TU.Ap5.1185,0
evm.TU.Ap5.1189,0
evm.TU.Ap5.1190,0
evm.TU.Ap5.1192,0
evm.TU.Ap5.1195,0
evm.TU.Ap5.1196,0
evm.TU.Ap5.1201,0
evm.TU.Ap5.1204,0
evm.TU.Ap5.1205,0
evm.TU.Ap5.1206,0
evm.TU.Ap5.1208,0
evm.TU.Ap5.121,0
evm.TU.Ap5.1216,0
evm.TU.Ap5.1217,0
evm.TU.Ap5.1218,0
evm.TU.Ap5.1219,1
evm.TU.Ap5.1220,0
evm.TU.Ap5.1223_evm.TU.Ap5.1224,0
evm.TU.Ap5.1233,0
evm.TU.Ap5.1242,0
evm.TU.Ap5.1245,0
evm.TU.Ap5.1246,0
evm.TU.Ap5.1247,0
evm.TU.Ap5.1255,0
evm.TU.Ap5.1262,0
evm.TU.Ap5.1264,0
evm.TU.Ap5.1266,0
evm.TU.Ap5.1270,0
evm.TU.Ap5.1271,0
evm.TU.Ap5.1273,0
evm.TU.Ap5.1280,0
evm.TU.Ap5.1281,0
evm.TU.Ap5.1286,0
evm.TU.Ap5.1289,1
evm.TU.Ap5.1292,0
evm.TU.Ap5.13,0
evm.TU.Ap5.1315,0
evm.TU.Ap5.1316,0
evm.TU.Ap5.1319,0
evm.TU.Ap5.132,0
evm.TU.Ap5.1320,0
evm.TU.Ap5.1324,0
evm.TU.Ap5.1326,0
evm.TU.Ap5.1327,0
evm.TU.Ap5.1329,0
evm.TU.Ap5.133,0
evm.TU.Ap5.1334,1
evm.TU.Ap5.1335,0
evm.TU.Ap5.1336,0
evm.TU.Ap5.1337,0
evm.TU.Ap5.134,0
evm.TU.Ap5.1340,0
evm.TU.Ap5.1341,0
evm.TU.Ap5.1342,0
evm.TU.Ap5.1343,0
evm.TU.Ap5.1345,0
evm.TU.Ap5.1348,0
evm.TU.Ap5.1349,0
evm.TU.Ap5.1352,0
evm.TU.Ap5.1356,0
evm.TU.Ap5.1359,0
evm.TU.Ap5.1360,0
evm.TU.Ap5.137_evm.TU.Ap5.140,0
evm.TU.Ap5.1383,0
evm.TU.Ap5.1385,0
evm.TU.Ap5.1386,0
evm.TU.Ap5.1395,0
evm.TU.Ap5.14,0
evm.TU.Ap5.1408,0
evm.TU.Ap5.1409,0
evm.TU.Ap5.1410,0
evm.TU.Ap5.1412,0
evm.TU.Ap5.1417,0
evm.TU.Ap5.142,0
evm.TU.Ap5.1433,0
evm.TU.Ap5.1452,0
evm.TU.Ap5.1457,0
evm.TU.Ap5.1461,0
evm.TU.Ap5.1472,1
evm.TU.Ap5.1473,0
evm.TU.Ap5.1475,1
evm.TU.Ap5.1477,1
evm.TU.Ap5.1478,0
evm.TU.Ap5.1479,1
evm.TU.Ap5.1480,1
evm.TU.Ap5.1483,1
evm.TU.Ap5.1485,0
evm.TU.Ap5.1486,0
evm.TU.Ap5.1487,0
evm.TU.Ap5.1488,0
evm.TU.Ap5.149,0
evm.TU.Ap5.1493,0
evm.TU.Ap5.1494,0
evm.TU.Ap5.15,0
evm.TU.Ap5.1508,0
evm.TU.Ap5.151,0
evm.TU.Ap5.1510,0
evm.TU.Ap5.1524,0
evm.TU.Ap5.1525,0
evm.TU.Ap5.1533,0
evm.TU.Ap5.1534,0
evm.TU.Ap5.1535,0
evm.TU.Ap5.154,0
evm.TU.Ap5.1541,0
evm.TU.Ap5.1546,0
evm.TU.Ap5.155,0
evm.TU.Ap5.1552,0
evm.TU.Ap5.1553,0
evm.TU.Ap5.159,0
evm.TU.Ap5.1591,1
evm.TU.Ap5.1594,1
evm.TU.Ap5.1595,1
evm.TU.Ap5.16,0
evm.TU.Ap5.160,1
evm.TU.Ap5.1602,0
evm.TU.Ap5.1609,0
evm.TU.Ap5.1610,1
evm.TU.Ap5.1611,1
evm.TU.Ap5.1612,1
evm.TU.Ap5.1614,1
evm.TU.Ap5.1615,0
evm.TU.Ap5.1617,0
evm.TU.Ap5.1621,0
evm.TU.Ap5.1639,0
evm.TU.Ap5.1641,0
evm.TU.Ap5.1642,0
evm.TU.Ap5.1643,0
evm.TU.Ap5.1646,1
evm.TU.Ap5.1650,0
evm.TU.Ap5.1651,0
evm.TU.Ap5.1652,0
evm.TU.Ap5.1654,0
evm.TU.Ap5.1661,0
evm.TU.Ap5.1663,0
evm.TU.Ap5.1669,0
evm.TU.Ap5.1672,0
evm.TU.Ap5.1676,0
evm.TU.Ap5.1679,1
evm.TU.Ap5.168,0
evm.TU.Ap5.17,0
evm.TU.Ap5.1706,0
evm.TU.Ap5.1707,0
evm.TU.Ap5.1710,0
evm.TU.Ap5.1712,1
evm.TU.Ap5.1713,0
evm.TU.Ap5.1718_evm.TU.Ap5.1714,1
evm.TU.Ap5.1728,1
evm.TU.Ap5.1729,1
evm.TU.Ap5.173,0
evm.TU.Ap5.1730,0
evm.TU.Ap5.1734,0
evm.TU.Ap5.1735,0
evm.TU.Ap5.1737,0
evm.TU.Ap5.1748,0
evm.TU.Ap5.1753,0
evm.TU.Ap5.1760,0
evm.TU.Ap5.1762,0
evm.TU.Ap5.1764,0
evm.TU.Ap5.1772,1
evm.TU.Ap5.179,0
evm.TU.Ap5.1791,0
evm.TU.Ap5.1793,0
evm.TU.Ap5.1795,0
evm.TU.Ap5.1798,0
evm.TU.Ap5.18,0
evm.TU.Ap5.180,0
evm.TU.Ap5.182,0
evm.TU.Ap5.1842,0
evm.TU.Ap5.185,0
evm.TU.Ap5.186,0
evm.TU.Ap5.1865,0
evm.TU.Ap5.1867,1
evm.TU.Ap5.1868,0
evm.TU.Ap5.1871,0
evm.TU.Ap5.1872,1
evm.TU.Ap5.1873,1
evm.TU.Ap5.1874,0
evm.TU.Ap5.1890,0
evm.TU.Ap5.1891,0
evm.TU.Ap5.1897,0
evm.TU.Ap5.1898,0
evm.TU.Ap5.1899,1
evm.TU.Ap5.19,0
evm.TU.Ap5.1901,0
evm.TU.Ap5.1902,0
evm.TU.Ap5.1916,0
evm.TU.Ap5.1917,0
evm.TU.Ap5.1918,0
evm.TU.Ap5.193,0
evm.TU.Ap5.1939,0
evm.TU.Ap5.194,0
evm.TU.Ap5.1946,1
evm.TU.Ap5.1947,0
evm.TU.Ap5.1948,0
evm.TU.Ap5.1949,0
evm.TU.Ap5.196,1
evm.TU.Ap5.197,0
evm.TU.Ap5.1977,0
evm.TU.Ap5.1978,0
evm.TU.Ap5.198,0
evm.TU.Ap5.1980,0
evm.TU.Ap5.1984,0
evm.TU.Ap5.1985,0
evm.TU.Ap5.20,0
evm.TU.Ap5.200,0
evm.TU.Ap5.202,0
evm.TU.Ap5.203,0
evm.TU.Ap5.2043,0
evm.TU.Ap5.205,0
evm.TU.Ap5.206,0
evm.TU.Ap5.2060,0
evm.TU.Ap5.2063,1
evm.TU.Ap5.2067,0
evm.TU.Ap5.207,0
evm.TU.Ap5.2071,0
evm.TU.Ap5.208,0
evm.TU.Ap5.2087,1
evm.TU.Ap5.2091,0
evm.TU.Ap5.2092,0
evm.TU.Ap5.2098,1
evm.TU.Ap5.2099,0
evm.TU.Ap5.2105,1
evm.TU.Ap5.2106,0
evm.TU.Ap5.211,0
evm.TU.Ap5.2110_evm.TU.Ap5.2111_evm.TU.Ap5.2120,0
evm.TU.Ap5.2122,0
evm.TU.Ap5.2123,0
evm.TU.Ap5.2138,0
evm.TU.Ap5.2139,0
evm.TU.Ap5.2140_evm.TU.Ap5.2142,0
evm.TU.Ap5.2143,0
evm.TU.Ap5.2144,0
evm.TU.Ap5.2145,0
evm.TU.Ap5.2146,0
evm.TU.Ap5.2162,0
evm.TU.Ap5.2164,0
evm.TU.Ap5.2166,1
evm.TU.Ap5.2167_evm.TU.Ap5.2177,0
evm.TU.Ap5.219,0
evm.TU.Ap5.2198,0
evm.TU.Ap5.22,1
evm.TU.Ap5.2206,0
evm.TU.Ap5.2208,1
evm.TU.Ap5.2211,1
evm.TU.Ap5.2214,0
evm.TU.Ap5.2215,0
evm.TU.Ap5.2218,0
evm.TU.Ap5.2219,0
evm.TU.Ap5.2223,0
evm.TU.Ap5.2224,0
evm.TU.Ap5.2238,0
evm.TU.Ap5.2239,0
evm.TU.Ap5.2244,0
evm.TU.Ap5.2245,0
evm.TU.Ap5.2246,0
evm.TU.Ap5.2248,0
evm.TU.Ap5.2249,0
evm.TU.Ap5.2250,0
evm.TU.Ap5.2258,0
evm.TU.Ap5.2260,0
evm.TU.Ap5.2269,0
evm.TU.Ap5.2275,0
evm.TU.Ap5.2276,0
evm.TU.Ap5.2277,0
evm.TU.Ap5.2281,0
evm.TU.Ap5.2282,0
evm.TU.Ap5.23,1
evm.TU.Ap5.231,0
evm.TU.Ap5.2319,1
evm.TU.Ap5.232,1
evm.TU.Ap5.2323,1
evm.TU.Ap5.2324,0
evm.TU.Ap5.2325,0
evm.TU.Ap5.2326,1
evm.TU.Ap5.2327,0
evm.TU.Ap5.2329,0
evm.TU.Ap5.2330,0
evm.TU.Ap5.2335,1
evm.TU.Ap5.2338,1
evm.TU.Ap5.2340,0
evm.TU.Ap5.2344,0
evm.TU.Ap5.2353,0
evm.TU.Ap5.2354,0
evm.TU.Ap5.2356,1
evm.TU.Ap5.2358,0
evm.TU.Ap5.2360,0
evm.TU.Ap5.2361,0
evm.TU.Ap5.2364,0
evm.TU.Ap5.2366,0
evm.TU.Ap5.2373,0
evm.TU.Ap5.2379,0
evm.TU.Ap5.2381,0
evm.TU.Ap5.2382,0
evm.TU.Ap5.2384,0
evm.TU.Ap5.2385,0
evm.TU.Ap5.2386,0
evm.TU.Ap5.2387,1
evm.TU.Ap5.2389,0
evm.TU.Ap5.2390,0
evm.TU.Ap5.2393,0
evm.TU.Ap5.2394,0
evm.TU.Ap5.2396,0
evm.TU.Ap5.2397,0
evm.TU.Ap5.24,0
evm.TU.Ap5.240,0
evm.TU.Ap5.2407,0
evm.TU.Ap5.241,0
evm.TU.Ap5.2411,0
evm.TU.Ap5.2412,0
evm.TU.Ap5.2413,0
evm.TU.Ap5.242,0
evm.TU.Ap5.243,0
evm.TU.Ap5.244,1
evm.TU.Ap5.2448,0
evm.TU.Ap5.2450,0
evm.TU.Ap5.2451,0
evm.TU.Ap5.2454,0
evm.TU.Ap5.2456,0
evm.TU.Ap5.2459,0
evm.TU.Ap5.246,0
evm.TU.Ap5.247,1
evm.TU.Ap5.2471,0
evm.TU.Ap5.2473,0
evm.TU.Ap5.2522,0
evm.TU.Ap5.2531,0
evm.TU.Ap5.2539,0
evm.TU.Ap5.2541,0
evm.TU.Ap5.2567,0
evm.TU.Ap5.257,1
evm.TU.Ap5.2577,0
evm.TU.Ap5.2578,1
evm.TU.Ap5.2579,0
evm.TU.Ap5.2583,0
evm.TU.Ap5.259,0
evm.TU.Ap5.2591,0
evm.TU.Ap5.2592,0
evm.TU.Ap5.2593,0
evm.TU.Ap5.260,0
evm.TU.Ap5.2605,0
evm.TU.Ap5.2606,0
evm.TU.Ap5.2607,0
evm.TU.Ap5.2608,1
evm.TU.Ap5.261,0
evm.TU.Ap5.2611,0
evm.TU.Ap5.2612,0
evm.TU.Ap5.2613,0
evm.TU.Ap5.2619,0
evm.TU.Ap5.2629,0
evm.TU.Ap5.263,0
evm.TU.Ap5.2639,0
evm.TU.Ap5.2641,1
evm.TU.Ap5.2642,1
evm.TU.Ap5.2648,0
evm.TU.Ap5.2649,0
evm.TU.Ap5.2650,1
evm.TU.Ap5.2651,0
evm.TU.Ap5.2657,0
evm.TU.Ap5.2664,0
evm.TU.Ap5.2670,0
evm.TU.Ap5.2677,0
evm.TU.Ap5.27,0
evm.TU.Ap5.271,0
evm.TU.Ap5.2719,0
evm.TU.Ap5.2722,0
evm.TU.Ap5.2725,0
evm.TU.Ap5.2726,0
evm.TU.Ap5.2727,0
evm.TU.Ap5.2728,0
evm.TU.Ap5.2732,0
evm.TU.Ap5.2734,0
evm.TU.Ap5.2735,0
evm.TU.Ap5.2738,0
evm.TU.Ap5.2741,0
evm.TU.Ap5.2748,1
evm.TU.Ap5.2759,0
evm.TU.Ap5.2770,1
evm.TU.Ap5.2771,1
evm.TU.Ap5.2772,0
evm.TU.Ap5.2774,1
evm.TU.Ap5.2776,0
evm.TU.Ap5.2779,0
evm.TU.Ap5.2781,0
evm.TU.Ap5.2789,0
evm.TU.Ap5.2792,0
evm.TU.Ap5.28,0
evm.TU.Ap5.2802,0
evm.TU.Ap5.2803,0
evm.TU.Ap5.2804,0
evm.TU.Ap5.2806,0
evm.TU.Ap5.2807,0
evm.TU.Ap5.2810,0
evm.TU.Ap5.2816,0
evm.TU.Ap5.2817,0
evm.TU.Ap5.2818,0
evm.TU.Ap5.2819,0
evm.TU.Ap5.2820,0
evm.TU.Ap5.2822,0
evm.TU.Ap5.2823,0
evm.TU.Ap5.2825,0
evm.TU.Ap5.283,0
evm.TU.Ap5.2831,0
evm.TU.Ap5.2833,1
evm.TU.Ap5.284,0
evm.TU.Ap5.2841,1
evm.TU.Ap5.2842,1
evm.TU.Ap5.2853,0
evm.TU.Ap5.2855_evm.TU.Ap5.2857,1
evm.TU.Ap5.2858,1
evm.TU.Ap5.2859,1
evm.TU.Ap5.2860,1
evm.TU.Ap5.2861,0
evm.TU.Ap5.2863,0
evm.TU.Ap5.2871,0
evm.TU.Ap5.2873,0
evm.TU.Ap5.2875,0
evm.TU.Ap5.2879,0
evm.TU.Ap5.288,0
evm.TU.Ap5.2882,0
evm.TU.Ap5.2885,1
evm.TU.Ap5.2886,0
evm.TU.Ap5.2887,0
evm.TU.Ap5.2888,0
evm.TU.Ap5.2889,0
evm.TU.Ap5.289,0
evm.TU.Ap5.2891,0
evm.TU.Ap5.2892,0
evm.TU.Ap5.2893,0
evm.TU.Ap5.2896,0
evm.TU.Ap5.2897,0
evm.TU.Ap5.2899,0
evm.TU.Ap5.29,0
evm.TU.Ap5.2900,0
evm.TU.Ap5.2901,0
evm.TU.Ap5.2902,0
evm.TU.Ap5.2903,0
evm.TU.Ap5.2907,0
evm.TU.Ap5.2908,0
evm.TU.Ap5.291,0
evm.TU.Ap5.2910,0
evm.TU.Ap5.2911,0
evm.TU.Ap5.2913,0
evm.TU.Ap5.2921,0
evm.TU.Ap5.2922,0
evm.TU.Ap5.2924,0
evm.TU.Ap5.2926,0
evm.TU.Ap5.2928,0
evm.TU.Ap5.2929,0
evm.TU.Ap5.293,0
evm.TU.Ap5.2930,0
evm.TU.Ap5.2931,0
evm.TU.Ap5.2933,0
evm.TU.Ap5.2934,0
evm.TU.Ap5.2936,0
evm.TU.Ap5.2937,0
evm.TU.Ap5.2939,0
evm.TU.Ap5.2940,0
evm.TU.Ap5.2941,0
evm.TU.Ap5.2942_evm.TU.Ap5.2944,0
evm.TU.Ap5.2945,0
evm.TU.Ap5.2949,0
evm.TU.Ap5.2950,0
evm.TU.Ap5.2952,0
evm.TU.Ap5.2955,0
evm.TU.Ap5.2956,0
evm.TU.Ap5.2959,0
evm.TU.Ap5.296,0
evm.TU.Ap5.297,0
evm.TU.Ap5.298,0
evm.TU.Ap5.299,0
evm.TU.Ap5.300,0
evm.TU.Ap5.316,0
evm.TU.Ap5.319,0
evm.TU.Ap5.327,0
evm.TU.Ap5.329,0
evm.TU.Ap5.333,0
evm.TU.Ap5.34,0
evm.TU.Ap5.340,0
evm.TU.Ap5.35,0
evm.TU.Ap5.351,0
evm.TU.Ap5.352,0
evm.TU.Ap5.353,0
evm.TU.Ap5.354,0
evm.TU.Ap5.359,1
evm.TU.Ap5.36,0
evm.TU.Ap5.360,1
evm.TU.Ap5.363,1
evm.TU.Ap5.364,1
evm.TU.Ap5.37,0
evm.TU.Ap5.380,0
evm.TU.Ap5.385,0
evm.TU.Ap5.390,0
evm.TU.Ap5.398,0
evm.TU.Ap5.400,0
evm.TU.Ap5.430_evm.TU.Ap5.431_evm.TU.Ap5.434,0
evm.TU.Ap5.44,0
evm.TU.Ap5.441,0
evm.TU.Ap5.444,0
evm.TU.Ap5.467,0
evm.TU.Ap5.47,0
evm.TU.Ap5.470,0
evm.TU.Ap5.48,0
evm.TU.Ap5.488,0
evm.TU.Ap5.489,0
evm.TU.Ap5.490,0
evm.TU.Ap5.491,0
evm.TU.Ap5.492,0
evm.TU.Ap5.493,0
evm.TU.Ap5.499,0
evm.TU.Ap5.50,0
evm.TU.Ap5.500,1
evm.TU.Ap5.502,0
evm.TU.Ap5.503,0
evm.TU.Ap5.516,0
evm.TU.Ap5.52,0
evm.TU.Ap5.520,0
evm.TU.Ap5.532,0
evm.TU.Ap5.533,0
evm.TU.Ap5.534,0
evm.TU.Ap5.535,0
evm.TU.Ap5.537,0
evm.TU.Ap5.538,0
evm.TU.Ap5.539,0
evm.TU.Ap5.543,0
evm.TU.Ap5.544,0
evm.TU.Ap5.545,0
evm.TU.Ap5.546,0
evm.TU.Ap5.547,0
evm.TU.Ap5.549,0
evm.TU.Ap5.55,0
evm.TU.Ap5.554,0
evm.TU.Ap5.556,0
evm.TU.Ap5.557,0
evm.TU.Ap5.560,0
evm.TU.Ap5.562,0
evm.TU.Ap5.563,0
evm.TU.Ap5.564,0
evm.TU.Ap5.568,1
evm.TU.Ap5.58,1
evm.TU.Ap5.580,0
evm.TU.Ap5.584,0
evm.TU.Ap5.598,0
evm.TU.Ap5.60,0
evm.TU.Ap5.603,0
evm.TU.Ap5.606,0
evm.TU.Ap5.608,0
evm.TU.Ap5.609,0
evm.TU.Ap5.61,0
evm.TU.Ap5.610,0
evm.TU.Ap5.611,0
evm.TU.Ap5.621,0
evm.TU.Ap5.635,0
evm.TU.Ap5.637,0
evm.TU.Ap5.638,0
evm.TU.Ap5.639,0
evm.TU.Ap5.640,0
evm.TU.Ap5.643,0
evm.TU.Ap5.653,0
evm.TU.Ap5.654,0
evm.TU.Ap5.655,0
evm.TU.Ap5.659_evm.TU.Ap5.657,0
evm.TU.Ap5.678,0
evm.TU.Ap5.679,0
evm.TU.Ap5.681,0
evm.TU.Ap5.682,0
evm.TU.Ap5.689,0
evm.TU.Ap5.690,0
evm.TU.Ap5.692,1
evm.TU.Ap5.695,0
evm.TU.Ap5.70,0
evm.TU.Ap5.702,1
evm.TU.Ap5.704,0
evm.TU.Ap5.705,0
evm.TU.Ap5.706,0
evm.TU.Ap5.707,0
evm.TU.Ap5.708,0
evm.TU.Ap5.709,0
evm.TU.Ap5.72,1
evm.TU.Ap5.728,0
evm.TU.Ap5.729,0
evm.TU.Ap5.730,0
evm.TU.Ap5.733,0
evm.TU.Ap5.735,1
evm.TU.Ap5.744,0
evm.TU.Ap5.746,0
evm.TU.Ap5.774,0
evm.TU.Ap5.775,0
evm.TU.Ap5.777,0
evm.TU.Ap5.779,1
evm.TU.Ap5.78,0
evm.TU.Ap5.780,1
evm.TU.Ap5.789,0
evm.TU.Ap5.79,0
evm.TU.Ap5.798,0
evm.TU.Ap5.799,0
evm.TU.Ap5.804,1
evm.TU.Ap5.81,0
evm.TU.Ap5.815,0
evm.TU.Ap5.829,0
evm.TU.Ap5.831,0
evm.TU.Ap5.832,0
evm.TU.Ap5.84,0
evm.TU.Ap5.842,0
evm.TU.Ap5.844,0
evm.TU.Ap5.846,0
evm.TU.Ap5.847,0
evm.TU.Ap5.848,0
evm.TU.Ap5.849,0
evm.TU.Ap5.85,0
evm.TU.Ap5.851,0
evm.TU.Ap5.856,0
evm.TU.Ap5.857,0
evm.TU.Ap5.859,1
evm.TU.Ap5.862,0
evm.TU.Ap5.863,0
evm.TU.Ap5.864,0
evm.TU.Ap5.866,0
evm.TU.Ap5.868,0
evm.TU.Ap5.87,0
evm.TU.Ap5.871,0
evm.TU.Ap5.872,0
evm.TU.Ap5.874,0
evm.TU.Ap5.876,0
evm.TU.Ap5.878,0
evm.TU.Ap5.879,0
evm.TU.Ap5.88,0
evm.TU.Ap5.880,0
evm.TU.Ap5.881,0
evm.TU.Ap5.885,0
evm.TU.Ap5.887,0
evm.TU.Ap5.888,0
evm.TU.Ap5.89,0
evm.TU.Ap5.890,0
evm.TU.Ap5.892,0
evm.TU.Ap5.897,0
evm.TU.Ap5.899,0
evm.TU.Ap5.9,0
evm.TU.Ap5.903,0
evm.TU.Ap5.904,0
evm.TU.Ap5.907,0
evm.TU.Ap5.920,0
evm.TU.Ap5.923,0
evm.TU.Ap5.928,0
evm.TU.Ap5.930,0
evm.TU.Ap5.931,0
evm.TU.Ap5.932,0
evm.TU.Ap5.934,0
evm.TU.Ap5.935,0
evm.TU.Ap5.936,0
evm.TU.Ap5.937,0
evm.TU.Ap5.938,0
evm.TU.Ap5.939,0
evm.TU.Ap5.94,0
evm.TU.Ap5.941,1
evm.TU.Ap5.943,0
evm.TU.Ap5.944,0
evm.TU.Ap5.949,0
evm.TU.Ap5.95,0
evm.TU.Ap5.950,0
evm.TU.Ap5.951,0
evm.TU.Ap5.956,0
evm.TU.Ap5.96,0
evm.TU.Ap5.967,0
evm.TU.Ap5.969,0
evm.TU.Ap5.97,0
evm.TU.Ap5.972,0
evm.TU.Ap5.973,0
evm.TU.Ap5.982,1
evm.TU.Ap5.984,0
evm.TU.Ap5.99,0
evm.TU.Ap5.991,0
evm.TU.Ap5.993,0
evm.TU.Ap5.994,1
evm.TU.Ap5.997,0
evm.TU.Ap6.10,0
evm.TU.Ap6.100,0
evm.TU.Ap6.1014,0
evm.TU.Ap6.1015,0
evm.TU.Ap6.1016,0
evm.TU.Ap6.103,0
evm.TU.Ap6.1039,0
evm.TU.Ap6.1046,0
evm.TU.Ap6.1056_evm.TU.Ap6.1057,0
evm.TU.Ap6.108,1
evm.TU.Ap6.1086_evm.TU.Ap6.1082,0
evm.TU.Ap6.1088,0
evm.TU.Ap6.109,0
evm.TU.Ap6.1090,1
evm.TU.Ap6.11,0
evm.TU.Ap6.1109,1
evm.TU.Ap6.111,0
evm.TU.Ap6.1118,1
evm.TU.Ap6.1130,1
evm.TU.Ap6.1136,0
evm.TU.Ap6.1137,0
evm.TU.Ap6.114,1
evm.TU.Ap6.1140,0
evm.TU.Ap6.1143,0
evm.TU.Ap6.1161,0
evm.TU.Ap6.117,0
evm.TU.Ap6.1188,0
evm.TU.Ap6.1190,0
evm.TU.Ap6.1197,0
evm.TU.Ap6.120,0
evm.TU.Ap6.1203,0
evm.TU.Ap6.1207,0
evm.TU.Ap6.1213,0
evm.TU.Ap6.1214,0
evm.TU.Ap6.1216,1
evm.TU.Ap6.1217,0
evm.TU.Ap6.122,0
evm.TU.Ap6.1220,0
evm.TU.Ap6.1224,0
evm.TU.Ap6.1230,0
evm.TU.Ap6.1234,0
evm.TU.Ap6.1237,0
evm.TU.Ap6.1239,0
evm.TU.Ap6.1240,0
evm.TU.Ap6.1246,0
evm.TU.Ap6.1248,0
evm.TU.Ap6.1259,0
evm.TU.Ap6.1260,0
evm.TU.Ap6.1261,0
evm.TU.Ap6.1262,0
evm.TU.Ap6.1263,0
evm.TU.Ap6.1265,1
evm.TU.Ap6.1266,0
evm.TU.Ap6.1267,0
evm.TU.Ap6.1269,0
evm.TU.Ap6.127,0
evm.TU.Ap6.1273,0
evm.TU.Ap6.1276,1
evm.TU.Ap6.1277,0
evm.TU.Ap6.128,0
evm.TU.Ap6.1280,0
evm.TU.Ap6.1281,0
evm.TU.Ap6.1283,0
evm.TU.Ap6.1288,0
evm.TU.Ap6.1289,0
evm.TU.Ap6.129,0
evm.TU.Ap6.1293,0
evm.TU.Ap6.1294,0
evm.TU.Ap6.1295,0
evm.TU.Ap6.1296,0
evm.TU.Ap6.130,0
evm.TU.Ap6.1303,0
evm.TU.Ap6.1305,1
evm.TU.Ap6.1306,0
evm.TU.Ap6.1307,0
evm.TU.Ap6.1308,0
evm.TU.Ap6.1309,0
evm.TU.Ap6.1312,0
evm.TU.Ap6.1317,0
evm.TU.Ap6.1327,0
evm.TU.Ap6.1330,0
evm.TU.Ap6.1334,1
evm.TU.Ap6.1335,1
evm.TU.Ap6.1343,0
evm.TU.Ap6.1344,0
evm.TU.Ap6.1346,0
evm.TU.Ap6.1347,0
evm.TU.Ap6.1351,0
evm.TU.Ap6.1352,0
evm.TU.Ap6.1354,0
evm.TU.Ap6.137,0
evm.TU.Ap6.1370,0
evm.TU.Ap6.1373,0
evm.TU.Ap6.1376,1
evm.TU.Ap6.1377,1
evm.TU.Ap6.138,0
evm.TU.Ap6.1391,0
evm.TU.Ap6.1392,0
evm.TU.Ap6.1394,0
evm.TU.Ap6.1395,0
evm.TU.Ap6.1396,0
evm.TU.Ap6.1397,0
evm.TU.Ap6.1399,0
evm.TU.Ap6.14,0
evm.TU.Ap6.1400,0
evm.TU.Ap6.141,1
evm.TU.Ap6.1417,0
evm.TU.Ap6.1432,0
evm.TU.Ap6.1434,1
evm.TU.Ap6.1436,0
evm.TU.Ap6.1437,0
evm.TU.Ap6.1447,0
evm.TU.Ap6.145,0
evm.TU.Ap6.1450,0
evm.TU.Ap6.1451,0
evm.TU.Ap6.1452,0
evm.TU.Ap6.1453,0
evm.TU.Ap6.146,0
evm.TU.Ap6.1460,0
evm.TU.Ap6.1462,1
evm.TU.Ap6.1465,0
evm.TU.Ap6.1466,0
evm.TU.Ap6.1467,0
evm.TU.Ap6.1471,1
evm.TU.Ap6.148,0
evm.TU.Ap6.1482,0
evm.TU.Ap6.1484,0
evm.TU.Ap6.1488,0
evm.TU.Ap6.1498,0
evm.TU.Ap6.1499,0
evm.TU.Ap6.15,0
evm.TU.Ap6.150,0
evm.TU.Ap6.1500,1
evm.TU.Ap6.1501,0
evm.TU.Ap6.1504,0
evm.TU.Ap6.1505,0
evm.TU.Ap6.1508,0
evm.TU.Ap6.1514,0
evm.TU.Ap6.1522,0
evm.TU.Ap6.1525,0
evm.TU.Ap6.1526,0
evm.TU.Ap6.1528,0
evm.TU.Ap6.153,0
evm.TU.Ap6.1530,0
evm.TU.Ap6.1531,0
evm.TU.Ap6.1532,0
evm.TU.Ap6.1533,0
evm.TU.Ap6.1534_evm.TU.Ap6.1537,0
evm.TU.Ap6.1539,0
evm.TU.Ap6.1552,0
evm.TU.Ap6.156,0
evm.TU.Ap6.1569,0
evm.TU.Ap6.157,1
evm.TU.Ap6.1573,0
evm.TU.Ap6.1574,0
evm.TU.Ap6.1575,0
evm.TU.Ap6.1576,0
evm.TU.Ap6.1577,0
evm.TU.Ap6.1579,0
evm.TU.Ap6.1581,0
evm.TU.Ap6.1585,0
evm.TU.Ap6.1586,0
evm.TU.Ap6.1588,0
evm.TU.Ap6.1589,0
evm.TU.Ap6.159,0
evm.TU.Ap6.1596,0
evm.TU.Ap6.1598,0
evm.TU.Ap6.1599,0
evm.TU.Ap6.16,0
evm.TU.Ap6.1609,0
evm.TU.Ap6.1610,0
evm.TU.Ap6.1611,0
evm.TU.Ap6.1612,1
evm.TU.Ap6.1615,0
evm.TU.Ap6.1627,0
evm.TU.Ap6.1638,0
evm.TU.Ap6.165,0
evm.TU.Ap6.1653,0
evm.TU.Ap6.1654,0
evm.TU.Ap6.1656,0
evm.TU.Ap6.1658,0
evm.TU.Ap6.1659,0
evm.TU.Ap6.1663,0
evm.TU.Ap6.1664,0
evm.TU.Ap6.1675,0
evm.TU.Ap6.1682,0
evm.TU.Ap6.1685,1
evm.TU.Ap6.1686,1
evm.TU.Ap6.1688,0
evm.TU.Ap6.1692,0
evm.TU.Ap6.170,0
evm.TU.Ap6.1701,0
evm.TU.Ap6.171,0
evm.TU.Ap6.1717,0
evm.TU.Ap6.1719,0
evm.TU.Ap6.1721,0
evm.TU.Ap6.1731,0
evm.TU.Ap6.1737,0
evm.TU.Ap6.1740,0
evm.TU.Ap6.1741,0
evm.TU.Ap6.1742,0
evm.TU.Ap6.1743,0
evm.TU.Ap6.1745,0
evm.TU.Ap6.1747,0
evm.TU.Ap6.1750_evm.TU.Ap6.1753,0
evm.TU.Ap6.1756,1
evm.TU.Ap6.1764,0
evm.TU.Ap6.1765,1
evm.TU.Ap6.1768,0
evm.TU.Ap6.1787,0
evm.TU.Ap6.1792,1
evm.TU.Ap6.1793,0
evm.TU.Ap6.1796,0
evm.TU.Ap6.1806,0
evm.TU.Ap6.1807,0
evm.TU.Ap6.181,0
evm.TU.Ap6.1813,0
evm.TU.Ap6.1814,0
evm.TU.Ap6.1815,0
evm.TU.Ap6.1816,0
evm.TU.Ap6.1832,1
evm.TU.Ap6.1833,0
evm.TU.Ap6.1838,0
evm.TU.Ap6.1848,0
evm.TU.Ap6.1849,0
evm.TU.Ap6.1850,0
evm.TU.Ap6.1854,0
evm.TU.Ap6.1858,0
evm.TU.Ap6.186,1
evm.TU.Ap6.1865,0
evm.TU.Ap6.1876,1
evm.TU.Ap6.1877,1
evm.TU.Ap6.1878,0
evm.TU.Ap6.1880,0
evm.TU.Ap6.1881,0
evm.TU.Ap6.1882,0
evm.TU.Ap6.1883,0
evm.TU.Ap6.1889,0
evm.TU.Ap6.1890,0
evm.TU.Ap6.1891,0
evm.TU.Ap6.1899,0
evm.TU.Ap6.19,0
evm.TU.Ap6.190,0
evm.TU.Ap6.1903,0
evm.TU.Ap6.1904,0
evm.TU.Ap6.1919,0
evm.TU.Ap6.1920,0
evm.TU.Ap6.1923,0
evm.TU.Ap6.1924,0
evm.TU.Ap6.194,0
evm.TU.Ap6.1954,0
evm.TU.Ap6.1960,1
evm.TU.Ap6.1961,0
evm.TU.Ap6.1974,0
evm.TU.Ap6.1975,0
evm.TU.Ap6.1976,1
evm.TU.Ap6.198,0
evm.TU.Ap6.1983,0
evm.TU.Ap6.1984,0
evm.TU.Ap6.1989,0
evm.TU.Ap6.199,0
evm.TU.Ap6.1991,0
evm.TU.Ap6.20,0
evm.TU.Ap6.2002,0
evm.TU.Ap6.201,0
evm.TU.Ap6.2012,0
evm.TU.Ap6.2013_evm.TU.Ap6.2014_evm.TU.Ap6.2015_evm.TU.Ap6.2016,0
evm.TU.Ap6.202,1
evm.TU.Ap6.203,0
evm.TU.Ap6.2031,0
evm.TU.Ap6.2033,0
evm.TU.Ap6.2035,0
evm.TU.Ap6.2036,0
evm.TU.Ap6.2040,0
evm.TU.Ap6.2042,0
evm.TU.Ap6.2045,0
evm.TU.Ap6.2046,0
evm.TU.Ap6.2047,0
evm.TU.Ap6.2048,0
evm.TU.Ap6.2054,0
evm.TU.Ap6.2061,1
evm.TU.Ap6.2062,0
evm.TU.Ap6.2063,0
evm.TU.Ap6.2098,0
evm.TU.Ap6.2102,0
evm.TU.Ap6.2103,0
evm.TU.Ap6.2113,0
evm.TU.Ap6.2125,0
evm.TU.Ap6.2127,0
evm.TU.Ap6.2137,0
evm.TU.Ap6.2138,0
evm.TU.Ap6.2139,0
evm.TU.Ap6.2140,0
evm.TU.Ap6.2142,1
evm.TU.Ap6.2144,0
evm.TU.Ap6.2145,0
evm.TU.Ap6.2147,0
evm.TU.Ap6.2148,0
evm.TU.Ap6.2164,0
evm.TU.Ap6.2172,0
evm.TU.Ap6.2173,0
evm.TU.Ap6.2174,1
evm.TU.Ap6.2176,1
evm.TU.Ap6.2177,0
evm.TU.Ap6.2178,0
evm.TU.Ap6.2179,0
evm.TU.Ap6.2180,0
evm.TU.Ap6.2183,1
evm.TU.Ap6.2192_evm.TU.Ap6.2188,0
evm.TU.Ap6.2194,0
evm.TU.Ap6.2195,0
evm.TU.Ap6.2199,0
evm.TU.Ap6.22,0
evm.TU.Ap6.221,0
evm.TU.Ap6.2213,0
evm.TU.Ap6.2214,1
evm.TU.Ap6.2217,0
evm.TU.Ap6.2219,0
evm.TU.Ap6.2220,0
evm.TU.Ap6.2221,0
evm.TU.Ap6.224,1
evm.TU.Ap6.2276,0
evm.TU.Ap6.2279,0
evm.TU.Ap6.2280,0
evm.TU.Ap6.2281,0
evm.TU.Ap6.2284,0
evm.TU.Ap6.2285,0
evm.TU.Ap6.2286,0
evm.TU.Ap6.2287,0
evm.TU.Ap6.2289,0
evm.TU.Ap6.2291,0
evm.TU.Ap6.2293,0
evm.TU.Ap6.2294,0
evm.TU.Ap6.2299,0
evm.TU.Ap6.2301,1
evm.TU.Ap6.2303,0
evm.TU.Ap6.2311,0
evm.TU.Ap6.2313,0
evm.TU.Ap6.2315,0
evm.TU.Ap6.2316,0
evm.TU.Ap6.2317,0
evm.TU.Ap6.2318,0
evm.TU.Ap6.233,0
evm.TU.Ap6.2330,0
evm.TU.Ap6.2332,0
evm.TU.Ap6.2333,0
evm.TU.Ap6.2334,0
evm.TU.Ap6.2335,0
evm.TU.Ap6.2336,0
evm.TU.Ap6.2338,0
evm.TU.Ap6.234,0
evm.TU.Ap6.2343,0
evm.TU.Ap6.2345,0
evm.TU.Ap6.2346,0
evm.TU.Ap6.2347,0
evm.TU.Ap6.2348,0
evm.TU.Ap6.235,0
evm.TU.Ap6.2351,0
evm.TU.Ap6.2353,1
evm.TU.Ap6.2355,0
evm.TU.Ap6.2356,1
evm.TU.Ap6.2357,0
evm.TU.Ap6.2359,0
evm.TU.Ap6.2362,0
evm.TU.Ap6.2364,0
evm.TU.Ap6.2365,0
evm.TU.Ap6.2367,0
evm.TU.Ap6.2368,0
evm.TU.Ap6.2373,0
evm.TU.Ap6.2375,0
evm.TU.Ap6.2378,0
evm.TU.Ap6.2379,0
evm.TU.Ap6.238,0
evm.TU.Ap6.2382,0
evm.TU.Ap6.2383,0
evm.TU.Ap6.2387,0
evm.TU.Ap6.2388,0
evm.TU.Ap6.2389,0
evm.TU.Ap6.2390,0
evm.TU.Ap6.2392,0
evm.TU.Ap6.2393,0
evm.TU.Ap6.2395,0
evm.TU.Ap6.2396,0
evm.TU.Ap6.2401,0
evm.TU.Ap6.2403,0
evm.TU.Ap6.2405,0
evm.TU.Ap6.2408,0
evm.TU.Ap6.241,0
evm.TU.Ap6.2416,0
evm.TU.Ap6.2423,1
evm.TU.Ap6.2427,0
evm.TU.Ap6.2429,0
evm.TU.Ap6.2430,0
evm.TU.Ap6.2437,0
evm.TU.Ap6.2440,0
evm.TU.Ap6.2448,0
evm.TU.Ap6.245,0
evm.TU.Ap6.2458,0
evm.TU.Ap6.246,0
evm.TU.Ap6.2461,1
evm.TU.Ap6.2470,1
evm.TU.Ap6.2471,1
evm.TU.Ap6.2472,0
evm.TU.Ap6.2473,0
evm.TU.Ap6.2477,1
evm.TU.Ap6.2479,0
evm.TU.Ap6.2483,0
evm.TU.Ap6.2484,0
evm.TU.Ap6.2486,0
evm.TU.Ap6.2487,0
evm.TU.Ap6.2488_evm.TU.Ap6.2489,0
evm.TU.Ap6.2492,1
evm.TU.Ap6.2493,0
evm.TU.Ap6.2494,0
evm.TU.Ap6.2495,0
evm.TU.Ap6.2496,0
evm.TU.Ap6.2499,0
evm.TU.Ap6.2513,0
evm.TU.Ap6.2515,0
evm.TU.Ap6.2518,0
evm.TU.Ap6.2520,0
evm.TU.Ap6.2523,0
evm.TU.Ap6.2525,0
evm.TU.Ap6.2528,0
evm.TU.Ap6.2531,0
evm.TU.Ap6.2536,0
evm.TU.Ap6.2537,0
evm.TU.Ap6.254,0
evm.TU.Ap6.2540,0
evm.TU.Ap6.2543,0
evm.TU.Ap6.2549,1
evm.TU.Ap6.255,0
evm.TU.Ap6.2551,0
evm.TU.Ap6.2554,0
evm.TU.Ap6.2556,0
evm.TU.Ap6.2557,0
evm.TU.Ap6.2558,0
evm.TU.Ap6.256,0
evm.TU.Ap6.2560,0
evm.TU.Ap6.2561,0
evm.TU.Ap6.2563,1
evm.TU.Ap6.2565,0
evm.TU.Ap6.2566,0
evm.TU.Ap6.2567,0
evm.TU.Ap6.2568,0
evm.TU.Ap6.2569,0
evm.TU.Ap6.2582,0
evm.TU.Ap6.2584,0
evm.TU.Ap6.2586,0
evm.TU.Ap6.2588,0
evm.TU.Ap6.2591,0
evm.TU.Ap6.2592,0
evm.TU.Ap6.2595,0
evm.TU.Ap6.2597,0
evm.TU.Ap6.2598,0
evm.TU.Ap6.2599,0
evm.TU.Ap6.2603,0
evm.TU.Ap6.2604,0
evm.TU.Ap6.2605,1
evm.TU.Ap6.2607,0
evm.TU.Ap6.2608,0
evm.TU.Ap6.2612,0
evm.TU.Ap6.2619,0
evm.TU.Ap6.262,1
evm.TU.Ap6.2620,0
evm.TU.Ap6.2622,1
evm.TU.Ap6.2623,1
evm.TU.Ap6.2624,0
evm.TU.Ap6.2625,0
evm.TU.Ap6.2631,0
evm.TU.Ap6.2658,0
evm.TU.Ap6.2659,0
evm.TU.Ap6.2660,0
evm.TU.Ap6.2661,0
evm.TU.Ap6.2667,0
evm.TU.Ap6.2676,0
evm.TU.Ap6.2677,0
evm.TU.Ap6.2678,0
evm.TU.Ap6.2679,0
evm.TU.Ap6.2680,0
evm.TU.Ap6.2684,0
evm.TU.Ap6.2687,0
evm.TU.Ap6.2697,0
evm.TU.Ap6.2707,0
evm.TU.Ap6.2709,0
evm.TU.Ap6.2713,0
evm.TU.Ap6.2715,0
evm.TU.Ap6.2717,0
evm.TU.Ap6.2719,0
evm.TU.Ap6.2723,0
evm.TU.Ap6.2724,0
evm.TU.Ap6.2725,0
evm.TU.Ap6.2726,0
evm.TU.Ap6.2727,0
evm.TU.Ap6.2738,0
evm.TU.Ap6.2739,0
evm.TU.Ap6.2740,0
evm.TU.Ap6.2744,0
evm.TU.Ap6.2747,0
evm.TU.Ap6.2748,0
evm.TU.Ap6.2753,0
evm.TU.Ap6.2754,0
evm.TU.Ap6.2755,0
evm.TU.Ap6.2756,0
evm.TU.Ap6.2757,0
evm.TU.Ap6.276,0
evm.TU.Ap6.278,1
evm.TU.Ap6.2785,0
evm.TU.Ap6.2786,0
evm.TU.Ap6.2791,0
evm.TU.Ap6.2793,0
evm.TU.Ap6.2794,0
evm.TU.Ap6.2797,0
evm.TU.Ap6.2806,0
evm.TU.Ap6.2810,0
evm.TU.Ap6.2811,0
evm.TU.Ap6.2813,0
evm.TU.Ap6.2815,0
evm.TU.Ap6.2818,0
evm.TU.Ap6.2829,0
evm.TU.Ap6.2832,0
evm.TU.Ap6.2834,0
evm.TU.Ap6.2836,0
evm.TU.Ap6.2837,0
evm.TU.Ap6.2843,0
evm.TU.Ap6.2847,0
evm.TU.Ap6.2850,1
evm.TU.Ap6.2856,0
evm.TU.Ap6.2860,0
evm.TU.Ap6.2862,0
evm.TU.Ap6.2863,0
evm.TU.Ap6.2880,0
evm.TU.Ap6.2893,0
evm.TU.Ap6.2901,0
evm.TU.Ap6.2905,0
evm.TU.Ap6.2906,0
evm.TU.Ap6.2907,0
evm.TU.Ap6.2908,0
evm.TU.Ap6.2910,0
evm.TU.Ap6.2912,0
evm.TU.Ap6.2917,1
evm.TU.Ap6.2919,0
evm.TU.Ap6.2922,0
evm.TU.Ap6.2924,0
evm.TU.Ap6.2927,0
evm.TU.Ap6.2932,0
evm.TU.Ap6.2934,0
evm.TU.Ap6.2935,0
evm.TU.Ap6.2940,0
evm.TU.Ap6.2943,0
evm.TU.Ap6.2946,0
evm.TU.Ap6.2947,0
evm.TU.Ap6.2948,0
evm.TU.Ap6.2951,1
evm.TU.Ap6.2952,0
evm.TU.Ap6.2953,0
evm.TU.Ap6.2956,0
evm.TU.Ap6.2958,0
evm.TU.Ap6.2976,0
evm.TU.Ap6.2977,0
evm.TU.Ap6.2978,0
evm.TU.Ap6.2980,0
evm.TU.Ap6.2982,0
evm.TU.Ap6.2983,0
evm.TU.Ap6.2985,0
evm.TU.Ap6.30,0
evm.TU.Ap6.3002,0
evm.TU.Ap6.3004,0
evm.TU.Ap6.3005,0
evm.TU.Ap6.3006,0
evm.TU.Ap6.3010,0
evm.TU.Ap6.3011,0
evm.TU.Ap6.3015,0
evm.TU.Ap6.3018,1
evm.TU.Ap6.3019,1
evm.TU.Ap6.3020,1
evm.TU.Ap6.3022,0
evm.TU.Ap6.3024,0
evm.TU.Ap6.3028,0
evm.TU.Ap6.3030,1
evm.TU.Ap6.3033,0
evm.TU.Ap6.3041,0
evm.TU.Ap6.3042,1
evm.TU.Ap6.3046,0
evm.TU.Ap6.3049,0
evm.TU.Ap6.3050,0
evm.TU.Ap6.3051,0
evm.TU.Ap6.3063,0
evm.TU.Ap6.3067,0
evm.TU.Ap6.3069,0
evm.TU.Ap6.3073,0
evm.TU.Ap6.3074,0
evm.TU.Ap6.3079,0
evm.TU.Ap6.3080,0
evm.TU.Ap6.3082,0
evm.TU.Ap6.3088,0
evm.TU.Ap6.3090,0
evm.TU.Ap6.3091,1
evm.TU.Ap6.3092,0
evm.TU.Ap6.3094,0
evm.TU.Ap6.3096,1
evm.TU.Ap6.3097,0
evm.TU.Ap6.3099,0
evm.TU.Ap6.3101,0
evm.TU.Ap6.3102,0
evm.TU.Ap6.3103,0
evm.TU.Ap6.3110,1
evm.TU.Ap6.3112,0
evm.TU.Ap6.3115,0
evm.TU.Ap6.3117,0
evm.TU.Ap6.3118,0
evm.TU.Ap6.3120,0
evm.TU.Ap6.3123,0
evm.TU.Ap6.3125,0
evm.TU.Ap6.3126,0
evm.TU.Ap6.3127,0
evm.TU.Ap6.3129,0
evm.TU.Ap6.3130,0
evm.TU.Ap6.3133,0
evm.TU.Ap6.3136,0
evm.TU.Ap6.3139,0
evm.TU.Ap6.3141,0
evm.TU.Ap6.3143,1
evm.TU.Ap6.3144,1
evm.TU.Ap6.3145,0
evm.TU.Ap6.3146,0
evm.TU.Ap6.3147,0
evm.TU.Ap6.3150,0
evm.TU.Ap6.3151,0
evm.TU.Ap6.3153,0
evm.TU.Ap6.3155_evm.TU.Ap6.3156,0
evm.TU.Ap6.3158,0
evm.TU.Ap6.3159,1
evm.TU.Ap6.3160,0
evm.TU.Ap6.3161,0
evm.TU.Ap6.3171,0
evm.TU.Ap6.3173,0
evm.TU.Ap6.3180,0
evm.TU.Ap6.3182,0
evm.TU.Ap6.3184,0
evm.TU.Ap6.3191,0
evm.TU.Ap6.3194,0
evm.TU.Ap6.3195,0
evm.TU.Ap6.3197,0
evm.TU.Ap6.3199,0
evm.TU.Ap6.32,0
evm.TU.Ap6.3201,0
evm.TU.Ap6.3208,0
evm.TU.Ap6.3209,0
evm.TU.Ap6.321,0
evm.TU.Ap6.3213,1
evm.TU.Ap6.3229,0
evm.TU.Ap6.3232,0
evm.TU.Ap6.3233,0
evm.TU.Ap6.3234,0
evm.TU.Ap6.3235,0
evm.TU.Ap6.3238,0
evm.TU.Ap6.3240,0
evm.TU.Ap6.3241,0
evm.TU.Ap6.3242,0
evm.TU.Ap6.3244,0
evm.TU.Ap6.3246,0
evm.TU.Ap6.3247,0
evm.TU.Ap6.325,0
evm.TU.Ap6.3253,0
evm.TU.Ap6.3257,0
evm.TU.Ap6.3266,0
evm.TU.Ap6.3267,0
evm.TU.Ap6.327,0
evm.TU.Ap6.3271,0
evm.TU.Ap6.336,0
evm.TU.Ap6.337,0
evm.TU.Ap6.339,0
evm.TU.Ap6.340,0
evm.TU.Ap6.344,0
evm.TU.Ap6.345,0
evm.TU.Ap6.346,0
evm.TU.Ap6.353,0
evm.TU.Ap6.354,0
evm.TU.Ap6.356,0
evm.TU.Ap6.36,0
evm.TU.Ap6.377,0
evm.TU.Ap6.379,0
evm.TU.Ap6.38,1
evm.TU.Ap6.383,0
evm.TU.Ap6.402,0
evm.TU.Ap6.403,0
evm.TU.Ap6.404,0
evm.TU.Ap6.405,0
evm.TU.Ap6.409,0
evm.TU.Ap6.413,0
evm.TU.Ap6.415,0
evm.TU.Ap6.416,0
evm.TU.Ap6.42,0
evm.TU.Ap6.420,0
evm.TU.Ap6.421,0
evm.TU.Ap6.422,0
evm.TU.Ap6.423,0
evm.TU.Ap6.424,0
evm.TU.Ap6.425,0
evm.TU.Ap6.426,0
evm.TU.Ap6.427,0
evm.TU.Ap6.438,0
evm.TU.Ap6.439,0
evm.TU.Ap6.440,0
evm.TU.Ap6.441,0
evm.TU.Ap6.442,0
evm.TU.Ap6.443,0
evm.TU.Ap6.445,0
evm.TU.Ap6.446,0
evm.TU.Ap6.451,0
evm.TU.Ap6.452,1
evm.TU.Ap6.454,0
evm.TU.Ap6.457,0
evm.TU.Ap6.458,0
evm.TU.Ap6.466,0
evm.TU.Ap6.467,0
evm.TU.Ap6.468,1
evm.TU.Ap6.475,0
evm.TU.Ap6.477,0
evm.TU.Ap6.478,0
evm.TU.Ap6.479,0
evm.TU.Ap6.482,0
evm.TU.Ap6.483,0
evm.TU.Ap6.487,0
evm.TU.Ap6.488,0
evm.TU.Ap6.492,0
evm.TU.Ap6.493,0
evm.TU.Ap6.498,0
evm.TU.Ap6.503,0
evm.TU.Ap6.506,0
evm.TU.Ap6.516,0
evm.TU.Ap6.519,1
evm.TU.Ap6.52,0
evm.TU.Ap6.520,0
evm.TU.Ap6.525,0
evm.TU.Ap6.526,1
evm.TU.Ap6.527,0
evm.TU.Ap6.528,0
evm.TU.Ap6.530,0
evm.TU.Ap6.531,0
evm.TU.Ap6.535,0
evm.TU.Ap6.538,0
evm.TU.Ap6.539,1
evm.TU.Ap6.540,0
evm.TU.Ap6.542,0
evm.TU.Ap6.543,0
evm.TU.Ap6.544,0
evm.TU.Ap6.547,0
evm.TU.Ap6.55,0
evm.TU.Ap6.577,0
evm.TU.Ap6.578,0
evm.TU.Ap6.580,0
evm.TU.Ap6.586,1
evm.TU.Ap6.587,0
evm.TU.Ap6.59,0
evm.TU.Ap6.598,0
evm.TU.Ap6.599,0
evm.TU.Ap6.60,0
evm.TU.Ap6.61,0
evm.TU.Ap6.618,1
evm.TU.Ap6.619,1
evm.TU.Ap6.62,0
evm.TU.Ap6.621,0
evm.TU.Ap6.642,0
evm.TU.Ap6.649,0
evm.TU.Ap6.657,0
evm.TU.Ap6.658,0
evm.TU.Ap6.661,1
evm.TU.Ap6.667,0
evm.TU.Ap6.672,0
evm.TU.Ap6.675,1
evm.TU.Ap6.678,0
evm.TU.Ap6.690,0
evm.TU.Ap6.692,0
evm.TU.Ap6.7,0
evm.TU.Ap6.706,0
evm.TU.Ap6.710,0
evm.TU.Ap6.719,1
evm.TU.Ap6.750,0
evm.TU.Ap6.788,1
evm.TU.Ap6.791,0
evm.TU.Ap6.796,0
evm.TU.Ap6.803,0
evm.TU.Ap6.805,0
evm.TU.Ap6.806,0
evm.TU.Ap6.807,0
evm.TU.Ap6.808,0
evm.TU.Ap6.813,0
evm.TU.Ap6.815,0
evm.TU.Ap6.817,0
evm.TU.Ap6.818,0
evm.TU.Ap6.819,0
evm.TU.Ap6.820,0
evm.TU.Ap6.823,0
evm.TU.Ap6.824,0
evm.TU.Ap6.830,0
evm.TU.Ap6.831,0
evm.TU.Ap6.833,0
evm.TU.Ap6.843,0
evm.TU.Ap6.856,1
evm.TU.Ap6.858,0
evm.TU.Ap6.87,0
evm.TU.Ap6.871,0
evm.TU.Ap6.873,0
evm.TU.Ap6.88,0
evm.TU.Ap6.895,0
evm.TU.Ap6.896,0
evm.TU.Ap6.9,0
evm.TU.Ap6.905,0
evm.TU.Ap6.918_evm.TU.Ap6.906,0
evm.TU.Ap6.919,0
evm.TU.Ap6.920,0
evm.TU.Ap6.921,0
evm.TU.Ap6.922,0
evm.TU.Ap6.923,0
evm.TU.Ap6.925,0
evm.TU.Ap6.929,0
evm.TU.Ap6.93,0
evm.TU.Ap6.930,0
evm.TU.Ap6.937,0
evm.TU.Ap6.938,0
evm.TU.Ap6.94,0
evm.TU.Ap6.943,0
evm.TU.Ap6.947,1
evm.TU.Ap6.949,0
evm.TU.Ap6.951,0
evm.TU.Ap6.953,1
evm.TU.Ap6.964,1
evm.TU.Ap6.966,1
evm.TU.Ap6.967_evm.TU.Ap6.970,0
evm.TU.Ap6.972_evm.TU.Ap6.974,0
evm.TU.Ap6.975,1
evm.TU.Ap6.99,0
evm.TU.Ap6.990,1
evm.TU.Ap6.997,0
evm.TU.Ap7.1,0
evm.TU.Ap7.100,0
evm.TU.Ap7.1001,0
evm.TU.Ap7.1004,0
evm.TU.Ap7.1005_evm.TU.Ap7.1014,0
evm.TU.Ap7.1021,0
evm.TU.Ap7.1031,0
evm.TU.Ap7.1035,0
evm.TU.Ap7.104,1
evm.TU.Ap7.1041,1
evm.TU.Ap7.1042,0
evm.TU.Ap7.1043,1
evm.TU.Ap7.1045,1
evm.TU.Ap7.1050,1
evm.TU.Ap7.1052,0
evm.TU.Ap7.1054,0
evm.TU.Ap7.1055,0
evm.TU.Ap7.1056,1
evm.TU.Ap7.1058,0
evm.TU.Ap7.1064,0
evm.TU.Ap7.1068,0
evm.TU.Ap7.107,0
evm.TU.Ap7.1070,0
evm.TU.Ap7.1071,0
evm.TU.Ap7.1073,0
evm.TU.Ap7.1078,0
evm.TU.Ap7.1084,0
evm.TU.Ap7.1085,0
evm.TU.Ap7.1089,0
evm.TU.Ap7.1091_evm.TU.Ap7.1092,0
evm.TU.Ap7.1093,0
evm.TU.Ap7.1095,0
evm.TU.Ap7.1101,1
evm.TU.Ap7.1103,0
evm.TU.Ap7.111,0
evm.TU.Ap7.1111,0
evm.TU.Ap7.1112,0
evm.TU.Ap7.1115,0
evm.TU.Ap7.1125,0
evm.TU.Ap7.113,0
evm.TU.Ap7.1131,0
evm.TU.Ap7.1132,0
evm.TU.Ap7.1134,0
evm.TU.Ap7.1142,0
evm.TU.Ap7.115,0
evm.TU.Ap7.1158,1
evm.TU.Ap7.1163,0
evm.TU.Ap7.1168,0
evm.TU.Ap7.1174,0
evm.TU.Ap7.1175,0
evm.TU.Ap7.118,0
evm.TU.Ap7.1191,0
evm.TU.Ap7.1193,0
evm.TU.Ap7.1194,0
evm.TU.Ap7.1196,0
evm.TU.Ap7.1197,0
evm.TU.Ap7.1198,0
evm.TU.Ap7.120,0
evm.TU.Ap7.1204,0
evm.TU.Ap7.121,0
evm.TU.Ap7.1216,0
evm.TU.Ap7.123,0
evm.TU.Ap7.1237,0
evm.TU.Ap7.124,0
evm.TU.Ap7.125,0
evm.TU.Ap7.1253,0
evm.TU.Ap7.126,0
evm.TU.Ap7.127,0
evm.TU.Ap7.1287,0
evm.TU.Ap7.1288,0
evm.TU.Ap7.1289,0
evm.TU.Ap7.129,0
evm.TU.Ap7.1290_evm.TU.Ap7.1291,0
evm.TU.Ap7.1292,0
evm.TU.Ap7.1293,1
evm.TU.Ap7.13,0
evm.TU.Ap7.130,0
evm.TU.Ap7.1307,0
evm.TU.Ap7.1310,0
evm.TU.Ap7.1311,0
evm.TU.Ap7.1313,0
evm.TU.Ap7.1315,0
evm.TU.Ap7.1317,0
evm.TU.Ap7.1318,0
evm.TU.Ap7.132,0
evm.TU.Ap7.1321,0
evm.TU.Ap7.1322,1
evm.TU.Ap7.133,0
evm.TU.Ap7.1337,1
evm.TU.Ap7.1338,0
evm.TU.Ap7.1339,0
evm.TU.Ap7.134,0
evm.TU.Ap7.1340,0
evm.TU.Ap7.135,0
evm.TU.Ap7.1355,0
evm.TU.Ap7.1361,0
evm.TU.Ap7.1362,0
evm.TU.Ap7.1363,0
evm.TU.Ap7.137,0
evm.TU.Ap7.138,0
evm.TU.Ap7.1393,1
evm.TU.Ap7.1395,0
evm.TU.Ap7.1396,0
evm.TU.Ap7.1397,0
evm.TU.Ap7.1399,0
evm.TU.Ap7.1400,0
evm.TU.Ap7.1401,0
evm.TU.Ap7.1402,1
evm.TU.Ap7.1422,0
evm.TU.Ap7.1423,0
evm.TU.Ap7.1426,0
evm.TU.Ap7.1427,0
evm.TU.Ap7.1433,0
evm.TU.Ap7.1439,0
evm.TU.Ap7.144,0
evm.TU.Ap7.1442,0
evm.TU.Ap7.1444,0
evm.TU.Ap7.1447,0
evm.TU.Ap7.145,0
evm.TU.Ap7.146,0
evm.TU.Ap7.1464,0
evm.TU.Ap7.1471,0
evm.TU.Ap7.1479,0
evm.TU.Ap7.1482,1
evm.TU.Ap7.1488,0
evm.TU.Ap7.1489,0
evm.TU.Ap7.1495,0
evm.TU.Ap7.1498,0
evm.TU.Ap7.1500,0
evm.TU.Ap7.1503,0
evm.TU.Ap7.1504,0
evm.TU.Ap7.1505,0
evm.TU.Ap7.1507,0
evm.TU.Ap7.151,1
evm.TU.Ap7.1511,0
evm.TU.Ap7.1512,0
evm.TU.Ap7.1515,0
evm.TU.Ap7.1516,0
evm.TU.Ap7.1517,0
evm.TU.Ap7.1519,0
evm.TU.Ap7.152,0
evm.TU.Ap7.1520,0
evm.TU.Ap7.1523,0
evm.TU.Ap7.1525,0
evm.TU.Ap7.1529,0
evm.TU.Ap7.153,0
evm.TU.Ap7.1539,0
evm.TU.Ap7.1540,0
evm.TU.Ap7.1541,0
evm.TU.Ap7.1545,0
evm.TU.Ap7.1549,0
evm.TU.Ap7.155,0
evm.TU.Ap7.1556,0
evm.TU.Ap7.1557,0
evm.TU.Ap7.1558,0
evm.TU.Ap7.1564,0
evm.TU.Ap7.157_evm.TU.Ap7.164,0
evm.TU.Ap7.1570,1
evm.TU.Ap7.1572,0
evm.TU.Ap7.1579,0
evm.TU.Ap7.1592,0
evm.TU.Ap7.1593,0
evm.TU.Ap7.1599,1
evm.TU.Ap7.1603,0
evm.TU.Ap7.1604,0
evm.TU.Ap7.1605,0
evm.TU.Ap7.1606,0
evm.TU.Ap7.1608,0
evm.TU.Ap7.1609,0
evm.TU.Ap7.1610,0
evm.TU.Ap7.1617,0
evm.TU.Ap7.1621,1
evm.TU.Ap7.1622,1
evm.TU.Ap7.1623,1
evm.TU.Ap7.1632,0
evm.TU.Ap7.1633,0
evm.TU.Ap7.1652,0
evm.TU.Ap7.1654,0
evm.TU.Ap7.1668,0
evm.TU.Ap7.1669,0
evm.TU.Ap7.167,0
evm.TU.Ap7.1670,0
evm.TU.Ap7.1671,0
evm.TU.Ap7.168,0
evm.TU.Ap7.169,0
evm.TU.Ap7.1709,0
evm.TU.Ap7.1710,0
evm.TU.Ap7.1714,0
evm.TU.Ap7.1716,0
evm.TU.Ap7.1717,0
evm.TU.Ap7.1718,0
evm.TU.Ap7.1719,0
evm.TU.Ap7.172,0
evm.TU.Ap7.1720,0
evm.TU.Ap7.1722,0
evm.TU.Ap7.1723,0
evm.TU.Ap7.1727,0
evm.TU.Ap7.1733,0
evm.TU.Ap7.1738,0
evm.TU.Ap7.1740,0
evm.TU.Ap7.1742,0
evm.TU.Ap7.1744,0
evm.TU.Ap7.1745,0
evm.TU.Ap7.1747,0
evm.TU.Ap7.1748,0
evm.TU.Ap7.1769,0
evm.TU.Ap7.177,0
evm.TU.Ap7.1770,0
evm.TU.Ap7.1771,0
evm.TU.Ap7.1775,0
evm.TU.Ap7.1777,0
evm.TU.Ap7.1778,1
evm.TU.Ap7.1779,0
evm.TU.Ap7.1791,0
evm.TU.Ap7.1793,0
evm.TU.Ap7.1795,0
evm.TU.Ap7.18,1
evm.TU.Ap7.180,0
evm.TU.Ap7.1801,1
evm.TU.Ap7.1802,0
evm.TU.Ap7.1803,0
evm.TU.Ap7.181,0
evm.TU.Ap7.1814,0
evm.TU.Ap7.182,0
evm.TU.Ap7.1829,0
evm.TU.Ap7.183,1
evm.TU.Ap7.1835,1
evm.TU.Ap7.1838,1
evm.TU.Ap7.1839,1
evm.TU.Ap7.1841,0
evm.TU.Ap7.1849,0
evm.TU.Ap7.185,0
evm.TU.Ap7.1869,0
evm.TU.Ap7.187,0
evm.TU.Ap7.1872,0
evm.TU.Ap7.1879,0
evm.TU.Ap7.1886,0
evm.TU.Ap7.1892,0
evm.TU.Ap7.19,0
evm.TU.Ap7.190,0
evm.TU.Ap7.1905,0
evm.TU.Ap7.1924,1
evm.TU.Ap7.1929,0
evm.TU.Ap7.193,0
evm.TU.Ap7.1932,0
evm.TU.Ap7.1933,0
evm.TU.Ap7.1939,0
evm.TU.Ap7.194,0
evm.TU.Ap7.1947,0
evm.TU.Ap7.1948,0
evm.TU.Ap7.1949,0
evm.TU.Ap7.1950,0
evm.TU.Ap7.1952,0
evm.TU.Ap7.1954,0
evm.TU.Ap7.1955,0
evm.TU.Ap7.1956,0
evm.TU.Ap7.1970,0
evm.TU.Ap7.1979,0
evm.TU.Ap7.1984,0
evm.TU.Ap7.1985,0
evm.TU.Ap7.20,0
evm.TU.Ap7.2004,0
evm.TU.Ap7.2006,0
evm.TU.Ap7.2007,0
evm.TU.Ap7.2008,0
evm.TU.Ap7.2010,0
evm.TU.Ap7.2016,0
evm.TU.Ap7.2025,0
evm.TU.Ap7.203,0
evm.TU.Ap7.2037,0
evm.TU.Ap7.2039,1
evm.TU.Ap7.204,1
evm.TU.Ap7.2050_evm.TU.Ap7.2071,0
evm.TU.Ap7.206,0
evm.TU.Ap7.2072,0
evm.TU.Ap7.2073,0
evm.TU.Ap7.2074,0
evm.TU.Ap7.2075,0
evm.TU.Ap7.2078,0
evm.TU.Ap7.2079,0
evm.TU.Ap7.2088,0
evm.TU.Ap7.209,0
evm.TU.Ap7.2090,1
evm.TU.Ap7.2092,0
evm.TU.Ap7.2096,0
evm.TU.Ap7.2099,0
evm.TU.Ap7.21,0
evm.TU.Ap7.210,0
evm.TU.Ap7.2100,1
evm.TU.Ap7.2101,0
evm.TU.Ap7.2102,0
evm.TU.Ap7.2103,1
evm.TU.Ap7.2107,0
evm.TU.Ap7.2108,0
evm.TU.Ap7.211,0
evm.TU.Ap7.2112,0
evm.TU.Ap7.2119,0
evm.TU.Ap7.212,0
evm.TU.Ap7.2120,0
evm.TU.Ap7.2123,1
evm.TU.Ap7.213,0
evm.TU.Ap7.2135,0
evm.TU.Ap7.214,0
evm.TU.Ap7.2143,0
evm.TU.Ap7.2155,0
evm.TU.Ap7.2156,0
evm.TU.Ap7.2157,0
evm.TU.Ap7.216,0
evm.TU.Ap7.2160,0
evm.TU.Ap7.2161,0
evm.TU.Ap7.2162,0
evm.TU.Ap7.2163,0
evm.TU.Ap7.2165,0
evm.TU.Ap7.2166,0
evm.TU.Ap7.2167,0
evm.TU.Ap7.2168,0
evm.TU.Ap7.2169,0
evm.TU.Ap7.2171,0
evm.TU.Ap7.2172,0
evm.TU.Ap7.2173,0
evm.TU.Ap7.2176,0
evm.TU.Ap7.218,0
evm.TU.Ap7.2194,0
evm.TU.Ap7.22,0
evm.TU.Ap7.220,0
evm.TU.Ap7.221,0
evm.TU.Ap7.2218,0
evm.TU.Ap7.2219,0
evm.TU.Ap7.222,0
evm.TU.Ap7.2220,0
evm.TU.Ap7.2221,0
evm.TU.Ap7.2235,0
evm.TU.Ap7.224,0
evm.TU.Ap7.2240,0
evm.TU.Ap7.2243,0
evm.TU.Ap7.2244,0
evm.TU.Ap7.2246,0
evm.TU.Ap7.2247,0
evm.TU.Ap7.2248,1
evm.TU.Ap7.2249,1
evm.TU.Ap7.225,0
evm.TU.Ap7.2250,1
evm.TU.Ap7.2251,0
evm.TU.Ap7.2252,0
evm.TU.Ap7.2253,0
evm.TU.Ap7.226,0
evm.TU.Ap7.2267,0
evm.TU.Ap7.2269,0
evm.TU.Ap7.2278_evm.TU.Ap7.2279,0
evm.TU.Ap7.228,0
evm.TU.Ap7.2286,0
evm.TU.Ap7.2293,0
evm.TU.Ap7.2296,1
evm.TU.Ap7.2297,0
evm.TU.Ap7.2299,0
evm.TU.Ap7.23,0
evm.TU.Ap7.231,0
evm.TU.Ap7.2326,0
evm.TU.Ap7.2337,0
evm.TU.Ap7.234,0
evm.TU.Ap7.2340,0
evm.TU.Ap7.2348,0
evm.TU.Ap7.2350,1
evm.TU.Ap7.2353,0
evm.TU.Ap7.2358,0
evm.TU.Ap7.2359,0
evm.TU.Ap7.236,0
evm.TU.Ap7.2362,0
evm.TU.Ap7.2363,0
evm.TU.Ap7.2365,0
evm.TU.Ap7.2371,1
evm.TU.Ap7.2373,0
evm.TU.Ap7.2374,0
evm.TU.Ap7.2375,0
evm.TU.Ap7.2379,0
evm.TU.Ap7.238,0
evm.TU.Ap7.2382,0
evm.TU.Ap7.2386,0
evm.TU.Ap7.2388,0
evm.TU.Ap7.239,0
evm.TU.Ap7.2397,0
evm.TU.Ap7.2398,0
evm.TU.Ap7.24,0
evm.TU.Ap7.240,0
evm.TU.Ap7.2401,0
evm.TU.Ap7.2409,0
evm.TU.Ap7.241,0
evm.TU.Ap7.2412,0
evm.TU.Ap7.2420,0
evm.TU.Ap7.2421,0
evm.TU.Ap7.2424,0
evm.TU.Ap7.243,0
evm.TU.Ap7.2431,1
evm.TU.Ap7.2432,0
evm.TU.Ap7.2436,0
evm.TU.Ap7.2437,0
evm.TU.Ap7.244,0
evm.TU.Ap7.2444,0
evm.TU.Ap7.2447,1
evm.TU.Ap7.245,0
evm.TU.Ap7.2451,0
evm.TU.Ap7.2454,0
evm.TU.Ap7.2461,0
evm.TU.Ap7.2464,0
evm.TU.Ap7.2467,0
evm.TU.Ap7.247,0
evm.TU.Ap7.2473,0
evm.TU.Ap7.2482,0
evm.TU.Ap7.2483,0
evm.TU.Ap7.2485,0
evm.TU.Ap7.2492,0
evm.TU.Ap7.25,0
evm.TU.Ap7.2505,0
evm.TU.Ap7.2506,0
evm.TU.Ap7.2511,0
evm.TU.Ap7.2543,0
evm.TU.Ap7.2554,0
evm.TU.Ap7.2555,1
evm.TU.Ap7.2556,1
evm.TU.Ap7.2557,1
evm.TU.Ap7.2562,0
evm.TU.Ap7.2565,0
evm.TU.Ap7.2566,0
evm.TU.Ap7.2570,0
evm.TU.Ap7.2573,0
evm.TU.Ap7.2578,0
evm.TU.Ap7.2583,0
evm.TU.Ap7.2584,0
evm.TU.Ap7.2586,0
evm.TU.Ap7.259,0
evm.TU.Ap7.2590,0
evm.TU.Ap7.2597,0
evm.TU.Ap7.2598,0
evm.TU.Ap7.2599,0
evm.TU.Ap7.2600,0
evm.TU.Ap7.2609,0
evm.TU.Ap7.2616,0
evm.TU.Ap7.262,0
evm.TU.Ap7.2620,1
evm.TU.Ap7.2624,0
evm.TU.Ap7.2626,0
evm.TU.Ap7.2627,0
evm.TU.Ap7.2628,0
evm.TU.Ap7.2637,0
evm.TU.Ap7.2638,0
evm.TU.Ap7.264,0
evm.TU.Ap7.2644,0
evm.TU.Ap7.2645,0
evm.TU.Ap7.2646,0
evm.TU.Ap7.2649,1
evm.TU.Ap7.2667,0
evm.TU.Ap7.2669,0
evm.TU.Ap7.2678,0
evm.TU.Ap7.2681,0
evm.TU.Ap7.2689,0
evm.TU.Ap7.2690,1
evm.TU.Ap7.2698,0
evm.TU.Ap7.2699,0
evm.TU.Ap7.2703,0
evm.TU.Ap7.2704,0
evm.TU.Ap7.2705,0
evm.TU.Ap7.2709,0
evm.TU.Ap7.271,0
evm.TU.Ap7.2710,0
evm.TU.Ap7.2711,0
evm.TU.Ap7.2712,0
evm.TU.Ap7.2713,0
evm.TU.Ap7.2720,0
evm.TU.Ap7.2726,0
evm.TU.Ap7.2731,0
evm.TU.Ap7.2736,0
evm.TU.Ap7.2737,0
evm.TU.Ap7.2738,0
evm.TU.Ap7.2739,0
evm.TU.Ap7.2740,0
evm.TU.Ap7.2741,0
evm.TU.Ap7.2744,0
evm.TU.Ap7.2745,0
evm.TU.Ap7.2746,0
evm.TU.Ap7.2747,0
evm.TU.Ap7.2751,0
evm.TU.Ap7.2753,0
evm.TU.Ap7.2758,0
evm.TU.Ap7.2759,0
evm.TU.Ap7.2760,0
evm.TU.Ap7.2766,0
evm.TU.Ap7.2767,0
evm.TU.Ap7.2769,0
evm.TU.Ap7.2770,0
evm.TU.Ap7.2773,0
evm.TU.Ap7.2776,0
evm.TU.Ap7.2777,0
evm.TU.Ap7.278,0
evm.TU.Ap7.2780,0
evm.TU.Ap7.2781,0
evm.TU.Ap7.2782,0
evm.TU.Ap7.2798,0
evm.TU.Ap7.2799,0
evm.TU.Ap7.2800,0
evm.TU.Ap7.2801,0
evm.TU.Ap7.2803,0
evm.TU.Ap7.2804,0
evm.TU.Ap7.2806,0
evm.TU.Ap7.2807,1
evm.TU.Ap7.2808,0
evm.TU.Ap7.2810,1
evm.TU.Ap7.2812,0
evm.TU.Ap7.2814_evm.TU.Ap7.2815,1
evm.TU.Ap7.2817,0
evm.TU.Ap7.2818,0
evm.TU.Ap7.2822,0
evm.TU.Ap7.2824,0
evm.TU.Ap7.2825,0
evm.TU.Ap7.2827,0
evm.TU.Ap7.2828,0
evm.TU.Ap7.283,0
evm.TU.Ap7.2830,0
evm.TU.Ap7.2832,0
evm.TU.Ap7.2837,0
evm.TU.Ap7.2838,0
evm.TU.Ap7.2839,0
evm.TU.Ap7.284,0
evm.TU.Ap7.2843,0
evm.TU.Ap7.2844,0
evm.TU.Ap7.2846,0
evm.TU.Ap7.2847,0
evm.TU.Ap7.2848,0
evm.TU.Ap7.2849,0
evm.TU.Ap7.285,0
evm.TU.Ap7.2850,0
evm.TU.Ap7.2852,0
evm.TU.Ap7.2855,0
evm.TU.Ap7.2858,0
evm.TU.Ap7.2859,0
evm.TU.Ap7.2863,0
evm.TU.Ap7.2868,0
evm.TU.Ap7.287,0
evm.TU.Ap7.2870,0
evm.TU.Ap7.2871,0
evm.TU.Ap7.2872,0
evm.TU.Ap7.2873,0
evm.TU.Ap7.2874,0
evm.TU.Ap7.2876,1
evm.TU.Ap7.288,0
evm.TU.Ap7.2881,0
evm.TU.Ap7.2882,0
evm.TU.Ap7.2884,0
evm.TU.Ap7.2899,0
evm.TU.Ap7.29,0
evm.TU.Ap7.2903,0
evm.TU.Ap7.2904_evm.TU.Ap7.2905,0
evm.TU.Ap7.2909,0
evm.TU.Ap7.291,0
evm.TU.Ap7.2911,0
evm.TU.Ap7.2913,0
evm.TU.Ap7.2914,0
evm.TU.Ap7.2916,0
evm.TU.Ap7.2917,0
evm.TU.Ap7.2918,0
evm.TU.Ap7.2921,0
evm.TU.Ap7.2922,0
evm.TU.Ap7.2925,0
evm.TU.Ap7.2926,0
evm.TU.Ap7.2928,0
evm.TU.Ap7.2930,0
evm.TU.Ap7.2931,0
evm.TU.Ap7.2933,0
evm.TU.Ap7.2934,0
evm.TU.Ap7.2935,0
evm.TU.Ap7.294,0
evm.TU.Ap7.296,0
evm.TU.Ap7.299,0
evm.TU.Ap7.30,1
evm.TU.Ap7.300,0
evm.TU.Ap7.302,0
evm.TU.Ap7.305,0
evm.TU.Ap7.306,0
evm.TU.Ap7.313,1
evm.TU.Ap7.316,1
evm.TU.Ap7.317,0
evm.TU.Ap7.32,0
evm.TU.Ap7.320,0
evm.TU.Ap7.321,0
evm.TU.Ap7.33,0
evm.TU.Ap7.352,0
evm.TU.Ap7.353,0
evm.TU.Ap7.354,0
evm.TU.Ap7.355,0
evm.TU.Ap7.359,0
evm.TU.Ap7.360,0
evm.TU.Ap7.361,0
evm.TU.Ap7.366,0
evm.TU.Ap7.374,0
evm.TU.Ap7.378,0
evm.TU.Ap7.379,0
evm.TU.Ap7.38,0
evm.TU.Ap7.39,0
evm.TU.Ap7.401,1
evm.TU.Ap7.403,0
evm.TU.Ap7.404,0
evm.TU.Ap7.405,0
evm.TU.Ap7.406,0
evm.TU.Ap7.408,0
evm.TU.Ap7.418,0
evm.TU.Ap7.435,0
evm.TU.Ap7.443,0
evm.TU.Ap7.445,0
evm.TU.Ap7.452,0
evm.TU.Ap7.457,0
evm.TU.Ap7.458,0
evm.TU.Ap7.460,0
evm.TU.Ap7.461,0
evm.TU.Ap7.462,0
evm.TU.Ap7.463,1
evm.TU.Ap7.468,1
evm.TU.Ap7.473,1
evm.TU.Ap7.48,1
evm.TU.Ap7.489,0
evm.TU.Ap7.49,0
evm.TU.Ap7.492,0
evm.TU.Ap7.523,0
evm.TU.Ap7.524,0
evm.TU.Ap7.525,0
evm.TU.Ap7.53,0
evm.TU.Ap7.539,0
evm.TU.Ap7.54,0
evm.TU.Ap7.541,0
evm.TU.Ap7.543,0
evm.TU.Ap7.544,0
evm.TU.Ap7.563,1
evm.TU.Ap7.576,0
evm.TU.Ap7.577,0
evm.TU.Ap7.593,0
evm.TU.Ap7.6,0
evm.TU.Ap7.60,0
evm.TU.Ap7.601,0
evm.TU.Ap7.605,0
evm.TU.Ap7.607,0
evm.TU.Ap7.61,1
evm.TU.Ap7.615,0
evm.TU.Ap7.660,0
evm.TU.Ap7.661,0
evm.TU.Ap7.665,0
evm.TU.Ap7.667,0
evm.TU.Ap7.703,0
evm.TU.Ap7.705,0
evm.TU.Ap7.706,0
evm.TU.Ap7.709,0
evm.TU.Ap7.713,0
evm.TU.Ap7.714,0
evm.TU.Ap7.719,0
evm.TU.Ap7.721,0
evm.TU.Ap7.726,0
evm.TU.Ap7.728,0
evm.TU.Ap7.74,0
evm.TU.Ap7.746,0
evm.TU.Ap7.747,1
evm.TU.Ap7.748,1
evm.TU.Ap7.749,0
evm.TU.Ap7.752,0
evm.TU.Ap7.753,0
evm.TU.Ap7.755,0
evm.TU.Ap7.78,0
evm.TU.Ap7.794,0
evm.TU.Ap7.795,0
evm.TU.Ap7.796_evm.TU.Ap7.801,0
evm.TU.Ap7.823,0
evm.TU.Ap7.833,0
evm.TU.Ap7.835,1
evm.TU.Ap7.836,0
evm.TU.Ap7.838,0
evm.TU.Ap7.840,0
evm.TU.Ap7.841,0
evm.TU.Ap7.844,0
evm.TU.Ap7.846,0
evm.TU.Ap7.847,0
evm.TU.Ap7.856,0
evm.TU.Ap7.860,0
evm.TU.Ap7.863,0
evm.TU.Ap7.864,0
evm.TU.Ap7.871,0
evm.TU.Ap7.876,0
evm.TU.Ap7.878,0
evm.TU.Ap7.879,0
evm.TU.Ap7.88,0
evm.TU.Ap7.89,0
evm.TU.Ap7.896,0
evm.TU.Ap7.897,0
evm.TU.Ap7.900,0
evm.TU.Ap7.901,0
evm.TU.Ap7.902,0
evm.TU.Ap7.904,0
evm.TU.Ap7.908,0
evm.TU.Ap7.91,0
evm.TU.Ap7.92,0
evm.TU.Ap7.923,0
evm.TU.Ap7.930,0
evm.TU.Ap7.931,0
evm.TU.Ap7.937,0
evm.TU.Ap7.939,0
evm.TU.Ap7.94,0
evm.TU.Ap7.944,0
evm.TU.Ap7.948,0
evm.TU.Ap7.949,0
evm.TU.Ap7.950,0
evm.TU.Ap7.951,1
evm.TU.Ap7.952,0
evm.TU.Ap7.954,0
evm.TU.Ap7.960,0
evm.TU.Ap7.962,0
evm.TU.Ap7.963,0
evm.TU.Ap7.968,0
evm.TU.Ap7.969,0
evm.TU.Ap7.970,0
evm.TU.Ap7.971,0
evm.TU.Ap7.973,0
evm.TU.Ap7.975,0
evm.TU.Ap7.980,0
evm.TU.Ap7.984,0
evm.TU.Ap7.985,0
evm.TU.Ap7.986,0
evm.TU.Ap7.99,0
evm.TU.Ap7.992,0
evm.TU.Ap7.996,0
evm.TU.Ap7.998,0
evm.TU.Ap8.10,0
evm.TU.Ap8.1005,0
evm.TU.Ap8.1006,0
evm.TU.Ap8.1023,0
evm.TU.Ap8.1046,0
evm.TU.Ap8.1047,1
evm.TU.Ap8.1056,0
evm.TU.Ap8.1058,1
evm.TU.Ap8.1059,1
evm.TU.Ap8.1063,0
evm.TU.Ap8.1071,0
evm.TU.Ap8.1073,0
evm.TU.Ap8.1083,0
evm.TU.Ap8.1084,0
evm.TU.Ap8.1088,0
evm.TU.Ap8.11,0
evm.TU.Ap8.1100,0
evm.TU.Ap8.1101,0
evm.TU.Ap8.1129,1
evm.TU.Ap8.113,0
evm.TU.Ap8.1132,0
evm.TU.Ap8.1136,0
evm.TU.Ap8.1146,0
evm.TU.Ap8.116,1
evm.TU.Ap8.1164,0
evm.TU.Ap8.1172,0
evm.TU.Ap8.118,0
evm.TU.Ap8.1187_evm.TU.Ap8.1174_evm.TU.Ap8.1175_evm.TU.Ap8.1176,0
evm.TU.Ap8.119,0
evm.TU.Ap8.1193,0
evm.TU.Ap8.12,0
evm.TU.Ap8.1209,0
evm.TU.Ap8.1222,0
evm.TU.Ap8.1223,0
evm.TU.Ap8.1228,0
evm.TU.Ap8.1231,0
evm.TU.Ap8.1232,0
evm.TU.Ap8.1233,0
evm.TU.Ap8.1234,0
evm.TU.Ap8.1235,0
evm.TU.Ap8.1238,0
evm.TU.Ap8.1243,0
evm.TU.Ap8.1245,0
evm.TU.Ap8.1246,1
evm.TU.Ap8.1248,0
evm.TU.Ap8.1250,0
evm.TU.Ap8.1251,0
evm.TU.Ap8.1254,0
evm.TU.Ap8.1257,0
evm.TU.Ap8.1258,0
evm.TU.Ap8.1259,0
evm.TU.Ap8.1260,0
evm.TU.Ap8.1261,0
evm.TU.Ap8.1263,0
evm.TU.Ap8.1264,0
evm.TU.Ap8.1269,1
evm.TU.Ap8.1270,0
evm.TU.Ap8.1271,0
evm.TU.Ap8.1273,0
evm.TU.Ap8.1289,0
evm.TU.Ap8.129,0
evm.TU.Ap8.1290,0
evm.TU.Ap8.1294,0
evm.TU.Ap8.1295,1
evm.TU.Ap8.1296,0
evm.TU.Ap8.1297,0
evm.TU.Ap8.1298,0
evm.TU.Ap8.13,0
evm.TU.Ap8.130,0
evm.TU.Ap8.1300,0
evm.TU.Ap8.1306,1
evm.TU.Ap8.1308,0
evm.TU.Ap8.1309,0
evm.TU.Ap8.1315,1
evm.TU.Ap8.1316,1
evm.TU.Ap8.1321,0
evm.TU.Ap8.1326,0
evm.TU.Ap8.1327,1
evm.TU.Ap8.1328,0
evm.TU.Ap8.133,0
evm.TU.Ap8.1350,1
evm.TU.Ap8.1353,0
evm.TU.Ap8.1357,0
evm.TU.Ap8.136,0
evm.TU.Ap8.1360,0
evm.TU.Ap8.1361,0
evm.TU.Ap8.1362,0
evm.TU.Ap8.1368,0
evm.TU.Ap8.137,0
evm.TU.Ap8.1372,0
evm.TU.Ap8.1373,0
evm.TU.Ap8.1374,0
evm.TU.Ap8.138,0
evm.TU.Ap8.1381,0
evm.TU.Ap8.1389,1
evm.TU.Ap8.139,0
evm.TU.Ap8.1391,0
evm.TU.Ap8.1392,1
evm.TU.Ap8.1393,1
evm.TU.Ap8.140,0
evm.TU.Ap8.1404,1
evm.TU.Ap8.141,0
evm.TU.Ap8.142,0
evm.TU.Ap8.143,0
evm.TU.Ap8.144,1
evm.TU.Ap8.1440,0
evm.TU.Ap8.1441,0
evm.TU.Ap8.1442,1
evm.TU.Ap8.145,1
evm.TU.Ap8.1450,0
evm.TU.Ap8.1458,0
evm.TU.Ap8.146,1
evm.TU.Ap8.1463,0
evm.TU.Ap8.1466,0
evm.TU.Ap8.1467,0
evm.TU.Ap8.147,1
evm.TU.Ap8.1471,0
evm.TU.Ap8.1481,0
evm.TU.Ap8.1487,0
evm.TU.Ap8.1492,1
evm.TU.Ap8.1493,0
evm.TU.Ap8.151,0
evm.TU.Ap8.1510,0
evm.TU.Ap8.1514,0
evm.TU.Ap8.1517,0
evm.TU.Ap8.152,0
evm.TU.Ap8.1529,0
evm.TU.Ap8.1532,0
evm.TU.Ap8.1536_evm.TU.Ap8.1571,1
evm.TU.Ap8.158,0
evm.TU.Ap8.161,0
evm.TU.Ap8.1615,0
evm.TU.Ap8.1617,1
evm.TU.Ap8.162,0
evm.TU.Ap8.165,0
evm.TU.Ap8.1666,0
evm.TU.Ap8.1669,1
evm.TU.Ap8.1670,1
evm.TU.Ap8.1671,1
evm.TU.Ap8.1672,0
evm.TU.Ap8.1673,0
evm.TU.Ap8.1679,0
evm.TU.Ap8.1680_evm.TU.Ap8.1681,0
evm.TU.Ap8.1686,0
evm.TU.Ap8.1687,0
evm.TU.Ap8.1688,0
evm.TU.Ap8.1689,0
evm.TU.Ap8.1690,1
evm.TU.Ap8.1691,0
evm.TU.Ap8.1692,0
evm.TU.Ap8.1693,0
evm.TU.Ap8.1696,0
evm.TU.Ap8.1697,0
evm.TU.Ap8.1702,0
evm.TU.Ap8.1703,0
evm.TU.Ap8.1705,0
evm.TU.Ap8.1708,0
evm.TU.Ap8.1709,0
evm.TU.Ap8.171,0
evm.TU.Ap8.1710,0
evm.TU.Ap8.1711,0
evm.TU.Ap8.1713,0
evm.TU.Ap8.1714,0
evm.TU.Ap8.1717,1
evm.TU.Ap8.1719,1
evm.TU.Ap8.1720,1
evm.TU.Ap8.1721,0
evm.TU.Ap8.1723,0
evm.TU.Ap8.173,0
evm.TU.Ap8.1730,0
evm.TU.Ap8.1735,0
evm.TU.Ap8.1736,0
evm.TU.Ap8.1739,0
evm.TU.Ap8.1740,0
evm.TU.Ap8.1742,0
evm.TU.Ap8.1744,0
evm.TU.Ap8.1746,0
evm.TU.Ap8.1747,0
evm.TU.Ap8.1753,0
evm.TU.Ap8.176,0
evm.TU.Ap8.1769,0
evm.TU.Ap8.177,0
evm.TU.Ap8.178,0
evm.TU.Ap8.1797_evm.TU.Ap8.1799,0
evm.TU.Ap8.180,0
evm.TU.Ap8.1800,0
evm.TU.Ap8.1804,0
evm.TU.Ap8.1805,0
evm.TU.Ap8.181,0
evm.TU.Ap8.182,0
evm.TU.Ap8.1822,1
evm.TU.Ap8.183,0
evm.TU.Ap8.184,0
evm.TU.Ap8.1841,0
evm.TU.Ap8.1842,0
evm.TU.Ap8.1844,1
evm.TU.Ap8.189,0
evm.TU.Ap8.1904,0
evm.TU.Ap8.1905,0
evm.TU.Ap8.1906,0
evm.TU.Ap8.1907,0
evm.TU.Ap8.1909,1
evm.TU.Ap8.1915,0
evm.TU.Ap8.192,0
evm.TU.Ap8.1921,0
evm.TU.Ap8.1926,0
evm.TU.Ap8.1938,1
evm.TU.Ap8.1941,1
evm.TU.Ap8.1950,1
evm.TU.Ap8.1954,0
evm.TU.Ap8.1955,0
evm.TU.Ap8.1956,0
evm.TU.Ap8.1958,0
evm.TU.Ap8.1959,1
evm.TU.Ap8.1961,0
evm.TU.Ap8.1962,0
evm.TU.Ap8.1966,0
evm.TU.Ap8.1967,0
evm.TU.Ap8.197,0
evm.TU.Ap8.1976,0
evm.TU.Ap8.198,0
evm.TU.Ap8.1981,1
evm.TU.Ap8.1993,0
evm.TU.Ap8.2,0
evm.TU.Ap8.2002,0
evm.TU.Ap8.2004,0
evm.TU.Ap8.201,0
evm.TU.Ap8.2010,1
evm.TU.Ap8.2012,0
evm.TU.Ap8.2035,0
evm.TU.Ap8.2036,0
evm.TU.Ap8.2038,0
evm.TU.Ap8.2044,0
evm.TU.Ap8.2045,0
evm.TU.Ap8.2048,0
evm.TU.Ap8.205,1
evm.TU.Ap8.2051,1
evm.TU.Ap8.206,0
evm.TU.Ap8.2074_evm.TU.Ap8.2080,1
evm.TU.Ap8.2088,0
evm.TU.Ap8.2089,0
evm.TU.Ap8.2098,0
evm.TU.Ap8.21,0
evm.TU.Ap8.2101,0
evm.TU.Ap8.2103,0
evm.TU.Ap8.2104_evm.TU.Ap8.2105,0
evm.TU.Ap8.2106,0
evm.TU.Ap8.2107,1
evm.TU.Ap8.2111,1
evm.TU.Ap8.2117,0
evm.TU.Ap8.2118,0
evm.TU.Ap8.2120,0
evm.TU.Ap8.2138,0
evm.TU.Ap8.2139,0
evm.TU.Ap8.214,0
evm.TU.Ap8.2144,0
evm.TU.Ap8.2146,0
evm.TU.Ap8.215,0
evm.TU.Ap8.2159,0
evm.TU.Ap8.2163,0
evm.TU.Ap8.217,0
evm.TU.Ap8.2184,0
evm.TU.Ap8.2185,0
evm.TU.Ap8.2187,0
evm.TU.Ap8.2188,0
evm.TU.Ap8.219,0
evm.TU.Ap8.2191,0
evm.TU.Ap8.2192,0
evm.TU.Ap8.2196,0
evm.TU.Ap8.2208,1
evm.TU.Ap8.2214,0
evm.TU.Ap8.2229,0
evm.TU.Ap8.2230,0
evm.TU.Ap8.2232,0
evm.TU.Ap8.2233,0
evm.TU.Ap8.2238,0
evm.TU.Ap8.2239,0
evm.TU.Ap8.224,0
evm.TU.Ap8.2242,0
evm.TU.Ap8.2244_evm.TU.Ap8.2245,1
evm.TU.Ap8.2246,0
evm.TU.Ap8.2259,1
evm.TU.Ap8.226,0
evm.TU.Ap8.2262,0
evm.TU.Ap8.2263,1
evm.TU.Ap8.2264,0
evm.TU.Ap8.2269,0
evm.TU.Ap8.227,0
evm.TU.Ap8.228,0
evm.TU.Ap8.229,0
evm.TU.Ap8.230,1
evm.TU.Ap8.232,0
evm.TU.Ap8.2324,0
evm.TU.Ap8.2325,0
evm.TU.Ap8.2328,0
evm.TU.Ap8.2329,0
evm.TU.Ap8.233,0
evm.TU.Ap8.2341,0
evm.TU.Ap8.2343,0
evm.TU.Ap8.2357,0
evm.TU.Ap8.2359,0
evm.TU.Ap8.236,0
evm.TU.Ap8.2363,0
evm.TU.Ap8.2369,0
evm.TU.Ap8.2372,0
evm.TU.Ap8.2373,0
evm.TU.Ap8.2374,0
evm.TU.Ap8.2375,0
evm.TU.Ap8.2378,0
evm.TU.Ap8.2380,0
evm.TU.Ap8.2384,0
evm.TU.Ap8.2393,0
evm.TU.Ap8.2396,0
evm.TU.Ap8.240,1
evm.TU.Ap8.2402,0
evm.TU.Ap8.2407,0
evm.TU.Ap8.2412,0
evm.TU.Ap8.2414,0
evm.TU.Ap8.2415,0
evm.TU.Ap8.2419,0
evm.TU.Ap8.2429,0
evm.TU.Ap8.2431,0
evm.TU.Ap8.2432,0
evm.TU.Ap8.2434,0
evm.TU.Ap8.244,0
evm.TU.Ap8.2441,0
evm.TU.Ap8.2442,0
evm.TU.Ap8.2444,0
evm.TU.Ap8.2445,0
evm.TU.Ap8.2453,0
evm.TU.Ap8.2457,0
evm.TU.Ap8.2458,0
evm.TU.Ap8.2465,0
evm.TU.Ap8.2470,0
evm.TU.Ap8.2471,1
evm.TU.Ap8.2475,0
evm.TU.Ap8.2476,0
evm.TU.Ap8.2477,0
evm.TU.Ap8.2478,0
evm.TU.Ap8.2479,0
evm.TU.Ap8.2482,0
evm.TU.Ap8.2483,0
evm.TU.Ap8.2484,0
evm.TU.Ap8.2488,0
evm.TU.Ap8.2490,0
evm.TU.Ap8.2492,0
evm.TU.Ap8.2497,0
evm.TU.Ap8.2498,0
evm.TU.Ap8.2507,0
evm.TU.Ap8.2508,0
evm.TU.Ap8.2509,0
evm.TU.Ap8.2511,0
evm.TU.Ap8.2512,0
evm.TU.Ap8.2513,0
evm.TU.Ap8.2516,0
evm.TU.Ap8.2519,0
evm.TU.Ap8.2524,0
evm.TU.Ap8.2525,0
evm.TU.Ap8.2526,0
evm.TU.Ap8.253,0
evm.TU.Ap8.2533,0
evm.TU.Ap8.2534,0
evm.TU.Ap8.2542,0
evm.TU.Ap8.2549,0
evm.TU.Ap8.2551,1
evm.TU.Ap8.2553,0
evm.TU.Ap8.2555,0
evm.TU.Ap8.2556,0
evm.TU.Ap8.2558,0
evm.TU.Ap8.256,0
evm.TU.Ap8.2561,0
evm.TU.Ap8.257,0
evm.TU.Ap8.2571,0
evm.TU.Ap8.2572,1
evm.TU.Ap8.2573,0
evm.TU.Ap8.2574,0
evm.TU.Ap8.2575,0
evm.TU.Ap8.2576,0
evm.TU.Ap8.2577,0
evm.TU.Ap8.2578,0
evm.TU.Ap8.258,0
evm.TU.Ap8.2580,0
evm.TU.Ap8.2582,0
evm.TU.Ap8.2586,0
evm.TU.Ap8.2587,0
evm.TU.Ap8.2588,0
evm.TU.Ap8.2589,0
evm.TU.Ap8.259,0
evm.TU.Ap8.2590,0
evm.TU.Ap8.2591,0
evm.TU.Ap8.2592,0
evm.TU.Ap8.2593,0
evm.TU.Ap8.2594,0
evm.TU.Ap8.2604,0
evm.TU.Ap8.2606,0
evm.TU.Ap8.2608,0
evm.TU.Ap8.2610,0
evm.TU.Ap8.2611,0
evm.TU.Ap8.2614,0
evm.TU.Ap8.2615,0
evm.TU.Ap8.2616,0
evm.TU.Ap8.2617,0
evm.TU.Ap8.2624,0
evm.TU.Ap8.263,0
evm.TU.Ap8.2634,1
evm.TU.Ap8.2638,1
evm.TU.Ap8.2645,0
evm.TU.Ap8.2647,0
evm.TU.Ap8.2648,0
evm.TU.Ap8.2649,0
evm.TU.Ap8.2650,0
evm.TU.Ap8.2651,1
evm.TU.Ap8.2657,1
evm.TU.Ap8.266,0
evm.TU.Ap8.267,0
evm.TU.Ap8.2671,0
evm.TU.Ap8.2673,0
evm.TU.Ap8.2677,0
evm.TU.Ap8.268,1
evm.TU.Ap8.2688,0
evm.TU.Ap8.2690,0
evm.TU.Ap8.2691,0
evm.TU.Ap8.2695,0
evm.TU.Ap8.2697,0
evm.TU.Ap8.2698,0
evm.TU.Ap8.270,0
evm.TU.Ap8.2709,0
evm.TU.Ap8.2712,0
evm.TU.Ap8.272,0
evm.TU.Ap8.2725,0
evm.TU.Ap8.2728,0
evm.TU.Ap8.276,1
evm.TU.Ap8.2760,0
evm.TU.Ap8.2761,1
evm.TU.Ap8.2762,0
evm.TU.Ap8.2763,1
evm.TU.Ap8.2766,0
evm.TU.Ap8.277,0
evm.TU.Ap8.2770,0
evm.TU.Ap8.2779,0
evm.TU.Ap8.278,1
evm.TU.Ap8.2780,0
evm.TU.Ap8.2782,0
evm.TU.Ap8.2789,0
evm.TU.Ap8.2790,0
evm.TU.Ap8.2791,0
evm.TU.Ap8.280,0
evm.TU.Ap8.2802,0
evm.TU.Ap8.2803,0
evm.TU.Ap8.2805,0
evm.TU.Ap8.2809,0
evm.TU.Ap8.281,0
evm.TU.Ap8.2811,0
evm.TU.Ap8.2813,0
evm.TU.Ap8.2816_evm.TU.Ap8.2817,0
evm.TU.Ap8.2819,0
evm.TU.Ap8.2820,0
evm.TU.Ap8.2823,0
evm.TU.Ap8.2824,0
evm.TU.Ap8.2825,0
evm.TU.Ap8.2826,0
evm.TU.Ap8.2827,0
evm.TU.Ap8.2828,0
evm.TU.Ap8.2829,0
evm.TU.Ap8.283,0
evm.TU.Ap8.2830,0
evm.TU.Ap8.2833,0
evm.TU.Ap8.2834,1
evm.TU.Ap8.2835,0
evm.TU.Ap8.2836,0
evm.TU.Ap8.2842,0
evm.TU.Ap8.2843,0
evm.TU.Ap8.2846,0
evm.TU.Ap8.2848,0
evm.TU.Ap8.2851,1
evm.TU.Ap8.2853,0
evm.TU.Ap8.2858,0
evm.TU.Ap8.288,0
evm.TU.Ap8.291,0
evm.TU.Ap8.293,0
evm.TU.Ap8.294,0
evm.TU.Ap8.295,0
evm.TU.Ap8.299,0
evm.TU.Ap8.3,0
evm.TU.Ap8.30,0
evm.TU.Ap8.304,0
evm.TU.Ap8.306,0
evm.TU.Ap8.315,0
evm.TU.Ap8.316,0
evm.TU.Ap8.317,0
evm.TU.Ap8.318,0
evm.TU.Ap8.321,0
evm.TU.Ap8.325,0
evm.TU.Ap8.326,0
evm.TU.Ap8.327,0
evm.TU.Ap8.328,0
evm.TU.Ap8.340,0
evm.TU.Ap8.348,1
evm.TU.Ap8.36,0
evm.TU.Ap8.361,0
evm.TU.Ap8.364,1
evm.TU.Ap8.365,0
evm.TU.Ap8.366,0
evm.TU.Ap8.367,0
evm.TU.Ap8.368,0
evm.TU.Ap8.371,0
evm.TU.Ap8.372,0
evm.TU.Ap8.373,0
evm.TU.Ap8.380,0
evm.TU.Ap8.39,0
evm.TU.Ap8.40,0
evm.TU.Ap8.41,0
evm.TU.Ap8.416,0
evm.TU.Ap8.419,0
evm.TU.Ap8.420,0
evm.TU.Ap8.427,0
evm.TU.Ap8.43,0
evm.TU.Ap8.435,0
evm.TU.Ap8.437,0
evm.TU.Ap8.438,0
evm.TU.Ap8.439,1
evm.TU.Ap8.440,0
evm.TU.Ap8.441,0
evm.TU.Ap8.442,0
evm.TU.Ap8.447,0
evm.TU.Ap8.448,0
evm.TU.Ap8.449,0
evm.TU.Ap8.450,0
evm.TU.Ap8.452,0
evm.TU.Ap8.454,0
evm.TU.Ap8.455,0
evm.TU.Ap8.457,0
evm.TU.Ap8.458,0
evm.TU.Ap8.460,0
evm.TU.Ap8.462,0
evm.TU.Ap8.463,0
evm.TU.Ap8.464,0
evm.TU.Ap8.465,0
evm.TU.Ap8.466,0
evm.TU.Ap8.472,0
evm.TU.Ap8.475,0
evm.TU.Ap8.48,0
evm.TU.Ap8.480,0
evm.TU.Ap8.483,0
evm.TU.Ap8.484,0
evm.TU.Ap8.485,0
evm.TU.Ap8.489,0
evm.TU.Ap8.490,0
evm.TU.Ap8.492,0
evm.TU.Ap8.493,0
evm.TU.Ap8.494,0
evm.TU.Ap8.495,1
evm.TU.Ap8.496,0
evm.TU.Ap8.498,0
evm.TU.Ap8.503,0
evm.TU.Ap8.505,1
evm.TU.Ap8.506,0
evm.TU.Ap8.507,0
evm.TU.Ap8.510,0
evm.TU.Ap8.522,0
evm.TU.Ap8.523,0
evm.TU.Ap8.525,1
evm.TU.Ap8.527,0
evm.TU.Ap8.529,0
evm.TU.Ap8.54,0
evm.TU.Ap8.540,0
evm.TU.Ap8.554,1
evm.TU.Ap8.556,1
evm.TU.Ap8.557,1
evm.TU.Ap8.561,0
evm.TU.Ap8.562,0
evm.TU.Ap8.563,0
evm.TU.Ap8.564,0
evm.TU.Ap8.565,0
evm.TU.Ap8.566,0
evm.TU.Ap8.567,0
evm.TU.Ap8.57,0
evm.TU.Ap8.570,0
evm.TU.Ap8.575,0
evm.TU.Ap8.576,0
evm.TU.Ap8.579,0
evm.TU.Ap8.585,0
evm.TU.Ap8.587,0
evm.TU.Ap8.588,0
evm.TU.Ap8.589,0
evm.TU.Ap8.608,0
evm.TU.Ap8.609,0
evm.TU.Ap8.612,0
evm.TU.Ap8.619,0
evm.TU.Ap8.628,0
evm.TU.Ap8.630,0
evm.TU.Ap8.632,0
evm.TU.Ap8.636,1
evm.TU.Ap8.637,0
evm.TU.Ap8.64,0
evm.TU.Ap8.642,0
evm.TU.Ap8.643,0
evm.TU.Ap8.644,0
evm.TU.Ap8.648,0
evm.TU.Ap8.649,0
evm.TU.Ap8.65,0
evm.TU.Ap8.650,0
evm.TU.Ap8.659,0
evm.TU.Ap8.66,0
evm.TU.Ap8.662,0
evm.TU.Ap8.666,0
evm.TU.Ap8.668,0
evm.TU.Ap8.671,0
evm.TU.Ap8.678,0
evm.TU.Ap8.682,0
evm.TU.Ap8.685,0
evm.TU.Ap8.689,0
evm.TU.Ap8.694,0
evm.TU.Ap8.695,0
evm.TU.Ap8.696,0
evm.TU.Ap8.697,0
evm.TU.Ap8.705,0
evm.TU.Ap8.709,0
evm.TU.Ap8.711,0
evm.TU.Ap8.712,0
evm.TU.Ap8.729,0
evm.TU.Ap8.730,0
evm.TU.Ap8.733,0
evm.TU.Ap8.752,0
evm.TU.Ap8.755,0
evm.TU.Ap8.760_evm.TU.Ap8.756,0
evm.TU.Ap8.761,0
evm.TU.Ap8.764,0
evm.TU.Ap8.766,0
evm.TU.Ap8.767,1
evm.TU.Ap8.776,0
evm.TU.Ap8.779,0
evm.TU.Ap8.78,0
evm.TU.Ap8.786,0
evm.TU.Ap8.788,0
evm.TU.Ap8.789,0
evm.TU.Ap8.8,0
evm.TU.Ap8.820,0
evm.TU.Ap8.821,0
evm.TU.Ap8.822,1
evm.TU.Ap8.824,1
evm.TU.Ap8.83,0
evm.TU.Ap8.837,0
evm.TU.Ap8.838,0
evm.TU.Ap8.839,0
evm.TU.Ap8.84,0
evm.TU.Ap8.842,0
evm.TU.Ap8.843,1
evm.TU.Ap8.844,0
evm.TU.Ap8.85,0
evm.TU.Ap8.861,0
evm.TU.Ap8.866,1
evm.TU.Ap8.87,1
evm.TU.Ap8.870,0
evm.TU.Ap8.873_evm.TU.Ap8.875,0
evm.TU.Ap8.877,0
evm.TU.Ap8.879,0
evm.TU.Ap8.880,0
evm.TU.Ap8.881,0
evm.TU.Ap8.882,0
evm.TU.Ap8.883,0
evm.TU.Ap8.884,0
evm.TU.Ap8.897,0
evm.TU.Ap8.898,0
evm.TU.Ap8.899,0
evm.TU.Ap8.9,0
evm.TU.Ap8.901,0
evm.TU.Ap8.905,0
evm.TU.Ap8.906,0
evm.TU.Ap8.907,0
evm.TU.Ap8.913,0
evm.TU.Ap8.917,0
evm.TU.Ap8.926,0
evm.TU.Ap8.927,0
evm.TU.Ap8.928,0
evm.TU.Ap8.934,0
evm.TU.Ap8.946,0
evm.TU.Ap8.964,0
evm.TU.Ap8.967,0
evm.TU.Ap8.968,0
evm.TU.Ap8.969,0
evm.TU.Ap8.970,0
evm.TU.Ap8.972,0
evm.TU.Ap8.974,0
evm.TU.Ap8.975,0
evm.TU.Ap8.996,0
evm.TU.Ap9.1000,0
evm.TU.Ap9.1009,0
evm.TU.Ap9.101,0
evm.TU.Ap9.1010,0
evm.TU.Ap9.1014,0
evm.TU.Ap9.1018,0
evm.TU.Ap9.102,0
evm.TU.Ap9.1020,0
evm.TU.Ap9.1034,0
evm.TU.Ap9.104,0
evm.TU.Ap9.1048,0
evm.TU.Ap9.1049,0
evm.TU.Ap9.105,0
evm.TU.Ap9.1052,0
evm.TU.Ap9.1053,0
evm.TU.Ap9.1062,1
evm.TU.Ap9.1065,0
evm.TU.Ap9.1066,0
evm.TU.Ap9.1067,0
evm.TU.Ap9.107,0
evm.TU.Ap9.1087,0
evm.TU.Ap9.1088,0
evm.TU.Ap9.1090,0
evm.TU.Ap9.1091,0
evm.TU.Ap9.1092,0
evm.TU.Ap9.1107,0
evm.TU.Ap9.1108_evm.TU.Ap9.1110,0
evm.TU.Ap9.1111,0
evm.TU.Ap9.1114,0
evm.TU.Ap9.1115,0
evm.TU.Ap9.1117,0
evm.TU.Ap9.1118,0
evm.TU.Ap9.1119,0
evm.TU.Ap9.1120,1
evm.TU.Ap9.1122,0
evm.TU.Ap9.1123,0
evm.TU.Ap9.1124,0
evm.TU.Ap9.1126,0
evm.TU.Ap9.1128,0
evm.TU.Ap9.1129,0
evm.TU.Ap9.1130,0
evm.TU.Ap9.1134,0
evm.TU.Ap9.1138,0
evm.TU.Ap9.1139,0
evm.TU.Ap9.114,0
evm.TU.Ap9.1141,0
evm.TU.Ap9.1142,0
evm.TU.Ap9.1143,0
evm.TU.Ap9.1144,0
evm.TU.Ap9.1149,0
evm.TU.Ap9.115,0
evm.TU.Ap9.1154,0
evm.TU.Ap9.1155,0
evm.TU.Ap9.1159,0
evm.TU.Ap9.116,0
evm.TU.Ap9.1160,1
evm.TU.Ap9.1161,0
evm.TU.Ap9.1162,0
evm.TU.Ap9.1165,0
evm.TU.Ap9.1172,0
evm.TU.Ap9.1178,0
evm.TU.Ap9.1179,0
evm.TU.Ap9.118,0
evm.TU.Ap9.1180,0
evm.TU.Ap9.1181,0
evm.TU.Ap9.1182,0
evm.TU.Ap9.1183,0
evm.TU.Ap9.1185,0
evm.TU.Ap9.1187,0
evm.TU.Ap9.1188,0
evm.TU.Ap9.1189,0
evm.TU.Ap9.119,0
evm.TU.Ap9.1190,0
evm.TU.Ap9.1193_evm.TU.Ap9.1194,0
evm.TU.Ap9.1195,0
evm.TU.Ap9.120,0
evm.TU.Ap9.1201,0
evm.TU.Ap9.1209,0
evm.TU.Ap9.121,0
evm.TU.Ap9.1210,0
evm.TU.Ap9.1212,0
evm.TU.Ap9.1213,1
evm.TU.Ap9.1214,1
evm.TU.Ap9.1215,0
evm.TU.Ap9.1217,0
evm.TU.Ap9.122,0
evm.TU.Ap9.1226,0
evm.TU.Ap9.1228,0
evm.TU.Ap9.1229,0
evm.TU.Ap9.1230,0
evm.TU.Ap9.1231,0
evm.TU.Ap9.1232,0
evm.TU.Ap9.124,0
evm.TU.Ap9.1240_evm.TU.Ap9.1241,0
evm.TU.Ap9.1245,0
evm.TU.Ap9.1270,0
evm.TU.Ap9.1275,0
evm.TU.Ap9.1276,0
evm.TU.Ap9.1281,1
evm.TU.Ap9.1283,1
evm.TU.Ap9.1293,1
evm.TU.Ap9.1296,0
evm.TU.Ap9.1297,1
evm.TU.Ap9.130,0
evm.TU.Ap9.1303,1
evm.TU.Ap9.1305,1
evm.TU.Ap9.131,0
evm.TU.Ap9.1322,1
evm.TU.Ap9.1329,1
evm.TU.Ap9.133,0
evm.TU.Ap9.1331,1
evm.TU.Ap9.1347,0
evm.TU.Ap9.1355,0
evm.TU.Ap9.1356,0
evm.TU.Ap9.1387,0
evm.TU.Ap9.139,0
evm.TU.Ap9.140,0
evm.TU.Ap9.1400,0
evm.TU.Ap9.1401,0
evm.TU.Ap9.1404,1
evm.TU.Ap9.1419,0
evm.TU.Ap9.142,0
evm.TU.Ap9.1422,1
evm.TU.Ap9.1427,1
evm.TU.Ap9.1433,1
evm.TU.Ap9.1434,1
evm.TU.Ap9.1435,1
evm.TU.Ap9.1452,0
evm.TU.Ap9.1457,0
evm.TU.Ap9.1458,0
evm.TU.Ap9.147,1
evm.TU.Ap9.1496,0
evm.TU.Ap9.1500,0
evm.TU.Ap9.1502,0
evm.TU.Ap9.1505,0
evm.TU.Ap9.1507,0
evm.TU.Ap9.151,1
evm.TU.Ap9.152,0
evm.TU.Ap9.1526,0
evm.TU.Ap9.1527,0
evm.TU.Ap9.1529,0
evm.TU.Ap9.1539,0
evm.TU.Ap9.1540,0
evm.TU.Ap9.1541,0
evm.TU.Ap9.1548,0
evm.TU.Ap9.1549,0
evm.TU.Ap9.1551,0
evm.TU.Ap9.1552,0
evm.TU.Ap9.1554,0
evm.TU.Ap9.1556,0
evm.TU.Ap9.1558,1
evm.TU.Ap9.156,0
evm.TU.Ap9.1567,0
evm.TU.Ap9.157,0
evm.TU.Ap9.1579,0
evm.TU.Ap9.158,0
evm.TU.Ap9.1580,0
evm.TU.Ap9.1588,0
evm.TU.Ap9.160,0
evm.TU.Ap9.1603,0
evm.TU.Ap9.1605,0
evm.TU.Ap9.161,0
evm.TU.Ap9.1613,0
evm.TU.Ap9.1614,0
evm.TU.Ap9.1618,1
evm.TU.Ap9.162,0
evm.TU.Ap9.1629,1
evm.TU.Ap9.1632,0
evm.TU.Ap9.1641,0
evm.TU.Ap9.1643,0
evm.TU.Ap9.1645,0
evm.TU.Ap9.1646,0
evm.TU.Ap9.1648,0
evm.TU.Ap9.1651,1
evm.TU.Ap9.1653,0
evm.TU.Ap9.1656,0
evm.TU.Ap9.1664,0
evm.TU.Ap9.167,1
evm.TU.Ap9.1670,0
evm.TU.Ap9.1675,1
evm.TU.Ap9.1679,1
evm.TU.Ap9.168,1
evm.TU.Ap9.1683,0
evm.TU.Ap9.1684,0
evm.TU.Ap9.1685,1
evm.TU.Ap9.1692,0
evm.TU.Ap9.1693,0
evm.TU.Ap9.1696,0
evm.TU.Ap9.1699,0
evm.TU.Ap9.170,1
evm.TU.Ap9.1700,0
evm.TU.Ap9.1705,0
evm.TU.Ap9.171,0
evm.TU.Ap9.1710,0
evm.TU.Ap9.1711,0
evm.TU.Ap9.1712,0
evm.TU.Ap9.1715,0
evm.TU.Ap9.172,1
evm.TU.Ap9.1726,0
evm.TU.Ap9.1744,0
evm.TU.Ap9.1745,0
evm.TU.Ap9.1747,0
evm.TU.Ap9.1750,0
evm.TU.Ap9.1753,0
evm.TU.Ap9.1756,0
evm.TU.Ap9.1757,0
evm.TU.Ap9.176,0
evm.TU.Ap9.1760,0
evm.TU.Ap9.1771,0
evm.TU.Ap9.1791,0
evm.TU.Ap9.1795,0
evm.TU.Ap9.18,0
evm.TU.Ap9.180,0
evm.TU.Ap9.1807,1
evm.TU.Ap9.1808,0
evm.TU.Ap9.1809,0
evm.TU.Ap9.1810,0
evm.TU.Ap9.1823,0
evm.TU.Ap9.1824,0
evm.TU.Ap9.184,1
evm.TU.Ap9.1841,0
evm.TU.Ap9.1842,0
evm.TU.Ap9.1844,0
evm.TU.Ap9.1845,0
evm.TU.Ap9.185,0
evm.TU.Ap9.189,0
evm.TU.Ap9.1899,0
evm.TU.Ap9.1902,0
evm.TU.Ap9.1905,0
evm.TU.Ap9.1906,0
evm.TU.Ap9.1908,0
evm.TU.Ap9.191,1
evm.TU.Ap9.1910,0
evm.TU.Ap9.1911,0
evm.TU.Ap9.1914,0
evm.TU.Ap9.192,0
evm.TU.Ap9.1924,0
evm.TU.Ap9.1927,0
evm.TU.Ap9.193,0
evm.TU.Ap9.1930,0
evm.TU.Ap9.1931,0
evm.TU.Ap9.1939,0
evm.TU.Ap9.1942,1
evm.TU.Ap9.195,0
evm.TU.Ap9.196,0
evm.TU.Ap9.1963,1
evm.TU.Ap9.1964,0
evm.TU.Ap9.1965,1
evm.TU.Ap9.1966,0
evm.TU.Ap9.197,0
evm.TU.Ap9.198,0
evm.TU.Ap9.1990,0
evm.TU.Ap9.20,0
evm.TU.Ap9.202,1
evm.TU.Ap9.2033,0
evm.TU.Ap9.2047,0
evm.TU.Ap9.2056,0
evm.TU.Ap9.2069,0
evm.TU.Ap9.207,0
evm.TU.Ap9.209,0
evm.TU.Ap9.210,0
evm.TU.Ap9.2110,0
evm.TU.Ap9.2115,1
evm.TU.Ap9.2116,1
evm.TU.Ap9.2117,0
evm.TU.Ap9.2118,0
evm.TU.Ap9.212,0
evm.TU.Ap9.2121,0
evm.TU.Ap9.2127,0
evm.TU.Ap9.2128,0
evm.TU.Ap9.213,0
evm.TU.Ap9.2131,0
evm.TU.Ap9.214,0
evm.TU.Ap9.2148,0
evm.TU.Ap9.2149,0
evm.TU.Ap9.2150,0
evm.TU.Ap9.2151,0
evm.TU.Ap9.2153,0
evm.TU.Ap9.2154,0
evm.TU.Ap9.2157,0
evm.TU.Ap9.2158,0
evm.TU.Ap9.2166,0
evm.TU.Ap9.2168,0
evm.TU.Ap9.2172,0
evm.TU.Ap9.2175,0
evm.TU.Ap9.2176,0
evm.TU.Ap9.218,0
evm.TU.Ap9.2185,0
evm.TU.Ap9.2188,0
evm.TU.Ap9.219,0
evm.TU.Ap9.2192,0
evm.TU.Ap9.2193,0
evm.TU.Ap9.2194,1
evm.TU.Ap9.22,0
evm.TU.Ap9.2200,0
evm.TU.Ap9.2202,0
evm.TU.Ap9.2204,0
evm.TU.Ap9.2205,0
evm.TU.Ap9.2206,0
evm.TU.Ap9.2209,0
evm.TU.Ap9.2214,0
evm.TU.Ap9.2218,0
evm.TU.Ap9.2225,0
evm.TU.Ap9.2233,0
evm.TU.Ap9.2234,0
evm.TU.Ap9.2235,0
evm.TU.Ap9.2238,1
evm.TU.Ap9.2240,0
evm.TU.Ap9.2246,0
evm.TU.Ap9.2251,0
evm.TU.Ap9.2253,0
evm.TU.Ap9.2254,0
evm.TU.Ap9.2256,1
evm.TU.Ap9.2258,0
evm.TU.Ap9.2259,0
evm.TU.Ap9.2260,0
evm.TU.Ap9.2266,0
evm.TU.Ap9.2268,0
evm.TU.Ap9.2269,0
evm.TU.Ap9.2292,0
evm.TU.Ap9.2307,0
evm.TU.Ap9.2315,0
evm.TU.Ap9.2318,0
evm.TU.Ap9.2321,0
evm.TU.Ap9.2324,0
evm.TU.Ap9.233,0
evm.TU.Ap9.2335,0
evm.TU.Ap9.2336,0
evm.TU.Ap9.2343,0
evm.TU.Ap9.2344,0
evm.TU.Ap9.2349,0
evm.TU.Ap9.2350,0
evm.TU.Ap9.2353,0
evm.TU.Ap9.2354,0
evm.TU.Ap9.2355,0
evm.TU.Ap9.2356,0
evm.TU.Ap9.2357,0
evm.TU.Ap9.2358,0
evm.TU.Ap9.2361,1
evm.TU.Ap9.2388,0
evm.TU.Ap9.2389,0
evm.TU.Ap9.2390,0
evm.TU.Ap9.2392,1
evm.TU.Ap9.2396,0
evm.TU.Ap9.2397,1
evm.TU.Ap9.2401,0
evm.TU.Ap9.2405,0
evm.TU.Ap9.2406_evm.TU.Ap9.2407,0
evm.TU.Ap9.2408,0
evm.TU.Ap9.2411,0
evm.TU.Ap9.2412,0
evm.TU.Ap9.2414,0
evm.TU.Ap9.2421,0
evm.TU.Ap9.2422,0
evm.TU.Ap9.2424,0
evm.TU.Ap9.2432,0
evm.TU.Ap9.2440,0
evm.TU.Ap9.2443,0
evm.TU.Ap9.245,0
evm.TU.Ap9.2451,0
evm.TU.Ap9.2454,1
evm.TU.Ap9.2455,0
evm.TU.Ap9.2456,0
evm.TU.Ap9.2457,0
evm.TU.Ap9.2458,0
evm.TU.Ap9.2459,0
evm.TU.Ap9.246,0
evm.TU.Ap9.2463,0
evm.TU.Ap9.2467,0
evm.TU.Ap9.2469,0
evm.TU.Ap9.2473,0
evm.TU.Ap9.2474,0
evm.TU.Ap9.2477,0
evm.TU.Ap9.2482,0
evm.TU.Ap9.2483,0
evm.TU.Ap9.2485,0
evm.TU.Ap9.2486,0
evm.TU.Ap9.2487,0
evm.TU.Ap9.2488,0
evm.TU.Ap9.2489,0
evm.TU.Ap9.2491,0
evm.TU.Ap9.2493,1
evm.TU.Ap9.2494,0
evm.TU.Ap9.2496,0
evm.TU.Ap9.2497,0
evm.TU.Ap9.2498,0
evm.TU.Ap9.2501,0
evm.TU.Ap9.2502,0
evm.TU.Ap9.2503,1
evm.TU.Ap9.2506,0
evm.TU.Ap9.2510,0
evm.TU.Ap9.2512,0
evm.TU.Ap9.2525,0
evm.TU.Ap9.2529,0
evm.TU.Ap9.2530,0
evm.TU.Ap9.2531,0
evm.TU.Ap9.2532,0
evm.TU.Ap9.2545,0
evm.TU.Ap9.2552,0
evm.TU.Ap9.2553,0
evm.TU.Ap9.2554,0
evm.TU.Ap9.2556_evm.TU.Ap9.2557,0
evm.TU.Ap9.2558,0
evm.TU.Ap9.256,1
evm.TU.Ap9.2561,0
evm.TU.Ap9.257,1
evm.TU.Ap9.2575_evm.TU.Ap9.2576,1
evm.TU.Ap9.2577,0
evm.TU.Ap9.258,0
evm.TU.Ap9.2586,0
evm.TU.Ap9.2589,0
evm.TU.Ap9.259,1
evm.TU.Ap9.2597,0
evm.TU.Ap9.2598,1
evm.TU.Ap9.2602,0
evm.TU.Ap9.2603,0
evm.TU.Ap9.2612,0
evm.TU.Ap9.2613,0
evm.TU.Ap9.2616,0
evm.TU.Ap9.2622,0
evm.TU.Ap9.2623,0
evm.TU.Ap9.2624,0
evm.TU.Ap9.2628,0
evm.TU.Ap9.263,0
evm.TU.Ap9.2630,0
evm.TU.Ap9.2636,0
evm.TU.Ap9.2637,0
evm.TU.Ap9.2638,0
evm.TU.Ap9.2639,0
evm.TU.Ap9.2645,0
evm.TU.Ap9.2647,0
evm.TU.Ap9.265,0
evm.TU.Ap9.2651,0
evm.TU.Ap9.2655,1
evm.TU.Ap9.2656,0
evm.TU.Ap9.2659,0
evm.TU.Ap9.2660,0
evm.TU.Ap9.2661,0
evm.TU.Ap9.2662,0
evm.TU.Ap9.2664,0
evm.TU.Ap9.2665,0
evm.TU.Ap9.2671,0
evm.TU.Ap9.2672,0
evm.TU.Ap9.2675,0
evm.TU.Ap9.2680,0
evm.TU.Ap9.2681,0
evm.TU.Ap9.2687,0
evm.TU.Ap9.2696,0
evm.TU.Ap9.27,0
evm.TU.Ap9.2720,0
evm.TU.Ap9.2730,0
evm.TU.Ap9.2731,0
evm.TU.Ap9.2734,1
evm.TU.Ap9.2735,0
evm.TU.Ap9.2739,0
evm.TU.Ap9.2740,0
evm.TU.Ap9.2741,0
evm.TU.Ap9.2743,0
evm.TU.Ap9.2748,1
evm.TU.Ap9.2750,1
evm.TU.Ap9.2751,0
evm.TU.Ap9.2752,0
evm.TU.Ap9.2753,0
evm.TU.Ap9.2754,1
evm.TU.Ap9.2757,0
evm.TU.Ap9.2758,0
evm.TU.Ap9.2759,0
evm.TU.Ap9.276,1
evm.TU.Ap9.2760,0
evm.TU.Ap9.2761,0
evm.TU.Ap9.2765,0
evm.TU.Ap9.2769,0
evm.TU.Ap9.277,1
evm.TU.Ap9.2770,1
evm.TU.Ap9.2772,0
evm.TU.Ap9.280,1
evm.TU.Ap9.284,1
evm.TU.Ap9.286,0
evm.TU.Ap9.287,0
evm.TU.Ap9.288,0
evm.TU.Ap9.289,0
evm.TU.Ap9.29,0
evm.TU.Ap9.290,0
evm.TU.Ap9.291_evm.TU.Ap9.295,0
evm.TU.Ap9.296,0
evm.TU.Ap9.308,0
evm.TU.Ap9.309,0
evm.TU.Ap9.31,0
evm.TU.Ap9.310,0
evm.TU.Ap9.311,1
evm.TU.Ap9.314,0
evm.TU.Ap9.318,0
evm.TU.Ap9.319,0
evm.TU.Ap9.32,0
evm.TU.Ap9.322,0
evm.TU.Ap9.324,0
evm.TU.Ap9.325,0
evm.TU.Ap9.326,0
evm.TU.Ap9.37,0
evm.TU.Ap9.382,0
evm.TU.Ap9.384,0
evm.TU.Ap9.388_evm.TU.Ap9.390,0
evm.TU.Ap9.392,0
evm.TU.Ap9.399,0
evm.TU.Ap9.4,0
evm.TU.Ap9.400,0
evm.TU.Ap9.401,0
evm.TU.Ap9.402,0
evm.TU.Ap9.403,0
evm.TU.Ap9.408,0
evm.TU.Ap9.41,0
evm.TU.Ap9.414,0
evm.TU.Ap9.438,0
evm.TU.Ap9.466,1
evm.TU.Ap9.473,0
evm.TU.Ap9.493,0
evm.TU.Ap9.495,0
evm.TU.Ap9.496,0
evm.TU.Ap9.5,0
evm.TU.Ap9.501,0
evm.TU.Ap9.503,0
evm.TU.Ap9.505,0
evm.TU.Ap9.506,0
evm.TU.Ap9.535,1
evm.TU.Ap9.538,0
evm.TU.Ap9.540,0
evm.TU.Ap9.541,0
evm.TU.Ap9.542,0
evm.TU.Ap9.566,0
evm.TU.Ap9.569,0
evm.TU.Ap9.57,0
evm.TU.Ap9.570_evm.TU.Ap9.571,0
evm.TU.Ap9.58,0
evm.TU.Ap9.597,0
evm.TU.Ap9.6,0
evm.TU.Ap9.602,0
evm.TU.Ap9.609,0
evm.TU.Ap9.612,1
evm.TU.Ap9.616,0
evm.TU.Ap9.636,0
evm.TU.Ap9.645,0
evm.TU.Ap9.646,0
evm.TU.Ap9.647,0
evm.TU.Ap9.67,0
evm.TU.Ap9.68,0
evm.TU.Ap9.69,0
evm.TU.Ap9.7,0
evm.TU.Ap9.70,0
evm.TU.Ap9.71,0
evm.TU.Ap9.714,0
evm.TU.Ap9.716,0
evm.TU.Ap9.717,0
evm.TU.Ap9.718,1
evm.TU.Ap9.719,0
evm.TU.Ap9.721,0
evm.TU.Ap9.722,0
evm.TU.Ap9.728,0
evm.TU.Ap9.729,0
evm.TU.Ap9.731,0
evm.TU.Ap9.74,0
evm.TU.Ap9.751,0
evm.TU.Ap9.756,0
evm.TU.Ap9.757,0
evm.TU.Ap9.758,0
evm.TU.Ap9.77,0
evm.TU.Ap9.776,0
evm.TU.Ap9.781,0
evm.TU.Ap9.782,0
evm.TU.Ap9.784,0
evm.TU.Ap9.79,0
evm.TU.Ap9.790,0
evm.TU.Ap9.8,0
evm.TU.Ap9.805,0
evm.TU.Ap9.81,0
evm.TU.Ap9.82,0
evm.TU.Ap9.823,0
evm.TU.Ap9.824,1
evm.TU.Ap9.826,0
evm.TU.Ap9.83,0
evm.TU.Ap9.836,0
evm.TU.Ap9.84,0
evm.TU.Ap9.841,0
evm.TU.Ap9.842,0
evm.TU.Ap9.849,0
evm.TU.Ap9.85,0
evm.TU.Ap9.855,0
evm.TU.Ap9.856,0
evm.TU.Ap9.857,0
evm.TU.Ap9.880_evm.TU.Ap9.882,0
evm.TU.Ap9.883,0
evm.TU.Ap9.885,0
evm.TU.Ap9.888,1
evm.TU.Ap9.889,0
evm.TU.Ap9.892,0
evm.TU.Ap9.906,0
evm.TU.Ap9.91,0
evm.TU.Ap9.912,0
evm.TU.Ap9.914,0
evm.TU.Ap9.953,0
evm.TU.Ap9.980,0
evm.TU.Ap9.981_evm.TU.Ap9.982,0
evm.TU.Ap9.99,0
evm.TU.Ap9.995,0
