,kMEbrown
evm.TU.Ap1.1006,-0.271742030474321
evm.TU.Ap1.1014,-0.228150983241375
evm.TU.Ap1.1015,0.117775051800656
evm.TU.Ap1.1019,-0.0234832993515654
evm.TU.Ap1.1023,0.223111178599793
evm.TU.Ap1.1025,0.179608683798571
evm.TU.Ap1.1033,-0.132023289242143
evm.TU.Ap1.1034,-0.276542951801005
evm.TU.Ap1.1045,-0.206307792072655
evm.TU.Ap1.1047,-0.171733197841272
evm.TU.Ap1.1051,0.0435466510365721
evm.TU.Ap1.1052,0.0354223821396464
evm.TU.Ap1.1055,-0.0264311148458305
evm.TU.Ap1.1059,-0.428343302404057
evm.TU.Ap1.1061,-0.0444465764701946
evm.TU.Ap1.1062,0.00854433283992353
evm.TU.Ap1.1063,0.4015550852333
evm.TU.Ap1.1066,-0.277990735198365
evm.TU.Ap1.107,-0.488299755093006
evm.TU.Ap1.1071,0.258996436758298
evm.TU.Ap1.1072,-0.0570356375044112
evm.TU.Ap1.1073,0.217717074931621
evm.TU.Ap1.108,-0.350378187684066
evm.TU.Ap1.1080,0.0987964745426174
evm.TU.Ap1.1085,-0.169373827791193
evm.TU.Ap1.1086,-0.171626089370482
evm.TU.Ap1.109,-0.144357944123053
evm.TU.Ap1.1090,-0.17054877759524
evm.TU.Ap1.1092,-0.155754848718422
evm.TU.Ap1.1095,0.105589275701843
evm.TU.Ap1.1096,-1.91202181739299e-05
evm.TU.Ap1.1099,0.208492937702021
evm.TU.Ap1.1109,0.275787471720494
evm.TU.Ap1.1110,0.112047842343777
evm.TU.Ap1.1111,-0.145993401108924
evm.TU.Ap1.1112,-0.0533683645302078
evm.TU.Ap1.1113,0.303570869270601
evm.TU.Ap1.1115,-0.0336610645822293
evm.TU.Ap1.1116,-0.123792097971287
evm.TU.Ap1.1123,0.22613838056158
evm.TU.Ap1.1132,-0.141276474705203
evm.TU.Ap1.1133,0.113982377038062
evm.TU.Ap1.1134,-0.0282689175216484
evm.TU.Ap1.114,0.091955944546435
evm.TU.Ap1.1142,0.0591945859877419
evm.TU.Ap1.1143,-0.423988041664343
evm.TU.Ap1.1155,0.0112504206488862
evm.TU.Ap1.1158,0.0212185959693579
evm.TU.Ap1.1159,0.0357426980029688
evm.TU.Ap1.116,0.159950007377068
evm.TU.Ap1.1160,-0.365628516664238
evm.TU.Ap1.1161,0.317714136627667
evm.TU.Ap1.1162,0.249690739048497
evm.TU.Ap1.1163,0.249246770340684
evm.TU.Ap1.1164,-0.02998948873289
evm.TU.Ap1.1165,-0.197588709043119
evm.TU.Ap1.1166,0.0897576590418414
evm.TU.Ap1.1168,-0.183327267226295
evm.TU.Ap1.1172,0.22347530146005
evm.TU.Ap1.1173,-0.294351328320128
evm.TU.Ap1.1177,-0.173848577444374
evm.TU.Ap1.1188_evm.TU.Ap1.1190,-0.141627068759782
evm.TU.Ap1.1191,-0.133821671710748
evm.TU.Ap1.1192,-0.18277761461597
evm.TU.Ap1.1194,-0.0600820862104312
evm.TU.Ap1.12,0.0324082963643192
evm.TU.Ap1.120,0.18253343891099
evm.TU.Ap1.1223,-0.355490425259676
evm.TU.Ap1.1245,-0.0830607873069325
evm.TU.Ap1.1246,-0.113569829241811
evm.TU.Ap1.1247,-0.105761570074951
evm.TU.Ap1.125,0.77823239381969
evm.TU.Ap1.1255,-0.264215085549925
evm.TU.Ap1.1256,-0.22400790479317
evm.TU.Ap1.1258,0.0662059512292631
evm.TU.Ap1.1260,0.0331085929426529
evm.TU.Ap1.1264,-0.254595779453568
evm.TU.Ap1.1266,-0.173203666965714
evm.TU.Ap1.1267,-0.378212713231717
evm.TU.Ap1.1268,0.823106135712936
evm.TU.Ap1.1269,0.129468734328266
evm.TU.Ap1.1272,-0.216638754915389
evm.TU.Ap1.1273,-0.16098106439539
evm.TU.Ap1.1276,-0.0015131136319546
evm.TU.Ap1.1277,-0.256509238336742
evm.TU.Ap1.1284,0.135051155505249
evm.TU.Ap1.1285,0.106691266534278
evm.TU.Ap1.1292,-0.0209528614398923
evm.TU.Ap1.1293,-0.221521882576757
evm.TU.Ap1.1295,-0.326715285361939
evm.TU.Ap1.1296,0.0798085764208334
evm.TU.Ap1.1298,0.0427003488627859
evm.TU.Ap1.1299,0.001254664841914
evm.TU.Ap1.13,0.131825112825234
evm.TU.Ap1.1306,0.00943161153131056
evm.TU.Ap1.1308,0.0320495481408964
evm.TU.Ap1.1309,0.391168975209453
evm.TU.Ap1.132,0.238479152843687
evm.TU.Ap1.1337_evm.TU.Ap1.1336,-0.0750754074988151
evm.TU.Ap1.134,0.12713053837894
evm.TU.Ap1.1344,0.079700134040811
evm.TU.Ap1.1347,-0.0973095693935508
evm.TU.Ap1.1356,0.237318846101343
evm.TU.Ap1.1361,-0.0858457526285979
evm.TU.Ap1.1363,0.292083642751627
evm.TU.Ap1.1367,-0.373606102900508
evm.TU.Ap1.1370,-0.405284207485788
evm.TU.Ap1.1371,-0.0376634098114814
evm.TU.Ap1.1373,0.0151771718232193
evm.TU.Ap1.1374,-0.154827629374466
evm.TU.Ap1.1375,-0.207131182764139
evm.TU.Ap1.1376,-0.088373569940579
evm.TU.Ap1.1377,-0.250421455886138
evm.TU.Ap1.1378,-0.148947772963701
evm.TU.Ap1.1379,-0.0649977023159176
evm.TU.Ap1.1380,-0.195734262055391
evm.TU.Ap1.1381,0.209029169353713
evm.TU.Ap1.1382,0.0752482962761863
evm.TU.Ap1.1383,0.129411340287384
evm.TU.Ap1.1385,0.0986254573609109
evm.TU.Ap1.1386,0.468403912132295
evm.TU.Ap1.1387,0.228231749712133
evm.TU.Ap1.1388,-0.269106056066294
evm.TU.Ap1.1389,-0.261298222934234
evm.TU.Ap1.1391,-0.208894931433989
evm.TU.Ap1.1393,-0.262987714325872
evm.TU.Ap1.1396,-0.202854127059001
evm.TU.Ap1.14,0.028634017304478
evm.TU.Ap1.140,-0.149965986783953
evm.TU.Ap1.1407,-0.187112274263543
evm.TU.Ap1.1410,0.378334294591529
evm.TU.Ap1.1411,-0.0196887017250255
evm.TU.Ap1.1414,-0.176800754549906
evm.TU.Ap1.1416,-0.250931192380096
evm.TU.Ap1.1417,-0.26891324812499
evm.TU.Ap1.1419,-0.0521465789993537
evm.TU.Ap1.142,-0.036046052533895
evm.TU.Ap1.1421,-0.0485717082822769
evm.TU.Ap1.143,-0.00553920950713033
evm.TU.Ap1.1465,0.1969008950872
evm.TU.Ap1.1466,0.0273102515536888
evm.TU.Ap1.1467,0.364102716101711
evm.TU.Ap1.1468,0.181851481061819
evm.TU.Ap1.1470,-0.122192191497633
evm.TU.Ap1.1471,-0.0636682620080719
evm.TU.Ap1.1472,-0.0966661818232347
evm.TU.Ap1.1473,-0.0923429494063287
evm.TU.Ap1.1474,-0.011823529696312
evm.TU.Ap1.1475,-0.366216067854487
evm.TU.Ap1.1477,0.178350166651044
evm.TU.Ap1.1478,0.0997346466316622
evm.TU.Ap1.1479,-0.0533214473105551
evm.TU.Ap1.1480,0.104316038699943
evm.TU.Ap1.1482,-0.0427405699209538
evm.TU.Ap1.1487,-0.0947751227177076
evm.TU.Ap1.1489,0.391007289532849
evm.TU.Ap1.1490,-0.00196026949785542
evm.TU.Ap1.15,0.338163939537494
evm.TU.Ap1.1502,-0.136017843480933
evm.TU.Ap1.1503,-0.395234155556995
evm.TU.Ap1.1504,0.0461911742504558
evm.TU.Ap1.1505,-0.058917383586097
evm.TU.Ap1.1506,-0.320483209804538
evm.TU.Ap1.1507,0.130117330089005
evm.TU.Ap1.1508,0.0375013246151703
evm.TU.Ap1.1509,0.305536382988084
evm.TU.Ap1.1510,0.397650245510627
evm.TU.Ap1.1517,-0.23148971352361
evm.TU.Ap1.1521,0.540014658033187
evm.TU.Ap1.1522,0.279843642218342
evm.TU.Ap1.1525,0.752476424446936
evm.TU.Ap1.1527,0.412073352929054
evm.TU.Ap1.1529,0.61772441151383
evm.TU.Ap1.1530,0.0412438429926337
evm.TU.Ap1.1532,0.234338348271918
evm.TU.Ap1.1534,-0.212030429497187
evm.TU.Ap1.1535,-0.0822779244809147
evm.TU.Ap1.1538,0.0252147864762708
evm.TU.Ap1.1540,0.0790540515279608
evm.TU.Ap1.1541,0.066361122501589
evm.TU.Ap1.1545,-0.060898015093629
evm.TU.Ap1.1547,0.149541486316446
evm.TU.Ap1.1563_evm.TU.Ap1.1548,-0.00861074012166326
evm.TU.Ap1.1575,-0.121363358190423
evm.TU.Ap1.1578,0.0896727127585033
evm.TU.Ap1.1581,0.0451048515062993
evm.TU.Ap1.1584,0.188208170615944
evm.TU.Ap1.1585,0.417461376045198
evm.TU.Ap1.1587,0.236345455682934
evm.TU.Ap1.1591,0.153845888129847
evm.TU.Ap1.1594,-0.233052769425753
evm.TU.Ap1.1597,-0.00725292733299321
evm.TU.Ap1.1599,0.144036797949285
evm.TU.Ap1.16,0.117143842864812
evm.TU.Ap1.1600,-0.495508164215481
evm.TU.Ap1.1602,-0.219977174111816
evm.TU.Ap1.1603,0.156230972130628
evm.TU.Ap1.1609,0.0719057505556789
evm.TU.Ap1.1610,0.104044313306454
evm.TU.Ap1.1611,0.261113805859176
evm.TU.Ap1.1615,-0.254603810913803
evm.TU.Ap1.1617,0.016454039149337
evm.TU.Ap1.1619,0.166615610672345
evm.TU.Ap1.1627,0.24273400673316
evm.TU.Ap1.1629,-0.0398909427837624
evm.TU.Ap1.1631,0.323871053929122
evm.TU.Ap1.1632,0.0873449699985339
evm.TU.Ap1.1633,-0.153247678295789
evm.TU.Ap1.1641,-0.192625603747901
evm.TU.Ap1.1642,-0.165332329309817
evm.TU.Ap1.1646,0.150114515669588
evm.TU.Ap1.1652,-0.164286405136422
evm.TU.Ap1.1654,-0.278914918410387
evm.TU.Ap1.1657,-0.0129599373587919
evm.TU.Ap1.1659,-0.228620920427095
evm.TU.Ap1.1660,-0.18856207972823
evm.TU.Ap1.1661,0.0464329415310312
evm.TU.Ap1.1662,0.248852299453291
evm.TU.Ap1.1664,-0.456855692293655
evm.TU.Ap1.1667,0.118297035349733
evm.TU.Ap1.1668,0.0986218517070265
evm.TU.Ap1.1670,-0.479116776807928
evm.TU.Ap1.1686,-0.205227691192393
evm.TU.Ap1.1688,-0.171455075266119
evm.TU.Ap1.1695,-0.270687311969092
evm.TU.Ap1.17,0.0763258763754152
evm.TU.Ap1.1701,0.31498789859959
evm.TU.Ap1.1704,0.275912722659374
evm.TU.Ap1.1705,0.16998296200161
evm.TU.Ap1.1708,0.505468597442696
evm.TU.Ap1.1710,0.246641937845136
evm.TU.Ap1.1711,-0.172968606206364
evm.TU.Ap1.1712,0.109817793441908
evm.TU.Ap1.1713,-0.0818040433269716
evm.TU.Ap1.1719,-0.112353130066895
evm.TU.Ap1.172,-0.0984337556983818
evm.TU.Ap1.1720,-0.0855115600797281
evm.TU.Ap1.1723,0.253308800268487
evm.TU.Ap1.173,0.117680763186351
evm.TU.Ap1.1738,0.159137218287805
evm.TU.Ap1.1746,0.0231542000740587
evm.TU.Ap1.1747,-0.276923364387751
evm.TU.Ap1.1748,-0.4231177082046
evm.TU.Ap1.1749,-0.428902007422612
evm.TU.Ap1.175,0.0930905077407781
evm.TU.Ap1.176,0.415871600898813
evm.TU.Ap1.1762,-0.0385375964564577
evm.TU.Ap1.1764,0.10803062578656
evm.TU.Ap1.1785,0.104189688105754
evm.TU.Ap1.1787,0.0413248374152156
evm.TU.Ap1.1792_evm.TU.Ap1.1793,-0.237378362558378
evm.TU.Ap1.1794,-0.0338977634636089
evm.TU.Ap1.18,0.168162882006882
evm.TU.Ap1.1807,0.116182490954765
evm.TU.Ap1.181,-0.00376581337834801
evm.TU.Ap1.1810,-0.11749125759923
evm.TU.Ap1.1813,0.132060779716146
evm.TU.Ap1.1817,0.0311222263301531
evm.TU.Ap1.182,-0.268703810419225
evm.TU.Ap1.1821,-0.288256295371509
evm.TU.Ap1.1828,-0.0885154004482573
evm.TU.Ap1.1830,0.0029544218000303
evm.TU.Ap1.1832,0.127145367951275
evm.TU.Ap1.1837,0.19270659750407
evm.TU.Ap1.1842,-0.0655772113375785
evm.TU.Ap1.1850,-0.11967055177727
evm.TU.Ap1.1854,0.231868556487436
evm.TU.Ap1.1858,0.187300673136288
evm.TU.Ap1.186,0.0744418664105966
evm.TU.Ap1.1862,0.0338631143532976
evm.TU.Ap1.1864,0.550538442557509
evm.TU.Ap1.1865,0.546919216734167
evm.TU.Ap1.1869,0.493334926678936
evm.TU.Ap1.1873,-0.180097130374044
evm.TU.Ap1.1874,0.310337972639461
evm.TU.Ap1.1876,-0.223727512766756
evm.TU.Ap1.1878,-0.185072021068169
evm.TU.Ap1.1881,0.122132047171614
evm.TU.Ap1.1882,-0.121506756112819
evm.TU.Ap1.1883,0.295313367222637
evm.TU.Ap1.189,-0.222174706437393
evm.TU.Ap1.1898_evm.TU.Ap1.1897,-0.0111429879467483
evm.TU.Ap1.1899,0.00562638560944064
evm.TU.Ap1.19,0.101135284215462
evm.TU.Ap1.190,0.106308415244691
evm.TU.Ap1.1902,0.451640515865053
evm.TU.Ap1.1903,0.500797522997062
evm.TU.Ap1.1918,-0.296758451911082
evm.TU.Ap1.1922,-0.323151865922249
evm.TU.Ap1.1925,-0.163557981388291
evm.TU.Ap1.1928,0.259072373985784
evm.TU.Ap1.1933_evm.TU.Ap1.1929_evm.TU.Ap1.1934,-0.268385913426067
evm.TU.Ap1.1946,-0.0956190650759225
evm.TU.Ap1.1948,0.361326848086346
evm.TU.Ap1.1954,0.156453751461217
evm.TU.Ap1.1959,-0.241560372947442
evm.TU.Ap1.1985,-0.177836346801612
evm.TU.Ap1.1986,-0.0743049585118167
evm.TU.Ap1.1989,-0.333419299119379
evm.TU.Ap1.199,-0.114696147998923
evm.TU.Ap1.1992,-0.0772435763719826
evm.TU.Ap1.1994,0.108198905716827
evm.TU.Ap1.1995,0.304549450625623
evm.TU.Ap1.2003,-0.33886088816397
evm.TU.Ap1.2009,-0.395522581943766
evm.TU.Ap1.2011,-0.550076767799824
evm.TU.Ap1.2012,-0.475193524886462
evm.TU.Ap1.2013,-0.404161435169318
evm.TU.Ap1.2014,-0.316009626964356
evm.TU.Ap1.2016,0.253404033967427
evm.TU.Ap1.2020,0.0942835210554455
evm.TU.Ap1.2021,0.132456753965878
evm.TU.Ap1.2022,-0.38516127421733
evm.TU.Ap1.2023,-0.407571021171966
evm.TU.Ap1.2024,0.384735838464313
evm.TU.Ap1.2025,-0.0635822454177268
evm.TU.Ap1.2027,0.122474063716162
evm.TU.Ap1.2080,0.228171418260445
evm.TU.Ap1.21,0.147257338139196
evm.TU.Ap1.2102,-0.125886277338188
evm.TU.Ap1.2103,0.238230782750323
evm.TU.Ap1.2105,0.125666040965095
evm.TU.Ap1.2106,0.0392354692978635
evm.TU.Ap1.2109,0.213595307959261
evm.TU.Ap1.2110,0.0769228656680105
evm.TU.Ap1.2118,0.184140099150676
evm.TU.Ap1.2120,0.0902282711035071
evm.TU.Ap1.2121,-0.0441193769449655
evm.TU.Ap1.2126,-0.328404680779845
evm.TU.Ap1.2127,-0.372597318656329
evm.TU.Ap1.2128,-0.285468645337017
evm.TU.Ap1.2141,-0.220208437177062
evm.TU.Ap1.2150,-0.125262370599879
evm.TU.Ap1.2155,-0.312134803836413
evm.TU.Ap1.2156,0.0886486554112468
evm.TU.Ap1.2157,-0.264118255347155
evm.TU.Ap1.2158,0.270458850007443
evm.TU.Ap1.2159,-0.0739227527760925
evm.TU.Ap1.2160,0.203261243811408
evm.TU.Ap1.2166,0.209363511190977
evm.TU.Ap1.2168,-0.257987947576898
evm.TU.Ap1.2174,-0.06939241203326
evm.TU.Ap1.2176,-0.507239441870603
evm.TU.Ap1.2177,0.108661615046428
evm.TU.Ap1.2178,-0.0174616853827301
evm.TU.Ap1.2179,-0.118855583076742
evm.TU.Ap1.2180,0.104499659017034
evm.TU.Ap1.2181,-0.326393560749229
evm.TU.Ap1.2184,-0.0405810820706119
evm.TU.Ap1.2186,0.122297594776115
evm.TU.Ap1.2187,-0.270649532164914
evm.TU.Ap1.2193,-0.267498040136833
evm.TU.Ap1.2200,-0.141511740236653
evm.TU.Ap1.2201,-0.0733191879808685
evm.TU.Ap1.2202,-0.2074214542721
evm.TU.Ap1.2204,-0.182755994571912
evm.TU.Ap1.2205,-0.0303471485225274
evm.TU.Ap1.2206,-0.217425214050972
evm.TU.Ap1.2208,-0.013135188193799
evm.TU.Ap1.221,-0.117743316941195
evm.TU.Ap1.2213,0.108973710003348
evm.TU.Ap1.2215,-0.029517414020082
evm.TU.Ap1.222,0.0476204744468387
evm.TU.Ap1.223,-0.179940139043182
evm.TU.Ap1.2230,0.0702616686669658
evm.TU.Ap1.224,-0.210711515271656
evm.TU.Ap1.2247,-0.200777313579624
evm.TU.Ap1.2248,0.062105871554852
evm.TU.Ap1.225,-0.409967190225012
evm.TU.Ap1.226,-0.136050356886221
evm.TU.Ap1.2264,0.0879729370781531
evm.TU.Ap1.2267,0.555087518849747
evm.TU.Ap1.2268,0.0422647901593088
evm.TU.Ap1.227,0.500927955471106
evm.TU.Ap1.2272,0.09920273465316
evm.TU.Ap1.2277,0.051006740336057
evm.TU.Ap1.2279,0.172294142926327
evm.TU.Ap1.228,-0.326427974056694
evm.TU.Ap1.2280,0.209574124502793
evm.TU.Ap1.2281,0.162297237853765
evm.TU.Ap1.2282,-0.0023385122528074
evm.TU.Ap1.2285,-0.0325804721485733
evm.TU.Ap1.2286,0.104907213730797
evm.TU.Ap1.2287,0.0820776473932875
evm.TU.Ap1.2291,-0.0470835187909242
evm.TU.Ap1.2300,0.0315218371999867
evm.TU.Ap1.2301,-0.0286872345064157
evm.TU.Ap1.231,-0.217818057986879
evm.TU.Ap1.2316,-0.0128666281991628
evm.TU.Ap1.2317,0.106258223742775
evm.TU.Ap1.2318,-0.19786565238508
evm.TU.Ap1.2319,0.140360137350054
evm.TU.Ap1.232,0.109038084286759
evm.TU.Ap1.2320,0.188033935882431
evm.TU.Ap1.2332,-0.14651391544497
evm.TU.Ap1.2339,-0.253109935210974
evm.TU.Ap1.234,0.199901946114696
evm.TU.Ap1.2344,0.0539005032675714
evm.TU.Ap1.2348,0.0993006820664845
evm.TU.Ap1.2353,0.693229559251709
evm.TU.Ap1.2354,-0.206746768113504
evm.TU.Ap1.2355,-0.244094022950575
evm.TU.Ap1.2356,0.0963227784022359
evm.TU.Ap1.2357,0.262176585124112
evm.TU.Ap1.2360,-0.33513429803915
evm.TU.Ap1.2362,-0.0423050399060063
evm.TU.Ap1.2363,0.00155138870705416
evm.TU.Ap1.2364,0.730631817709089
evm.TU.Ap1.2366,0.708506595912205
evm.TU.Ap1.237,0.0986612842476167
evm.TU.Ap1.2370,-0.158162738812166
evm.TU.Ap1.2375,-0.319934353970213
evm.TU.Ap1.2377,-0.327555450855913
evm.TU.Ap1.2378,-0.311203544505463
evm.TU.Ap1.2379,0.139931610024773
evm.TU.Ap1.238,-0.0129220860846519
evm.TU.Ap1.2388,0.024366056390301
evm.TU.Ap1.239,-0.0209599389168
evm.TU.Ap1.2390,0.780938615813714
evm.TU.Ap1.2394,0.109446170896517
evm.TU.Ap1.2395,-0.136723515827659
evm.TU.Ap1.2397,0.411542181376135
evm.TU.Ap1.24,0.495948062333663
evm.TU.Ap1.240,-0.155971631149895
evm.TU.Ap1.2423,0.155117383275543
evm.TU.Ap1.2451,0.181029210165489
evm.TU.Ap1.2453,0.0413119272562889
evm.TU.Ap1.2462,-0.256933474582319
evm.TU.Ap1.2471,-0.123363400854804
evm.TU.Ap1.2473,0.00820356873056949
evm.TU.Ap1.2486,0.486432726552978
evm.TU.Ap1.2488,0.315318757318953
evm.TU.Ap1.2490,-0.000783084776416746
evm.TU.Ap1.2491,0.065214476768394
evm.TU.Ap1.2495,-0.0150889008583746
evm.TU.Ap1.2496,0.28543659563075
evm.TU.Ap1.2498,-0.117990491953344
evm.TU.Ap1.2500,0.296166747732169
evm.TU.Ap1.2501,0.148610809637601
evm.TU.Ap1.2504,-0.262446441758731
evm.TU.Ap1.2505,0.573573621188202
evm.TU.Ap1.2506,0.335143619589446
evm.TU.Ap1.2513,0.150232927510065
evm.TU.Ap1.2514,0.031432627022149
evm.TU.Ap1.2518,0.088026845146269
evm.TU.Ap1.2521,0.255954300692411
evm.TU.Ap1.2522,0.0346097193673107
evm.TU.Ap1.2523,0.100715052533778
evm.TU.Ap1.2524,-0.468620050138335
evm.TU.Ap1.2545,-0.167396346053993
evm.TU.Ap1.2546,0.0778674870120369
evm.TU.Ap1.2548,-0.21224034264968
evm.TU.Ap1.2549,-0.169497675854881
evm.TU.Ap1.2550,-0.30329199420512
evm.TU.Ap1.2552,-0.102353429305886
evm.TU.Ap1.2561,-0.196124797222023
evm.TU.Ap1.2567,-0.143631165947642
evm.TU.Ap1.2571,0.370742555917496
evm.TU.Ap1.2572,-0.142306896236811
evm.TU.Ap1.2574,0.0883632250329224
evm.TU.Ap1.2575,0.472867624721084
evm.TU.Ap1.2582,-0.108797652454586
evm.TU.Ap1.2584,0.182784704679092
evm.TU.Ap1.2585,-0.494746014540143
evm.TU.Ap1.2593,-0.130330167870806
evm.TU.Ap1.2594,0.598517836645901
evm.TU.Ap1.2595,-0.0409437117232021
evm.TU.Ap1.2596,-0.244060591457605
evm.TU.Ap1.2597,-0.159788903242481
evm.TU.Ap1.26,0.28553815477382
evm.TU.Ap1.2607,-0.0472285277256283
evm.TU.Ap1.2635,-0.229374946929102
evm.TU.Ap1.2636,0.369588205663748
evm.TU.Ap1.2640,-0.290433624140775
evm.TU.Ap1.2641,-0.00247693546888176
evm.TU.Ap1.2643,-0.0642722911240498
evm.TU.Ap1.2644,-0.0653796351908195
evm.TU.Ap1.2645,0.0265179340992285
evm.TU.Ap1.2646,-0.240286612184494
evm.TU.Ap1.2647,-0.120341319450575
evm.TU.Ap1.2650,0.0462390504067983
evm.TU.Ap1.2651,-0.0915436446637385
evm.TU.Ap1.2652,-0.053440282597034
evm.TU.Ap1.2653,-0.31762831259943
evm.TU.Ap1.2656,0.0291742102329869
evm.TU.Ap1.2658,-0.531001163929388
evm.TU.Ap1.2659,-0.0126026272717814
evm.TU.Ap1.2661,-0.0212635912931085
evm.TU.Ap1.2662,0.265966823250799
evm.TU.Ap1.2663,0.194416978891634
evm.TU.Ap1.2666,-0.0390842701040462
evm.TU.Ap1.2670,-0.0059603829665108
evm.TU.Ap1.2672,0.530856958573618
evm.TU.Ap1.2673,-0.0213984837217457
evm.TU.Ap1.2674,-0.370136471778681
evm.TU.Ap1.2680,-0.149013582100489
evm.TU.Ap1.2681,0.0197895772370795
evm.TU.Ap1.2684,-0.164822083464349
evm.TU.Ap1.2686,0.510291364238041
evm.TU.Ap1.2687,0.10941494782787
evm.TU.Ap1.2689,0.0677177567028193
evm.TU.Ap1.2691,0.140160255227601
evm.TU.Ap1.2692,-0.315377351864321
evm.TU.Ap1.2694,0.122184104987114
evm.TU.Ap1.2695,-0.0702130053026904
evm.TU.Ap1.2696,-0.143788158591611
evm.TU.Ap1.2697,-0.147309041606851
evm.TU.Ap1.2698,-0.203477576451345
evm.TU.Ap1.2700,-0.0528997519791414
evm.TU.Ap1.2702,0.0694353241907312
evm.TU.Ap1.2704,-0.122894056108011
evm.TU.Ap1.2705,-0.13191089208139
evm.TU.Ap1.2707,-0.0672961509543482
evm.TU.Ap1.2708,-0.0944166296800839
evm.TU.Ap1.2710,-0.00727787821740556
evm.TU.Ap1.2712,-0.0224804638123911
evm.TU.Ap1.2713,-0.390597136092155
evm.TU.Ap1.2714,0.127673538759256
evm.TU.Ap1.2715,0.0362637129403641
evm.TU.Ap1.2716,-0.438237683816844
evm.TU.Ap1.2717,-0.0140066435184461
evm.TU.Ap1.2718,-0.220666836506737
evm.TU.Ap1.2722,0.0333180011520163
evm.TU.Ap1.2734,-0.396579436706864
evm.TU.Ap1.2735,-0.0960846718336935
evm.TU.Ap1.2736,-0.0654548638996349
evm.TU.Ap1.2743,0.174838644048103
evm.TU.Ap1.2744,0.0317490654474613
evm.TU.Ap1.2745,-0.243495905730955
evm.TU.Ap1.2748,-0.188803992029175
evm.TU.Ap1.2749,0.130929209582247
evm.TU.Ap1.2750,0.257294429484416
evm.TU.Ap1.2753,-0.0629224419886908
evm.TU.Ap1.2755,0.0500130270417415
evm.TU.Ap1.2757,0.0828853786533882
evm.TU.Ap1.2764,0.323371943352964
evm.TU.Ap1.2771,0.244691566502671
evm.TU.Ap1.2779,-0.00185461061286301
evm.TU.Ap1.278,-0.104293434821057
evm.TU.Ap1.2781,-0.437799883921305
evm.TU.Ap1.2782,0.1433361149499
evm.TU.Ap1.2784,-0.0987059322694611
evm.TU.Ap1.2785,0.0304975326063342
evm.TU.Ap1.2788,0.0878704098865322
evm.TU.Ap1.2789,-0.0632210439268443
evm.TU.Ap1.279,-0.4673099617154
evm.TU.Ap1.2790,0.134548567120048
evm.TU.Ap1.2791,-0.17974680413802
evm.TU.Ap1.2792,0.198574131805448
evm.TU.Ap1.2797,-0.209361521808503
evm.TU.Ap1.2798,0.14775787242881
evm.TU.Ap1.280,0.176164532675061
evm.TU.Ap1.2800,0.212484102829232
evm.TU.Ap1.2808,0.133611668956706
evm.TU.Ap1.281,0.133221927134155
evm.TU.Ap1.2812,0.0645088956456349
evm.TU.Ap1.2813,0.25878842916697
evm.TU.Ap1.2814,0.0851754476618161
evm.TU.Ap1.2815,-0.303815815401049
evm.TU.Ap1.2819,0.216049501273239
evm.TU.Ap1.2820,0.267820361651913
evm.TU.Ap1.2821,0.386184380895885
evm.TU.Ap1.2829,0.060308891801901
evm.TU.Ap1.2830,0.221949081679287
evm.TU.Ap1.2831,0.192921448268073
evm.TU.Ap1.2832,0.283210567124157
evm.TU.Ap1.2834,0.53508377614355
evm.TU.Ap1.2835,0.364296230846092
evm.TU.Ap1.2836,0.387668138678661
evm.TU.Ap1.2837,0.425389031846733
evm.TU.Ap1.2839,0.348223407178354
evm.TU.Ap1.2841,0.408423722656379
evm.TU.Ap1.2843,0.259006005305809
evm.TU.Ap1.2847,0.47815189315107
evm.TU.Ap1.2848,0.496026989436584
evm.TU.Ap1.2851,0.00955299573264832
evm.TU.Ap1.2864,0.173939457237715
evm.TU.Ap1.2865,0.125277390070548
evm.TU.Ap1.2869,0.0485653005189652
evm.TU.Ap1.2870,-0.0386682187263708
evm.TU.Ap1.2873,0.0956560959778355
evm.TU.Ap1.2878,0.0618638931161952
evm.TU.Ap1.2884,0.357489217913735
evm.TU.Ap1.2885,0.0556504130109403
evm.TU.Ap1.2892,0.0350645462433783
evm.TU.Ap1.2893,-0.363024157816445
evm.TU.Ap1.2894,0.180010027990632
evm.TU.Ap1.2896,-0.44661337718966
evm.TU.Ap1.2897,-0.349272565425399
evm.TU.Ap1.29,-0.0468493384699454
evm.TU.Ap1.290,-0.147456246893834
evm.TU.Ap1.2902,-0.193685706356101
evm.TU.Ap1.2903,0.398268726600999
evm.TU.Ap1.2904,0.489528630239893
evm.TU.Ap1.2911,0.102667330181987
evm.TU.Ap1.2913,0.443460750474953
evm.TU.Ap1.2914,0.256290645615378
evm.TU.Ap1.2916,0.257326826522388
evm.TU.Ap1.2919,-0.210644833146759
evm.TU.Ap1.2922,-0.243896990499197
evm.TU.Ap1.2938,0.066794084878999
evm.TU.Ap1.2939,0.1536802520927
evm.TU.Ap1.2948,-0.0061594878684367
evm.TU.Ap1.2949,0.0618789129011019
evm.TU.Ap1.2950,-0.01161202035915
evm.TU.Ap1.2954,0.0766736712837573
evm.TU.Ap1.2961,0.27727320786184
evm.TU.Ap1.2962,0.225822446579847
evm.TU.Ap1.2965,0.189751536839442
evm.TU.Ap1.2967,0.166969937009143
evm.TU.Ap1.2968,-0.0525288612024421
evm.TU.Ap1.2969,-0.0734656494678411
evm.TU.Ap1.2970,0.176408435747086
evm.TU.Ap1.2974,-0.446719201849191
evm.TU.Ap1.2975,0.303464738405932
evm.TU.Ap1.2977,0.115438337359958
evm.TU.Ap1.2981,0.143468595352982
evm.TU.Ap1.2984,-0.118062547687709
evm.TU.Ap1.2994,0.0689072442057412
evm.TU.Ap1.2997,0.0832841191080038
evm.TU.Ap1.2999,0.0686019674740329
evm.TU.Ap1.30,-0.103720440750234
evm.TU.Ap1.300,0.0758004313228235
evm.TU.Ap1.3000,-0.155429315235946
evm.TU.Ap1.3001,-0.134743042310581
evm.TU.Ap1.3002,-0.00885655907648827
evm.TU.Ap1.3003_evm.TU.Ap1.3004,0.127888988219503
evm.TU.Ap1.3006,-0.0739021876238088
evm.TU.Ap1.3007,0.0619111069576831
evm.TU.Ap1.3008,-0.368616043024227
evm.TU.Ap1.3009,-0.204630110751465
evm.TU.Ap1.3010,0.0309112011483399
evm.TU.Ap1.3029,-0.129686906163921
evm.TU.Ap1.3034,0.0811042399948774
evm.TU.Ap1.3037,-0.0405271419740404
evm.TU.Ap1.3048,-0.246264863232909
evm.TU.Ap1.3052,-0.138851806948691
evm.TU.Ap1.3059,-0.310564012672628
evm.TU.Ap1.3061,0.152772577415083
evm.TU.Ap1.3062,0.122696336393043
evm.TU.Ap1.3068,-0.0308341603542612
evm.TU.Ap1.3070,-0.177991986580793
evm.TU.Ap1.3086,-0.196517592739382
evm.TU.Ap1.309,-0.0807507329318712
evm.TU.Ap1.3090,0.12411609902992
evm.TU.Ap1.3097,0.161485896566333
evm.TU.Ap1.3104,0.123100933032465
evm.TU.Ap1.3115,-0.208210890424151
evm.TU.Ap1.3116,-0.0674169884012641
evm.TU.Ap1.3125,-0.0324040951850611
evm.TU.Ap1.3126,0.147656479439141
evm.TU.Ap1.3129,-0.185521904312412
evm.TU.Ap1.3132,-0.0317918633715504
evm.TU.Ap1.3134,-0.100881573327249
evm.TU.Ap1.3135,0.096408435198434
evm.TU.Ap1.3141,0.228026125433161
evm.TU.Ap1.3142,0.0724802403484332
evm.TU.Ap1.3143,0.206658313560512
evm.TU.Ap1.3151,0.221959510042658
evm.TU.Ap1.3152,-0.0289873101936119
evm.TU.Ap1.3160,0.0526728690485542
evm.TU.Ap1.3162,0.150403565607228
evm.TU.Ap1.3163,0.153401976791048
evm.TU.Ap1.3165_evm.TU.Ap1.3164,0.204671431148602
evm.TU.Ap1.3175,-0.0109797113265007
evm.TU.Ap1.3188,0.00428391993295644
evm.TU.Ap1.3189,-0.376233872959079
evm.TU.Ap1.3194,-0.0751618919782902
evm.TU.Ap1.3195,-0.187117610694086
evm.TU.Ap1.3198,-0.0467628290372073
evm.TU.Ap1.3199,0.143846081426079
evm.TU.Ap1.3200,-0.179818947970745
evm.TU.Ap1.3217,-0.0659538733979923
evm.TU.Ap1.3218,-0.461382451361965
evm.TU.Ap1.3220,-0.307905890256787
evm.TU.Ap1.3221,0.131784046511659
evm.TU.Ap1.3225,-0.125441538157917
evm.TU.Ap1.3227,-0.286569131377722
evm.TU.Ap1.3228,-0.0785546642075848
evm.TU.Ap1.3230,0.146662637253614
evm.TU.Ap1.3232,-0.158977782187951
evm.TU.Ap1.3236,-0.0998132623572358
evm.TU.Ap1.3237,0.158353548453219
evm.TU.Ap1.3238,-0.0318669604048675
evm.TU.Ap1.3239,-0.532661509490134
evm.TU.Ap1.3241,0.459913042280499
evm.TU.Ap1.3246,-0.182869595358072
evm.TU.Ap1.3247,-0.240394210334044
evm.TU.Ap1.3250,0.0813397200093894
evm.TU.Ap1.3251,0.145254338931855
evm.TU.Ap1.3252,-0.199904968967821
evm.TU.Ap1.3253,0.0769177870141972
evm.TU.Ap1.3258,-0.0528395651924948
evm.TU.Ap1.3260,-0.256254075630524
evm.TU.Ap1.3266,0.0877382747261946
evm.TU.Ap1.3268,0.0065371638407847
evm.TU.Ap1.3269,0.0407727561563834
evm.TU.Ap1.3270,-0.269728432728504
evm.TU.Ap1.3272,0.458106181983607
evm.TU.Ap1.3273,-0.427372711655048
evm.TU.Ap1.3274,-0.372718727218309
evm.TU.Ap1.3277,0.154615337781622
evm.TU.Ap1.3278,0.200803619863506
evm.TU.Ap1.3280,-0.268660467310015
evm.TU.Ap1.3285,-0.345041224541079
evm.TU.Ap1.3293,-0.284375393600974
evm.TU.Ap1.3294,0.0439422176944359
evm.TU.Ap1.3296,-0.156063526921464
evm.TU.Ap1.3297,-0.0773339189709698
evm.TU.Ap1.3298,0.0251346425890086
evm.TU.Ap1.3300,0.00688272366611951
evm.TU.Ap1.3308,0.287129289288451
evm.TU.Ap1.3310,-0.233694141710174
evm.TU.Ap1.3311,-0.329615477358513
evm.TU.Ap1.3313,-0.186136019512467
evm.TU.Ap1.3322,-0.148746292772437
evm.TU.Ap1.3323,-0.44196706875583
evm.TU.Ap1.3325,0.0327971070702907
evm.TU.Ap1.3328_evm.TU.Ap1.3330,-0.34424010760469
evm.TU.Ap1.3333,-0.143264905620043
evm.TU.Ap1.3335,-0.00465745268504052
evm.TU.Ap1.3336,-0.111416105508521
evm.TU.Ap1.3341,-0.418857672621738
evm.TU.Ap1.3342,0.0894608137137053
evm.TU.Ap1.3343,-0.236053714007501
evm.TU.Ap1.3348,-0.164108982781714
evm.TU.Ap1.3349,0.0617378997410967
evm.TU.Ap1.3352,-0.188441100134343
evm.TU.Ap1.3354,-0.43511955277209
evm.TU.Ap1.3356,-0.224431374576228
evm.TU.Ap1.3369,0.326454009711536
evm.TU.Ap1.3370,-0.164558158096757
evm.TU.Ap1.3377,0.176783899718011
evm.TU.Ap1.3378,-0.0392702953785818
evm.TU.Ap1.3379,0.250776219335846
evm.TU.Ap1.3383,-0.0974612193548582
evm.TU.Ap1.3384,0.274520242014629
evm.TU.Ap1.3385,0.500313505206337
evm.TU.Ap1.3387,-0.159855154561723
evm.TU.Ap1.3388,0.141526777887614
evm.TU.Ap1.3389,0.246717242845203
evm.TU.Ap1.3394,-0.0972049950087043
evm.TU.Ap1.3397,-0.468959607812508
evm.TU.Ap1.3399,0.176091324555104
evm.TU.Ap1.34,-0.375991661682998
evm.TU.Ap1.3411,0.137241183273289
evm.TU.Ap1.3413,-0.308033543794304
evm.TU.Ap1.3414,-0.133319537653973
evm.TU.Ap1.3417,0.183609307704631
evm.TU.Ap1.3419,-0.236893933537623
evm.TU.Ap1.342_evm.TU.Ap1.331,-0.211716692726118
evm.TU.Ap1.3420,0.2255882767099
evm.TU.Ap1.3421,0.407292550556918
evm.TU.Ap1.3422,-0.205464776322219
evm.TU.Ap1.3423,0.0509759908858685
evm.TU.Ap1.3425,0.17970606322588
evm.TU.Ap1.3428,-0.419371664067765
evm.TU.Ap1.3429,-0.242605375649282
evm.TU.Ap1.343,-0.0761727799419216
evm.TU.Ap1.3430,0.556112260665046
evm.TU.Ap1.3431,-0.176177775824413
evm.TU.Ap1.3433,0.174253823215192
evm.TU.Ap1.3434,0.289323416105639
evm.TU.Ap1.3437,0.0631216043597043
evm.TU.Ap1.3441,0.700108141340561
evm.TU.Ap1.3442,0.658638693007618
evm.TU.Ap1.3443,0.827351250297383
evm.TU.Ap1.3444,0.764531645262691
evm.TU.Ap1.3445,-0.0178907331819229
evm.TU.Ap1.3447,-0.224870005935149
evm.TU.Ap1.3448,-0.0502643204379901
evm.TU.Ap1.3449,-0.293127147513344
evm.TU.Ap1.3451,-0.503221475549683
evm.TU.Ap1.3453,-0.399284473466355
evm.TU.Ap1.3454,0.111890786701367
evm.TU.Ap1.3463,-0.0744129694205576
evm.TU.Ap1.3464,-0.20931442549141
evm.TU.Ap1.3468,-0.149198661463978
evm.TU.Ap1.3474,-0.282632315658635
evm.TU.Ap1.3479,-0.284014671956209
evm.TU.Ap1.3482,-0.174181106089349
evm.TU.Ap1.3486,-0.115210093112033
evm.TU.Ap1.3487,0.0769722012498505
evm.TU.Ap1.3488,-0.11156613619354
evm.TU.Ap1.3489,0.0535705139087678
evm.TU.Ap1.3498,-0.0794572759943173
evm.TU.Ap1.35,-0.198612021230849
evm.TU.Ap1.3500,0.0287807099653029
evm.TU.Ap1.3502,0.291894161959224
evm.TU.Ap1.3503,0.235439975644309
evm.TU.Ap1.3505,0.196008667254743
evm.TU.Ap1.3506,0.146741966353945
evm.TU.Ap1.3507,-0.189754649104622
evm.TU.Ap1.3508,0.23537652731469
evm.TU.Ap1.3509,-0.156515260475451
evm.TU.Ap1.3512,-0.243741644745657
evm.TU.Ap1.3518,-0.129402751170628
evm.TU.Ap1.3527,-0.191016871178052
evm.TU.Ap1.3528,0.111196694434202
evm.TU.Ap1.3529,-0.223833263934195
evm.TU.Ap1.3530,0.21759204086573
evm.TU.Ap1.3532,-0.227384934594569
evm.TU.Ap1.3534_evm.TU.Ap1.3541,0.0928384545561513
evm.TU.Ap1.3543,-0.0226081762501923
evm.TU.Ap1.3545,-0.1609353251978
evm.TU.Ap1.3546,-0.00457389612629212
evm.TU.Ap1.3547,0.0477521794621847
evm.TU.Ap1.3548,0.332137482247502
evm.TU.Ap1.3556,0.130967485904161
evm.TU.Ap1.3558,-0.322236397208467
evm.TU.Ap1.3559,-0.333754105651393
evm.TU.Ap1.3562,-0.291579961336668
evm.TU.Ap1.357,0.0283928481758387
evm.TU.Ap1.3579,-0.143860755626466
evm.TU.Ap1.358,-0.151964484599508
evm.TU.Ap1.3580,-0.128735781810031
evm.TU.Ap1.3583,-0.362539944867639
evm.TU.Ap1.3584,0.0902364082034315
evm.TU.Ap1.3598,0.416398591720948
evm.TU.Ap1.3599,-0.0968313130757239
evm.TU.Ap1.36,0.318637031914096
evm.TU.Ap1.3601,-0.299454883168658
evm.TU.Ap1.3603,-0.205706138472455
evm.TU.Ap1.3604,-0.29703025029595
evm.TU.Ap1.3605,-0.218098310446511
evm.TU.Ap1.3607,0.0962883042498807
evm.TU.Ap1.3608,0.0969333084845465
evm.TU.Ap1.3610,0.0182091646701269
evm.TU.Ap1.3615,0.108193039839399
evm.TU.Ap1.3616,0.737169758173018
evm.TU.Ap1.3617,0.481877682157718
evm.TU.Ap1.3625,-0.0864805320796126
evm.TU.Ap1.363_evm.TU.Ap1.361,-0.0962332691739165
evm.TU.Ap1.3637,-0.148053539710115
evm.TU.Ap1.364,0.120260116469923
evm.TU.Ap1.3644,-0.061553612059234
evm.TU.Ap1.3647,0.0230596904137561
evm.TU.Ap1.3649,0.316975307456696
evm.TU.Ap1.365,0.215595224686371
evm.TU.Ap1.3650,-0.128654573601997
evm.TU.Ap1.3651,-0.158546822555159
evm.TU.Ap1.3652,0.0836839559919983
evm.TU.Ap1.3658,-0.533901798729084
evm.TU.Ap1.366,0.294045753959002
evm.TU.Ap1.3660,-0.0660546825828406
evm.TU.Ap1.3661,0.4384757217017
evm.TU.Ap1.3663,-0.060184250642701
evm.TU.Ap1.3668,-0.142264899505135
evm.TU.Ap1.3669,-0.0104395590715299
evm.TU.Ap1.3679,-0.119807084470484
evm.TU.Ap1.368,0.135555216231694
evm.TU.Ap1.3680,-0.0603837632523605
evm.TU.Ap1.3681,0.103693159108339
evm.TU.Ap1.37_evm.TU.Ap1.38,0.129381452418653
evm.TU.Ap1.3700,0.049395204462194
evm.TU.Ap1.3701,-0.245359425302524
evm.TU.Ap1.3703,0.237785142633351
evm.TU.Ap1.3704,-0.207964467185805
evm.TU.Ap1.3705,-0.20822541611761
evm.TU.Ap1.3706,0.536226821640921
evm.TU.Ap1.3714,-0.224053886833928
evm.TU.Ap1.372,-0.0709176604411988
evm.TU.Ap1.3720,-0.226029150228044
evm.TU.Ap1.3723,-0.242025208766201
evm.TU.Ap1.3724,-0.123310726947393
evm.TU.Ap1.3729,0.408233523649022
evm.TU.Ap1.373,0.312527149442054
evm.TU.Ap1.3730,-0.257533499512848
evm.TU.Ap1.3731,0.24771407821339
evm.TU.Ap1.3732,0.198728158616408
evm.TU.Ap1.3734,0.538739049482413
evm.TU.Ap1.3735,0.156521399777478
evm.TU.Ap1.3741,-0.0873757724131542
evm.TU.Ap1.3742,0.458510400743494
evm.TU.Ap1.3749,0.550789326086787
evm.TU.Ap1.3750,0.216304240198321
evm.TU.Ap1.3751,0.357695172860173
evm.TU.Ap1.3755,-0.171123618804019
evm.TU.Ap1.3756,0.178895448162464
evm.TU.Ap1.3757,-0.32628721968854
evm.TU.Ap1.3758,0.716286968039228
evm.TU.Ap1.3759,0.538786015870099
evm.TU.Ap1.376,0.0639425771873786
evm.TU.Ap1.3762,0.568444777909175
evm.TU.Ap1.3764,0.573578051457728
evm.TU.Ap1.3765,0.264947370753811
evm.TU.Ap1.3769,0.704776435864377
evm.TU.Ap1.3770,0.618611815947515
evm.TU.Ap1.3781,0.250105440757596
evm.TU.Ap1.3789,0.218628504995054
evm.TU.Ap1.379,-0.140335337339871
evm.TU.Ap1.3790,0.196995680352595
evm.TU.Ap1.3794,0.170824482237779
evm.TU.Ap1.3815,0.180744988923564
evm.TU.Ap1.3818_evm.TU.Ap1.3822_evm.TU.Ap1.3817,0.0425019536659691
evm.TU.Ap1.3827,0.193952561781116
evm.TU.Ap1.3830,0.330653527308941
evm.TU.Ap1.3831,0.319716639244956
evm.TU.Ap1.3833,0.147553441872196
evm.TU.Ap1.3844,-0.259344958507681
evm.TU.Ap1.3850,-0.174831572894231
evm.TU.Ap1.3859,-0.229977334433675
evm.TU.Ap1.3860,-0.260550575845242
evm.TU.Ap1.3861,-0.303726580387757
evm.TU.Ap1.3869,-0.215260659059865
evm.TU.Ap1.387_evm.TU.Ap1.380,0.173626256240553
evm.TU.Ap1.3871,-0.180477489369552
evm.TU.Ap1.3872,0.0459480818054323
evm.TU.Ap1.3874,0.158054770924243
evm.TU.Ap1.3877,0.108922339201326
evm.TU.Ap1.3884,0.0137691570503601
evm.TU.Ap1.3892,-0.141503358149673
evm.TU.Ap1.3896,-0.02240039931552
evm.TU.Ap1.3897,0.00405545012380123
evm.TU.Ap1.39,-0.394498795300339
evm.TU.Ap1.3932,-0.226060029239734
evm.TU.Ap1.394,0.159840617300853
evm.TU.Ap1.3976_evm.TU.Ap1.3979,0.272977676823375
evm.TU.Ap1.3983,0.214775091002131
evm.TU.Ap1.3990,-0.126678491107435
evm.TU.Ap1.3998,-0.0594553545813648
evm.TU.Ap1.4010,0.345793310406182
evm.TU.Ap1.4011,0.266478337942282
evm.TU.Ap1.4012,0.067228890053485
evm.TU.Ap1.4019,0.168401871313775
evm.TU.Ap1.4020,0.0347234718302675
evm.TU.Ap1.4021,-0.222454234704422
evm.TU.Ap1.4023,-0.322397630241988
evm.TU.Ap1.4029,-0.0404977528502014
evm.TU.Ap1.403,-0.168383193710597
evm.TU.Ap1.4034,0.0634464828070374
evm.TU.Ap1.4036,0.241972759146553
evm.TU.Ap1.4037,0.093459938727879
evm.TU.Ap1.4038,0.0507767368196324
evm.TU.Ap1.4039,-0.140637830777977
evm.TU.Ap1.4040,-0.37847143824158
evm.TU.Ap1.4044,-0.0721002271531295
evm.TU.Ap1.4046,-0.0497817254551281
evm.TU.Ap1.4047,-0.33860765728474
evm.TU.Ap1.4050,-0.197638955239725
evm.TU.Ap1.4053,-0.33707892640241
evm.TU.Ap1.4054,-0.259411921301182
evm.TU.Ap1.4055,-0.184970841923902
evm.TU.Ap1.4069,-0.262993954338204
evm.TU.Ap1.4071,-0.44238012262944
evm.TU.Ap1.4076,0.109815134851092
evm.TU.Ap1.4077,0.164032514515537
evm.TU.Ap1.4079,-0.129608230957853
evm.TU.Ap1.4080,-0.12281707924252
evm.TU.Ap1.4084,0.180971543781273
evm.TU.Ap1.4090,0.0229039115709763
evm.TU.Ap1.4091_evm.TU.Ap1.4094,0.0645256092372946
evm.TU.Ap1.4096,-0.00217308799180325
evm.TU.Ap1.4098,0.209241687437921
evm.TU.Ap1.4110,-0.191497879245873
evm.TU.Ap1.4111,-0.061817033744288
evm.TU.Ap1.4112,-0.0596718798849433
evm.TU.Ap1.4113,-0.17986480584239
evm.TU.Ap1.4114,0.0104276185030114
evm.TU.Ap1.4118,-0.387618679216061
evm.TU.Ap1.4119,0.0983026897148581
evm.TU.Ap1.4132,-0.205539014154132
evm.TU.Ap1.4134,-0.085169814990318
evm.TU.Ap1.4140,0.208997719126949
evm.TU.Ap1.4141,0.236358118238698
evm.TU.Ap1.4142,0.125815873115227
evm.TU.Ap1.4143,0.178285292722936
evm.TU.Ap1.4144,0.0849368334066994
evm.TU.Ap1.4145,-0.108796613592603
evm.TU.Ap1.4146,0.222821213948338
evm.TU.Ap1.4147,0.220688466250495
evm.TU.Ap1.4157,0.0526158580695143
evm.TU.Ap1.4161,-0.0413224218390817
evm.TU.Ap1.4162_evm.TU.Ap1.4163,0.0739670789817195
evm.TU.Ap1.4164,0.204828006291361
evm.TU.Ap1.4170,-0.199243994612401
evm.TU.Ap1.4173,-0.171994027587856
evm.TU.Ap1.4174,-0.00858476814256152
evm.TU.Ap1.4175,0.11294930482166
evm.TU.Ap1.4176,0.146225224106337
evm.TU.Ap1.4178,0.131197130788351
evm.TU.Ap1.4179,-0.226653436434532
evm.TU.Ap1.4180,0.0127671580085154
evm.TU.Ap1.4182,-0.253944977990688
evm.TU.Ap1.4183,0.0933420576705574
evm.TU.Ap1.4184,-0.0363124952019174
evm.TU.Ap1.4190,-0.0639826380890442
evm.TU.Ap1.4191,-0.459641231066482
evm.TU.Ap1.4195,0.166649838304923
evm.TU.Ap1.422,-0.306428450631931
evm.TU.Ap1.425,-0.226219516873942
evm.TU.Ap1.429,-0.422274797032986
evm.TU.Ap1.431,0.386150733609573
evm.TU.Ap1.437,0.336917600866727
evm.TU.Ap1.438,-0.370157478665453
evm.TU.Ap1.440,-0.200020422742401
evm.TU.Ap1.442,0.0908789934657417
evm.TU.Ap1.444,0.195275855732034
evm.TU.Ap1.445,0.429933628633241
evm.TU.Ap1.448,0.150897810852821
evm.TU.Ap1.449,-0.0336541134479139
evm.TU.Ap1.451,-0.469485010414821
evm.TU.Ap1.464,-0.04731457671747
evm.TU.Ap1.466,0.0623543237640009
evm.TU.Ap1.48,-0.385811808176882
evm.TU.Ap1.485,0.522062462468201
evm.TU.Ap1.487,0.524631798492063
evm.TU.Ap1.488,0.287635295432546
evm.TU.Ap1.489,0.266602283392502
evm.TU.Ap1.490,0.204367340807982
evm.TU.Ap1.497,-0.00731605695165535
evm.TU.Ap1.499,0.0161498457738742
evm.TU.Ap1.501,-0.0611565908033622
evm.TU.Ap1.505,0.131144897036537
evm.TU.Ap1.508,0.407269204345159
evm.TU.Ap1.509,0.030485325638973
evm.TU.Ap1.51,-0.179507357940599
evm.TU.Ap1.511,0.239938139117941
evm.TU.Ap1.512,-0.319452909058687
evm.TU.Ap1.514,-0.214793381932478
evm.TU.Ap1.515,0.235374405729944
evm.TU.Ap1.52,0.565279429156898
evm.TU.Ap1.524,-0.0395823013950242
evm.TU.Ap1.54,0.213685254113361
evm.TU.Ap1.546,-0.0150306554545988
evm.TU.Ap1.547,0.124474997898969
evm.TU.Ap1.548,-0.0550392871438103
evm.TU.Ap1.549,0.21359021692184
evm.TU.Ap1.55,0.0575235339299556
evm.TU.Ap1.550,-0.373379926933642
evm.TU.Ap1.551,-0.234668098184969
evm.TU.Ap1.554,-0.07735627828912
evm.TU.Ap1.555,0.160371660538823
evm.TU.Ap1.559,-0.0899848472386287
evm.TU.Ap1.562_evm.TU.Ap1.563,-0.593971775624482
evm.TU.Ap1.571,-0.201503126213219
evm.TU.Ap1.572,-0.214903513521394
evm.TU.Ap1.574,0.358034438999986
evm.TU.Ap1.575,-0.107969695566089
evm.TU.Ap1.576,0.0272972918667339
evm.TU.Ap1.577,-0.240608102653024
evm.TU.Ap1.578,-0.379976675149696
evm.TU.Ap1.587,-0.111981275523649
evm.TU.Ap1.588,-0.272181055223605
evm.TU.Ap1.589,-0.35431258705822
evm.TU.Ap1.59,-0.0432939119353256
evm.TU.Ap1.590,-0.107630872840567
evm.TU.Ap1.594,-0.109021961580573
evm.TU.Ap1.598,-0.168605450106372
evm.TU.Ap1.599,-0.166324010182075
evm.TU.Ap1.600,-0.0152378871071936
evm.TU.Ap1.603,0.188248367711019
evm.TU.Ap1.604,0.456254679077566
evm.TU.Ap1.605,0.22973101144275
evm.TU.Ap1.607,0.157329500116172
evm.TU.Ap1.608,-0.265242995275959
evm.TU.Ap1.609,-0.0340350948296763
evm.TU.Ap1.61,-0.28096596481275
evm.TU.Ap1.612,0.0380110981522915
evm.TU.Ap1.613,0.0819198354080342
evm.TU.Ap1.629,-0.287013707384478
evm.TU.Ap1.632,-0.422314619014467
evm.TU.Ap1.633,0.285573140916482
evm.TU.Ap1.634,-0.280191779449235
evm.TU.Ap1.635,0.317914853458295
evm.TU.Ap1.636,0.256708514637082
evm.TU.Ap1.637,0.26350929730038
evm.TU.Ap1.638,-0.0126172040154191
evm.TU.Ap1.648,-0.0146998692904632
evm.TU.Ap1.654,0.248657027539777
evm.TU.Ap1.655,-0.0582199523456895
evm.TU.Ap1.659,0.207949626831397
evm.TU.Ap1.660,0.0732672310840558
evm.TU.Ap1.665,-0.15307001663782
evm.TU.Ap1.667,0.136812582711704
evm.TU.Ap1.669,0.165811869297181
evm.TU.Ap1.670,0.191121328380946
evm.TU.Ap1.672,-0.0575519011986504
evm.TU.Ap1.681,-0.0624715583505546
evm.TU.Ap1.683_evm.TU.Ap1.684,-0.117247553772528
evm.TU.Ap1.688,0.016587419023327
evm.TU.Ap1.69,0.011351602261563
evm.TU.Ap1.692,-0.0697131129514951
evm.TU.Ap1.70,0.322500764278609
evm.TU.Ap1.701,-0.0871661981881197
evm.TU.Ap1.712,0.141490153895936
evm.TU.Ap1.72,-0.0837193793066695
evm.TU.Ap1.720,-0.0655680469965823
evm.TU.Ap1.722,0.15919293607966
evm.TU.Ap1.726,-0.0476977856238581
evm.TU.Ap1.727,0.0505545455139022
evm.TU.Ap1.728,0.138093862238959
evm.TU.Ap1.729,0.0312566373049776
evm.TU.Ap1.73,-0.0686428252171129
evm.TU.Ap1.733,0.0652820669561932
evm.TU.Ap1.736,0.0528649982436025
evm.TU.Ap1.74,-0.073243064960206
evm.TU.Ap1.745,-0.0825858424804489
evm.TU.Ap1.75,0.229877140340802
evm.TU.Ap1.755,0.187170783965518
evm.TU.Ap1.77,-0.382131070012041
evm.TU.Ap1.784,-0.00964691036813758
evm.TU.Ap1.819,0.0713035722791929
evm.TU.Ap1.82,0.0832592253113121
evm.TU.Ap1.821,0.0764645296552251
evm.TU.Ap1.823,0.0281081894585065
evm.TU.Ap1.829,-0.16670069263973
evm.TU.Ap1.830,-0.4694273833095
evm.TU.Ap1.833,-0.150695332324606
evm.TU.Ap1.841,0.0745824785231291
evm.TU.Ap1.842,-0.203848765766536
evm.TU.Ap1.844,-0.0063030484334686
evm.TU.Ap1.847,-0.374162304613944
evm.TU.Ap1.849,-0.186500924610308
evm.TU.Ap1.850,-0.53923881506565
evm.TU.Ap1.851,-0.004863183660057
evm.TU.Ap1.854,-0.184892584907867
evm.TU.Ap1.86,-0.201790144572938
evm.TU.Ap1.863,0.0982671655741969
evm.TU.Ap1.866,0.101190350096667
evm.TU.Ap1.875,-0.0449335672198577
evm.TU.Ap1.878,-0.0555219561579429
evm.TU.Ap1.88,-0.0229375021502718
evm.TU.Ap1.885,-0.189847141752625
evm.TU.Ap1.886,-0.358662516698289
evm.TU.Ap1.887,-0.415369190698888
evm.TU.Ap1.890,0.280727833074851
evm.TU.Ap1.892,0.823368497471758
evm.TU.Ap1.907,0.833817317440712
evm.TU.Ap1.909,0.0836436200817144
evm.TU.Ap1.91,0.320532166411235
evm.TU.Ap1.910,-0.0546519144842573
evm.TU.Ap1.914,0.224074150087836
evm.TU.Ap1.92,-0.224833727183867
evm.TU.Ap1.938,0.317986134765993
evm.TU.Ap1.94,0.0102266758098606
evm.TU.Ap1.942,-0.130533591318156
evm.TU.Ap1.949,-0.241578158803461
evm.TU.Ap1.95,0.0216173878938434
evm.TU.Ap1.951,-0.169427184323066
evm.TU.Ap1.953,-0.181344798833331
evm.TU.Ap1.957,-0.153629463460092
evm.TU.Ap1.958,0.566782927543084
evm.TU.Ap1.959,0.0427317927127144
evm.TU.Ap1.96,0.139856837670358
evm.TU.Ap1.961,0.754082983303401
evm.TU.Ap1.965,-0.0860677369192853
evm.TU.Ap1.984,-0.109933544449094
evm.TU.Ap1.991,0.196089801365247
evm.TU.Ap10.1,-0.629609246778549
evm.TU.Ap10.1005,-0.225689610007306
evm.TU.Ap10.102,-0.0686755081963166
evm.TU.Ap10.1021,-0.167532003624896
evm.TU.Ap10.1023,0.0467526107399747
evm.TU.Ap10.1027,0.140270617751873
evm.TU.Ap10.1042,0.27341763455206
evm.TU.Ap10.1045,0.241717013000751
evm.TU.Ap10.105,-0.0125548346478884
evm.TU.Ap10.1050,0.34884643292126
evm.TU.Ap10.1052,0.167061195595424
evm.TU.Ap10.1058,-0.145522054311321
evm.TU.Ap10.1059,-0.203163623005129
evm.TU.Ap10.1065,-0.22374898250064
evm.TU.Ap10.107,-0.124994382350728
evm.TU.Ap10.1076,0.0101812286826538
evm.TU.Ap10.109,0.123277092015306
evm.TU.Ap10.1095,-0.181688382707085
evm.TU.Ap10.1101,-0.12998126007296
evm.TU.Ap10.1103,0.0561438939557855
evm.TU.Ap10.1124,0.269947381096714
evm.TU.Ap10.113,0.0680609387346845
evm.TU.Ap10.114,-0.0354548832337161
evm.TU.Ap10.115,0.12684306622844
evm.TU.Ap10.117,0.253760147979976
evm.TU.Ap10.1175,-0.1488901998147
evm.TU.Ap10.1176,-0.0902618325152389
evm.TU.Ap10.1177,0.0329251984667621
evm.TU.Ap10.118,-0.514712194288059
evm.TU.Ap10.119,-0.127337368584657
evm.TU.Ap10.1191,0.316083964345589
evm.TU.Ap10.1194,-0.373236993871434
evm.TU.Ap10.1198,0.15822276078633
evm.TU.Ap10.1199,0.245249032611516
evm.TU.Ap10.120,0.071931048338706
evm.TU.Ap10.1202,0.29773345694037
evm.TU.Ap10.1207,0.0980289265845422
evm.TU.Ap10.1210,0.00158379268688989
evm.TU.Ap10.1217,0.043256777172965
evm.TU.Ap10.1218,-0.0145456970317758
evm.TU.Ap10.122,-0.0983107792439339
evm.TU.Ap10.1221,0.279442427957698
evm.TU.Ap10.1226,-0.043509609059426
evm.TU.Ap10.1227,-0.321277287880036
evm.TU.Ap10.1270,-0.113002047053311
evm.TU.Ap10.1271,0.09181594295963
evm.TU.Ap10.1313,0.400359871522351
evm.TU.Ap10.1336,-0.00375112868114907
evm.TU.Ap10.1337,0.0120924390193717
evm.TU.Ap10.1342,-0.174454452098614
evm.TU.Ap10.1343,0.040351809218541
evm.TU.Ap10.1376,-0.0917720416758471
evm.TU.Ap10.1385,0.294056651740583
evm.TU.Ap10.1394,-0.152288506507112
evm.TU.Ap10.1444,-0.248860979687709
evm.TU.Ap10.1448,-0.024327619460681
evm.TU.Ap10.1458,-0.1766903989132
evm.TU.Ap10.1461,0.658047167289023
evm.TU.Ap10.1462,0.191823705021557
evm.TU.Ap10.1468,-0.00270050350552789
evm.TU.Ap10.1469,-0.168057141058701
evm.TU.Ap10.1470,0.146304768014124
evm.TU.Ap10.1483,0.157902397584175
evm.TU.Ap10.1484,0.103105948716282
evm.TU.Ap10.1485,-0.258374453041672
evm.TU.Ap10.1486,0.232333426175591
evm.TU.Ap10.1487,-0.0478304748156636
evm.TU.Ap10.1491_evm.TU.Ap10.1502,0.0454736230353704
evm.TU.Ap10.15,0.0458387166237511
evm.TU.Ap10.1510,-0.224401784916291
evm.TU.Ap10.1530,-0.0763615467061405
evm.TU.Ap10.1557_evm.TU.Ap10.1544,0.065572888423809
evm.TU.Ap10.1558,0.434252988155506
evm.TU.Ap10.1562,-0.146444427400041
evm.TU.Ap10.1564,-0.3412154215695
evm.TU.Ap10.1571,0.263021952058992
evm.TU.Ap10.1572,-0.0779740053957517
evm.TU.Ap10.1573,0.295602979787335
evm.TU.Ap10.1574,0.262113862841546
evm.TU.Ap10.1575,0.265886783143263
evm.TU.Ap10.1579,0.234180498001808
evm.TU.Ap10.1580,0.17047330345672
evm.TU.Ap10.1581,0.674592434767208
evm.TU.Ap10.1583,0.525064880381238
evm.TU.Ap10.1584,0.0915390890183974
evm.TU.Ap10.16,-0.0988170983515042
evm.TU.Ap10.1609,0.326440822442184
evm.TU.Ap10.1610,-0.0636605034662555
evm.TU.Ap10.1611,0.107134091257676
evm.TU.Ap10.1618,0.0381884943145997
evm.TU.Ap10.163,-0.0131974033637136
evm.TU.Ap10.1630,0.210909907693594
evm.TU.Ap10.1634,-0.127020551995655
evm.TU.Ap10.1638,-0.367370403524984
evm.TU.Ap10.1639,-0.0364798759334705
evm.TU.Ap10.1640,0.0450485391140861
evm.TU.Ap10.1643,-0.223069313238567
evm.TU.Ap10.1645,0.0894959481167519
evm.TU.Ap10.1647,-0.0217574287351688
evm.TU.Ap10.1648,0.19585343268317
evm.TU.Ap10.1649,0.376075242067268
evm.TU.Ap10.1659,0.123198375406215
evm.TU.Ap10.167,0.118695088744244
evm.TU.Ap10.1674,0.2165682951275
evm.TU.Ap10.1681,0.262028857478886
evm.TU.Ap10.1684,-0.00782788450473293
evm.TU.Ap10.1685,-0.097232214593832
evm.TU.Ap10.1689,-0.192218838489573
evm.TU.Ap10.1690,-0.187154893200678
evm.TU.Ap10.171,-0.0527154293787201
evm.TU.Ap10.1720,-0.116729206323332
evm.TU.Ap10.1726_evm.TU.Ap10.1729,-0.239609197645124
evm.TU.Ap10.1738,0.00621395712283616
evm.TU.Ap10.1739,-0.0782362827947861
evm.TU.Ap10.1741,0.435428973322198
evm.TU.Ap10.1742,0.238478337774505
evm.TU.Ap10.1744,0.119933314307441
evm.TU.Ap10.1745,-0.383177899222917
evm.TU.Ap10.1748,0.663312793576961
evm.TU.Ap10.1752,-0.0495366912016918
evm.TU.Ap10.1758,-0.17764990171937
evm.TU.Ap10.1759,0.131815773123759
evm.TU.Ap10.1760,0.391714052217962
evm.TU.Ap10.1762,-0.177569373746204
evm.TU.Ap10.1764,0.0563727870410243
evm.TU.Ap10.1767,0.0892682843635555
evm.TU.Ap10.1768,-0.00228396923085574
evm.TU.Ap10.1776,0.0188885966442152
evm.TU.Ap10.1777,0.323019290111465
evm.TU.Ap10.1784,-0.0854843598779363
evm.TU.Ap10.18,-0.114575162005337
evm.TU.Ap10.1802,-0.127200627720353
evm.TU.Ap10.1808,-0.189774278862566
evm.TU.Ap10.1829,-0.150150339056063
evm.TU.Ap10.1831,-0.22687488156236
evm.TU.Ap10.1846,-0.0600615342663443
evm.TU.Ap10.1848,-0.0313132927308997
evm.TU.Ap10.1849,0.142872021678914
evm.TU.Ap10.1851,-0.164127037703871
evm.TU.Ap10.1852,-0.089968373639693
evm.TU.Ap10.1856,-0.520489519021475
evm.TU.Ap10.1858,-0.0338835289830196
evm.TU.Ap10.1862,-0.226241549689604
evm.TU.Ap10.1869,-0.337763831151742
evm.TU.Ap10.1870,-0.208565751519588
evm.TU.Ap10.1871,-0.0797906476067951
evm.TU.Ap10.1873,0.00844664803866486
evm.TU.Ap10.1874,0.114154082532789
evm.TU.Ap10.1875,-0.161958186046275
evm.TU.Ap10.1878,-0.160396760329211
evm.TU.Ap10.1879,-0.0313434053950298
evm.TU.Ap10.1884,-0.254396567728971
evm.TU.Ap10.19,0.391885844719902
evm.TU.Ap10.1910,-0.00860940364497018
evm.TU.Ap10.1911,-0.0255884870154456
evm.TU.Ap10.1912,-0.274948094962407
evm.TU.Ap10.1913,-0.120823569551407
evm.TU.Ap10.1914,-0.193740782976888
evm.TU.Ap10.1915,-0.221119815313736
evm.TU.Ap10.1916,-0.266231139921817
evm.TU.Ap10.1924,-0.371715691601515
evm.TU.Ap10.1925,0.0658115627721994
evm.TU.Ap10.1926,-0.213483281513542
evm.TU.Ap10.1927,-0.225740494115505
evm.TU.Ap10.1930,0.110709786369608
evm.TU.Ap10.1931,-0.111583113788912
evm.TU.Ap10.1933,0.00930619399354693
evm.TU.Ap10.1934,-0.0911541843752594
evm.TU.Ap10.1936,0.0603192387830121
evm.TU.Ap10.194,-0.393563536789901
evm.TU.Ap10.1941,0.288294822049896
evm.TU.Ap10.1942,0.213461494019566
evm.TU.Ap10.1945,0.316567845911628
evm.TU.Ap10.1946,-0.238213267737846
evm.TU.Ap10.1948,0.0276511664177109
evm.TU.Ap10.195,0.0592122042056
evm.TU.Ap10.1952,0.00505809486763564
evm.TU.Ap10.1953,0.261109686042617
evm.TU.Ap10.1954,-0.127150167704157
evm.TU.Ap10.1956,-0.123872541013947
evm.TU.Ap10.1958,-0.227256971885467
evm.TU.Ap10.1959,-0.363167824177421
evm.TU.Ap10.1960,0.297230360981644
evm.TU.Ap10.1961,-0.0205886000170022
evm.TU.Ap10.1962,0.293479230623991
evm.TU.Ap10.1975,-0.0123069358410447
evm.TU.Ap10.1976,0.102181718666992
evm.TU.Ap10.198,-0.114289974794825
evm.TU.Ap10.1986,-0.0881233336298251
evm.TU.Ap10.1991,-0.0937259679677412
evm.TU.Ap10.1992,0.0617667030796907
evm.TU.Ap10.1994,0.10476160551956
evm.TU.Ap10.1995,-0.14145647544666
evm.TU.Ap10.20,0.497038899694021
evm.TU.Ap10.2005,-0.34516740623816
evm.TU.Ap10.2006,0.0537563091919006
evm.TU.Ap10.2007,0.110144582574
evm.TU.Ap10.201,-0.0564830847744431
evm.TU.Ap10.2011,-0.445557075624589
evm.TU.Ap10.2017,-0.280922219597057
evm.TU.Ap10.2023,0.356456346778668
evm.TU.Ap10.2024,-0.19376465957926
evm.TU.Ap10.203,-0.043551436462904
evm.TU.Ap10.2030,0.0318171773181745
evm.TU.Ap10.2038,0.0231465345399233
evm.TU.Ap10.2042,0.383382663708845
evm.TU.Ap10.2047,0.556357026457897
evm.TU.Ap10.2048,0.188811272772613
evm.TU.Ap10.205,0.0362814308844977
evm.TU.Ap10.2050,-0.0281558926540529
evm.TU.Ap10.2051,0.366391360719811
evm.TU.Ap10.2054,0.0126601335624896
evm.TU.Ap10.2056,-0.122355949905728
evm.TU.Ap10.2059,-0.188696842270004
evm.TU.Ap10.2060,-0.0146216068863677
evm.TU.Ap10.2061,-0.0452228792071454
evm.TU.Ap10.2062,0.130742331746932
evm.TU.Ap10.2063,-0.191662937081884
evm.TU.Ap10.2067,0.194976295134981
evm.TU.Ap10.2068,0.118907823195407
evm.TU.Ap10.2082,0.0523417007161702
evm.TU.Ap10.2084,-0.207207226637774
evm.TU.Ap10.2088,-0.0509456836500645
evm.TU.Ap10.2089,-0.155829557997721
evm.TU.Ap10.2094,0.044668493775619
evm.TU.Ap10.2096,0.12017452790088
evm.TU.Ap10.21_evm.TU.Ap10.22,-0.28126910795598
evm.TU.Ap10.212,-0.0368155568873276
evm.TU.Ap10.213,-0.137844395321503
evm.TU.Ap10.214,0.118176113249371
evm.TU.Ap10.215,-0.0265472798242797
evm.TU.Ap10.216,-0.0551868997245658
evm.TU.Ap10.217,-0.152727020258018
evm.TU.Ap10.218,-0.168663275909324
evm.TU.Ap10.220,0.0400117621315293
evm.TU.Ap10.227,0.347419687195485
evm.TU.Ap10.231,-0.206279535147821
evm.TU.Ap10.232,-0.17170129978469
evm.TU.Ap10.235,0.19612889526562
evm.TU.Ap10.249,0.214963880121506
evm.TU.Ap10.254,-0.26624552715936
evm.TU.Ap10.261,0.0298049799598795
evm.TU.Ap10.263,0.0372337806823576
evm.TU.Ap10.266,0.115945510866673
evm.TU.Ap10.267,-0.0340418173535805
evm.TU.Ap10.269,0.106115303202355
evm.TU.Ap10.28,-0.516318161320797
evm.TU.Ap10.281,0.0490738419900228
evm.TU.Ap10.289,0.073829751010611
evm.TU.Ap10.290,-0.119078203383381
evm.TU.Ap10.291,0.0723646711544879
evm.TU.Ap10.314,0.00161798609196738
evm.TU.Ap10.315,-0.122217900457627
evm.TU.Ap10.318,0.0213188674167401
evm.TU.Ap10.323,0.490890254561204
evm.TU.Ap10.326,0.20544604883253
evm.TU.Ap10.327,-0.363207805177312
evm.TU.Ap10.328,0.102144162751094
evm.TU.Ap10.329,0.17017563576318
evm.TU.Ap10.331,-0.0122827886103876
evm.TU.Ap10.332,0.10264641403215
evm.TU.Ap10.333,0.490669341672451
evm.TU.Ap10.344,-0.232145856709661
evm.TU.Ap10.352,0.145038694017992
evm.TU.Ap10.353,0.12356962566763
evm.TU.Ap10.358,-0.253815223002699
evm.TU.Ap10.36,-0.159259325650504
evm.TU.Ap10.375_evm.TU.Ap10.362,0.0917972211304278
evm.TU.Ap10.377,0.0306091930475322
evm.TU.Ap10.378,0.355848350632719
evm.TU.Ap10.380,-0.0548527112191852
evm.TU.Ap10.381,0.358710445765662
evm.TU.Ap10.383,-0.00209812195490401
evm.TU.Ap10.384,0.085742368756569
evm.TU.Ap10.385,0.264607673776045
evm.TU.Ap10.388,0.180693141851774
evm.TU.Ap10.393,0.578798839873045
evm.TU.Ap10.394,0.71059942137949
evm.TU.Ap10.395,0.113764330503479
evm.TU.Ap10.396,0.0173908773950373
evm.TU.Ap10.397,-0.117585633395391
evm.TU.Ap10.398,-0.235521170855298
evm.TU.Ap10.41,-0.340172779453628
evm.TU.Ap10.411,0.0578027316948802
evm.TU.Ap10.412,-0.328297302915149
evm.TU.Ap10.413,0.0860173251456573
evm.TU.Ap10.414,0.266769348035125
evm.TU.Ap10.415,-0.204256717050287
evm.TU.Ap10.416,-0.0836844610365625
evm.TU.Ap10.417,-0.252307743788894
evm.TU.Ap10.418,-0.194057026583488
evm.TU.Ap10.419,0.114044045791099
evm.TU.Ap10.423,0.135890784696208
evm.TU.Ap10.43,0.193181912661932
evm.TU.Ap10.44,0.0964246554652359
evm.TU.Ap10.45,-0.125739987963439
evm.TU.Ap10.46,0.167694467997134
evm.TU.Ap10.467,-0.301415839222285
evm.TU.Ap10.469,-0.0884199447656959
evm.TU.Ap10.470,0.169363145049033
evm.TU.Ap10.482,0.446625340052144
evm.TU.Ap10.486,0.52534887244987
evm.TU.Ap10.487,0.0373646276886477
evm.TU.Ap10.488,-0.150441463506588
evm.TU.Ap10.49,0.173591089638508
evm.TU.Ap10.490,-0.0192690858181133
evm.TU.Ap10.491,0.0471373678366725
evm.TU.Ap10.492,0.331323007487612
evm.TU.Ap10.495,0.158970534014439
evm.TU.Ap10.5,0.197957021462099
evm.TU.Ap10.501,0.185883401997897
evm.TU.Ap10.502,-0.437179483738293
evm.TU.Ap10.503,-0.300139517221213
evm.TU.Ap10.510,-0.0461292792165819
evm.TU.Ap10.514,-0.219078901586597
evm.TU.Ap10.516,-0.263006240824262
evm.TU.Ap10.517,0.0115252847249216
evm.TU.Ap10.52,0.0312972224817497
evm.TU.Ap10.527,-0.345751570151424
evm.TU.Ap10.531,-0.170253343839718
evm.TU.Ap10.55,0.0424491304633038
evm.TU.Ap10.573,0.261146509541985
evm.TU.Ap10.576,0.0225231834296485
evm.TU.Ap10.578,0.204512600109081
evm.TU.Ap10.580,0.120101874010325
evm.TU.Ap10.581,0.16944259441243
evm.TU.Ap10.583,0.000367808999757517
evm.TU.Ap10.584,-0.0102252431037864
evm.TU.Ap10.589,0.162864551431263
evm.TU.Ap10.591,-0.0081168823841437
evm.TU.Ap10.592,0.0032980759624799
evm.TU.Ap10.596,0.126607316388429
evm.TU.Ap10.601,-0.0524254154184036
evm.TU.Ap10.602,0.0496539939885746
evm.TU.Ap10.609,0.0433151214649256
evm.TU.Ap10.61,0.881552804720307
evm.TU.Ap10.610,-0.126616334190138
evm.TU.Ap10.614,-0.269002962748144
evm.TU.Ap10.615,-0.0532697417939121
evm.TU.Ap10.619,0.0657377245590803
evm.TU.Ap10.620,0.0657023745226339
evm.TU.Ap10.621,-0.085514324299196
evm.TU.Ap10.626,-0.121821850159352
evm.TU.Ap10.635,-0.0605152584216441
evm.TU.Ap10.637,0.0422780581957402
evm.TU.Ap10.638,-0.106852733002195
evm.TU.Ap10.639,0.35568839328638
evm.TU.Ap10.640,0.350876140796858
evm.TU.Ap10.641,0.25095792831666
evm.TU.Ap10.642,0.0630188045996383
evm.TU.Ap10.644,0.261794549085663
evm.TU.Ap10.645,0.196877525672879
evm.TU.Ap10.648,0.00794846598161445
evm.TU.Ap10.649,0.176708921630083
evm.TU.Ap10.650,0.117705570474644
evm.TU.Ap10.653,0.241573421773625
evm.TU.Ap10.656,0.0297737722611081
evm.TU.Ap10.657,-0.0860892933305455
evm.TU.Ap10.658,-0.0634104690187361
evm.TU.Ap10.66,0.526978600732757
evm.TU.Ap10.668,-0.350262823361846
evm.TU.Ap10.670,0.0708951969775277
evm.TU.Ap10.672,-0.235973107153686
evm.TU.Ap10.676,-0.206577331211695
evm.TU.Ap10.68,-0.386394208511753
evm.TU.Ap10.681,0.108811041183453
evm.TU.Ap10.683,0.0659855143974217
evm.TU.Ap10.689,-0.242744511998787
evm.TU.Ap10.692,-0.0166938909404379
evm.TU.Ap10.693,-0.285649515487412
evm.TU.Ap10.696,-0.099207078133408
evm.TU.Ap10.71,-0.146694438681026
evm.TU.Ap10.710,-0.0907434375597217
evm.TU.Ap10.720,-0.266748145707583
evm.TU.Ap10.73,-0.0380853866345651
evm.TU.Ap10.738,-0.456987022467853
evm.TU.Ap10.739,-0.370246682017732
evm.TU.Ap10.740,-0.303773982862665
evm.TU.Ap10.741,0.0115582754604112
evm.TU.Ap10.742,0.0297111011022657
evm.TU.Ap10.745,0.136443127736805
evm.TU.Ap10.755,-0.230674712865209
evm.TU.Ap10.756,0.0218411725145597
evm.TU.Ap10.758,-0.0085893322350838
evm.TU.Ap10.762,-0.26987376993934
evm.TU.Ap10.765,0.150839954539778
evm.TU.Ap10.766,-0.334652147308687
evm.TU.Ap10.768,-0.235424826719313
evm.TU.Ap10.769,-0.0132305927862432
evm.TU.Ap10.773,-0.258192341890077
evm.TU.Ap10.774,-0.0186374664120912
evm.TU.Ap10.776,0.0503947505444956
evm.TU.Ap10.78,0.103890156071837
evm.TU.Ap10.781,0.00853864687077764
evm.TU.Ap10.782,-0.04850505499357
evm.TU.Ap10.783,0.345474430312019
evm.TU.Ap10.786,-0.236745505679082
evm.TU.Ap10.793,-0.117882041785488
evm.TU.Ap10.80,-0.119828046345598
evm.TU.Ap10.801,0.149649216026901
evm.TU.Ap10.808,-0.00845274876964297
evm.TU.Ap10.81,-0.0696177386640091
evm.TU.Ap10.811,-0.0948253121277108
evm.TU.Ap10.812,0.16948276029693
evm.TU.Ap10.83,0.0157198234694672
evm.TU.Ap10.834,-0.14749604164658
evm.TU.Ap10.837,0.0629336827283031
evm.TU.Ap10.838,0.0604977278081484
evm.TU.Ap10.839,0.11148872472731
evm.TU.Ap10.84,0.0976429030054487
evm.TU.Ap10.842,-0.334138082797315
evm.TU.Ap10.849,-0.362877665386449
evm.TU.Ap10.85,0.181351949445711
evm.TU.Ap10.850,0.179055521572369
evm.TU.Ap10.853,0.463783061564858
evm.TU.Ap10.854,0.0824862599091107
evm.TU.Ap10.857,-0.0256151624604687
evm.TU.Ap10.899,-0.107696257013677
evm.TU.Ap10.902,-0.00763972638104052
evm.TU.Ap10.903,0.0167107161323005
evm.TU.Ap10.907,-0.0825479674548224
evm.TU.Ap10.909,-0.185802302785475
evm.TU.Ap10.910,-0.489968919425973
evm.TU.Ap10.912,0.0897663357023427
evm.TU.Ap10.914,-0.0992276661308817
evm.TU.Ap10.915,-0.343106529483052
evm.TU.Ap10.92,-0.0605016414485778
evm.TU.Ap10.922,-0.147454148598065
evm.TU.Ap10.923,-0.0169979698385836
evm.TU.Ap10.924,0.206738869291035
evm.TU.Ap10.93,-0.43011387501057
evm.TU.Ap10.931,0.470045886174359
evm.TU.Ap10.932,0.381314137104059
evm.TU.Ap10.933,0.408119474144057
evm.TU.Ap10.934,0.351320823103803
evm.TU.Ap10.94,-0.247649430634534
evm.TU.Ap10.949,0.446501558353191
evm.TU.Ap10.95,0.388097079649519
evm.TU.Ap10.954,0.384061287385852
evm.TU.Ap10.955,0.369323313010467
evm.TU.Ap10.956,0.381158234534558
evm.TU.Ap10.957,0.399961145244858
evm.TU.Ap10.958,0.294231220665887
evm.TU.Ap10.964,0.0103417961809745
evm.TU.Ap10.966,0.158493403753653
evm.TU.Ap10.969,0.167967309944189
evm.TU.Ap10.970,0.348798008653506
evm.TU.Ap10.976,0.263519373245159
evm.TU.Ap10.978,0.339230709647577
evm.TU.Ap10.981,0.234625550161279
evm.TU.Ap10.984,-0.21192916043732
evm.TU.Ap10.993,0.425075930878335
evm.TU.Ap10.994,0.503111536653097
evm.TU.Ap10.995,0.432616422365236
evm.TU.Ap10.996,0.714928502696291
evm.TU.Ap10.997,0.807622490114049
evm.TU.Ap10.998,-0.25467471003798
evm.TU.Ap11.1003_evm.TU.Ap11.1005,0.110433408813027
evm.TU.Ap11.1010,-0.221248842892238
evm.TU.Ap11.1012,-0.292018023495465
evm.TU.Ap11.1021,-0.197308836156535
evm.TU.Ap11.1023,-0.302391571406619
evm.TU.Ap11.1025,0.0784366236975964
evm.TU.Ap11.1026,-0.0448705042654402
evm.TU.Ap11.1027,-0.198721463251797
evm.TU.Ap11.1028,-0.338858130335873
evm.TU.Ap11.1029,-0.236910739616763
evm.TU.Ap11.1030,-0.231064833799814
evm.TU.Ap11.1033,0.259866058575506
evm.TU.Ap11.1035,-0.117283606839148
evm.TU.Ap11.1042,0.0952069495711917
evm.TU.Ap11.1043,-0.218850077115926
evm.TU.Ap11.1045,-0.0445118351049175
evm.TU.Ap11.1046,0.13679132875073
evm.TU.Ap11.105,0.059031588502071
evm.TU.Ap11.1052,-0.102186811576274
evm.TU.Ap11.1054,-0.345908655961156
evm.TU.Ap11.1070,-0.527316970892688
evm.TU.Ap11.1071,-0.198346940083593
evm.TU.Ap11.1072,-0.319371618165419
evm.TU.Ap11.1087,0.085643135942114
evm.TU.Ap11.1093,-0.0477171729427737
evm.TU.Ap11.1094,-0.150723366720798
evm.TU.Ap11.1095,0.151862708990096
evm.TU.Ap11.1097,-0.331469060792136
evm.TU.Ap11.1099,0.0644216600542786
evm.TU.Ap11.1104,-0.105864895961392
evm.TU.Ap11.1105,0.0576650576420257
evm.TU.Ap11.1106,-0.286406817708226
evm.TU.Ap11.1108,-0.110722898381787
evm.TU.Ap11.1121,-0.127233668574787
evm.TU.Ap11.1136,-0.139731576592522
evm.TU.Ap11.1137,-0.144778915200906
evm.TU.Ap11.1150,-0.269007692939915
evm.TU.Ap11.1151,-0.231724608177751
evm.TU.Ap11.1159,-0.273615177836041
evm.TU.Ap11.1160,-0.0119553568105591
evm.TU.Ap11.1161,-0.00301582459122865
evm.TU.Ap11.1162,-0.294839201051502
evm.TU.Ap11.1172,-0.0940143435331557
evm.TU.Ap11.1177,0.155464664084855
evm.TU.Ap11.1178,0.139209800546059
evm.TU.Ap11.1184,-0.470033346444158
evm.TU.Ap11.1193,0.371816083410969
evm.TU.Ap11.1199_evm.TU.Ap11.1201,-0.115199492631839
evm.TU.Ap11.1202,0.0211304693691087
evm.TU.Ap11.1210,0.121739732104944
evm.TU.Ap11.1211,0.0347256545097469
evm.TU.Ap11.1214,0.0969919247962604
evm.TU.Ap11.1222,-0.190020370976074
evm.TU.Ap11.1223,-0.100573775269927
evm.TU.Ap11.1230,-0.131104560832389
evm.TU.Ap11.1232,-0.0974793963293754
evm.TU.Ap11.1238,-0.0276814439261975
evm.TU.Ap11.1239,0.0182704992455015
evm.TU.Ap11.1241,-0.238094354934682
evm.TU.Ap11.1242,-0.0825351537895646
evm.TU.Ap11.1245,-0.318571858722045
evm.TU.Ap11.1246,-0.0563851235076386
evm.TU.Ap11.1257,0.089895305387019
evm.TU.Ap11.1260,0.863740845304388
evm.TU.Ap11.1261,0.169644165998237
evm.TU.Ap11.1262,0.101740664442838
evm.TU.Ap11.1270,-0.449640174864976
evm.TU.Ap11.1271,-0.426186125826357
evm.TU.Ap11.1273,-0.00193184363106027
evm.TU.Ap11.1275,-0.144102978107116
evm.TU.Ap11.1276,0.0179747466984214
evm.TU.Ap11.1285,0.072533970050437
evm.TU.Ap11.1287,0.088651682105126
evm.TU.Ap11.1288,0.125393782115455
evm.TU.Ap11.1302,-0.165233651943522
evm.TU.Ap11.1306,0.060869534711592
evm.TU.Ap11.1320,-0.199812926580415
evm.TU.Ap11.1336,-0.0645154756565054
evm.TU.Ap11.134,0.092854118047838
evm.TU.Ap11.135,-0.0544580242923009
evm.TU.Ap11.136,0.101097273281186
evm.TU.Ap11.1366,0.323861092450473
evm.TU.Ap11.137,-0.123360006212387
evm.TU.Ap11.1379,-0.0615816454420543
evm.TU.Ap11.138,-0.100609079340587
evm.TU.Ap11.1386,0.0259606789639687
evm.TU.Ap11.1394,-0.22745330078155
evm.TU.Ap11.14,0.0224846052544005
evm.TU.Ap11.1405,0.125437953938847
evm.TU.Ap11.1414_evm.TU.Ap11.1407,-0.0409496823190742
evm.TU.Ap11.1415,-0.198538917450006
evm.TU.Ap11.1417,0.0902133183899011
evm.TU.Ap11.1418,-0.0694520082069353
evm.TU.Ap11.1421,0.324745220253182
evm.TU.Ap11.1422,-0.204975974542428
evm.TU.Ap11.1424,-0.277695241177192
evm.TU.Ap11.1434,0.433293830908614
evm.TU.Ap11.1435,0.553144542953273
evm.TU.Ap11.1436,0.146169748906651
evm.TU.Ap11.1438,-0.132525564480142
evm.TU.Ap11.1443,0.36085484054541
evm.TU.Ap11.1449,-0.0394537136790042
evm.TU.Ap11.1456,0.156398651563363
evm.TU.Ap11.1458,-0.165545906195025
evm.TU.Ap11.1459,0.0768595816770717
evm.TU.Ap11.1460,-0.149344601115938
evm.TU.Ap11.1463,-0.137099354623742
evm.TU.Ap11.1465,-0.163526775900747
evm.TU.Ap11.1466,0.133602992626839
evm.TU.Ap11.1469,-0.369691323925672
evm.TU.Ap11.1470,-0.386969661038318
evm.TU.Ap11.1471,0.263891241672391
evm.TU.Ap11.1472,0.0899024087209401
evm.TU.Ap11.1473,0.407116501728003
evm.TU.Ap11.1474,-0.340100997468749
evm.TU.Ap11.1493,0.129111300276947
evm.TU.Ap11.1497,0.0983201518306832
evm.TU.Ap11.1498,-0.0541167715142038
evm.TU.Ap11.15,0.584203971738438
evm.TU.Ap11.1503,0.248185070439624
evm.TU.Ap11.1504_evm.TU.Ap11.1506,0.0132234416658101
evm.TU.Ap11.1507,-0.129062607139942
evm.TU.Ap11.1509,-0.262579084536453
evm.TU.Ap11.1511,-0.166982750764346
evm.TU.Ap11.1515,0.0510182831068902
evm.TU.Ap11.1517,0.0443658493849888
evm.TU.Ap11.1518,-0.173990547683881
evm.TU.Ap11.1520,-0.200283832452009
evm.TU.Ap11.1521,0.0627389394714018
evm.TU.Ap11.1524,-0.058916088159379
evm.TU.Ap11.1530,-0.187884353018721
evm.TU.Ap11.1535,-0.10988969567717
evm.TU.Ap11.1537,0.107847466324325
evm.TU.Ap11.1540,0.259300483013764
evm.TU.Ap11.1541,0.291041140084249
evm.TU.Ap11.1544,0.297774009150279
evm.TU.Ap11.1545_evm.TU.Ap11.1567,0.463739951717552
evm.TU.Ap11.1576,-0.337601040445859
evm.TU.Ap11.1579,0.152608861209485
evm.TU.Ap11.1582,0.169408339269986
evm.TU.Ap11.1584,0.220645061751912
evm.TU.Ap11.159_evm.TU.Ap11.139_evm.TU.Ap11.140_evm.TU.Ap11.148,0.171126865654348
evm.TU.Ap11.1594,0.485631471748417
evm.TU.Ap11.1598,-0.0531554420468162
evm.TU.Ap11.1599,0.275904103014043
evm.TU.Ap11.1600,0.235105131344289
evm.TU.Ap11.1601,0.0382461337991465
evm.TU.Ap11.1605,-0.289712682581855
evm.TU.Ap11.1607,0.165627886142337
evm.TU.Ap11.1609,0.0339519552213481
evm.TU.Ap11.1610,-0.0716553083057363
evm.TU.Ap11.1615,-0.253164825428891
evm.TU.Ap11.1625,0.39340189999201
evm.TU.Ap11.1627,-0.141078920964919
evm.TU.Ap11.1628,0.566865452537276
evm.TU.Ap11.1629,0.21397276275261
evm.TU.Ap11.1630,-0.0286324427487514
evm.TU.Ap11.1634,0.187338728670631
evm.TU.Ap11.1635,-0.171010924677421
evm.TU.Ap11.1636,-0.184730180793117
evm.TU.Ap11.1639,-0.0602379612675703
evm.TU.Ap11.1640,0.180037858962513
evm.TU.Ap11.1641,-0.294782440299386
evm.TU.Ap11.1647,-0.247704044788398
evm.TU.Ap11.1649,-0.0969191900442313
evm.TU.Ap11.1654,0.0548449408520749
evm.TU.Ap11.1655,0.121905639318761
evm.TU.Ap11.1656,-0.0616685522482511
evm.TU.Ap11.1665,-0.0766127592434967
evm.TU.Ap11.1666,-0.074845935358952
evm.TU.Ap11.1667_evm.TU.Ap11.1672,0.1916121873084
evm.TU.Ap11.1674,0.163113591968245
evm.TU.Ap11.1676,-0.0563874723116799
evm.TU.Ap11.1677,-0.166887567641641
evm.TU.Ap11.1678,0.0174518373944126
evm.TU.Ap11.1680,0.0235366523368546
evm.TU.Ap11.1681,-0.280818027533175
evm.TU.Ap11.1684,-0.181744090339601
evm.TU.Ap11.1687,-0.0948794936613081
evm.TU.Ap11.1690,-0.311442010568436
evm.TU.Ap11.1691,0.0212363409390256
evm.TU.Ap11.1694,-0.377964284358408
evm.TU.Ap11.1697,-0.0701435164873464
evm.TU.Ap11.1698,-0.139540522874478
evm.TU.Ap11.17,0.374987417221029
evm.TU.Ap11.1702,0.257071891228161
evm.TU.Ap11.1703,0.277068015539568
evm.TU.Ap11.1704,0.210837599592604
evm.TU.Ap11.1705,0.0722176090901007
evm.TU.Ap11.1706,-0.204005561439784
evm.TU.Ap11.1707,0.246190536624294
evm.TU.Ap11.1712,0.36331974305006
evm.TU.Ap11.1713,-0.325974869964786
evm.TU.Ap11.1725,0.0359457626250284
evm.TU.Ap11.1728,-0.382387317660213
evm.TU.Ap11.1729,0.257323116426035
evm.TU.Ap11.1730_evm.TU.Ap11.1731,0.14023110659358
evm.TU.Ap11.1736,-0.0434807519671845
evm.TU.Ap11.1741,0.719715454263806
evm.TU.Ap11.1742,0.506833771008387
evm.TU.Ap11.1746,0.747636090465916
evm.TU.Ap11.175,0.0313453408782489
evm.TU.Ap11.1751,-0.173661709467743
evm.TU.Ap11.1752,0.0119670308309182
evm.TU.Ap11.1757,0.27985046152618
evm.TU.Ap11.1761,-0.0747314597815957
evm.TU.Ap11.1762,0.143171022017019
evm.TU.Ap11.1764,-0.346651448165068
evm.TU.Ap11.1767,0.205201404173596
evm.TU.Ap11.1769,0.137019996963914
evm.TU.Ap11.177_evm.TU.Ap11.179,0.0167511739899855
evm.TU.Ap11.1774,0.00327346926712958
evm.TU.Ap11.1776,0.122250736411784
evm.TU.Ap11.1777,-0.144577157872824
evm.TU.Ap11.1780,0.133907032887671
evm.TU.Ap11.1781,-0.178345032151566
evm.TU.Ap11.1782,0.0723793629764426
evm.TU.Ap11.1784,0.0262784985941994
evm.TU.Ap11.1787_evm.TU.Ap11.1788,-0.232099382993087
evm.TU.Ap11.1789,0.239776646452542
evm.TU.Ap11.1792,0.276464026938282
evm.TU.Ap11.1794,0.0924703928015362
evm.TU.Ap11.1796,-0.0169078241814761
evm.TU.Ap11.180,-0.252476305729953
evm.TU.Ap11.1800,0.697252880147806
evm.TU.Ap11.1801,0.415018917360498
evm.TU.Ap11.1805,-0.222773559695445
evm.TU.Ap11.1806,-0.144510640353679
evm.TU.Ap11.1809,0.0749135943247639
evm.TU.Ap11.1820_evm.TU.Ap11.1818,-0.20635833509056
evm.TU.Ap11.1827,-0.363965993235969
evm.TU.Ap11.1830,-0.0655243380166989
evm.TU.Ap11.1831,-0.142584908289856
evm.TU.Ap11.1832,-0.0191646560662175
evm.TU.Ap11.1837,-0.0786927173865858
evm.TU.Ap11.1838,0.15265140961637
evm.TU.Ap11.1841,-0.00367249250104227
evm.TU.Ap11.1842,-0.328555380178853
evm.TU.Ap11.1849,0.23135061269923
evm.TU.Ap11.185,-0.293238532791668
evm.TU.Ap11.1850,-0.345163687873543
evm.TU.Ap11.1853,0.0906184587590955
evm.TU.Ap11.1855,0.0298948683934775
evm.TU.Ap11.1856,-0.280562984187151
evm.TU.Ap11.186,-0.141828228334402
evm.TU.Ap11.1860,-0.130125462212323
evm.TU.Ap11.1861,-0.1036782705719
evm.TU.Ap11.1862,-0.33766809092358
evm.TU.Ap11.1863,-0.041141510887493
evm.TU.Ap11.1864,-0.0288732343811445
evm.TU.Ap11.1866,-0.0388084033097557
evm.TU.Ap11.1875,-0.181187736244746
evm.TU.Ap11.1876,-0.206678177004291
evm.TU.Ap11.1877,-0.221964359203047
evm.TU.Ap11.1879,0.194142470246204
evm.TU.Ap11.188,0.041217384139841
evm.TU.Ap11.1880,0.102007593705462
evm.TU.Ap11.1881,0.19590190658109
evm.TU.Ap11.1888,0.111382982668797
evm.TU.Ap11.189,0.413599201762084
evm.TU.Ap11.1891,0.0521528280947432
evm.TU.Ap11.1894,-0.00782097906297554
evm.TU.Ap11.1895,0.332956401158034
evm.TU.Ap11.1896_evm.TU.Ap11.1897,-0.0686980286372982
evm.TU.Ap11.1899,-0.263594189826635
evm.TU.Ap11.1901,0.138868855766866
evm.TU.Ap11.1902,0.11962221826369
evm.TU.Ap11.1904,-0.187380914512966
evm.TU.Ap11.1906,0.201456829751388
evm.TU.Ap11.1907,-0.203269198957109
evm.TU.Ap11.1909,0.415194381883439
evm.TU.Ap11.191,-0.0518099307550568
evm.TU.Ap11.1910,-0.229313699115795
evm.TU.Ap11.197,-0.120869223743511
evm.TU.Ap11.2,0.105459165764596
evm.TU.Ap11.201,0.247585949067447
evm.TU.Ap11.204,-0.0414632498133806
evm.TU.Ap11.205,-0.00825316609548424
evm.TU.Ap11.206,-0.477968031620093
evm.TU.Ap11.207,-0.202375085840176
evm.TU.Ap11.209,-0.007491779338394
evm.TU.Ap11.210,-0.0656784706327383
evm.TU.Ap11.219,-0.0650475686897106
evm.TU.Ap11.221,-0.23500739498225
evm.TU.Ap11.222,-0.343059195650626
evm.TU.Ap11.224,0.0434344976900262
evm.TU.Ap11.228,0.00266652252737027
evm.TU.Ap11.229,0.196458422669273
evm.TU.Ap11.233,-0.172292958899528
evm.TU.Ap11.234,0.346947164586906
evm.TU.Ap11.235,0.422170025123169
evm.TU.Ap11.236,-0.00513289345823631
evm.TU.Ap11.238,0.394838297479269
evm.TU.Ap11.239,0.457536705695043
evm.TU.Ap11.240,0.423559210018138
evm.TU.Ap11.241,0.252102720093199
evm.TU.Ap11.242,0.75905376972688
evm.TU.Ap11.243,0.463660805977478
evm.TU.Ap11.252,0.188788237770002
evm.TU.Ap11.253,0.00891665181874667
evm.TU.Ap11.258,0.0335370024235868
evm.TU.Ap11.261,0.178952571531686
evm.TU.Ap11.264,0.0826554088645359
evm.TU.Ap11.268,0.158785062325106
evm.TU.Ap11.269,-0.151896318579236
evm.TU.Ap11.270,0.159330879595681
evm.TU.Ap11.271,-0.381563056586698
evm.TU.Ap11.272,-0.226543089785728
evm.TU.Ap11.294,0.160510837300386
evm.TU.Ap11.295,-0.0239973279759601
evm.TU.Ap11.296,-0.399030475703629
evm.TU.Ap11.3,-0.0211286387958944
evm.TU.Ap11.301,0.0419566619596489
evm.TU.Ap11.303,0.142060043903102
evm.TU.Ap11.325,-0.0420378040857436
evm.TU.Ap11.326,0.219420927550169
evm.TU.Ap11.327,-0.312525196873629
evm.TU.Ap11.335,-0.0197072428200294
evm.TU.Ap11.340,-0.101279726671016
evm.TU.Ap11.357,-0.124293791457321
evm.TU.Ap11.358,0.516654562861468
evm.TU.Ap11.360,-0.16773372169302
evm.TU.Ap11.369,-0.209226789157204
evm.TU.Ap11.372,-0.239897702101025
evm.TU.Ap11.373,0.0968265527865309
evm.TU.Ap11.382,-0.0753508199445449
evm.TU.Ap11.384,-0.197197101594707
evm.TU.Ap11.386_evm.TU.Ap11.387,0.0108356867476054
evm.TU.Ap11.389,-0.621961452049177
evm.TU.Ap11.392,0.155545589204227
evm.TU.Ap11.405,0.211553950034724
evm.TU.Ap11.410,0.487201425368938
evm.TU.Ap11.414,0.00966113053991642
evm.TU.Ap11.416,-0.273963853645741
evm.TU.Ap11.417,0.195637451854621
evm.TU.Ap11.419,0.0440896875970449
evm.TU.Ap11.422,-0.570424413752104
evm.TU.Ap11.425,0.0797693030585086
evm.TU.Ap11.43,0.159749448868419
evm.TU.Ap11.44,0.0161244558604935
evm.TU.Ap11.476,-0.0434442373721796
evm.TU.Ap11.477,-0.190663537547687
evm.TU.Ap11.5,-0.259670686436227
evm.TU.Ap11.500,-0.187853781284567
evm.TU.Ap11.501,0.0130601902979133
evm.TU.Ap11.541,0.301106889695278
evm.TU.Ap11.549,0.177277846055197
evm.TU.Ap11.553,0.017752003787957
evm.TU.Ap11.57,0.0105573182007383
evm.TU.Ap11.586,-0.0653304810734374
evm.TU.Ap11.588,0.103647694922358
evm.TU.Ap11.59,0.0376097521854711
evm.TU.Ap11.591,0.263026735995359
evm.TU.Ap11.592,0.22516486742592
evm.TU.Ap11.593_evm.TU.Ap11.597,0.0481455966368163
evm.TU.Ap11.598,-0.265062920027638
evm.TU.Ap11.599,0.0659073298308585
evm.TU.Ap11.602,0.0233957611465207
evm.TU.Ap11.612,-0.337946256573871
evm.TU.Ap11.613,0.282340197603307
evm.TU.Ap11.614,0.0158805227464379
evm.TU.Ap11.617,0.205057571173197
evm.TU.Ap11.618,0.0710945513383245
evm.TU.Ap11.620,0.0713807274362108
evm.TU.Ap11.621,0.125958276418418
evm.TU.Ap11.622,-0.192197469088846
evm.TU.Ap11.642,0.163625259427545
evm.TU.Ap11.645,-0.18582687273927
evm.TU.Ap11.646,-0.0925641906894079
evm.TU.Ap11.649,-0.0949096474500448
evm.TU.Ap11.653,-0.101112280496931
evm.TU.Ap11.655,-0.0132092647956528
evm.TU.Ap11.658,0.0745892485907044
evm.TU.Ap11.659_evm.TU.Ap11.661,-0.201948169456843
evm.TU.Ap11.662,0.0243956886526394
evm.TU.Ap11.664,-0.37961442696891
evm.TU.Ap11.665,-0.00973790245277822
evm.TU.Ap11.67,0.0535209469643123
evm.TU.Ap11.676,-0.0398591006702812
evm.TU.Ap11.678,0.144856507692168
evm.TU.Ap11.679,-0.552457117378934
evm.TU.Ap11.68,0.248480601160787
evm.TU.Ap11.680,-0.148564868091339
evm.TU.Ap11.69,-0.201486483452347
evm.TU.Ap11.7,0.137735589620284
evm.TU.Ap11.70,-0.0506621006950697
evm.TU.Ap11.703,0.0329894152632532
evm.TU.Ap11.71,-0.180005525046653
evm.TU.Ap11.712,0.057512390001705
evm.TU.Ap11.719,0.206863360050917
evm.TU.Ap11.72,-0.022669900943627
evm.TU.Ap11.720,0.0912260500696124
evm.TU.Ap11.73,-0.107197602996993
evm.TU.Ap11.731,-0.0856964427903385
evm.TU.Ap11.732,-0.342719461145989
evm.TU.Ap11.748,0.176282739237342
evm.TU.Ap11.749,0.0951812835233378
evm.TU.Ap11.75,-0.0067354980025309
evm.TU.Ap11.76,-0.0765626189261851
evm.TU.Ap11.777,-0.102071352265231
evm.TU.Ap11.778,-0.154644476682923
evm.TU.Ap11.779,0.293677837396361
evm.TU.Ap11.783,0.239383005730837
evm.TU.Ap11.784,0.237981244653703
evm.TU.Ap11.785,-0.0734530445421259
evm.TU.Ap11.79,-0.0731851277740165
evm.TU.Ap11.791,0.178191221712735
evm.TU.Ap11.805,0.0170059463556956
evm.TU.Ap11.806,0.138575599506156
evm.TU.Ap11.81,0.00288741829648125
evm.TU.Ap11.810,-0.0387073946329129
evm.TU.Ap11.811,0.0652628054638126
evm.TU.Ap11.812,-0.0198780003700717
evm.TU.Ap11.816,-0.0374399254888998
evm.TU.Ap11.817,-0.0395704356095239
evm.TU.Ap11.829,-0.117698147904716
evm.TU.Ap11.832,-0.123228914213615
evm.TU.Ap11.833,0.605769666416347
evm.TU.Ap11.835,0.169371968777543
evm.TU.Ap11.836,0.124402465850832
evm.TU.Ap11.838,-0.138933807175918
evm.TU.Ap11.842,-0.279420733170431
evm.TU.Ap11.848,-0.287248572499465
evm.TU.Ap11.85,0.0155379957613376
evm.TU.Ap11.853,0.102783083940129
evm.TU.Ap11.856,0.197481915882565
evm.TU.Ap11.857,-0.0400959460911107
evm.TU.Ap11.858,0.111240023970619
evm.TU.Ap11.859,-0.484936034085802
evm.TU.Ap11.86,0.25972867128009
evm.TU.Ap11.860,-0.219841672482797
evm.TU.Ap11.863,-0.444932325200752
evm.TU.Ap11.867,-0.460198302321722
evm.TU.Ap11.868,-0.291568310022883
evm.TU.Ap11.87,0.244797974486982
evm.TU.Ap11.870,-0.0596982203752052
evm.TU.Ap11.875,-0.31798886473073
evm.TU.Ap11.876,0.184441873173857
evm.TU.Ap11.877,-0.175106070537252
evm.TU.Ap11.878,0.0282936159579858
evm.TU.Ap11.887,-0.122383031887756
evm.TU.Ap11.888,0.102884651597151
evm.TU.Ap11.89,0.416337228673691
evm.TU.Ap11.896,0.0964680455006009
evm.TU.Ap11.9,-0.0173998846829597
evm.TU.Ap11.902,-0.326783064683916
evm.TU.Ap11.904,0.144379562252437
evm.TU.Ap11.907,0.134208707327511
evm.TU.Ap11.91,0.225040607046534
evm.TU.Ap11.916,-0.260526826097922
evm.TU.Ap11.92,0.809323339180504
evm.TU.Ap11.922,0.263235897121324
evm.TU.Ap11.925,-0.117992401133483
evm.TU.Ap11.927,-0.00904156186791227
evm.TU.Ap11.93,0.0568570649953537
evm.TU.Ap11.932,-0.040817671350397
evm.TU.Ap11.933,-0.110367442979087
evm.TU.Ap11.935,0.0580854061030654
evm.TU.Ap11.936,0.0327626337775161
evm.TU.Ap11.938,-0.0576891539346809
evm.TU.Ap11.939,-0.253800177806101
evm.TU.Ap11.941,-0.162689552683853
evm.TU.Ap11.942,0.227366569850666
evm.TU.Ap11.944,0.446528652990959
evm.TU.Ap11.945,0.0095072536285626
evm.TU.Ap11.947,0.353636795780732
evm.TU.Ap11.951,0.305007807895312
evm.TU.Ap11.955,-0.10278638360155
evm.TU.Ap11.956,-0.204450502812587
evm.TU.Ap11.958,0.159842405944279
evm.TU.Ap11.959,-0.0969476473115749
evm.TU.Ap11.96,0.0264026145940946
evm.TU.Ap11.961,-0.127107720800086
evm.TU.Ap11.962,0.340096214855864
evm.TU.Ap11.963,0.08135362424923
evm.TU.Ap11.966,-0.292141198645058
evm.TU.Ap11.967,-0.0653500855416088
evm.TU.Ap11.97,0.261862407688284
evm.TU.Ap11.972,0.10783093413397
evm.TU.Ap11.976,0.0129522141330123
evm.TU.Ap11.977,0.0370843133016166
evm.TU.Ap11.979,0.0770930183056814
evm.TU.Ap11.984,-0.163067658749876
evm.TU.Ap11.987,0.415697378313693
evm.TU.Ap11.988,-0.0496631231453493
evm.TU.Ap11.989,0.150805376295727
evm.TU.Ap11.991,-0.159396931838638
evm.TU.Ap12.100,0.394997493889976
evm.TU.Ap12.1000,0.0120405970558526
evm.TU.Ap12.1002,0.35345610247397
evm.TU.Ap12.1003,0.140369626279092
evm.TU.Ap12.1004,0.0974553983515761
evm.TU.Ap12.1005,-0.412869733103991
evm.TU.Ap12.1006,-0.301784576303375
evm.TU.Ap12.1007,-0.376298407658099
evm.TU.Ap12.1014,-0.17821494809551
evm.TU.Ap12.102,-0.106082160399379
evm.TU.Ap12.1023,0.239622016584755
evm.TU.Ap12.1025,-0.0597090520886007
evm.TU.Ap12.1026,0.183940900536256
evm.TU.Ap12.1028,-0.046463918771869
evm.TU.Ap12.1029,-0.0311192258388653
evm.TU.Ap12.1041,0.108756310086883
evm.TU.Ap12.1045,-0.198812846752733
evm.TU.Ap12.1046,-0.0571348666436842
evm.TU.Ap12.1049,-0.00861590089211021
evm.TU.Ap12.1050,-0.299368451718412
evm.TU.Ap12.1051,-0.136867115297671
evm.TU.Ap12.106,-0.00591477839311642
evm.TU.Ap12.1068,-0.251246072293163
evm.TU.Ap12.1069,-0.0746992669787866
evm.TU.Ap12.1070,0.0273293008836398
evm.TU.Ap12.1075,-0.297390215176264
evm.TU.Ap12.1076,-0.25811632708905
evm.TU.Ap12.1078,-0.243766894371986
evm.TU.Ap12.108,-0.0724461450336461
evm.TU.Ap12.1083,-0.229623996472237
evm.TU.Ap12.1084,-0.0869285585057416
evm.TU.Ap12.1085,-0.145804382432106
evm.TU.Ap12.1092,0.0480886351099261
evm.TU.Ap12.1094,-0.376002863862143
evm.TU.Ap12.1095,0.0492416980844676
evm.TU.Ap12.1099,-0.303696341020779
evm.TU.Ap12.11,-0.060495758380547
evm.TU.Ap12.110,-0.0496071472745913
evm.TU.Ap12.1100,0.0473726556318132
evm.TU.Ap12.1108,-0.329307590915678
evm.TU.Ap12.111,0.375123562236009
evm.TU.Ap12.1112,-0.0530220529746493
evm.TU.Ap12.1114,0.176167227247093
evm.TU.Ap12.113,0.0443207812788241
evm.TU.Ap12.1139,-0.0412672267364084
evm.TU.Ap12.114,-0.0201657475413865
evm.TU.Ap12.1141,-0.255285281017217
evm.TU.Ap12.1142,0.614079535389253
evm.TU.Ap12.1143,-0.0793138571379865
evm.TU.Ap12.1147,-0.0328922502307522
evm.TU.Ap12.115,-0.0829878443637033
evm.TU.Ap12.1157,0.0337712871197963
evm.TU.Ap12.1158,0.248644253583023
evm.TU.Ap12.1162,-0.106452059106083
evm.TU.Ap12.1164,-0.0467043864710414
evm.TU.Ap12.1166,-0.00507137745810521
evm.TU.Ap12.1167,0.18016342574447
evm.TU.Ap12.1168,-0.100093941634119
evm.TU.Ap12.1169,-0.0266532358831926
evm.TU.Ap12.1175,0.171915530801118
evm.TU.Ap12.1176,0.0736002746330904
evm.TU.Ap12.1182,-0.102167383521908
evm.TU.Ap12.1186,0.124778816570041
evm.TU.Ap12.1188,0.0155110344192457
evm.TU.Ap12.1190,-0.0533119743040493
evm.TU.Ap12.1191,-0.548140464839786
evm.TU.Ap12.1193,0.118696323241517
evm.TU.Ap12.1194_evm.TU.Ap12.1196,0.127558976421659
evm.TU.Ap12.1197,-0.214925106716272
evm.TU.Ap12.1198,-0.136277799725188
evm.TU.Ap12.1199,0.0578394034544162
evm.TU.Ap12.12,-0.310201155192385
evm.TU.Ap12.1201,-0.150160543028171
evm.TU.Ap12.1207,0.247603546531135
evm.TU.Ap12.1213,0.0319710929694185
evm.TU.Ap12.122,-0.156707541800454
evm.TU.Ap12.1225,0.0856242088670716
evm.TU.Ap12.1227,0.0421867369149355
evm.TU.Ap12.1232,-0.0914123950550811
evm.TU.Ap12.1263,0.0440634537101071
evm.TU.Ap12.1265,0.543761053970224
evm.TU.Ap12.1268,-0.0131703517985457
evm.TU.Ap12.1270,0.207118467645535
evm.TU.Ap12.1273,-0.10256926474335
evm.TU.Ap12.1274,-0.10265784480269
evm.TU.Ap12.1281,0.0210587208367547
evm.TU.Ap12.129,0.152468601640804
evm.TU.Ap12.1292,-0.0742464729436479
evm.TU.Ap12.1295,-0.0618204346896294
evm.TU.Ap12.13,0.161066124872518
evm.TU.Ap12.130,0.363722108861239
evm.TU.Ap12.1301,0.27625033153121
evm.TU.Ap12.1303,0.264548979973885
evm.TU.Ap12.131,-0.0478433817498953
evm.TU.Ap12.132,0.00292076167759762
evm.TU.Ap12.133,0.387392974852111
evm.TU.Ap12.1335,-0.0663995307469178
evm.TU.Ap12.1336,0.253492636810284
evm.TU.Ap12.1337,-0.00897642122784742
evm.TU.Ap12.1338,0.0147909912297424
evm.TU.Ap12.1340,0.547181649995282
evm.TU.Ap12.1342,0.122877713199607
evm.TU.Ap12.1343,-0.0942724329035386
evm.TU.Ap12.1347_evm.TU.Ap12.1355,0.0531989624789945
evm.TU.Ap12.135,-0.246875901771228
evm.TU.Ap12.1359,-0.333863267832886
evm.TU.Ap12.1362,0.0153874036863402
evm.TU.Ap12.1367,0.266679305901186
evm.TU.Ap12.1374,-0.355814198963608
evm.TU.Ap12.1376,-0.391535314986942
evm.TU.Ap12.1381,-0.319106219025409
evm.TU.Ap12.1384,0.04066031565024
evm.TU.Ap12.139,0.12870180404004
evm.TU.Ap12.1390,-0.247958399291517
evm.TU.Ap12.1393,-0.338119792833724
evm.TU.Ap12.1413,-0.229502385193279
evm.TU.Ap12.1414,0.03878594572146
evm.TU.Ap12.1415,0.0636780333937535
evm.TU.Ap12.1417,-0.0190520469137673
evm.TU.Ap12.1419,-0.110714987131167
evm.TU.Ap12.142,0.0419026283861744
evm.TU.Ap12.1420,0.128711569320351
evm.TU.Ap12.1422,0.0834153036474168
evm.TU.Ap12.1424,-0.0293879852711433
evm.TU.Ap12.1425,-0.575042526887976
evm.TU.Ap12.1432,-0.00629328981613996
evm.TU.Ap12.1438,0.497169118950913
evm.TU.Ap12.1440,-0.114619808265656
evm.TU.Ap12.1444,0.151783708489742
evm.TU.Ap12.1445,0.155564802401318
evm.TU.Ap12.1447,-0.0700308689391876
evm.TU.Ap12.1448,-0.0433588540264235
evm.TU.Ap12.1449,0.0445489375449601
evm.TU.Ap12.1450,-0.137788210350407
evm.TU.Ap12.1451,-0.173424980079717
evm.TU.Ap12.1456,0.586511612450851
evm.TU.Ap12.1460,-0.245891742341651
evm.TU.Ap12.1461,0.27945012724554
evm.TU.Ap12.1468,0.1412802074334
evm.TU.Ap12.1469,-0.0488954635859026
evm.TU.Ap12.1477,0.0961605955514678
evm.TU.Ap12.1482,0.0414730294406163
evm.TU.Ap12.1483,-0.0516931942786185
evm.TU.Ap12.1488,0.00447093689203328
evm.TU.Ap12.1489,-0.221161250935264
evm.TU.Ap12.1491,-0.184779735998412
evm.TU.Ap12.1494,0.233332477124561
evm.TU.Ap12.1495,-0.134599113864648
evm.TU.Ap12.1501,-0.15445326063398
evm.TU.Ap12.1503,0.486432087111493
evm.TU.Ap12.1504,0.0928383935181007
evm.TU.Ap12.1505,0.515235906628636
evm.TU.Ap12.1507,-0.180566132888355
evm.TU.Ap12.1508,-0.487891369736744
evm.TU.Ap12.1511,0.582392236489319
evm.TU.Ap12.1513,-0.00915646387773746
evm.TU.Ap12.1523,0.0233090240054461
evm.TU.Ap12.1525,0.0405342192011882
evm.TU.Ap12.1526,0.316787305020143
evm.TU.Ap12.1527,0.250279231364936
evm.TU.Ap12.1528,-0.0690958184192165
evm.TU.Ap12.1529,0.0831995080560897
evm.TU.Ap12.1532,-0.0984087626507302
evm.TU.Ap12.1535,-0.174527566913043
evm.TU.Ap12.1542,0.0872795074292682
evm.TU.Ap12.1543,-0.227762142385891
evm.TU.Ap12.1547,-0.0344776978923694
evm.TU.Ap12.1548,-0.118131589707157
evm.TU.Ap12.1551,-0.199384882289007
evm.TU.Ap12.1552,-0.36385529947789
evm.TU.Ap12.1553,-0.047283040183014
evm.TU.Ap12.1565,-0.403679866558384
evm.TU.Ap12.1566,-0.0677861717790144
evm.TU.Ap12.1573,0.0687617098211559
evm.TU.Ap12.1575,-0.0123924122701121
evm.TU.Ap12.1576,0.0630266249699848
evm.TU.Ap12.1579,-0.0881532251401414
evm.TU.Ap12.158_evm.TU.Ap12.161,-0.150555280778684
evm.TU.Ap12.1582,-0.0697886439727843
evm.TU.Ap12.1583,0.219999370434723
evm.TU.Ap12.1584,0.0678659939472385
evm.TU.Ap12.1587,-0.417931635001029
evm.TU.Ap12.1593,0.354162482967458
evm.TU.Ap12.1594,0.283144864382169
evm.TU.Ap12.1596,-0.24557615485499
evm.TU.Ap12.1598,0.194230326585255
evm.TU.Ap12.1599,-0.0704209311445705
evm.TU.Ap12.1601,-0.216924572992954
evm.TU.Ap12.1605,-0.113991739873131
evm.TU.Ap12.1609,-0.0253292882114037
evm.TU.Ap12.1612,-0.20310039973552
evm.TU.Ap12.1618,0.271874185371659
evm.TU.Ap12.1621,-0.097989004469356
evm.TU.Ap12.1627,0.205133884309952
evm.TU.Ap12.1631,0.150841236798791
evm.TU.Ap12.1635,-0.0967816009650186
evm.TU.Ap12.1639,-0.105597158605955
evm.TU.Ap12.164,-0.273548302564107
evm.TU.Ap12.165,-0.0758472590393915
evm.TU.Ap12.1653,-0.20586341394794
evm.TU.Ap12.1655,0.237517347867919
evm.TU.Ap12.1658,-0.388878409544577
evm.TU.Ap12.166,-0.208598064318145
evm.TU.Ap12.1663,-0.097492401718902
evm.TU.Ap12.1665,0.191691197231318
evm.TU.Ap12.1667,-0.309064488162414
evm.TU.Ap12.1668,0.193919642660855
evm.TU.Ap12.1669,0.22019002256456
evm.TU.Ap12.167,-0.14316138477682
evm.TU.Ap12.1675,-0.19715342709409
evm.TU.Ap12.1684,-0.11465083551521
evm.TU.Ap12.1685,-0.253301244486106
evm.TU.Ap12.1689,0.041492849225389
evm.TU.Ap12.1703,-0.284272865810859
evm.TU.Ap12.1704,-0.109010099470576
evm.TU.Ap12.1707,0.450572120424021
evm.TU.Ap12.1709,-0.144795511939027
evm.TU.Ap12.171,-0.0672217925803467
evm.TU.Ap12.1710,0.0541740000692436
evm.TU.Ap12.1715,-0.149305238586983
evm.TU.Ap12.1716,-0.102351661362491
evm.TU.Ap12.172,-0.0317862611229925
evm.TU.Ap12.1720,-0.0982152960733642
evm.TU.Ap12.1722,-0.265505552250324
evm.TU.Ap12.1723,-0.148340905680344
evm.TU.Ap12.1725,-0.000466120794412057
evm.TU.Ap12.1732,-0.105393990699211
evm.TU.Ap12.1733,0.474272993248321
evm.TU.Ap12.1734,-0.0476074459574603
evm.TU.Ap12.1735,0.099632509471913
evm.TU.Ap12.175,0.156116806608841
evm.TU.Ap12.1750,-0.389950126583657
evm.TU.Ap12.1755,-0.176404047175713
evm.TU.Ap12.1756,-0.241451117105675
evm.TU.Ap12.1757,0.0464778499492106
evm.TU.Ap12.1758,-0.152043885842003
evm.TU.Ap12.1763,0.231114941839793
evm.TU.Ap12.1764,-0.551885791194418
evm.TU.Ap12.1765,-0.149971649579868
evm.TU.Ap12.1768,-0.25425788810052
evm.TU.Ap12.1769,-0.24700943072611
evm.TU.Ap12.1771,-0.0765613124679392
evm.TU.Ap12.1772,0.165717980126817
evm.TU.Ap12.178,0.20793787619864
evm.TU.Ap12.1788,0.0659615873959164
evm.TU.Ap12.1790,-0.137524292630509
evm.TU.Ap12.1791,0.160111792520094
evm.TU.Ap12.1792,-0.194182765432179
evm.TU.Ap12.1795,0.152840628637197
evm.TU.Ap12.1796_evm.TU.Ap12.1805,-0.00912078925015859
evm.TU.Ap12.1811,0.33954040083478
evm.TU.Ap12.1813,-0.225152583804946
evm.TU.Ap12.1814,-0.173909235190974
evm.TU.Ap12.1817,-0.309289826436307
evm.TU.Ap12.1821_evm.TU.Ap12.1830,-0.0406298022325363
evm.TU.Ap12.1831,0.0115754435067272
evm.TU.Ap12.1832,-0.00152851179066761
evm.TU.Ap12.1834,-0.00420535205695921
evm.TU.Ap12.1837,-0.089289551179961
evm.TU.Ap12.1841,0.0907341253625019
evm.TU.Ap12.1844,-0.356545100364802
evm.TU.Ap12.1848,-0.194136241445978
evm.TU.Ap12.1850,-0.166832914793068
evm.TU.Ap12.1854,-0.159323531502043
evm.TU.Ap12.1857,-0.106727584263117
evm.TU.Ap12.1858,-0.071625276449349
evm.TU.Ap12.1870,-0.167044449104214
evm.TU.Ap12.1871,-0.21121727489412
evm.TU.Ap12.1872,-0.217313104319654
evm.TU.Ap12.188,-0.0722045012715082
evm.TU.Ap12.1888,0.0683442774360375
evm.TU.Ap12.1889,-0.0474742846159475
evm.TU.Ap12.1890,-0.0352601702286568
evm.TU.Ap12.1892,0.0481643725188055
evm.TU.Ap12.1904,0.391786988737014
evm.TU.Ap12.1905,-0.116009990999689
evm.TU.Ap12.1920_evm.TU.Ap12.1923,0.237352213203615
evm.TU.Ap12.1924,-0.000673521118148179
evm.TU.Ap12.1925,0.261492815186955
evm.TU.Ap12.1928,-0.421248456395362
evm.TU.Ap12.1929,-0.251985053450776
evm.TU.Ap12.1932,-0.435036553151443
evm.TU.Ap12.1941,-0.224857729134633
evm.TU.Ap12.1949,-0.352194379003121
evm.TU.Ap12.1950,-0.339076308948903
evm.TU.Ap12.1958,-0.067386573164031
evm.TU.Ap12.1965,0.046599482405538
evm.TU.Ap12.1967,-0.0162165983989662
evm.TU.Ap12.1968,-0.34545035928573
evm.TU.Ap12.1974,-0.177245752145332
evm.TU.Ap12.1975,-0.531914281066445
evm.TU.Ap12.1976,-0.0713771928543061
evm.TU.Ap12.1977,0.0189758108993374
evm.TU.Ap12.198,-0.108456904966524
evm.TU.Ap12.1983,-0.00592172508224085
evm.TU.Ap12.1985,0.0793470977381263
evm.TU.Ap12.1986,-0.107013690990865
evm.TU.Ap12.1988,-0.19764487833764
evm.TU.Ap12.199,-0.246334806891557
evm.TU.Ap12.1991,-0.294975604864334
evm.TU.Ap12.2012,-0.346376783310687
evm.TU.Ap12.2013,0.302796383867862
evm.TU.Ap12.2015,0.380378413246619
evm.TU.Ap12.2017,0.372298340734461
evm.TU.Ap12.2019,-0.00307872698899888
evm.TU.Ap12.202,-0.140869650812578
evm.TU.Ap12.2020,0.264153267913698
evm.TU.Ap12.2021,0.290451121730892
evm.TU.Ap12.2022,-0.0178387613272101
evm.TU.Ap12.2023,0.05233246413435
evm.TU.Ap12.2027,-0.0887797348877095
evm.TU.Ap12.203,0.00912566471027363
evm.TU.Ap12.205,-0.0190286915221525
evm.TU.Ap12.2087,-0.363750266867855
evm.TU.Ap12.2090,-0.0521252523027978
evm.TU.Ap12.2091,0.141953930512719
evm.TU.Ap12.2092,-0.0604260081303267
evm.TU.Ap12.2093,-0.109143346520063
evm.TU.Ap12.2098,0.143528649674015
evm.TU.Ap12.2099,-0.224405153146705
evm.TU.Ap12.2113,0.0748342716055835
evm.TU.Ap12.2114,0.0536611806639377
evm.TU.Ap12.2115,0.105204137191847
evm.TU.Ap12.2116,0.606371250339409
evm.TU.Ap12.212,-0.356764239146667
evm.TU.Ap12.2131,-0.0875549204238632
evm.TU.Ap12.2140,0.256081884916425
evm.TU.Ap12.2141,0.14990825157624
evm.TU.Ap12.2144_evm.TU.Ap12.2145,0.559451836202445
evm.TU.Ap12.2146,-0.502015694136834
evm.TU.Ap12.2151_evm.TU.Ap12.2154,0.42472453272342
evm.TU.Ap12.2157,0.10184954126209
evm.TU.Ap12.2158,0.101698191054345
evm.TU.Ap12.216_evm.TU.Ap12.217_evm.TU.Ap12.219,0.0699445541319822
evm.TU.Ap12.2162,-0.218553501928526
evm.TU.Ap12.2163,-0.343642750213387
evm.TU.Ap12.2164,-0.202026268776027
evm.TU.Ap12.2166,-0.245493543165608
evm.TU.Ap12.2167,0.225570941903017
evm.TU.Ap12.2168,-0.144409997477128
evm.TU.Ap12.2174,-0.114850679347331
evm.TU.Ap12.2175,-0.122855051821658
evm.TU.Ap12.2176,0.0322613650914007
evm.TU.Ap12.2177,-0.152586975923966
evm.TU.Ap12.2179,-0.0433632617719673
evm.TU.Ap12.2180,-0.0684664318231165
evm.TU.Ap12.2181,0.197053438531764
evm.TU.Ap12.2188,-0.0752812262831617
evm.TU.Ap12.2189,-0.123157764326818
evm.TU.Ap12.2190,0.17131541002863
evm.TU.Ap12.2191,-0.0956469316385114
evm.TU.Ap12.2193,0.117853113608867
evm.TU.Ap12.2194,-0.0249758606896382
evm.TU.Ap12.2195,-0.135738415889162
evm.TU.Ap12.2196,-0.249191885427697
evm.TU.Ap12.2199,0.0791809295222911
evm.TU.Ap12.2200,0.404055343724746
evm.TU.Ap12.2201,-0.00581916329042491
evm.TU.Ap12.2210,-0.0533325827558854
evm.TU.Ap12.2216,-0.10930353918142
evm.TU.Ap12.2217,-0.000720446563717546
evm.TU.Ap12.2218,0.169926753122152
evm.TU.Ap12.2220,-0.308969772364776
evm.TU.Ap12.2225,-0.0718930603204853
evm.TU.Ap12.2228,-0.310322595244847
evm.TU.Ap12.2230,-0.0809065610562557
evm.TU.Ap12.2235,-0.173733955455148
evm.TU.Ap12.2249,0.290507226466108
evm.TU.Ap12.2252,-0.193964001373547
evm.TU.Ap12.2254,0.778302996133327
evm.TU.Ap12.2255,0.269770560150432
evm.TU.Ap12.2256,0.299552298548913
evm.TU.Ap12.2260,0.0367066195566033
evm.TU.Ap12.2262,0.781905142395846
evm.TU.Ap12.2263,0.290478353435893
evm.TU.Ap12.2265,-0.34980712742999
evm.TU.Ap12.2268,0.198903303575377
evm.TU.Ap12.2269,0.115265943583031
evm.TU.Ap12.2270,0.320822076897284
evm.TU.Ap12.2272,0.487460641096863
evm.TU.Ap12.2273,-0.236533434787544
evm.TU.Ap12.228,0.522339956084283
evm.TU.Ap12.2285,-0.397470255837721
evm.TU.Ap12.2290,-0.322970735106249
evm.TU.Ap12.2302,-0.37953809967032
evm.TU.Ap12.2304,-0.0598262526888547
evm.TU.Ap12.2324,-0.119587466775769
evm.TU.Ap12.2331,-0.0750013068564764
evm.TU.Ap12.2332,-0.119068519656748
evm.TU.Ap12.2333,-0.187905024212638
evm.TU.Ap12.2334,-0.123690223160361
evm.TU.Ap12.2335,-0.0055856244181221
evm.TU.Ap12.2340,-0.47959482861738
evm.TU.Ap12.2346,-0.191185009172765
evm.TU.Ap12.2347,-0.0790120375558389
evm.TU.Ap12.2349,0.0450411431519576
evm.TU.Ap12.2351,-0.12572611206993
evm.TU.Ap12.2352,-0.0151989267071353
evm.TU.Ap12.2370,0.376721738629237
evm.TU.Ap12.2375,-0.00261920241548027
evm.TU.Ap12.2396,0.104132772790509
evm.TU.Ap12.2397,-0.0089615336349787
evm.TU.Ap12.2398,-0.0565451992411676
evm.TU.Ap12.240,-0.0301238082216152
evm.TU.Ap12.2401_evm.TU.Ap12.2399,0.00830066971379565
evm.TU.Ap12.2403,0.171721201977691
evm.TU.Ap12.2407,-0.175387235383989
evm.TU.Ap12.2411,0.338395962925554
evm.TU.Ap12.242,-0.355993916459332
evm.TU.Ap12.2430,-0.0541440810203229
evm.TU.Ap12.2434,0.322184274365196
evm.TU.Ap12.2435,0.1961529507589
evm.TU.Ap12.244,-0.0918099812396367
evm.TU.Ap12.2444,-0.157660557615276
evm.TU.Ap12.2445,0.0279834560487347
evm.TU.Ap12.2447,-0.0390988060608336
evm.TU.Ap12.2449,-0.19260673927339
evm.TU.Ap12.245,0.398207602851144
evm.TU.Ap12.2450,0.481657208684218
evm.TU.Ap12.2456,0.0807793507610217
evm.TU.Ap12.2459,0.111253603877727
evm.TU.Ap12.246,0.622615730427329
evm.TU.Ap12.2462,0.184307340546557
evm.TU.Ap12.2465,0.160792741584324
evm.TU.Ap12.2466,-0.151412095645001
evm.TU.Ap12.2468,-0.182247127732081
evm.TU.Ap12.2469,-0.074296690931605
evm.TU.Ap12.247,0.532960080902502
evm.TU.Ap12.2471,-0.0760960289278064
evm.TU.Ap12.2472,-0.146604409052043
evm.TU.Ap12.2473,-0.416709256125116
evm.TU.Ap12.2474,0.10323068029319
evm.TU.Ap12.2475,0.0490220532010923
evm.TU.Ap12.2476,0.286105961896281
evm.TU.Ap12.2477,-0.144136141871048
evm.TU.Ap12.2478,0.162536585757616
evm.TU.Ap12.248,-0.170689279184995
evm.TU.Ap12.2484,-0.105578701281958
evm.TU.Ap12.2488,0.253519332207491
evm.TU.Ap12.2504,0.281830631347908
evm.TU.Ap12.2505,-0.306022612851217
evm.TU.Ap12.2507,-0.0968853390394278
evm.TU.Ap12.2509,-0.25168274705718
evm.TU.Ap12.251,-0.246403004463128
evm.TU.Ap12.2510,-0.266460653365774
evm.TU.Ap12.2512,-0.0245064908164555
evm.TU.Ap12.2513,-0.163062257065355
evm.TU.Ap12.2516,0.0667697883344673
evm.TU.Ap12.2518,0.0668450734973136
evm.TU.Ap12.2520,-0.0456324052425068
evm.TU.Ap12.2522,-0.529371288976809
evm.TU.Ap12.2523,-0.202845449746452
evm.TU.Ap12.2527,-0.11739550067778
evm.TU.Ap12.2528,-0.248422340888461
evm.TU.Ap12.2529,0.15605481992675
evm.TU.Ap12.2531,0.104266417498106
evm.TU.Ap12.2533,0.076958290658227
evm.TU.Ap12.2538,0.034031530265598
evm.TU.Ap12.2540,0.124490363068886
evm.TU.Ap12.2541,-0.124305992412948
evm.TU.Ap12.2543,0.0577903924516347
evm.TU.Ap12.2556,-0.052544355948884
evm.TU.Ap12.2557,-0.109388696308862
evm.TU.Ap12.2559,0.438644486891645
evm.TU.Ap12.2560,-0.0888746556715953
evm.TU.Ap12.2568_evm.TU.Ap12.2570,-0.264020671675274
evm.TU.Ap12.2571,0.137465217343608
evm.TU.Ap12.2575,-0.203900780078359
evm.TU.Ap12.2576,-0.138068376895291
evm.TU.Ap12.2578_evm.TU.Ap12.2579,-0.0354257244891572
evm.TU.Ap12.2580,-0.149446075534737
evm.TU.Ap12.2581,0.0835883996678498
evm.TU.Ap12.2582,-0.39575887189005
evm.TU.Ap12.259,0.100641056945762
evm.TU.Ap12.2593,-0.0669040679835257
evm.TU.Ap12.2595,0.121081263874884
evm.TU.Ap12.2599,0.0381959882130799
evm.TU.Ap12.2604,0.0758809842486785
evm.TU.Ap12.2605,-0.0977823195731693
evm.TU.Ap12.2606,-0.243935535203874
evm.TU.Ap12.2608,-0.0313941843686006
evm.TU.Ap12.2609,0.0190940383627224
evm.TU.Ap12.2610,-0.0367233410559447
evm.TU.Ap12.2611,0.0962621652228757
evm.TU.Ap12.2612,-0.230850035612913
evm.TU.Ap12.2613,-0.462896656809895
evm.TU.Ap12.2615,-0.391920859103337
evm.TU.Ap12.2616,-0.341288490281357
evm.TU.Ap12.2618_evm.TU.Ap12.2619,-0.30677141490197
evm.TU.Ap12.2626,-0.0395646520244854
evm.TU.Ap12.2627,-0.116309794711533
evm.TU.Ap12.2629,-0.292647586885857
evm.TU.Ap12.2636,0.373125548261907
evm.TU.Ap12.2637,0.0589826814717311
evm.TU.Ap12.2647,-0.312841372031202
evm.TU.Ap12.2649,0.394898502576489
evm.TU.Ap12.2650,-0.218430745407437
evm.TU.Ap12.2651,0.146782454759456
evm.TU.Ap12.2662,0.357109472015464
evm.TU.Ap12.2669,0.0744792908488786
evm.TU.Ap12.2670,-0.0436733018955256
evm.TU.Ap12.2671,0.0381725492265843
evm.TU.Ap12.2672,-0.177896280553359
evm.TU.Ap12.2673,0.169164854599636
evm.TU.Ap12.2682,-0.201415011001863
evm.TU.Ap12.2697,0.79246349947111
evm.TU.Ap12.2701,-0.250126988522363
evm.TU.Ap12.2713,-0.201848017878145
evm.TU.Ap12.2715,-0.161268416722823
evm.TU.Ap12.2721,-0.283146086595373
evm.TU.Ap12.2726,0.0579844696590309
evm.TU.Ap12.2727,0.0214312687830055
evm.TU.Ap12.2728,-0.239663515872433
evm.TU.Ap12.2730,0.14480154210714
evm.TU.Ap12.2731,0.0220830317731384
evm.TU.Ap12.2733,0.0382672025407492
evm.TU.Ap12.2735,0.192207543889164
evm.TU.Ap12.2736,-0.133997200128056
evm.TU.Ap12.2738,0.229360223030676
evm.TU.Ap12.2739,0.127154646884473
evm.TU.Ap12.2743,-0.265368985143574
evm.TU.Ap12.2744,-0.195508515210796
evm.TU.Ap12.2745,-0.197689233463164
evm.TU.Ap12.2746,-0.071379826695897
evm.TU.Ap12.2747,-0.216877974988478
evm.TU.Ap12.275,-0.350947166966274
evm.TU.Ap12.2751,-0.00425508305742259
evm.TU.Ap12.2752,0.131279157682268
evm.TU.Ap12.2753,0.142799719346348
evm.TU.Ap12.2755,-0.296288501857518
evm.TU.Ap12.2756,-0.27455995930253
evm.TU.Ap12.2759,0.097047800333528
evm.TU.Ap12.2760,-0.016776440184599
evm.TU.Ap12.2763,0.095230081487161
evm.TU.Ap12.2765,0.243313794443155
evm.TU.Ap12.2766,0.144762196698145
evm.TU.Ap12.277,-0.351158834021007
evm.TU.Ap12.2771,-0.0874094505721064
evm.TU.Ap12.2777_evm.TU.Ap12.2778,-0.118955291270542
evm.TU.Ap12.2781,-0.257096236063072
evm.TU.Ap12.2782,0.124709108550381
evm.TU.Ap12.2784,-0.0655203700418563
evm.TU.Ap12.2785,0.00803363059563467
evm.TU.Ap12.2787,-0.187234175156945
evm.TU.Ap12.2788,0.0173562705932145
evm.TU.Ap12.2789,-0.237662761940891
evm.TU.Ap12.2793,-0.0072048793157527
evm.TU.Ap12.2794,-0.0974609995729165
evm.TU.Ap12.2795,0.0672084028683175
evm.TU.Ap12.2796,0.0994418652721051
evm.TU.Ap12.2797,0.0264702647347231
evm.TU.Ap12.2799,0.064598111623742
evm.TU.Ap12.2801,-0.142878331738861
evm.TU.Ap12.2810,-0.106097684421279
evm.TU.Ap12.2816,-0.14146066101455
evm.TU.Ap12.2818,-0.0404923915884163
evm.TU.Ap12.2819,0.0474230812366255
evm.TU.Ap12.2820,-0.318896170925171
evm.TU.Ap12.2828,-0.262226824599246
evm.TU.Ap12.284,-0.195716401136446
evm.TU.Ap12.287,0.180547359131962
evm.TU.Ap12.289,-0.00541908190656235
evm.TU.Ap12.303,-0.0532391910584598
evm.TU.Ap12.335,-0.029152982316481
evm.TU.Ap12.340,-0.478751270190619
evm.TU.Ap12.358,-0.129245151917459
evm.TU.Ap12.360,0.0103379162042156
evm.TU.Ap12.363,-0.419023758128949
evm.TU.Ap12.365,-0.201437277947368
evm.TU.Ap12.367,-0.201246195018727
evm.TU.Ap12.369,0.273000586239097
evm.TU.Ap12.37,0.0174812304801524
evm.TU.Ap12.372,0.0844748130021418
evm.TU.Ap12.373,0.307152301803093
evm.TU.Ap12.377,-0.0648257972915175
evm.TU.Ap12.378,0.224586150213739
evm.TU.Ap12.379,0.094839939384675
evm.TU.Ap12.38,-0.381346828496734
evm.TU.Ap12.380,-0.0761934304552214
evm.TU.Ap12.383,0.0820004342713495
evm.TU.Ap12.41,0.0365675725934359
evm.TU.Ap12.42,0.0380294532057365
evm.TU.Ap12.428,0.104549481996216
evm.TU.Ap12.430_evm.TU.Ap12.431_evm.TU.Ap12.432,-0.0563391211544206
evm.TU.Ap12.438,-0.25398687047225
evm.TU.Ap12.44,-0.108546060836076
evm.TU.Ap12.443,0.131214106650505
evm.TU.Ap12.449,0.196856868316686
evm.TU.Ap12.451,0.234307480228179
evm.TU.Ap12.452,0.278902928482482
evm.TU.Ap12.453,0.176520603396359
evm.TU.Ap12.454,0.137833168114483
evm.TU.Ap12.456,0.0155661439840687
evm.TU.Ap12.458,0.113655959110056
evm.TU.Ap12.459_evm.TU.Ap12.460,-0.263117236383926
evm.TU.Ap12.461,-0.0845605093902481
evm.TU.Ap12.464,-0.109987118190398
evm.TU.Ap12.466,0.121025761740108
evm.TU.Ap12.467,-0.407772917109824
evm.TU.Ap12.468,-0.0231445712761308
evm.TU.Ap12.472,-0.522581495476283
evm.TU.Ap12.474,-0.176444237939681
evm.TU.Ap12.475,0.0714504265103612
evm.TU.Ap12.477,-0.0688985710289658
evm.TU.Ap12.479,-0.0618487381660617
evm.TU.Ap12.480,-0.175572290513938
evm.TU.Ap12.481,0.194406168999926
evm.TU.Ap12.482,-0.315510674758486
evm.TU.Ap12.484,0.0538526640764224
evm.TU.Ap12.486,-0.569741443305417
evm.TU.Ap12.487,0.253466972849005
evm.TU.Ap12.492,0.202940239547022
evm.TU.Ap12.493,-0.406346078602449
evm.TU.Ap12.495,0.314443212870006
evm.TU.Ap12.499,-0.208784403653129
evm.TU.Ap12.5,0.222560038852915
evm.TU.Ap12.500,0.195929311603789
evm.TU.Ap12.501,0.150479294270075
evm.TU.Ap12.502,-0.193567055740728
evm.TU.Ap12.503,0.246802818728059
evm.TU.Ap12.504,-0.32184327908575
evm.TU.Ap12.505,0.141955448705241
evm.TU.Ap12.506,-0.150299304958574
evm.TU.Ap12.509,-0.236302230066607
evm.TU.Ap12.512,0.068716015750921
evm.TU.Ap12.513,0.498285342595822
evm.TU.Ap12.515,-0.161896986959181
evm.TU.Ap12.516,0.0797252742467919
evm.TU.Ap12.520,0.0945492610470024
evm.TU.Ap12.522,0.0945922246117027
evm.TU.Ap12.523,-0.1193974993773
evm.TU.Ap12.528,0.216589819193435
evm.TU.Ap12.529,0.408121863126509
evm.TU.Ap12.53,0.0310977770096838
evm.TU.Ap12.530,0.464735367276289
evm.TU.Ap12.531,0.274327376510112
evm.TU.Ap12.533,-0.135745801704318
evm.TU.Ap12.534,-0.147011632649437
evm.TU.Ap12.535,-0.148525283925831
evm.TU.Ap12.537,-0.0512286201207227
evm.TU.Ap12.538,-0.266465286910445
evm.TU.Ap12.539,-0.213508710037579
evm.TU.Ap12.54,0.152370394513935
evm.TU.Ap12.542,0.0187457555954009
evm.TU.Ap12.544,0.0729684482079327
evm.TU.Ap12.548,0.26765686495612
evm.TU.Ap12.549,-0.390466546568456
evm.TU.Ap12.550,0.0135335786491608
evm.TU.Ap12.551,-0.0861114506426391
evm.TU.Ap12.554,0.0537574875903507
evm.TU.Ap12.555,-0.392309976849809
evm.TU.Ap12.556,-0.405792275927466
evm.TU.Ap12.557,0.0339831839981294
evm.TU.Ap12.558,0.381942155118474
evm.TU.Ap12.559,0.0772064831355828
evm.TU.Ap12.566,0.0622968878325859
evm.TU.Ap12.568,0.157520109848278
evm.TU.Ap12.571,0.12976577618444
evm.TU.Ap12.573,0.21396436413375
evm.TU.Ap12.58,-0.245308314927461
evm.TU.Ap12.59,0.00701907029710244
evm.TU.Ap12.596,-0.184826841545697
evm.TU.Ap12.6,0.136510947434232
evm.TU.Ap12.600_evm.TU.Ap12.603_evm.TU.Ap12.607,-0.00366820533955371
evm.TU.Ap12.642,-0.151678805464752
evm.TU.Ap12.643,0.017542278007443
evm.TU.Ap12.656,-0.131808205652982
evm.TU.Ap12.660,0.269178049150105
evm.TU.Ap12.663,-0.0610811480694338
evm.TU.Ap12.665,0.124599509153231
evm.TU.Ap12.668,-0.334895107555968
evm.TU.Ap12.670,-0.602520788923659
evm.TU.Ap12.672,-0.0769810424709643
evm.TU.Ap12.673,-0.0367576175335899
evm.TU.Ap12.68,0.284136322200974
evm.TU.Ap12.680,0.0661700177241638
evm.TU.Ap12.681_evm.TU.Ap12.682,-0.00355256972507717
evm.TU.Ap12.69,-0.00853965907417025
evm.TU.Ap12.707,0.186388870592783
evm.TU.Ap12.711,0.404719865051637
evm.TU.Ap12.725,-0.183288087503621
evm.TU.Ap12.727,-0.0707387630715871
evm.TU.Ap12.736,0.0452654082346097
evm.TU.Ap12.737,-0.218696460769842
evm.TU.Ap12.739,-0.129800526617729
evm.TU.Ap12.74,0.203031708059041
evm.TU.Ap12.759,0.0205552539102603
evm.TU.Ap12.761,-0.176935606561469
evm.TU.Ap12.763,0.120119636849007
evm.TU.Ap12.764,0.127587204374528
evm.TU.Ap12.770,-0.403848517251395
evm.TU.Ap12.772,0.117702213156575
evm.TU.Ap12.773,0.0898818199551242
evm.TU.Ap12.775,-0.0264791448392381
evm.TU.Ap12.777,-0.340816749964887
evm.TU.Ap12.779,0.187097044738424
evm.TU.Ap12.780,-0.0789866071149682
evm.TU.Ap12.782,-0.323136547581334
evm.TU.Ap12.783,0.0886336674882072
evm.TU.Ap12.785,0.152271411649802
evm.TU.Ap12.793,-0.0367678457916028
evm.TU.Ap12.796,-0.223905634249995
evm.TU.Ap12.8,0.183486974356846
evm.TU.Ap12.800,-0.356356970931533
evm.TU.Ap12.805,0.0814217501742227
evm.TU.Ap12.807,0.051780489289255
evm.TU.Ap12.808,0.761093012198706
evm.TU.Ap12.810,0.240352078627415
evm.TU.Ap12.813,-0.0220542991948437
evm.TU.Ap12.817,0.00160195689538735
evm.TU.Ap12.825,-0.111863089282248
evm.TU.Ap12.83,-0.187674898038982
evm.TU.Ap12.835,-0.0652123804907293
evm.TU.Ap12.836,0.0192211832086212
evm.TU.Ap12.839,-0.046901706761134
evm.TU.Ap12.84,-0.0971174082480067
evm.TU.Ap12.840,0.12856115723538
evm.TU.Ap12.843,0.0812582348556045
evm.TU.Ap12.86,-0.00728339638493103
evm.TU.Ap12.869,-0.287116461059719
evm.TU.Ap12.87,-0.00642463718263229
evm.TU.Ap12.871,-0.134773601018775
evm.TU.Ap12.872,0.0391593042072804
evm.TU.Ap12.873,0.269735264821357
evm.TU.Ap12.874,0.208794895187258
evm.TU.Ap12.877,-0.175907586547985
evm.TU.Ap12.878,0.0608610422497475
evm.TU.Ap12.88_evm.TU.Ap12.89,-0.555272561655416
evm.TU.Ap12.882_evm.TU.Ap12.880,-0.241057607443319
evm.TU.Ap12.884,0.0185229776366354
evm.TU.Ap12.888,0.0887287991385628
evm.TU.Ap12.889,-0.0390955506741938
evm.TU.Ap12.890,0.046836222384817
evm.TU.Ap12.891,0.102019810907456
evm.TU.Ap12.895,0.100538762679403
evm.TU.Ap12.896,-0.0292772396563882
evm.TU.Ap12.90,-0.204780861933254
evm.TU.Ap12.902,-0.286107832433652
evm.TU.Ap12.907,0.0594627854493376
evm.TU.Ap12.910,0.0347852523344403
evm.TU.Ap12.912,0.577576910320069
evm.TU.Ap12.919,0.534038717631729
evm.TU.Ap12.920,0.149659477494579
evm.TU.Ap12.921,-0.043055330356658
evm.TU.Ap12.934,0.209158799232767
evm.TU.Ap12.935,-0.235262819197282
evm.TU.Ap12.938,-0.0823347100899048
evm.TU.Ap12.939,0.151321061584894
evm.TU.Ap12.94_evm.TU.Ap12.95,0.182529060545284
evm.TU.Ap12.940,0.0598929626570844
evm.TU.Ap12.941,0.0120075718090757
evm.TU.Ap12.942,0.0561285551353088
evm.TU.Ap12.944,0.155782170510969
evm.TU.Ap12.945,0.337395449378648
evm.TU.Ap12.946,-0.0848015736227092
evm.TU.Ap12.948,0.150372434380037
evm.TU.Ap12.953,-0.16273227395627
evm.TU.Ap12.96,0.147756808509233
evm.TU.Ap12.965,-0.18721342134116
evm.TU.Ap12.968,-0.0487294552002658
evm.TU.Ap12.971,0.256500671581085
evm.TU.Ap12.973,-0.126188002959342
evm.TU.Ap12.974,-0.0138723729072638
evm.TU.Ap12.975,-0.103024072380057
evm.TU.Ap12.979,-0.172340435448104
evm.TU.Ap12.98,0.110513738327584
evm.TU.Ap12.99,0.0865312360534364
evm.TU.Ap12.992_evm.TU.Ap12.993,-0.160828257625548
evm.TU.Ap12.995,0.0583459467562762
evm.TU.Ap12.996,0.294264920578809
evm.TU.Ap12.999,0.13256503412756
evm.TU.Ap13.10,-0.23907191777754
evm.TU.Ap13.1003,-0.33495191504288
evm.TU.Ap13.1004,0.141101642442389
evm.TU.Ap13.1013,-0.201203401805224
evm.TU.Ap13.1016,-0.272606761150014
evm.TU.Ap13.1017,0.148712991107121
evm.TU.Ap13.1018,0.22556585792924
evm.TU.Ap13.1019,-0.323629600733616
evm.TU.Ap13.104,-0.158935930477187
evm.TU.Ap13.1046,0.397040794400715
evm.TU.Ap13.1048_evm.TU.Ap13.1047,0.0700754677203602
evm.TU.Ap13.105,-0.0255082620844387
evm.TU.Ap13.1052,0.0328660875397745
evm.TU.Ap13.1055,0.020914693651585
evm.TU.Ap13.107,-0.206252073983937
evm.TU.Ap13.1073,0.179251258706492
evm.TU.Ap13.1075_evm.TU.Ap13.1078,0.00882710912083593
evm.TU.Ap13.1084,-0.0349855689768961
evm.TU.Ap13.109,-0.224178729368483
evm.TU.Ap13.11,0.162600431806887
evm.TU.Ap13.1104_evm.TU.Ap13.1106,0.137640572229219
evm.TU.Ap13.1107_evm.TU.Ap13.1108,-0.0722669851978089
evm.TU.Ap13.1109,-0.193191141096879
evm.TU.Ap13.112,-0.000113961868606356
evm.TU.Ap13.1131,0.139100545887642
evm.TU.Ap13.1132_evm.TU.Ap13.1133,-0.393458812079005
evm.TU.Ap13.1136,0.0392598107602699
evm.TU.Ap13.1137,0.0973876357382067
evm.TU.Ap13.1138,-0.065422691718065
evm.TU.Ap13.114,-0.0718434538180486
evm.TU.Ap13.1140,-0.0695218423697093
evm.TU.Ap13.1141,-0.0796313359270391
evm.TU.Ap13.1153,-0.330372552261241
evm.TU.Ap13.1159_evm.TU.Ap13.1156,0.114792971532185
evm.TU.Ap13.1160,0.0103919053475332
evm.TU.Ap13.1161,-0.065065146782819
evm.TU.Ap13.1162,0.0389922494111841
evm.TU.Ap13.1163,-0.211427270743582
evm.TU.Ap13.1164,-0.0836295138109143
evm.TU.Ap13.1166,0.117962880669036
evm.TU.Ap13.1169,-0.174262867298597
evm.TU.Ap13.1171,-0.167781328667539
evm.TU.Ap13.1173,-0.196397514909961
evm.TU.Ap13.1175,-0.218175278596549
evm.TU.Ap13.1176,-0.395243118963754
evm.TU.Ap13.1180,-0.583974628504134
evm.TU.Ap13.1182,-0.032906839837651
evm.TU.Ap13.1189,-0.0230117831656134
evm.TU.Ap13.1190,0.0458229479936139
evm.TU.Ap13.1192,-0.140694608686192
evm.TU.Ap13.1193,-0.234122663362113
evm.TU.Ap13.1194,-0.00635217552892453
evm.TU.Ap13.1197,-0.00980440274096087
evm.TU.Ap13.1199,0.122029669825781
evm.TU.Ap13.12,0.118259071816982
evm.TU.Ap13.1203,-0.0276863584953363
evm.TU.Ap13.1205,-0.294607332700989
evm.TU.Ap13.1206,-0.0444592316531427
evm.TU.Ap13.1207,-0.0495863300219133
evm.TU.Ap13.1209,-0.155957367132145
evm.TU.Ap13.1210,0.0729048352133132
evm.TU.Ap13.1211,0.067021462111412
evm.TU.Ap13.1214,-0.146877306880357
evm.TU.Ap13.1215,-0.266203858317558
evm.TU.Ap13.1216,-0.0603539839354495
evm.TU.Ap13.1218,0.298937950423612
evm.TU.Ap13.1222,-0.261502770915119
evm.TU.Ap13.1223,0.0203756349839037
evm.TU.Ap13.1224,-0.231345748834806
evm.TU.Ap13.1225,-0.25383454346304
evm.TU.Ap13.1226,-0.0245132273210334
evm.TU.Ap13.1227,-0.147361381368341
evm.TU.Ap13.123,-0.118294597589601
evm.TU.Ap13.1231,-0.0993250205403147
evm.TU.Ap13.1232,0.0465059965161324
evm.TU.Ap13.1235,0.00344110510383426
evm.TU.Ap13.1237,0.285863141903151
evm.TU.Ap13.1244,-0.0864573663007274
evm.TU.Ap13.1248,-0.166334672078373
evm.TU.Ap13.125,-0.0372677458718003
evm.TU.Ap13.1255,-0.197881518357885
evm.TU.Ap13.1258,-0.200459083318106
evm.TU.Ap13.1270,-0.32207306710375
evm.TU.Ap13.1276,0.0993655780659915
evm.TU.Ap13.1278,-0.159249536311275
evm.TU.Ap13.1289,-0.468626143500015
evm.TU.Ap13.1290,-0.213819778600424
evm.TU.Ap13.1291,-0.236439256439876
evm.TU.Ap13.1292,0.380397057324752
evm.TU.Ap13.13,0.120752764152664
evm.TU.Ap13.1302,0.0646804905684769
evm.TU.Ap13.1306,-0.0333170407743318
evm.TU.Ap13.1307,-2.50419381845486e-05
evm.TU.Ap13.131,-0.369053883109785
evm.TU.Ap13.1310,-0.0173220774878277
evm.TU.Ap13.1311,-0.274213579799438
evm.TU.Ap13.1312,-0.196011934323564
evm.TU.Ap13.1313,0.122922996022231
evm.TU.Ap13.1314,0.123145338731096
evm.TU.Ap13.1315,-0.123710295400847
evm.TU.Ap13.1316,-0.0497130616890277
evm.TU.Ap13.1320,-0.106370312366603
evm.TU.Ap13.1323,-0.156456628302945
evm.TU.Ap13.1325,0.0778232310443072
evm.TU.Ap13.1327,-0.192412531492694
evm.TU.Ap13.1329,0.227552691770175
evm.TU.Ap13.1330,0.0539675447245313
evm.TU.Ap13.1331,-0.256396369447363
evm.TU.Ap13.1334,-0.118082860614047
evm.TU.Ap13.1335,0.417147989397922
evm.TU.Ap13.134,-0.0363808522077481
evm.TU.Ap13.1340,-0.169542993513792
evm.TU.Ap13.1342,0.233261393030516
evm.TU.Ap13.1343,0.140706909771949
evm.TU.Ap13.1344,0.101133077211573
evm.TU.Ap13.1350,0.4810339193351
evm.TU.Ap13.1352,-0.0415195585175438
evm.TU.Ap13.1354,0.0201749201460325
evm.TU.Ap13.1357,0.502515186011438
evm.TU.Ap13.1359,-0.0380853489131693
evm.TU.Ap13.1361,0.031639012208319
evm.TU.Ap13.1362,-0.0432673415843684
evm.TU.Ap13.1365,0.0335273147186205
evm.TU.Ap13.138,-0.068820899477368
evm.TU.Ap13.1386,-0.368991989719135
evm.TU.Ap13.1399,0.421445916504227
evm.TU.Ap13.140,-0.150027684852183
evm.TU.Ap13.1401,-0.064532166530703
evm.TU.Ap13.1402,-0.0643025278655766
evm.TU.Ap13.1403,-0.0576952557730043
evm.TU.Ap13.1407,-0.174815436724867
evm.TU.Ap13.1408,-0.0460946760282809
evm.TU.Ap13.1409,0.0194042927050286
evm.TU.Ap13.141,0.0775068280343684
evm.TU.Ap13.1410,0.0327896497616518
evm.TU.Ap13.1411,0.369596789137012
evm.TU.Ap13.1412,-0.59453867304502
evm.TU.Ap13.1417,-0.0640790268096852
evm.TU.Ap13.142,-0.141115007218259
evm.TU.Ap13.1426,-0.0223560867318379
evm.TU.Ap13.1428,-0.340433001864127
evm.TU.Ap13.1431,-0.118365362004605
evm.TU.Ap13.1439,-0.159108118961017
evm.TU.Ap13.144,-0.0749113205209121
evm.TU.Ap13.1441,0.098613180250276
evm.TU.Ap13.1442,-0.223120555524313
evm.TU.Ap13.1443,0.0667609451882725
evm.TU.Ap13.1444,0.0787330007906457
evm.TU.Ap13.1447,-0.0393758085909219
evm.TU.Ap13.1456,0.0507899263059851
evm.TU.Ap13.1457,-0.179952567051529
evm.TU.Ap13.1458,0.280325190026683
evm.TU.Ap13.1478,0.193590864456465
evm.TU.Ap13.1491,-0.233421831740468
evm.TU.Ap13.1495,0.0895043407674831
evm.TU.Ap13.1496,-0.278707340041341
evm.TU.Ap13.1499,-0.299647884983615
evm.TU.Ap13.1500,-0.28148689784059
evm.TU.Ap13.1501,-0.191316665166299
evm.TU.Ap13.1503,0.261999995107164
evm.TU.Ap13.1514,-0.146027782865564
evm.TU.Ap13.1516,-0.0695077882861067
evm.TU.Ap13.1517,0.00856917703208492
evm.TU.Ap13.1518,-0.0237967418425671
evm.TU.Ap13.1519,-0.0282246154834182
evm.TU.Ap13.1524,0.0522838483787211
evm.TU.Ap13.1529,-0.126673981323086
evm.TU.Ap13.155,-0.0769330737190948
evm.TU.Ap13.1555,0.268250251264072
evm.TU.Ap13.1563_evm.TU.Ap13.1564,-0.249871191189087
evm.TU.Ap13.1565,-0.0728318637273517
evm.TU.Ap13.157,-0.195323552457293
evm.TU.Ap13.1571,-0.559429139874055
evm.TU.Ap13.1581,-0.260606080678491
evm.TU.Ap13.1582,-0.417736704891579
evm.TU.Ap13.1586,-0.320756052439459
evm.TU.Ap13.1587,-0.0779048659885627
evm.TU.Ap13.1588,-0.271820176750733
evm.TU.Ap13.159,-0.35061802219517
evm.TU.Ap13.1590,-0.251072135131509
evm.TU.Ap13.1596,-0.265590834861147
evm.TU.Ap13.160,-0.193903338594929
evm.TU.Ap13.1605,-0.356188214567238
evm.TU.Ap13.162_evm.TU.Ap13.164,-0.416570628435464
evm.TU.Ap13.1630,-0.195665059925255
evm.TU.Ap13.1634_evm.TU.Ap13.1635,-0.0548515821143333
evm.TU.Ap13.1636,-0.209168501429233
evm.TU.Ap13.1637,0.0531999549740657
evm.TU.Ap13.1639_evm.TU.Ap13.1640_evm.TU.Ap13.1642_evm.TU.Ap13.1643,-0.118168227875633
evm.TU.Ap13.165,-0.127963546566995
evm.TU.Ap13.1650,-0.0939110213136489
evm.TU.Ap13.166,0.0020369739514661
evm.TU.Ap13.1669,0.329254631964698
evm.TU.Ap13.167,-0.183083705936708
evm.TU.Ap13.1675,0.0159745569111642
evm.TU.Ap13.168,-0.125442313239861
evm.TU.Ap13.169,-0.349878745518236
evm.TU.Ap13.1696,0.183475698919091
evm.TU.Ap13.1697,0.158776198194531
evm.TU.Ap13.170_evm.TU.Ap13.171,-0.282032628134904
evm.TU.Ap13.1702,0.154218168953228
evm.TU.Ap13.1704,0.20662459083041
evm.TU.Ap13.1711,-0.283899664382866
evm.TU.Ap13.1714_evm.TU.Ap13.1718,0.281776859651401
evm.TU.Ap13.1719,-0.0297158012146242
evm.TU.Ap13.1722,0.14834572021549
evm.TU.Ap13.1725,0.469303332692412
evm.TU.Ap13.1741,0.120798855793145
evm.TU.Ap13.1744,-0.258534806205511
evm.TU.Ap13.1750,-0.332584115812183
evm.TU.Ap13.1751,0.0253812842975697
evm.TU.Ap13.1752,-0.111501214359612
evm.TU.Ap13.1753,-0.0164240689927597
evm.TU.Ap13.1759_evm.TU.Ap13.1760,-0.526572664055086
evm.TU.Ap13.1761,0.184496517970857
evm.TU.Ap13.1772,-0.19827095293362
evm.TU.Ap13.1773,-0.115324529282984
evm.TU.Ap13.178,-0.0422236860180681
evm.TU.Ap13.1784,-0.0748264280436505
evm.TU.Ap13.1785,-0.00666224255315209
evm.TU.Ap13.1796,-0.091161265118368
evm.TU.Ap13.1799,0.191709264998694
evm.TU.Ap13.180,0.100711644985985
evm.TU.Ap13.1800,0.127413351773149
evm.TU.Ap13.1808,0.218846260415692
evm.TU.Ap13.1810,-0.556816962639473
evm.TU.Ap13.182,-0.252047598137961
evm.TU.Ap13.1821,0.201420535324021
evm.TU.Ap13.1824,-0.26118005067923
evm.TU.Ap13.1828,0.0870879317825838
evm.TU.Ap13.183,-0.158669302020674
evm.TU.Ap13.1852,0.252401055998762
evm.TU.Ap13.1854,0.0663912903401218
evm.TU.Ap13.1862,-0.195095690538508
evm.TU.Ap13.1863,-0.219476633562055
evm.TU.Ap13.1876,-0.422986407294246
evm.TU.Ap13.1877,0.095128786729093
evm.TU.Ap13.1878,0.00692864559631313
evm.TU.Ap13.1880,0.678073360390581
evm.TU.Ap13.1881,0.32441869232955
evm.TU.Ap13.1882,0.265002595891958
evm.TU.Ap13.1885,0.241128470934637
evm.TU.Ap13.1888,-0.38156921978738
evm.TU.Ap13.1889,-0.28796965230347
evm.TU.Ap13.1895,0.00483308597933532
evm.TU.Ap13.1898,-0.186488047832707
evm.TU.Ap13.1908,0.0190744430477735
evm.TU.Ap13.1909,0.0818814561013421
evm.TU.Ap13.1916,-0.312904632292875
evm.TU.Ap13.1917,-0.292406540760395
evm.TU.Ap13.1928_evm.TU.Ap13.1922,-0.0582536049073381
evm.TU.Ap13.1933,0.152650726890255
evm.TU.Ap13.1934,-0.246230508515374
evm.TU.Ap13.1935,-0.0996542701518598
evm.TU.Ap13.1962,0.0441956467043127
evm.TU.Ap13.1963,-0.0945286169727514
evm.TU.Ap13.1976,0.207323542064063
evm.TU.Ap13.1979,0.0365024885600725
evm.TU.Ap13.1980,-0.0226540709310651
evm.TU.Ap13.1984,0.00416835184776917
evm.TU.Ap13.1987,-0.17488884804772
evm.TU.Ap13.199,-0.0681432659645239
evm.TU.Ap13.1990,-0.0474818304857878
evm.TU.Ap13.1993,-0.0224494162638692
evm.TU.Ap13.1994,0.142282195788179
evm.TU.Ap13.1995,-0.0405212013382543
evm.TU.Ap13.1996,0.144879844805333
evm.TU.Ap13.2,0.53966514601972
evm.TU.Ap13.2000,0.0318882947232751
evm.TU.Ap13.2003,-0.172145742966792
evm.TU.Ap13.2005,-0.254733540725814
evm.TU.Ap13.2008,0.0250697226767852
evm.TU.Ap13.2012,0.012805147296468
evm.TU.Ap13.202,-0.0113873939500526
evm.TU.Ap13.2020,-0.29007128274593
evm.TU.Ap13.2023,-0.119075434776751
evm.TU.Ap13.2034,0.0366030912093354
evm.TU.Ap13.2037,0.0555819403099199
evm.TU.Ap13.2038,-0.160211006782554
evm.TU.Ap13.2039,-0.227012881073191
evm.TU.Ap13.2040,-0.253049113295939
evm.TU.Ap13.2041,-0.130716568044874
evm.TU.Ap13.2045,-0.0396815817631635
evm.TU.Ap13.205,-0.0116230357179216
evm.TU.Ap13.2050,-0.113231673729202
evm.TU.Ap13.206,0.0760015799298002
evm.TU.Ap13.2061,-0.0428455519296393
evm.TU.Ap13.2062,-0.178585501173965
evm.TU.Ap13.2063,-0.147071621071651
evm.TU.Ap13.2068,0.256632271775696
evm.TU.Ap13.207,-0.327426864859909
evm.TU.Ap13.2072,-0.0137099877840426
evm.TU.Ap13.2073,0.0834532968561295
evm.TU.Ap13.2082,-0.196070801642915
evm.TU.Ap13.2088,0.144777032631875
evm.TU.Ap13.2094,0.183684190706866
evm.TU.Ap13.210,0.0159385681041854
evm.TU.Ap13.2120,-0.00534548683373427
evm.TU.Ap13.2121,-0.20347837047821
evm.TU.Ap13.2122,0.208154150997439
evm.TU.Ap13.2123,0.111564455388754
evm.TU.Ap13.2124,0.151055148563817
evm.TU.Ap13.2125,-0.222555733162344
evm.TU.Ap13.2126,0.161866284738476
evm.TU.Ap13.2127,0.48221428879765
evm.TU.Ap13.214,0.0403635644930913
evm.TU.Ap13.2147,0.0234342292113425
evm.TU.Ap13.2149,-0.138826692054897
evm.TU.Ap13.2163,-0.467864376442307
evm.TU.Ap13.2171,-0.257426391432663
evm.TU.Ap13.2172,-0.289410607131153
evm.TU.Ap13.2173,0.0120475996654412
evm.TU.Ap13.2176,-0.0893326266886423
evm.TU.Ap13.218,-0.162601076978627
evm.TU.Ap13.2183,0.338413915867252
evm.TU.Ap13.2184,0.0364787001155796
evm.TU.Ap13.2185,0.271534614169897
evm.TU.Ap13.2187,-0.157675536174521
evm.TU.Ap13.2188,0.244086018157005
evm.TU.Ap13.2190,0.128986908185732
evm.TU.Ap13.2191,0.143477222734698
evm.TU.Ap13.220,0.0255348335242883
evm.TU.Ap13.2201_evm.TU.Ap13.2213,-0.11858808668879
evm.TU.Ap13.2227,-0.527123410381669
evm.TU.Ap13.2229,-0.262421287620013
evm.TU.Ap13.224,-0.0834337319912418
evm.TU.Ap13.2243,-0.190743340629168
evm.TU.Ap13.2244,-0.150017277397658
evm.TU.Ap13.2258,-0.331996947782069
evm.TU.Ap13.226,-0.380982312430206
evm.TU.Ap13.2265,-0.500011111731483
evm.TU.Ap13.227,0.0577956462646815
evm.TU.Ap13.2272,0.130650455265188
evm.TU.Ap13.2273,0.211143018947357
evm.TU.Ap13.2276,-0.0417780195716143
evm.TU.Ap13.2277,0.136120702880951
evm.TU.Ap13.2281,-0.102831840014325
evm.TU.Ap13.2282,-0.124784769706941
evm.TU.Ap13.2283,0.0758789995832993
evm.TU.Ap13.2284,-0.00629586455569994
evm.TU.Ap13.2285,0.124481008576267
evm.TU.Ap13.2288_evm.TU.Ap13.2301,-0.258632629180726
evm.TU.Ap13.229,-0.00442552368767541
evm.TU.Ap13.230_evm.TU.Ap13.231,-0.209287537393964
evm.TU.Ap13.2302_evm.TU.Ap13.2307,-0.124622256153105
evm.TU.Ap13.2319,0.100053815482192
evm.TU.Ap13.2325,0.0915929597239872
evm.TU.Ap13.2329,-0.15932890187412
evm.TU.Ap13.2331,-0.244165092424787
evm.TU.Ap13.2333,-0.174315541321958
evm.TU.Ap13.2334,0.0918145204544155
evm.TU.Ap13.2335,-0.169193028950761
evm.TU.Ap13.2336,-0.0927259420878029
evm.TU.Ap13.2338,0.432694607873467
evm.TU.Ap13.2344,0.394154058040891
evm.TU.Ap13.2354,0.0961836261696269
evm.TU.Ap13.236,-0.580367421188897
evm.TU.Ap13.2361,0.122474506271867
evm.TU.Ap13.2363,-0.153030747458822
evm.TU.Ap13.238,-0.0494124832728213
evm.TU.Ap13.2383,-0.32894059773427
evm.TU.Ap13.2386,-0.0880959815978698
evm.TU.Ap13.2387,-0.0308366663241695
evm.TU.Ap13.2388,0.0524375582244932
evm.TU.Ap13.2389,-0.0749548894504046
evm.TU.Ap13.2394,-0.0664383320391287
evm.TU.Ap13.2396,0.258428596294614
evm.TU.Ap13.2398,-0.0706541698592905
evm.TU.Ap13.2403,-0.053242076646873
evm.TU.Ap13.2407,0.101753438387391
evm.TU.Ap13.2419,0.0681488952664842
evm.TU.Ap13.242,-0.122701898652198
evm.TU.Ap13.2421,0.380211766070601
evm.TU.Ap13.2422,-0.0579616813332867
evm.TU.Ap13.2423,-0.294876590291943
evm.TU.Ap13.2444,-0.256450113405137
evm.TU.Ap13.2445,0.261556378140223
evm.TU.Ap13.2450,0.118101261054197
evm.TU.Ap13.2457,-0.051860892307312
evm.TU.Ap13.2459,0.067832872715659
evm.TU.Ap13.2460,-0.0981114531928195
evm.TU.Ap13.2462,0.054355816147557
evm.TU.Ap13.247,-0.333552312438881
evm.TU.Ap13.2471,-0.00427779104418319
evm.TU.Ap13.2472,-0.00555486173987477
evm.TU.Ap13.2474,0.0902747739449186
evm.TU.Ap13.2475,0.0511936674877454
evm.TU.Ap13.2479,-0.00311863214302762
evm.TU.Ap13.2480,-0.086627806121866
evm.TU.Ap13.2481,-0.14296032168262
evm.TU.Ap13.2482,0.0862823970500594
evm.TU.Ap13.2484,-0.299570854332141
evm.TU.Ap13.2493,-0.157015355511461
evm.TU.Ap13.2494,-0.11119550394557
evm.TU.Ap13.2497,0.167065854170688
evm.TU.Ap13.2501,-0.0636857639537187
evm.TU.Ap13.2502,-0.147268622776606
evm.TU.Ap13.2510,0.131270571565081
evm.TU.Ap13.2526,0.296931671742215
evm.TU.Ap13.2528,0.302046607411008
evm.TU.Ap13.2531,0.196613524729138
evm.TU.Ap13.254,-0.188491098913509
evm.TU.Ap13.2562,0.13525063948708
evm.TU.Ap13.2565,0.0812158936908849
evm.TU.Ap13.2566,0.0728996671078405
evm.TU.Ap13.2584,-0.222673097608707
evm.TU.Ap13.2585,0.0349215702358902
evm.TU.Ap13.2599_evm.TU.Ap13.2590,0.0208152015809046
evm.TU.Ap13.2603,0.172073151574067
evm.TU.Ap13.2630_evm.TU.Ap13.2632,0.252852350297302
evm.TU.Ap13.2634,0.238792364066435
evm.TU.Ap13.2636,0.116454693311143
evm.TU.Ap13.2637,0.371330513108221
evm.TU.Ap13.2640_evm.TU.Ap13.2651_evm.TU.Ap13.2638,0.306497780849845
evm.TU.Ap13.2652,0.0909264119483021
evm.TU.Ap13.2674,-0.196718151127923
evm.TU.Ap13.2676_evm.TU.Ap13.2695,-0.0830048264148161
evm.TU.Ap13.2696,-0.044735596719602
evm.TU.Ap13.2704,0.0544141930706192
evm.TU.Ap13.2716,0.0576675818423261
evm.TU.Ap13.2717,-0.0290520478012823
evm.TU.Ap13.2718,0.0398555696320374
evm.TU.Ap13.272,0.103690068109535
evm.TU.Ap13.2723,-0.384837130719538
evm.TU.Ap13.2725,0.0485112797022896
evm.TU.Ap13.2728,-0.158191115654065
evm.TU.Ap13.2730,0.166599847898804
evm.TU.Ap13.2732,-0.183130453109925
evm.TU.Ap13.2733,0.27256070250848
evm.TU.Ap13.2739,-0.101497133054881
evm.TU.Ap13.275,-0.135713865850514
evm.TU.Ap13.2750,-0.0463157033192319
evm.TU.Ap13.2752,0.0847661878391955
evm.TU.Ap13.2759,-0.347765446505497
evm.TU.Ap13.276,-0.352300680672199
evm.TU.Ap13.2765,0.06874275806473
evm.TU.Ap13.2766,0.084809546001067
evm.TU.Ap13.2775,-0.18921571902236
evm.TU.Ap13.2776,-0.235531161998676
evm.TU.Ap13.2778,0.193547483418061
evm.TU.Ap13.2779,-0.106465765935083
evm.TU.Ap13.278,-0.221132477944258
evm.TU.Ap13.2782,-0.00224600562498225
evm.TU.Ap13.279,-0.136511770532332
evm.TU.Ap13.2794,0.25360665823556
evm.TU.Ap13.2795,-0.0208161440771207
evm.TU.Ap13.2797,-0.0465707387422116
evm.TU.Ap13.280,-0.131366105230975
evm.TU.Ap13.2810,-0.0398820552835473
evm.TU.Ap13.2818,-0.19330300175107
evm.TU.Ap13.2843,-0.216319375874285
evm.TU.Ap13.2846,0.00968381160423661
evm.TU.Ap13.2849_evm.TU.Ap13.2850,-0.390108373603148
evm.TU.Ap13.2852,-0.185304404122454
evm.TU.Ap13.2853,-0.120154405415134
evm.TU.Ap13.2854,0.086169829942065
evm.TU.Ap13.2857,-0.0336781894196696
evm.TU.Ap13.2858,0.522145059637943
evm.TU.Ap13.2859,0.535702078153159
evm.TU.Ap13.2860,0.137905817087878
evm.TU.Ap13.2863,-0.15476325768178
evm.TU.Ap13.2877,-0.250749039516712
evm.TU.Ap13.2878,0.066349886354437
evm.TU.Ap13.2893,-0.161324604243203
evm.TU.Ap13.2896,0.0349584427288943
evm.TU.Ap13.2898,-0.141934740241572
evm.TU.Ap13.2900,-0.0185995082734057
evm.TU.Ap13.2902,-0.105181279821151
evm.TU.Ap13.2907,-0.24344589207084
evm.TU.Ap13.2908,0.147042692351864
evm.TU.Ap13.2916,0.211013002142376
evm.TU.Ap13.2917,0.0371608897603692
evm.TU.Ap13.2921,0.44386061568539
evm.TU.Ap13.2922,0.0199206240548954
evm.TU.Ap13.2927,0.0193454828864006
evm.TU.Ap13.2930,0.203379432146732
evm.TU.Ap13.2931,0.096419055638118
evm.TU.Ap13.2932,-0.126115062160198
evm.TU.Ap13.2935,-0.0311563253995218
evm.TU.Ap13.2937,0.149179091599955
evm.TU.Ap13.2939,0.16190688566076
evm.TU.Ap13.2941,-0.107479235273395
evm.TU.Ap13.2948,-0.227858969811548
evm.TU.Ap13.2969,-0.260316976620292
evm.TU.Ap13.2970,-0.360797561904548
evm.TU.Ap13.2972,0.271772042572116
evm.TU.Ap13.2975,0.123403511116405
evm.TU.Ap13.2986,0.397445506198482
evm.TU.Ap13.2988,-0.277359284888849
evm.TU.Ap13.2989,-0.041243896118101
evm.TU.Ap13.2990,-0.312031000339339
evm.TU.Ap13.2993,-0.066632053030939
evm.TU.Ap13.2997,-0.38567751000644
evm.TU.Ap13.2998,0.00904457226302335
evm.TU.Ap13.2999,0.453260594167187
evm.TU.Ap13.3,0.0757474157607103
evm.TU.Ap13.3000,0.453975000495227
evm.TU.Ap13.3001,-0.14577773093946
evm.TU.Ap13.3009,-0.31454502762582
evm.TU.Ap13.3015,-0.144457607817233
evm.TU.Ap13.3017,-0.00903360455391408
evm.TU.Ap13.3019,0.248054031631515
evm.TU.Ap13.3021,-0.187886055990455
evm.TU.Ap13.3026,0.521915234274759
evm.TU.Ap13.3027,0.146315083512556
evm.TU.Ap13.3040,0.23414604158019
evm.TU.Ap13.3042,-0.121642566779098
evm.TU.Ap13.3044,-0.00339071064884382
evm.TU.Ap13.3045,-0.00457360063709587
evm.TU.Ap13.3048,-0.411157123093787
evm.TU.Ap13.3050,-0.175755603893439
evm.TU.Ap13.3051,-0.467567811567908
evm.TU.Ap13.3053,-0.0766529586202824
evm.TU.Ap13.3060,0.0285961830787947
evm.TU.Ap13.3061,-0.099724881119204
evm.TU.Ap13.3064,-0.112896432882456
evm.TU.Ap13.3065,-0.275538921846677
evm.TU.Ap13.3076,0.047821274667926
evm.TU.Ap13.3077,-0.202770846604809
evm.TU.Ap13.3078,0.148402164960507
evm.TU.Ap13.3079,0.0958016885163934
evm.TU.Ap13.3084,-0.244111234170653
evm.TU.Ap13.3085,-0.0477357273623124
evm.TU.Ap13.3090,0.363307231222604
evm.TU.Ap13.3092,0.355917736129982
evm.TU.Ap13.3093,0.165954642766128
evm.TU.Ap13.3098,-0.245132607779317
evm.TU.Ap13.3101,-0.385044062081676
evm.TU.Ap13.3102,0.0735559229784897
evm.TU.Ap13.3103_evm.TU.Ap13.3104,0.110839756189799
evm.TU.Ap13.3106,-0.297179148229686
evm.TU.Ap13.3108,-0.324599977388801
evm.TU.Ap13.311,0.262674210056045
evm.TU.Ap13.3113,0.10852811178777
evm.TU.Ap13.3122,-0.217454123458753
evm.TU.Ap13.3123,-0.220176740989377
evm.TU.Ap13.3127,0.0964508526259509
evm.TU.Ap13.3128,0.333703118737563
evm.TU.Ap13.3129,0.0568632518849042
evm.TU.Ap13.3131,0.774890908678653
evm.TU.Ap13.3136,0.341358463969519
evm.TU.Ap13.3139,-0.2517263574827
evm.TU.Ap13.3142,-0.0518738958893039
evm.TU.Ap13.3144,-0.386868533577494
evm.TU.Ap13.3147,0.118813619923924
evm.TU.Ap13.315,0.253641184172099
evm.TU.Ap13.3150,0.065270949054245
evm.TU.Ap13.3151,0.11798714101348
evm.TU.Ap13.3152,-0.260750761648891
evm.TU.Ap13.3157,-0.237605539484378
evm.TU.Ap13.3158,-0.325323082674007
evm.TU.Ap13.3159,-0.0978118502490274
evm.TU.Ap13.3160,0.280468557181438
evm.TU.Ap13.3161,-0.360226451672335
evm.TU.Ap13.3163,-0.133978973302876
evm.TU.Ap13.3165,0.059194615100079
evm.TU.Ap13.3168,-0.485176087610409
evm.TU.Ap13.3174,0.0348384699683615
evm.TU.Ap13.3175,0.462303155868012
evm.TU.Ap13.3179,0.14302821098871
evm.TU.Ap13.318,0.222481659209276
evm.TU.Ap13.3180,-0.347453918799457
evm.TU.Ap13.32,0.0205923860879041
evm.TU.Ap13.323,-0.152165377909763
evm.TU.Ap13.324,0.188626114923872
evm.TU.Ap13.325,-0.123380263598449
evm.TU.Ap13.329,-0.185531330254463
evm.TU.Ap13.337,0.13639154165564
evm.TU.Ap13.339,0.16446607559255
evm.TU.Ap13.341,0.0118902430029259
evm.TU.Ap13.349,-0.142659779884243
evm.TU.Ap13.355,-0.158750898213264
evm.TU.Ap13.357,-0.198435952788312
evm.TU.Ap13.363,-0.264982767468313
evm.TU.Ap13.365,0.143525385883612
evm.TU.Ap13.370,-0.200138455364994
evm.TU.Ap13.371,0.0358936146588113
evm.TU.Ap13.372,-0.16829603997935
evm.TU.Ap13.375,-0.0255951693536063
evm.TU.Ap13.380,-0.187007118168375
evm.TU.Ap13.381,0.0662262679339895
evm.TU.Ap13.382,-0.257556750446081
evm.TU.Ap13.387,-0.0819746533371196
evm.TU.Ap13.389,0.109058237072687
evm.TU.Ap13.393,0.0473265643239388
evm.TU.Ap13.397,-0.120876034305126
evm.TU.Ap13.4,0.12476881201461
evm.TU.Ap13.40,0.190891400733194
evm.TU.Ap13.400,0.412452118744166
evm.TU.Ap13.401,-0.320971428670214
evm.TU.Ap13.402,0.106743232364592
evm.TU.Ap13.408,0.0264371319222495
evm.TU.Ap13.412,-0.300337873910655
evm.TU.Ap13.424,-0.367675415885754
evm.TU.Ap13.430,-0.254895026667943
evm.TU.Ap13.432,0.394942711509501
evm.TU.Ap13.435,0.0288886182042745
evm.TU.Ap13.436,-0.0439142499186807
evm.TU.Ap13.439,-0.0790834950694046
evm.TU.Ap13.44,0.0996927660975859
evm.TU.Ap13.442,0.23803840046668
evm.TU.Ap13.444,0.171508882036922
evm.TU.Ap13.446,-0.0329843557366796
evm.TU.Ap13.447,0.113435097120696
evm.TU.Ap13.45,0.0503621807572809
evm.TU.Ap13.46,0.0751255917045921
evm.TU.Ap13.462,0.171173061323307
evm.TU.Ap13.463,0.0272419075813336
evm.TU.Ap13.470,0.396693671594374
evm.TU.Ap13.473,-0.239206646318888
evm.TU.Ap13.484,-0.136616889228286
evm.TU.Ap13.496,-0.0394795764177311
evm.TU.Ap13.501,0.0154274765051728
evm.TU.Ap13.502,-0.176995254138981
evm.TU.Ap13.503,0.0999702685385445
evm.TU.Ap13.504,0.0916873564884593
evm.TU.Ap13.505,-0.0461535224080895
evm.TU.Ap13.506,0.206251603725088
evm.TU.Ap13.508_evm.TU.Ap13.510,0.195656549380139
evm.TU.Ap13.521_evm.TU.Ap13.512,-0.117358294617825
evm.TU.Ap13.528,0.117493521577641
evm.TU.Ap13.534,-0.0362267076207081
evm.TU.Ap13.539,-0.421409282754623
evm.TU.Ap13.543,-0.53402602922027
evm.TU.Ap13.546,-0.369022642838339
evm.TU.Ap13.548,-0.252867616970618
evm.TU.Ap13.550,0.00951098354761144
evm.TU.Ap13.552,-0.0960211730822288
evm.TU.Ap13.553,0.0881659626561752
evm.TU.Ap13.555,0.108688011054062
evm.TU.Ap13.556,-0.0165960618401256
evm.TU.Ap13.59,0.141495083258445
evm.TU.Ap13.60,0.0673886514005212
evm.TU.Ap13.601,0.349747809939997
evm.TU.Ap13.615,-0.113437682009569
evm.TU.Ap13.617,-0.197595716702946
evm.TU.Ap13.634,0.104210687774673
evm.TU.Ap13.638_evm.TU.Ap13.636,-0.0171473181498282
evm.TU.Ap13.64,-0.173759216448551
evm.TU.Ap13.645,0.54804260256756
evm.TU.Ap13.648,0.464492640989016
evm.TU.Ap13.649_evm.TU.Ap13.650,0.0544610869985684
evm.TU.Ap13.651,-0.351062335426004
evm.TU.Ap13.655,-0.165078403350881
evm.TU.Ap13.656,0.0109095052215288
evm.TU.Ap13.66,0.567266863053528
evm.TU.Ap13.660,-0.0261424139525948
evm.TU.Ap13.664,0.173140094886089
evm.TU.Ap13.666,-0.310737918689437
evm.TU.Ap13.668,0.0261948492088064
evm.TU.Ap13.669,0.232965565649106
evm.TU.Ap13.680,0.134122540152895
evm.TU.Ap13.685,-0.0653130654458564
evm.TU.Ap13.688,0.192316655507587
evm.TU.Ap13.69,-0.409069482593444
evm.TU.Ap13.692,0.0903304095610663
evm.TU.Ap13.693,0.183224130085127
evm.TU.Ap13.695,0.0738647331085645
evm.TU.Ap13.70,-0.439805162827602
evm.TU.Ap13.71,-0.241430053098248
evm.TU.Ap13.711,-0.0463028437627473
evm.TU.Ap13.713,-0.0470909235152079
evm.TU.Ap13.715,0.0724563433808935
evm.TU.Ap13.72,-0.183384067404354
evm.TU.Ap13.727,0.199076597606836
evm.TU.Ap13.73,0.0120369110237208
evm.TU.Ap13.737,-0.0643502943745087
evm.TU.Ap13.742,0.229553447790516
evm.TU.Ap13.744,-0.40126050906412
evm.TU.Ap13.75,-0.2672409122006
evm.TU.Ap13.752,0.0223372738998993
evm.TU.Ap13.76,-0.489920185869373
evm.TU.Ap13.763,0.293256991460482
evm.TU.Ap13.769,0.0418474037463468
evm.TU.Ap13.774,-0.0964726378358611
evm.TU.Ap13.778,-0.0710175800459724
evm.TU.Ap13.779,-0.123767885875445
evm.TU.Ap13.782,-0.00662799466658579
evm.TU.Ap13.788,-0.0197196182283399
evm.TU.Ap13.789,-0.0400621850933324
evm.TU.Ap13.790,-0.57797079003656
evm.TU.Ap13.791,0.0838687622712695
evm.TU.Ap13.793_evm.TU.Ap13.794,0.424072436986154
evm.TU.Ap13.795,-0.330898801582703
evm.TU.Ap13.796,-0.27053696598956
evm.TU.Ap13.799,0.265205570991579
evm.TU.Ap13.805,0.0690253861509671
evm.TU.Ap13.810,0.45710237893982
evm.TU.Ap13.817,0.0325880277765988
evm.TU.Ap13.818,-0.141516830646186
evm.TU.Ap13.824,0.0976366050673815
evm.TU.Ap13.827,0.349502261859744
evm.TU.Ap13.83,0.0818977427588377
evm.TU.Ap13.830,0.0392751873547419
evm.TU.Ap13.831,0.25243725809532
evm.TU.Ap13.85,-0.424001505437191
evm.TU.Ap13.86,0.381334484791248
evm.TU.Ap13.87,0.139099311909126
evm.TU.Ap13.870,-0.00225699059472042
evm.TU.Ap13.882,0.0752867178724588
evm.TU.Ap13.884,0.122585716264564
evm.TU.Ap13.885,-0.00356514521486886
evm.TU.Ap13.886,-0.181376120591785
evm.TU.Ap13.888,0.207206773977903
evm.TU.Ap13.893,-0.0913744124637992
evm.TU.Ap13.9,-0.0426157476255511
evm.TU.Ap13.901,-0.238212145677916
evm.TU.Ap13.902,-0.261286997792948
evm.TU.Ap13.903,-0.0836939839901782
evm.TU.Ap13.906,0.00397063672593852
evm.TU.Ap13.908,-0.386615267044611
evm.TU.Ap13.909,0.124558445058405
evm.TU.Ap13.92,0.115017298013818
evm.TU.Ap13.922,-0.0569706565106635
evm.TU.Ap13.923,-0.0122000609714056
evm.TU.Ap13.924,-0.0955611830473017
evm.TU.Ap13.933,-0.141383964055468
evm.TU.Ap13.934,-0.0167792074348247
evm.TU.Ap13.937,-0.29418834634257
evm.TU.Ap13.938,-0.306492302938339
evm.TU.Ap13.939,-0.295493313970577
evm.TU.Ap13.948,-0.0657018462672669
evm.TU.Ap13.956,-0.00396673061210458
evm.TU.Ap13.959,-0.463774052892853
evm.TU.Ap13.968,0.194216645874104
evm.TU.Ap13.971,0.0586492298382517
evm.TU.Ap13.975,-0.345360035059533
evm.TU.Ap13.981,0.127409747604257
evm.TU.Ap13.985,-0.0916679239011218
evm.TU.Ap13.987,0.0340232217546985
evm.TU.Ap13.990,-0.16662642511688
evm.TU.Ap13.996,-0.0915491513511996
evm.TU.Ap13.997,-0.363759441491174
evm.TU.Ap14.1005,-0.00522825165168572
evm.TU.Ap14.1011,-0.221552135055719
evm.TU.Ap14.1015,0.00989929034753182
evm.TU.Ap14.102,0.0951101482547475
evm.TU.Ap14.1022,-0.361833598506379
evm.TU.Ap14.1023,0.30408273213544
evm.TU.Ap14.1024,-0.0359147656125536
evm.TU.Ap14.1029,-0.048348544856361
evm.TU.Ap14.1031,0.114254662733815
evm.TU.Ap14.1034,0.00581895329720127
evm.TU.Ap14.1035,-0.0812245651294004
evm.TU.Ap14.1036,0.0084382014963803
evm.TU.Ap14.1057,0.334406142495572
evm.TU.Ap14.106,0.0202835431774393
evm.TU.Ap14.1062,-0.0292375299647287
evm.TU.Ap14.1068,-0.115054580266932
evm.TU.Ap14.1071,-0.0226050681428654
evm.TU.Ap14.1085,0.131915940023823
evm.TU.Ap14.1091,0.0187397403334877
evm.TU.Ap14.110,0.188019937199863
evm.TU.Ap14.1101,-0.131963543894919
evm.TU.Ap14.1106,-0.0234825316074233
evm.TU.Ap14.1111,0.0336652462022169
evm.TU.Ap14.1116,-0.271465961049845
evm.TU.Ap14.1119,-0.132943538376041
evm.TU.Ap14.112,-0.301445153243033
evm.TU.Ap14.1123,0.0118410804196893
evm.TU.Ap14.1124,-0.094302461372958
evm.TU.Ap14.1125,-0.206537566958706
evm.TU.Ap14.1126,-0.286000594381571
evm.TU.Ap14.1127,-0.0726420364451281
evm.TU.Ap14.1128,-0.0243493171684043
evm.TU.Ap14.1129,-0.0545330412140146
evm.TU.Ap14.1133,0.182187428710955
evm.TU.Ap14.1135,0.0797605138488168
evm.TU.Ap14.1136,0.0302590815189288
evm.TU.Ap14.1140,-0.272781090439511
evm.TU.Ap14.1142,-0.210779935363552
evm.TU.Ap14.1147,-0.161176001092342
evm.TU.Ap14.1157,-0.105348251833283
evm.TU.Ap14.1159,-0.0979419268967332
evm.TU.Ap14.116,-0.284085373726977
evm.TU.Ap14.1160,0.275358702065008
evm.TU.Ap14.1162,0.287530818546993
evm.TU.Ap14.1172,-0.214810113845666
evm.TU.Ap14.121,-0.151383686685217
evm.TU.Ap14.1225,0.12617435602148
evm.TU.Ap14.1227,-0.130557945271091
evm.TU.Ap14.1228_evm.TU.Ap14.1229,-0.0194918734155322
evm.TU.Ap14.1230,-0.25480835560651
evm.TU.Ap14.1232,0.0469592096415068
evm.TU.Ap14.1233,0.321994524839261
evm.TU.Ap14.1234,0.229623956159237
evm.TU.Ap14.1237,0.112210786149846
evm.TU.Ap14.124,-0.228958572720645
evm.TU.Ap14.1243,0.107194196963444
evm.TU.Ap14.1245,0.0113823504254047
evm.TU.Ap14.1251,0.254819114779436
evm.TU.Ap14.1254,0.224950782447933
evm.TU.Ap14.1255,0.0123286870284142
evm.TU.Ap14.1257,0.300115330649471
evm.TU.Ap14.1261,-0.118125307242705
evm.TU.Ap14.1262,-0.0611863423614159
evm.TU.Ap14.1274,-0.0375903341969863
evm.TU.Ap14.1275,0.00943656104804983
evm.TU.Ap14.1276,0.10739240628881
evm.TU.Ap14.1278,-0.526074810475399
evm.TU.Ap14.1282,0.170678329114368
evm.TU.Ap14.1289,-0.281033469182157
evm.TU.Ap14.1295,-0.0631032260392991
evm.TU.Ap14.1296,-0.243918642457806
evm.TU.Ap14.13,-0.110018104186892
evm.TU.Ap14.1300,-0.200965489249802
evm.TU.Ap14.1301,0.0423958932387561
evm.TU.Ap14.1302,-0.12819628375653
evm.TU.Ap14.1303,0.250260217628883
evm.TU.Ap14.1307,-0.169839309457676
evm.TU.Ap14.1319,-0.036799076922184
evm.TU.Ap14.133_evm.TU.Ap14.134,-0.0784242624708049
evm.TU.Ap14.1355,-0.197871017426511
evm.TU.Ap14.1356,-0.200016068349592
evm.TU.Ap14.1357,-0.142347446434538
evm.TU.Ap14.1361,0.0196630307053898
evm.TU.Ap14.1365,-0.152250070262803
evm.TU.Ap14.1366,-0.132406276273334
evm.TU.Ap14.137,-0.235322875395794
evm.TU.Ap14.1385,-0.24827842607678
evm.TU.Ap14.1390,0.0309516040507706
evm.TU.Ap14.1398,0.165950100454499
evm.TU.Ap14.140,0.287022691613727
evm.TU.Ap14.1406,-0.0300149202817257
evm.TU.Ap14.141,0.129123323708965
evm.TU.Ap14.142,0.294708861425281
evm.TU.Ap14.1423,0.00174567398389967
evm.TU.Ap14.1426,-0.215929183171798
evm.TU.Ap14.1433,-0.0250991835137631
evm.TU.Ap14.1434,-0.0935461855954986
evm.TU.Ap14.1444,-0.22781841993011
evm.TU.Ap14.145,0.202913641736762
evm.TU.Ap14.1452,0.120626225923772
evm.TU.Ap14.1454,-0.0379119188543937
evm.TU.Ap14.1458,0.15895896006858
evm.TU.Ap14.1463,-0.0522720823347034
evm.TU.Ap14.1470,-0.211419627638606
evm.TU.Ap14.1486,-0.251967344991811
evm.TU.Ap14.1489,0.290898922009745
evm.TU.Ap14.1491,-0.207964126157666
evm.TU.Ap14.1494,-0.0498874349208088
evm.TU.Ap14.1495,0.474055602554587
evm.TU.Ap14.1496,0.306471716900726
evm.TU.Ap14.1498,-0.0496451919407969
evm.TU.Ap14.150,-0.0524251773456626
evm.TU.Ap14.1500,0.125194097525078
evm.TU.Ap14.1501,-0.376788287486556
evm.TU.Ap14.1502,0.0291790568774987
evm.TU.Ap14.1510,-0.260428930546761
evm.TU.Ap14.1525,-0.115821513379162
evm.TU.Ap14.1530,0.132984675684353
evm.TU.Ap14.1533,-0.235384682550468
evm.TU.Ap14.1544,-0.0367505202594264
evm.TU.Ap14.1545,0.0590778989643646
evm.TU.Ap14.1546,-0.0276231787819662
evm.TU.Ap14.155,-0.151299698500581
evm.TU.Ap14.1559,-0.270763044677249
evm.TU.Ap14.156,0.105950324298294
evm.TU.Ap14.157,-0.317840962146029
evm.TU.Ap14.1575,0.14125620564507
evm.TU.Ap14.1583,0.113970388432538
evm.TU.Ap14.1586,-0.0692423399727972
evm.TU.Ap14.159,-0.240821864072043
evm.TU.Ap14.1595,0.267137599868404
evm.TU.Ap14.1597,-0.399800473325983
evm.TU.Ap14.1598,-0.69602409319294
evm.TU.Ap14.1599,-0.405815617265727
evm.TU.Ap14.160,0.0217853531259525
evm.TU.Ap14.1604,0.091382243733423
evm.TU.Ap14.1606,-0.000355721134692888
evm.TU.Ap14.1608,0.182599488269527
evm.TU.Ap14.1612,0.11889701617247
evm.TU.Ap14.1614,0.192765635093984
evm.TU.Ap14.1617,0.184031025118727
evm.TU.Ap14.1619,-0.267282376323505
evm.TU.Ap14.1623,0.163989035980161
evm.TU.Ap14.1625,0.0530313413644005
evm.TU.Ap14.1628,0.12584372861279
evm.TU.Ap14.1629,0.0405884301669681
evm.TU.Ap14.1630,-0.100081884133563
evm.TU.Ap14.1635,-0.0552244492520609
evm.TU.Ap14.1636,0.0813404388441383
evm.TU.Ap14.1637,-0.177557249059642
evm.TU.Ap14.1640,-0.15988831876421
evm.TU.Ap14.1646_evm.TU.Ap14.1645,0.0666538921679901
evm.TU.Ap14.1649,-0.0446081231312954
evm.TU.Ap14.1651,-0.120130440826243
evm.TU.Ap14.1658,-0.0782400459910766
evm.TU.Ap14.1659,-0.381108707928849
evm.TU.Ap14.1666,0.391106531785932
evm.TU.Ap14.1676,-0.066986079602567
evm.TU.Ap14.1677,-0.102452863688032
evm.TU.Ap14.1682,0.376037341131871
evm.TU.Ap14.1683,0.128740236794468
evm.TU.Ap14.1685,-0.202207566857317
evm.TU.Ap14.1686,-0.00646843152038862
evm.TU.Ap14.1690,0.189961573368552
evm.TU.Ap14.1692,-0.266800498208271
evm.TU.Ap14.1696,0.103034714487491
evm.TU.Ap14.17,0.231537012501215
evm.TU.Ap14.1702,-0.354101099946015
evm.TU.Ap14.1703,-0.334592154180291
evm.TU.Ap14.1704,0.292912359558758
evm.TU.Ap14.1707,0.0147304656343923
evm.TU.Ap14.1717,0.348228291585789
evm.TU.Ap14.1718,0.0903650685995255
evm.TU.Ap14.1719,0.192484102276274
evm.TU.Ap14.1720,0.195048023543885
evm.TU.Ap14.1722_evm.TU.Ap14.1743,-0.0262288646177347
evm.TU.Ap14.174,-0.285472540180018
evm.TU.Ap14.1747,-0.29096351833912
evm.TU.Ap14.1751,0.0943937967039549
evm.TU.Ap14.1755,-0.324564957687939
evm.TU.Ap14.1757,-0.307995870636339
evm.TU.Ap14.1758,-0.00346067143166086
evm.TU.Ap14.1759,-0.0688934099320391
evm.TU.Ap14.1764,0.16587048602796
evm.TU.Ap14.1765,0.186012883840608
evm.TU.Ap14.1766,0.272562625463698
evm.TU.Ap14.1778,-0.142586165141433
evm.TU.Ap14.178,0.0998289981593353
evm.TU.Ap14.1786,0.0930180391589066
evm.TU.Ap14.1787,-0.511698017143229
evm.TU.Ap14.179,0.106880475227333
evm.TU.Ap14.1790,0.180016990021833
evm.TU.Ap14.1794,-0.365107262236303
evm.TU.Ap14.1796,-0.21689761273876
evm.TU.Ap14.18,0.236032119259252
evm.TU.Ap14.1806,-0.107833492319354
evm.TU.Ap14.1807,-0.0566865856515683
evm.TU.Ap14.1808,0.0533787079260703
evm.TU.Ap14.181,0.172260225838685
evm.TU.Ap14.1812,-0.0849723983180127
evm.TU.Ap14.1815,-0.0634873308476724
evm.TU.Ap14.1818,-0.19949587767147
evm.TU.Ap14.182,0.125189085729695
evm.TU.Ap14.185,0.149545528666154
evm.TU.Ap14.1851,0.20415851006359
evm.TU.Ap14.1858,-0.0499750950907697
evm.TU.Ap14.186,0.0828104764713298
evm.TU.Ap14.1861,-0.14549457659693
evm.TU.Ap14.1866,-0.224553701893421
evm.TU.Ap14.1868,-0.103497314554746
evm.TU.Ap14.1870,-0.469610529239222
evm.TU.Ap14.1877,0.201433774284323
evm.TU.Ap14.1878,-0.249727603533046
evm.TU.Ap14.1879,-0.045775513361807
evm.TU.Ap14.1882,-0.186953341446206
evm.TU.Ap14.1883,-0.195145296661798
evm.TU.Ap14.1887,0.00870371626531044
evm.TU.Ap14.1889,-0.134449551448008
evm.TU.Ap14.189,0.0598504719610964
evm.TU.Ap14.1890,0.165652215706914
evm.TU.Ap14.1891,0.36404400502009
evm.TU.Ap14.1896,-0.380516612754403
evm.TU.Ap14.1897,0.138980721255467
evm.TU.Ap14.19,0.0765068745883885
evm.TU.Ap14.190,0.120132502551192
evm.TU.Ap14.1900,0.306448363614659
evm.TU.Ap14.1904,0.319342540374103
evm.TU.Ap14.1917,-0.115265814137577
evm.TU.Ap14.1918,0.186066426005566
evm.TU.Ap14.1922,0.00633328079549285
evm.TU.Ap14.1923,0.0322030762565358
evm.TU.Ap14.1925,0.250600803962153
evm.TU.Ap14.1928,-0.0462827262939267
evm.TU.Ap14.1929,0.408849365122276
evm.TU.Ap14.1930,0.261904115665433
evm.TU.Ap14.1933,0.0100763844706331
evm.TU.Ap14.1944,-0.0985660863496704
evm.TU.Ap14.1947,-0.0289277747985251
evm.TU.Ap14.1949,0.287838543245601
evm.TU.Ap14.1950,0.328613632520991
evm.TU.Ap14.1951,0.0908403331434894
evm.TU.Ap14.1952,0.160653523347767
evm.TU.Ap14.1953,0.104638002685388
evm.TU.Ap14.1963,-0.00289216699827458
evm.TU.Ap14.1968,-0.386149574156463
evm.TU.Ap14.1969,0.243284088212262
evm.TU.Ap14.1971,0.13938509572876
evm.TU.Ap14.1973,-0.137654007131605
evm.TU.Ap14.1984,-0.140593192977603
evm.TU.Ap14.1985,0.133227129215452
evm.TU.Ap14.1989,-0.0338283394113655
evm.TU.Ap14.1996,0.135261141506615
evm.TU.Ap14.2003,0.31255790162251
evm.TU.Ap14.2006,-0.0489944996414442
evm.TU.Ap14.2008,0.094309962575103
evm.TU.Ap14.2012,0.135454468459935
evm.TU.Ap14.2013,0.688777460862037
evm.TU.Ap14.2017,0.111878208664355
evm.TU.Ap14.2019,-0.295462466898699
evm.TU.Ap14.202,-0.0051452511586761
evm.TU.Ap14.2023,-0.294826941703494
evm.TU.Ap14.2025,0.11054198568786
evm.TU.Ap14.2026,0.302301986114703
evm.TU.Ap14.2027,-0.196046859537136
evm.TU.Ap14.2028,-0.0459484400274396
evm.TU.Ap14.2030,-0.19005334620817
evm.TU.Ap14.2039,-0.0343904518642162
evm.TU.Ap14.2041,-0.291824977876157
evm.TU.Ap14.2044,0.136346441242337
evm.TU.Ap14.205,-0.0233306533027528
evm.TU.Ap14.2050,0.187190952023125
evm.TU.Ap14.2051,0.037772324985991
evm.TU.Ap14.2053,0.177009571075214
evm.TU.Ap14.2066,0.00232164988057925
evm.TU.Ap14.2074,0.0991570661082538
evm.TU.Ap14.208,-0.061027705070514
evm.TU.Ap14.210,-0.0256251661189989
evm.TU.Ap14.211,-0.14461422901781
evm.TU.Ap14.212,-0.119478697476651
evm.TU.Ap14.213,0.114974557039407
evm.TU.Ap14.215,0.322579801725146
evm.TU.Ap14.216,-0.145833266091309
evm.TU.Ap14.217,-0.33660930243252
evm.TU.Ap14.222,-0.373351998235049
evm.TU.Ap14.225,-0.0242742934620467
evm.TU.Ap14.226,-0.175759812812538
evm.TU.Ap14.230,-0.00346524067038241
evm.TU.Ap14.237,-0.144300780525428
evm.TU.Ap14.238,0.108775889265681
evm.TU.Ap14.242,0.365949068512588
evm.TU.Ap14.243,0.0246322322446061
evm.TU.Ap14.247,0.173078662266611
evm.TU.Ap14.252,0.000174156031340682
evm.TU.Ap14.254,0.254189330106159
evm.TU.Ap14.258,-0.158227928550529
evm.TU.Ap14.259,-0.169644765285777
evm.TU.Ap14.26,-0.168159258266605
evm.TU.Ap14.268,-0.0546654256497155
evm.TU.Ap14.270,-0.242800607179268
evm.TU.Ap14.277,0.0647392367150591
evm.TU.Ap14.281,-0.213812730137419
evm.TU.Ap14.29,0.172000025988264
evm.TU.Ap14.295,-0.0302043442312429
evm.TU.Ap14.296,-0.156852576412489
evm.TU.Ap14.298,-0.277102006820178
evm.TU.Ap14.299,-0.237211324496514
evm.TU.Ap14.3,0.107898553848584
evm.TU.Ap14.304,-0.0913724391543358
evm.TU.Ap14.305,0.00826169174029868
evm.TU.Ap14.306,0.0697880078655484
evm.TU.Ap14.310,-0.0649089377096463
evm.TU.Ap14.311,0.117871863491672
evm.TU.Ap14.322,-0.35209079441572
evm.TU.Ap14.323,-0.0304141277576652
evm.TU.Ap14.325,-0.116597538135635
evm.TU.Ap14.326,0.168138192797886
evm.TU.Ap14.328,0.225993450865527
evm.TU.Ap14.329,-0.239581830016379
evm.TU.Ap14.331,0.278811587043903
evm.TU.Ap14.334,-0.327925192344718
evm.TU.Ap14.335,-0.0877021753898711
evm.TU.Ap14.337,-0.20492217378337
evm.TU.Ap14.338,0.0418723967851237
evm.TU.Ap14.339,0.139872835262013
evm.TU.Ap14.345,-0.0370127413206784
evm.TU.Ap14.346,0.81872786897798
evm.TU.Ap14.347,-0.00319027740284883
evm.TU.Ap14.356,-0.394671680421044
evm.TU.Ap14.357,-0.221121017265276
evm.TU.Ap14.358,-0.223686344470513
evm.TU.Ap14.359,-0.216680045013817
evm.TU.Ap14.368,-0.211811019501066
evm.TU.Ap14.380,-0.128748689803485
evm.TU.Ap14.381,-0.060156119268363
evm.TU.Ap14.384,-0.146201186310161
evm.TU.Ap14.385,-0.36162445874863
evm.TU.Ap14.386,-0.138389330975064
evm.TU.Ap14.387,-0.07786267739732
evm.TU.Ap14.390,0.784010353887044
evm.TU.Ap14.393,0.565525200748204
evm.TU.Ap14.396,-0.207333097933326
evm.TU.Ap14.4,-0.071097214647484
evm.TU.Ap14.401,-0.102824269125106
evm.TU.Ap14.419,0.0780979228216482
evm.TU.Ap14.426,0.0102662018803026
evm.TU.Ap14.428,0.108937202471834
evm.TU.Ap14.429,0.488732472892176
evm.TU.Ap14.430,0.157284856896526
evm.TU.Ap14.431,0.138078728342553
evm.TU.Ap14.432,0.0263259194779643
evm.TU.Ap14.433,0.0102190472528703
evm.TU.Ap14.435,0.639374252908574
evm.TU.Ap14.436,0.130764841184867
evm.TU.Ap14.437,-0.295934828655673
evm.TU.Ap14.440,0.0771010307657598
evm.TU.Ap14.441,-0.162513593918525
evm.TU.Ap14.444,0.199254112540899
evm.TU.Ap14.445,0.391533626420036
evm.TU.Ap14.446,0.576786734258333
evm.TU.Ap14.45,-0.0765648179730654
evm.TU.Ap14.451,-0.356536247181489
evm.TU.Ap14.457,-0.272884458468095
evm.TU.Ap14.464,-0.232030696994607
evm.TU.Ap14.466,-0.17573854759834
evm.TU.Ap14.467,-0.105409125477055
evm.TU.Ap14.468,-0.0209762721090395
evm.TU.Ap14.470,-0.487714409515217
evm.TU.Ap14.472,-0.363727649830154
evm.TU.Ap14.475,-0.273323899395158
evm.TU.Ap14.491,0.249256866474227
evm.TU.Ap14.497,-0.469033367696134
evm.TU.Ap14.498,-0.165113439024057
evm.TU.Ap14.50,-0.226930759586638
evm.TU.Ap14.500,-0.447068228089419
evm.TU.Ap14.501,-0.151208548664135
evm.TU.Ap14.502,-0.0505156542466113
evm.TU.Ap14.503,-0.0532347753133066
evm.TU.Ap14.504,0.0972600519418078
evm.TU.Ap14.506,0.0368376925322777
evm.TU.Ap14.509,0.121313034448158
evm.TU.Ap14.51,-0.226596448215409
evm.TU.Ap14.514,0.15278837288909
evm.TU.Ap14.516,-0.0755492937190071
evm.TU.Ap14.522,-0.0264824677405137
evm.TU.Ap14.53,-0.165265322898782
evm.TU.Ap14.539,-0.208062858483142
evm.TU.Ap14.552_evm.TU.Ap14.553,0.00412077685585536
evm.TU.Ap14.56,0.0234949575490145
evm.TU.Ap14.560,-0.131974351822272
evm.TU.Ap14.565,0.579077889369656
evm.TU.Ap14.573,0.263050105818484
evm.TU.Ap14.577,0.108168904435906
evm.TU.Ap14.579,0.22215010149207
evm.TU.Ap14.58,-0.418925108503799
evm.TU.Ap14.580,-0.000894908957258347
evm.TU.Ap14.581,0.106748017102441
evm.TU.Ap14.585,-0.0702409225102331
evm.TU.Ap14.592,0.227913317530719
evm.TU.Ap14.6,-0.204669988464445
evm.TU.Ap14.60,-0.100503705906065
evm.TU.Ap14.604,0.0903137026140948
evm.TU.Ap14.609,0.130928084063699
evm.TU.Ap14.623,0.255751272210787
evm.TU.Ap14.624,0.187239253409454
evm.TU.Ap14.63,0.0663191670334617
evm.TU.Ap14.64,-0.039859230341267
evm.TU.Ap14.66,-0.43452905920952
evm.TU.Ap14.666,0.0222473285861719
evm.TU.Ap14.679,-0.280337279130102
evm.TU.Ap14.68,0.255455761907445
evm.TU.Ap14.694,-0.139674577730121
evm.TU.Ap14.699,-0.0130415578162422
evm.TU.Ap14.7,0.0602155546426885
evm.TU.Ap14.70,-0.288728521365102
evm.TU.Ap14.700,0.0162328426992956
evm.TU.Ap14.702,-0.18953238052887
evm.TU.Ap14.703,-0.185134068621248
evm.TU.Ap14.705,-0.071120019897229
evm.TU.Ap14.706,-0.0307535671333529
evm.TU.Ap14.711,-0.192750908783592
evm.TU.Ap14.713,-0.218508988366736
evm.TU.Ap14.714,-0.112412703205154
evm.TU.Ap14.715,0.093263543413948
evm.TU.Ap14.722,-0.109744758908563
evm.TU.Ap14.724,0.356269686855254
evm.TU.Ap14.725,0.748865283251985
evm.TU.Ap14.727,0.736214205941413
evm.TU.Ap14.732,-0.104892474142519
evm.TU.Ap14.733,-0.135905672364757
evm.TU.Ap14.737,-0.317716706627348
evm.TU.Ap14.740,-0.148275712840157
evm.TU.Ap14.741,0.0774759708388436
evm.TU.Ap14.746,-0.0276499397468339
evm.TU.Ap14.749,0.116905438824257
evm.TU.Ap14.750,-0.033658111155022
evm.TU.Ap14.752,0.401905365702067
evm.TU.Ap14.754,-0.0356365683077419
evm.TU.Ap14.755,0.175379899281866
evm.TU.Ap14.765,0.067930931136343
evm.TU.Ap14.768_evm.TU.Ap14.780,0.0575931338310384
evm.TU.Ap14.77,-0.0440940299038439
evm.TU.Ap14.78,-0.117585721263508
evm.TU.Ap14.783,-0.106977361273152
evm.TU.Ap14.785,-0.251692390443481
evm.TU.Ap14.787,-0.222455542334111
evm.TU.Ap14.789,0.00216383636110017
evm.TU.Ap14.791,-0.0477013981573323
evm.TU.Ap14.793,0.0289174605113998
evm.TU.Ap14.797,0.09116042084035
evm.TU.Ap14.8,0.135105355109893
evm.TU.Ap14.808,0.159890362459348
evm.TU.Ap14.809,-0.277042064160809
evm.TU.Ap14.814,0.223297209553656
evm.TU.Ap14.815,0.0329731686956706
evm.TU.Ap14.817,-0.00853814754329879
evm.TU.Ap14.818,0.383531049512237
evm.TU.Ap14.819,0.0444545351127297
evm.TU.Ap14.82,0.243546452426705
evm.TU.Ap14.829,-0.00578046637031386
evm.TU.Ap14.830,0.043700110718651
evm.TU.Ap14.836,0.205191468395859
evm.TU.Ap14.842,0.0950567077852996
evm.TU.Ap14.845,0.295643108835694
evm.TU.Ap14.846,0.021006923244963
evm.TU.Ap14.847,0.188831696914377
evm.TU.Ap14.85,-0.388807571285207
evm.TU.Ap14.855,-0.194346567584486
evm.TU.Ap14.857,0.114711912174274
evm.TU.Ap14.867,0.019124575347573
evm.TU.Ap14.869,0.0560316736719109
evm.TU.Ap14.87,-0.047502144856938
evm.TU.Ap14.871,-0.273555685992838
evm.TU.Ap14.874,-0.146748838112406
evm.TU.Ap14.88,-0.241865001891369
evm.TU.Ap14.89,0.255890526812868
evm.TU.Ap14.891,0.401475032329717
evm.TU.Ap14.892,-0.149478165563827
evm.TU.Ap14.895,-0.257048123104024
evm.TU.Ap14.896,-0.207428963791929
evm.TU.Ap14.9,0.270731680433762
evm.TU.Ap14.90,-0.201385957760968
evm.TU.Ap14.908,0.175651122094898
evm.TU.Ap14.909,-0.00192418269279538
evm.TU.Ap14.912,0.198926903765811
evm.TU.Ap14.914,0.0640003073239665
evm.TU.Ap14.922,-0.139337806071547
evm.TU.Ap14.923,0.227266027419168
evm.TU.Ap14.924,-0.255332637171439
evm.TU.Ap14.927,-0.223460194567169
evm.TU.Ap14.931,-0.07559639124823
evm.TU.Ap14.933,0.0595807387695786
evm.TU.Ap14.934,0.17647704965469
evm.TU.Ap14.947,0.256680499575956
evm.TU.Ap14.951,0.00491809989548218
evm.TU.Ap14.954,0.0251660237221443
evm.TU.Ap14.956,-0.102087253042265
evm.TU.Ap14.96,-0.134087358330448
evm.TU.Ap14.964,-0.256695197683029
evm.TU.Ap14.97,-0.191415330256272
evm.TU.Ap14.970,-0.252956362330118
evm.TU.Ap14.972,0.166646638032128
evm.TU.Ap14.973,-0.0438122123591647
evm.TU.Ap14.974,0.27646564245256
evm.TU.Ap14.976,-0.0289362959893933
evm.TU.Ap14.977,-0.00824475289355049
evm.TU.Ap14.979,0.0287425557308093
evm.TU.Ap14.98,-0.172750222253889
evm.TU.Ap14.985,0.0287563607441814
evm.TU.Ap14.988,0.253241350527366
evm.TU.Ap14.993,0.114679052420551
evm.TU.Ap14.995,0.522630719563263
evm.TU.Ap2.1,-0.275900639196926
evm.TU.Ap2.10,-0.233011737084399
evm.TU.Ap2.1000,0.461679533410545
evm.TU.Ap2.1004,0.455993224588522
evm.TU.Ap2.1005,0.11336429127653
evm.TU.Ap2.1033,0.0289439767009826
evm.TU.Ap2.1035,0.0580383163056258
evm.TU.Ap2.1038,-0.266469815671979
evm.TU.Ap2.1039,-0.00649549048895761
evm.TU.Ap2.1040,0.00493677517830464
evm.TU.Ap2.1042,0.0912143881981275
evm.TU.Ap2.1043,0.0118481213575964
evm.TU.Ap2.1046,-0.134093250884977
evm.TU.Ap2.1047,-0.227946124604588
evm.TU.Ap2.1056,-0.199688441274536
evm.TU.Ap2.1057,-0.363488810305966
evm.TU.Ap2.1071_evm.TU.Ap2.1061,-0.277215849589998
evm.TU.Ap2.1072_evm.TU.Ap2.1076,-0.380884082460741
evm.TU.Ap2.1079,-0.026309898251948
evm.TU.Ap2.1080,-0.224000680500087
evm.TU.Ap2.1087,0.216542628342261
evm.TU.Ap2.1095,0.308133104752761
evm.TU.Ap2.1096,-0.0117708098924438
evm.TU.Ap2.11,0.0306232266971103
evm.TU.Ap2.1100,0.168245761023946
evm.TU.Ap2.1105,0.13414338059645
evm.TU.Ap2.1109,-0.0148676739658626
evm.TU.Ap2.111,-0.0760951278352401
evm.TU.Ap2.1121,-0.105907911696207
evm.TU.Ap2.113,0.0923734861735199
evm.TU.Ap2.1135,-0.460308789000406
evm.TU.Ap2.1136,0.0761905247891064
evm.TU.Ap2.1137,-0.044257504714214
evm.TU.Ap2.1139,-0.549008703225331
evm.TU.Ap2.1140,0.148757902641864
evm.TU.Ap2.1141,-0.203209454503416
evm.TU.Ap2.1143,-0.215665172417188
evm.TU.Ap2.1146,-0.221668063382502
evm.TU.Ap2.1148,-0.0226763691421803
evm.TU.Ap2.1149,0.0574209008986783
evm.TU.Ap2.1151,-0.16243282584725
evm.TU.Ap2.1154,-0.274543121559681
evm.TU.Ap2.1165,-0.0155440069750817
evm.TU.Ap2.1166,0.327100221054161
evm.TU.Ap2.1171,-0.216123183425074
evm.TU.Ap2.1180,0.123004864526895
evm.TU.Ap2.1190,-0.0651607076406085
evm.TU.Ap2.1191,-0.0728904288754739
evm.TU.Ap2.1192,0.185928253504421
evm.TU.Ap2.1193,0.0724292636079224
evm.TU.Ap2.1194,-0.101198327614141
evm.TU.Ap2.1196,-0.0142698120901318
evm.TU.Ap2.1197,0.0367623981297203
evm.TU.Ap2.1198,0.184328315749698
evm.TU.Ap2.1199,-0.183140618308008
evm.TU.Ap2.1203,-0.0676917211766358
evm.TU.Ap2.1204,-0.18492489896641
evm.TU.Ap2.1210,-0.109673897920365
evm.TU.Ap2.1214,-0.109023077936113
evm.TU.Ap2.1215,-0.225322817790492
evm.TU.Ap2.1219,0.0916420028860603
evm.TU.Ap2.1221,-0.0263598127361403
evm.TU.Ap2.1230,-0.438706517418569
evm.TU.Ap2.1232,0.637723999357673
evm.TU.Ap2.1233,0.117904354609365
evm.TU.Ap2.1235,0.519547015365622
evm.TU.Ap2.1236,0.0821514185583903
evm.TU.Ap2.1237,-0.249688668733702
evm.TU.Ap2.1238,0.085884836627883
evm.TU.Ap2.1239,-0.129910729655695
evm.TU.Ap2.1240,-0.212059440076171
evm.TU.Ap2.1245,-0.133051682773837
evm.TU.Ap2.1246,-0.0622418800865902
evm.TU.Ap2.1256,-0.276514287777519
evm.TU.Ap2.1258,0.0282394611545303
evm.TU.Ap2.1275,-0.0252774234766974
evm.TU.Ap2.1276,0.0871034553295458
evm.TU.Ap2.1277,-0.148054291538332
evm.TU.Ap2.1281,0.066845530113328
evm.TU.Ap2.1282,-0.355012749576456
evm.TU.Ap2.1320,-0.0703099214573314
evm.TU.Ap2.1328,-0.250677375592969
evm.TU.Ap2.135,-0.0480971359270705
evm.TU.Ap2.1351,0.161084403933776
evm.TU.Ap2.1356,-0.146381878796493
evm.TU.Ap2.139,-0.0432104282048652
evm.TU.Ap2.1390,0.00392218177905799
evm.TU.Ap2.1392,-0.0915742793740537
evm.TU.Ap2.1394,0.000321031412319042
evm.TU.Ap2.1397,0.0951626420139241
evm.TU.Ap2.1399,-0.0846073854575323
evm.TU.Ap2.1400,-0.130417511116666
evm.TU.Ap2.141,-0.0944226422578546
evm.TU.Ap2.1410,-0.201448277167263
evm.TU.Ap2.1412,0.380409215159331
evm.TU.Ap2.1415,0.140657792962263
evm.TU.Ap2.1416,0.0503621397412148
evm.TU.Ap2.1417,0.000983723986908166
evm.TU.Ap2.1419,-0.0398620057587496
evm.TU.Ap2.1427,-0.535142819154477
evm.TU.Ap2.1429,-0.0809198070141448
evm.TU.Ap2.1431,-0.0337242152848109
evm.TU.Ap2.1433,-0.0245173281684092
evm.TU.Ap2.1435,0.407729287044869
evm.TU.Ap2.1436,0.107460093954124
evm.TU.Ap2.1438,-0.262799104768134
evm.TU.Ap2.144,0.125428396663855
evm.TU.Ap2.1442,-0.00435267582670088
evm.TU.Ap2.1445,-0.0257199287451526
evm.TU.Ap2.1446,0.0226757898847146
evm.TU.Ap2.1447,0.0471851566314912
evm.TU.Ap2.145,0.375234012793494
evm.TU.Ap2.1450,-0.318974288755858
evm.TU.Ap2.1451,0.560435131311329
evm.TU.Ap2.1453,0.374780533600445
evm.TU.Ap2.1454_evm.TU.Ap2.1456,0.077885266305198
evm.TU.Ap2.1457,-0.224107466923987
evm.TU.Ap2.1458,0.152237971902789
evm.TU.Ap2.1459,-0.0849391357787715
evm.TU.Ap2.1460,-0.0966147952239682
evm.TU.Ap2.1461,0.22463092377957
evm.TU.Ap2.1464,0.0234174464869446
evm.TU.Ap2.1474,0.143350162818008
evm.TU.Ap2.1475,0.0851578545218085
evm.TU.Ap2.1476,-0.0106133668775668
evm.TU.Ap2.1477,-0.168310207656768
evm.TU.Ap2.1478,0.0644576303751538
evm.TU.Ap2.1479,-0.103482346697453
evm.TU.Ap2.1480,-0.180016539156458
evm.TU.Ap2.1481,-0.335837112325991
evm.TU.Ap2.1482,0.270074093265828
evm.TU.Ap2.1484,0.423242662132701
evm.TU.Ap2.1488,0.245381282919023
evm.TU.Ap2.1491,0.228853795640228
evm.TU.Ap2.1492,-0.00991322522909668
evm.TU.Ap2.1495,-0.0592525716333503
evm.TU.Ap2.1507,-0.0888473289494921
evm.TU.Ap2.1508,-0.163682177260005
evm.TU.Ap2.1510,-0.150463879603926
evm.TU.Ap2.1513,-0.264256778864152
evm.TU.Ap2.1514,-0.100366312652509
evm.TU.Ap2.1515,-0.202825003714777
evm.TU.Ap2.1519,-0.368423335313033
evm.TU.Ap2.1524,-0.203831104906708
evm.TU.Ap2.1525_evm.TU.Ap2.1530,0.0454783251835196
evm.TU.Ap2.153,0.0951894475991135
evm.TU.Ap2.1533,-0.3925282916883
evm.TU.Ap2.1535,0.0512364396527887
evm.TU.Ap2.1537,0.111406423379748
evm.TU.Ap2.1539,-0.00898586327413942
evm.TU.Ap2.154,-0.00654011794986416
evm.TU.Ap2.1542,0.251607907153265
evm.TU.Ap2.1543,0.356258468718387
evm.TU.Ap2.1556,-0.279915463682413
evm.TU.Ap2.1557,-0.1265895568978
evm.TU.Ap2.1561,-0.177930028381521
evm.TU.Ap2.1563,0.235614439166691
evm.TU.Ap2.1566,-0.227535615733588
evm.TU.Ap2.1570,0.0247538424163765
evm.TU.Ap2.1572,-0.211826681844149
evm.TU.Ap2.1573,-0.265440174040236
evm.TU.Ap2.1574,0.112301607854586
evm.TU.Ap2.1575,0.355090459234422
evm.TU.Ap2.1580,0.44182865716825
evm.TU.Ap2.1592,-0.305332501176137
evm.TU.Ap2.1601,-0.092119710445675
evm.TU.Ap2.1612,0.103264121215446
evm.TU.Ap2.1616,-0.0144451840809719
evm.TU.Ap2.1618,0.325398016063239
evm.TU.Ap2.1623,1.79532345237236e-05
evm.TU.Ap2.1625,-0.0678380644405233
evm.TU.Ap2.1626,0.0291771501613929
evm.TU.Ap2.1627,-0.230093591280732
evm.TU.Ap2.1629,-0.142872419419731
evm.TU.Ap2.1631,-0.054226804310922
evm.TU.Ap2.1638,0.194242722710227
evm.TU.Ap2.1639,0.0418217609068557
evm.TU.Ap2.1640,-0.124571030784399
evm.TU.Ap2.1641,-0.161152196541881
evm.TU.Ap2.1644,-0.478579619858706
evm.TU.Ap2.1648,-0.0352812041897107
evm.TU.Ap2.1649,0.00620173042013763
evm.TU.Ap2.1651,-0.11824635807363
evm.TU.Ap2.1662,-0.0074488665300175
evm.TU.Ap2.1663,-0.151316117411577
evm.TU.Ap2.1667,0.278343665935408
evm.TU.Ap2.1668,0.134178713182579
evm.TU.Ap2.1692_evm.TU.Ap2.1694,-0.0767895584289637
evm.TU.Ap2.1697,0.0262175537255279
evm.TU.Ap2.1699,0.360428104321431
evm.TU.Ap2.17,0.0662709093359108
evm.TU.Ap2.1700,0.00909672258584904
evm.TU.Ap2.1701,0.0519189058245679
evm.TU.Ap2.1703,0.11643217927704
evm.TU.Ap2.1706,-0.274176241101961
evm.TU.Ap2.1707,-0.169741298123033
evm.TU.Ap2.1709,0.0301189488940895
evm.TU.Ap2.1765,-0.174772257661886
evm.TU.Ap2.1775,-0.434872005986856
evm.TU.Ap2.1778,0.0333279856248592
evm.TU.Ap2.1780,-0.0617836863478944
evm.TU.Ap2.1781,-0.421551691353384
evm.TU.Ap2.1783,0.577376641239339
evm.TU.Ap2.1786,-0.108587519198723
evm.TU.Ap2.1787,-0.123152350059934
evm.TU.Ap2.1788,0.414637917151157
evm.TU.Ap2.179,0.023070224251184
evm.TU.Ap2.1791,-0.153006201828146
evm.TU.Ap2.1794,-0.130012542845767
evm.TU.Ap2.1795,-0.0280606560948972
evm.TU.Ap2.1797,-0.137149184845276
evm.TU.Ap2.1798,-0.158032296615359
evm.TU.Ap2.18,-0.0130672764700478
evm.TU.Ap2.1800_evm.TU.Ap2.1799,-0.0649886958491467
evm.TU.Ap2.1802,-0.0747996357400255
evm.TU.Ap2.1803,-0.347456195708766
evm.TU.Ap2.1805,-0.160620057915992
evm.TU.Ap2.1810,-0.439995108099287
evm.TU.Ap2.1814,0.229587480072148
evm.TU.Ap2.1815,-0.0984295286584544
evm.TU.Ap2.1818,-0.243231831394667
evm.TU.Ap2.1820,-0.0336919874947685
evm.TU.Ap2.1822,-0.40730836301454
evm.TU.Ap2.1824,0.0769676164904616
evm.TU.Ap2.1825,0.0631720763085582
evm.TU.Ap2.1826,0.422604840815166
evm.TU.Ap2.1827,0.0767472542137795
evm.TU.Ap2.1834,-0.378381401432647
evm.TU.Ap2.1838,0.00969558994870771
evm.TU.Ap2.1839,0.179106520954358
evm.TU.Ap2.184,-0.271407560537506
evm.TU.Ap2.1844,0.0272878275690427
evm.TU.Ap2.1846,0.331520184073204
evm.TU.Ap2.185,0.0297155674072616
evm.TU.Ap2.1851,-0.132766026777284
evm.TU.Ap2.1854,-0.104072482428299
evm.TU.Ap2.1855,-0.018743661892002
evm.TU.Ap2.1865,-0.147220958427469
evm.TU.Ap2.1868,-0.0965222605602178
evm.TU.Ap2.1878,-0.14096837310661
evm.TU.Ap2.1890,-0.248675239774472
evm.TU.Ap2.1891,-0.0976123826519009
evm.TU.Ap2.1892,-0.0575818887043332
evm.TU.Ap2.1895,-0.0372890475578638
evm.TU.Ap2.1896,0.173793025000063
evm.TU.Ap2.1897,0.100239127456435
evm.TU.Ap2.1902,-0.18308485477496
evm.TU.Ap2.1906,0.167514643230885
evm.TU.Ap2.1910,-0.204850820304385
evm.TU.Ap2.1911,-0.395881425850058
evm.TU.Ap2.1914,-0.237090754461026
evm.TU.Ap2.1919,-0.254735737800239
evm.TU.Ap2.1922,-0.0843672766696157
evm.TU.Ap2.1928,-0.112019899183765
evm.TU.Ap2.1930,0.176108105085342
evm.TU.Ap2.1931_evm.TU.Ap2.1932,-0.411845773780415
evm.TU.Ap2.1935,-0.455462451346391
evm.TU.Ap2.194,0.0267035149894418
evm.TU.Ap2.1944,-0.393318726627745
evm.TU.Ap2.1948,0.192404261056095
evm.TU.Ap2.1951,-0.0410052632850946
evm.TU.Ap2.1952,0.0269905958104738
evm.TU.Ap2.1954,0.393055799277003
evm.TU.Ap2.1958,0.478422347741064
evm.TU.Ap2.1959,-0.133481520772566
evm.TU.Ap2.1961,-0.0172541199692608
evm.TU.Ap2.1962_evm.TU.Ap2.1963,-0.308191829364023
evm.TU.Ap2.1966,-0.0808036187554234
evm.TU.Ap2.1967,0.335953102750161
evm.TU.Ap2.1972,-0.162614126795029
evm.TU.Ap2.1975,-0.0572591451554686
evm.TU.Ap2.1976,0.202073788262869
evm.TU.Ap2.1977,-0.145336671161674
evm.TU.Ap2.1978,0.861215784926659
evm.TU.Ap2.1982,-0.228697937106213
evm.TU.Ap2.1983,0.0485425473392305
evm.TU.Ap2.1984,-0.262633954389272
evm.TU.Ap2.1986,0.191313670178437
evm.TU.Ap2.1987,-0.0095996690003261
evm.TU.Ap2.199,-0.203000920199564
evm.TU.Ap2.1991,0.390120138816741
evm.TU.Ap2.1993,0.030122936979451
evm.TU.Ap2.1996,-0.411848925121246
evm.TU.Ap2.1997,0.00655430184875949
evm.TU.Ap2.200,-0.444235551081868
evm.TU.Ap2.201,-0.46805386910405
evm.TU.Ap2.2025,-0.0832857212775234
evm.TU.Ap2.2027,0.285493538849233
evm.TU.Ap2.2028,0.160475039622239
evm.TU.Ap2.2030,-0.225971346283896
evm.TU.Ap2.2031,-0.390598499211695
evm.TU.Ap2.2037,-0.130631474448122
evm.TU.Ap2.2038,-0.155440384842836
evm.TU.Ap2.2039,-0.494828913467509
evm.TU.Ap2.2040,-0.254480413103184
evm.TU.Ap2.2042,-0.377339896320902
evm.TU.Ap2.2044,0.105870109858657
evm.TU.Ap2.2045,-0.160463156142577
evm.TU.Ap2.2046,0.062203095725336
evm.TU.Ap2.2047,0.18281952820072
evm.TU.Ap2.2050,-0.0508353813108576
evm.TU.Ap2.2051,0.152762512963872
evm.TU.Ap2.2053,0.17316958822095
evm.TU.Ap2.2054,0.293240188981618
evm.TU.Ap2.2055,-0.106838399380417
evm.TU.Ap2.2056,0.125347410068712
evm.TU.Ap2.2057,0.126510583071283
evm.TU.Ap2.2088,0.119018901227603
evm.TU.Ap2.2090,-0.00382047650212554
evm.TU.Ap2.210,-0.0511668907080547
evm.TU.Ap2.2107,-0.0175159830482121
evm.TU.Ap2.2108,-0.0384531201797837
evm.TU.Ap2.2116,-0.416137605844753
evm.TU.Ap2.2127,0.12116102472112
evm.TU.Ap2.2135,0.0974574024698283
evm.TU.Ap2.2137,-0.222375508218441
evm.TU.Ap2.2138,0.0696424061603603
evm.TU.Ap2.2141,-0.00844744887249643
evm.TU.Ap2.2142,0.0378612126640942
evm.TU.Ap2.2151,-0.201203319360343
evm.TU.Ap2.2154,-0.229025463141142
evm.TU.Ap2.2162,-0.098200242112337
evm.TU.Ap2.2163,-0.207210378054188
evm.TU.Ap2.2165,0.0270657027959281
evm.TU.Ap2.2166,0.0274221663395795
evm.TU.Ap2.2167,-0.122288560372434
evm.TU.Ap2.217,-0.00491361374419274
evm.TU.Ap2.2175,0.313351001126082
evm.TU.Ap2.218,-0.131453623122129
evm.TU.Ap2.2182,-0.322261645394996
evm.TU.Ap2.2183,0.451414133547231
evm.TU.Ap2.2184,0.282218298833143
evm.TU.Ap2.2185,-0.120129042174693
evm.TU.Ap2.2187,0.253452410049079
evm.TU.Ap2.219,-0.00562993140413348
evm.TU.Ap2.2192,-0.37563396740441
evm.TU.Ap2.2195,-0.038344250861738
evm.TU.Ap2.2196,-0.302328385780013
evm.TU.Ap2.220,-0.0266856169469612
evm.TU.Ap2.2201,-0.12376358327271
evm.TU.Ap2.2202,-0.15253798367582
evm.TU.Ap2.2205,-0.425222611157067
evm.TU.Ap2.2206,-0.150469996529555
evm.TU.Ap2.221,-0.0560782125736597
evm.TU.Ap2.2214,-0.0667372167283054
evm.TU.Ap2.2217,0.522344628099851
evm.TU.Ap2.2218,-0.0108289235884286
evm.TU.Ap2.2224,-0.255607888743929
evm.TU.Ap2.2225,0.146863947996346
evm.TU.Ap2.2227,-0.327788930192487
evm.TU.Ap2.2229,-0.132107698846026
evm.TU.Ap2.2230,-0.200820711594107
evm.TU.Ap2.2248,-0.366230523808834
evm.TU.Ap2.225,-0.0631192694657721
evm.TU.Ap2.2256,-0.112140516329256
evm.TU.Ap2.2259,-0.222946496172008
evm.TU.Ap2.226,-0.0454400169866943
evm.TU.Ap2.2263,0.130267216469582
evm.TU.Ap2.2287,-0.267921845440194
evm.TU.Ap2.2290,0.0180752024696278
evm.TU.Ap2.2296,0.188742306947727
evm.TU.Ap2.2302,-0.114086371013816
evm.TU.Ap2.2303,-0.0255031012862872
evm.TU.Ap2.2304,-0.500894504099346
evm.TU.Ap2.2306,-0.2817551586042
evm.TU.Ap2.2308,-0.205068110711323
evm.TU.Ap2.2313,0.119528868978062
evm.TU.Ap2.2315,-0.0992121484070187
evm.TU.Ap2.2318,0.00530500002208163
evm.TU.Ap2.235,0.29151374882969
evm.TU.Ap2.2351,0.123606934031144
evm.TU.Ap2.2352,-0.182876994107178
evm.TU.Ap2.2355,-0.411005728340151
evm.TU.Ap2.2356,-0.223425835811089
evm.TU.Ap2.2357,0.295066256628452
evm.TU.Ap2.2358,0.0561790158247932
evm.TU.Ap2.236,0.216138206021461
evm.TU.Ap2.2360,0.173135334167158
evm.TU.Ap2.2361,0.168636200304076
evm.TU.Ap2.2363,-0.336162066903988
evm.TU.Ap2.2377,0.746232871387693
evm.TU.Ap2.2379,0.0124545814720786
evm.TU.Ap2.2380,-0.175594236296402
evm.TU.Ap2.2381,0.334451578568636
evm.TU.Ap2.2382,0.258358179839711
evm.TU.Ap2.2386,0.22964052888526
evm.TU.Ap2.2400,-0.0187964041503487
evm.TU.Ap2.241,-0.189474514963298
evm.TU.Ap2.2411,-0.102827127442873
evm.TU.Ap2.2419,-0.0802015985025364
evm.TU.Ap2.2420,-0.0636695381128011
evm.TU.Ap2.2425,-0.0451051240468089
evm.TU.Ap2.2430,0.132298758895067
evm.TU.Ap2.2432,-0.163496872069322
evm.TU.Ap2.2433,-0.0629375253612998
evm.TU.Ap2.2439_evm.TU.Ap2.2441,0.109793108311028
evm.TU.Ap2.244,0.0286381430805705
evm.TU.Ap2.2446_evm.TU.Ap2.2447,0.0751503008477346
evm.TU.Ap2.2452,0.127223245727082
evm.TU.Ap2.2455,-0.315441477068161
evm.TU.Ap2.2460,0.0402008377944482
evm.TU.Ap2.2462,0.0288944973413493
evm.TU.Ap2.2466,0.0883611069195398
evm.TU.Ap2.2468,-0.0496177839044376
evm.TU.Ap2.2479,0.0646090359854947
evm.TU.Ap2.2482,0.104191562116799
evm.TU.Ap2.2485,0.097840578016034
evm.TU.Ap2.2488,-0.184462203304629
evm.TU.Ap2.2489,0.0223605442751342
evm.TU.Ap2.2491,-0.269831882205897
evm.TU.Ap2.25,0.537082622558086
evm.TU.Ap2.2500,0.338748158623932
evm.TU.Ap2.2501,0.0382395336989261
evm.TU.Ap2.2502,-0.153502802655647
evm.TU.Ap2.2504,-0.230716119640923
evm.TU.Ap2.2505,-0.0977831875916822
evm.TU.Ap2.2506,0.250094530411578
evm.TU.Ap2.2516,0.0315953989791176
evm.TU.Ap2.252,0.186306527472229
evm.TU.Ap2.2527,-0.0883104915215168
evm.TU.Ap2.2530,2.28283534508243e-05
evm.TU.Ap2.254,0.265160116539145
evm.TU.Ap2.255,-0.0539565779789805
evm.TU.Ap2.2551,-0.136814084081496
evm.TU.Ap2.2556,0.0194026542593581
evm.TU.Ap2.2568,0.4029555942523
evm.TU.Ap2.2569,0.21758098547089
evm.TU.Ap2.2570,-0.0485679097331867
evm.TU.Ap2.2571,0.224316724523053
evm.TU.Ap2.2578,-0.228602449277663
evm.TU.Ap2.2579,-0.0296155060904675
evm.TU.Ap2.2584,-0.0692421606807134
evm.TU.Ap2.2589,0.102559042602484
evm.TU.Ap2.2593,-0.115864094879452
evm.TU.Ap2.2604,0.445468778946403
evm.TU.Ap2.2605,0.10757686114908
evm.TU.Ap2.2608,0.514356980383969
evm.TU.Ap2.2609,0.0213294684259668
evm.TU.Ap2.2610,0.102524253729356
evm.TU.Ap2.2614,-0.00728544869601042
evm.TU.Ap2.2615,-0.0799870083095065
evm.TU.Ap2.2622,-0.0265848938389296
evm.TU.Ap2.2625,-0.391995078117407
evm.TU.Ap2.263,0.0100209886449236
evm.TU.Ap2.2633,0.00659772240202597
evm.TU.Ap2.2634,0.00248703434828794
evm.TU.Ap2.2635,-0.115747453863679
evm.TU.Ap2.2644,-0.190655642307863
evm.TU.Ap2.2645,-0.0229072153845633
evm.TU.Ap2.2646,-0.301957124240832
evm.TU.Ap2.2650,0.377800259664015
evm.TU.Ap2.2653,0.0758972488598674
evm.TU.Ap2.2656,-0.0201212669142699
evm.TU.Ap2.2657,-0.0051360718189516
evm.TU.Ap2.266,0.148249640112668
evm.TU.Ap2.2660,-0.3012521899868
evm.TU.Ap2.2662_evm.TU.Ap2.2664,-0.0260780600389807
evm.TU.Ap2.2667,0.36807887206357
evm.TU.Ap2.2671,0.0960760792131645
evm.TU.Ap2.2672,-0.0636287043710656
evm.TU.Ap2.2673,0.00682835910640029
evm.TU.Ap2.2676,0.520125117824734
evm.TU.Ap2.2677,0.193319019041828
evm.TU.Ap2.2678,0.0918099109617415
evm.TU.Ap2.2680,-0.212759248591679
evm.TU.Ap2.2682,0.226281103006043
evm.TU.Ap2.269_evm.TU.Ap2.270_evm.TU.Ap2.271,-0.0967088827302869
evm.TU.Ap2.2692,0.130313626271202
evm.TU.Ap2.2706,0.0614408171287054
evm.TU.Ap2.2715,0.109373759401065
evm.TU.Ap2.2725,-0.0990109874234126
evm.TU.Ap2.2726,-0.0652928180882782
evm.TU.Ap2.273,-0.062606592320047
evm.TU.Ap2.2753,0.210444044932039
evm.TU.Ap2.2757,0.0421734336960502
evm.TU.Ap2.2759,-0.111076560590249
evm.TU.Ap2.2761,-0.178265792004815
evm.TU.Ap2.2766,-0.0703829891173471
evm.TU.Ap2.2767,0.267737405134398
evm.TU.Ap2.2775,-0.201614605891782
evm.TU.Ap2.2777,-0.137525642351145
evm.TU.Ap2.2781,-0.285686195738582
evm.TU.Ap2.2782,-0.271789874564924
evm.TU.Ap2.2783,-0.161900837884276
evm.TU.Ap2.2787,-0.16401674536187
evm.TU.Ap2.2788,-0.094687430681189
evm.TU.Ap2.2799,0.09185524992858
evm.TU.Ap2.28,0.0695705631960198
evm.TU.Ap2.2808,-0.165242813923337
evm.TU.Ap2.2809,-0.132766384959913
evm.TU.Ap2.2810,0.0625170177051853
evm.TU.Ap2.2811,-0.0377171042919653
evm.TU.Ap2.2813,0.063106389930371
evm.TU.Ap2.2816,-0.249700193894445
evm.TU.Ap2.2819,-0.260944217128528
evm.TU.Ap2.282,-0.147864101322186
evm.TU.Ap2.2823,-0.296792604179771
evm.TU.Ap2.2825,-0.0174883411202499
evm.TU.Ap2.2828,-0.320081951906999
evm.TU.Ap2.2831,0.188872763480909
evm.TU.Ap2.2832,0.10245343144153
evm.TU.Ap2.2834,0.214605900039796
evm.TU.Ap2.2837,-0.0920793696640629
evm.TU.Ap2.2840,0.227600005942891
evm.TU.Ap2.2841,0.382525364532033
evm.TU.Ap2.2846,0.235503385712453
evm.TU.Ap2.2847,0.0949712359867899
evm.TU.Ap2.2850,0.371370249973309
evm.TU.Ap2.2852,-0.176635397533653
evm.TU.Ap2.2853,0.00638399610144757
evm.TU.Ap2.2887,0.0609782158812952
evm.TU.Ap2.2891,-0.0951395331848242
evm.TU.Ap2.2893,0.123139164803491
evm.TU.Ap2.2895,0.0606082388019609
evm.TU.Ap2.2900,0.108178366590709
evm.TU.Ap2.2901,-0.151502740549529
evm.TU.Ap2.2902,-0.334674026524665
evm.TU.Ap2.2903,-0.0394765939057101
evm.TU.Ap2.2905,0.493701154368261
evm.TU.Ap2.2906,0.788682608334264
evm.TU.Ap2.2907,0.547676172182032
evm.TU.Ap2.291,-0.208712660037399
evm.TU.Ap2.2918,0.14632351728567
evm.TU.Ap2.292,0.186543500739191
evm.TU.Ap2.2927,0.107485164090037
evm.TU.Ap2.293,0.177377592825184
evm.TU.Ap2.2930,-0.0414351974220673
evm.TU.Ap2.2931,0.776298182986645
evm.TU.Ap2.2937,0.600967072076078
evm.TU.Ap2.2940,-0.14841128037854
evm.TU.Ap2.2945,0.176249753379666
evm.TU.Ap2.2947,-0.216197022332467
evm.TU.Ap2.2948,-0.00796315078358284
evm.TU.Ap2.2949,0.0167313820622878
evm.TU.Ap2.2953,-0.302377102402461
evm.TU.Ap2.2957,-0.184065241369188
evm.TU.Ap2.2988,0.14016841510959
evm.TU.Ap2.299,-0.128884397863676
evm.TU.Ap2.3002,-0.045444710531817
evm.TU.Ap2.3005,-0.235706805920724
evm.TU.Ap2.3007,-0.211549952273449
evm.TU.Ap2.3008,-0.143934082543833
evm.TU.Ap2.3009,-0.248277647659905
evm.TU.Ap2.3010,-0.502211672563236
evm.TU.Ap2.3011,-0.176268869748926
evm.TU.Ap2.3012,0.104121596749048
evm.TU.Ap2.3013,0.167467659206238
evm.TU.Ap2.3018,0.00995386576704418
evm.TU.Ap2.3019,-0.169056218519199
evm.TU.Ap2.3020,-0.155598690384662
evm.TU.Ap2.3021,-0.157402566072929
evm.TU.Ap2.3022,-0.178905199555609
evm.TU.Ap2.3023,-0.203067717441749
evm.TU.Ap2.3024,-0.151913720005145
evm.TU.Ap2.3027,0.0325346055505968
evm.TU.Ap2.3028,-0.0496631174669521
evm.TU.Ap2.3030,0.429014606325076
evm.TU.Ap2.3031,-0.0340740689428905
evm.TU.Ap2.3032,-0.219481784887086
evm.TU.Ap2.3035,-0.201548151390317
evm.TU.Ap2.3037,0.0639096513001818
evm.TU.Ap2.3041,0.133861802223235
evm.TU.Ap2.306,0.119229161422417
evm.TU.Ap2.3068,-0.0472618464186802
evm.TU.Ap2.3070,0.000248892536819851
evm.TU.Ap2.3076,0.371972560804542
evm.TU.Ap2.3078,-0.252133593512445
evm.TU.Ap2.308,0.0432572126421005
evm.TU.Ap2.3083,-0.221929678831351
evm.TU.Ap2.3084,-0.249013493456928
evm.TU.Ap2.3086,0.0271227157227131
evm.TU.Ap2.3093,-0.0785593507386407
evm.TU.Ap2.3095,0.373020686781637
evm.TU.Ap2.3096,0.1612144974113
evm.TU.Ap2.3098,0.0583838579131515
evm.TU.Ap2.3100,-0.0212589673325486
evm.TU.Ap2.3101,-0.329696959183563
evm.TU.Ap2.3102_evm.TU.Ap2.3103,-0.311798714999513
evm.TU.Ap2.3105,0.331258508832998
evm.TU.Ap2.3106,0.599950549196304
evm.TU.Ap2.3107_evm.TU.Ap2.3108,-0.157428176451717
evm.TU.Ap2.3109,-0.148221076191223
evm.TU.Ap2.3113,-0.173347224168211
evm.TU.Ap2.3114,-0.0163740307367819
evm.TU.Ap2.312,0.0806985576256848
evm.TU.Ap2.3125,-0.0925706123670889
evm.TU.Ap2.3130,-0.15813661763002
evm.TU.Ap2.3131,0.0393054580795592
evm.TU.Ap2.3133,0.402364074300119
evm.TU.Ap2.3134,-0.00841683546952792
evm.TU.Ap2.3135,0.037746368363429
evm.TU.Ap2.3145,0.0534906554112957
evm.TU.Ap2.3146,0.0147817795069418
evm.TU.Ap2.3147,-0.201181918163643
evm.TU.Ap2.3148,0.322292394073128
evm.TU.Ap2.315,0.329694670286819
evm.TU.Ap2.3150,0.26086718593858
evm.TU.Ap2.3151,-0.366675842839877
evm.TU.Ap2.3152,-0.31838480005947
evm.TU.Ap2.3159,0.177759816973823
evm.TU.Ap2.3160,0.183610726281506
evm.TU.Ap2.3163,-0.250438449516155
evm.TU.Ap2.3169,0.180844856288301
evm.TU.Ap2.317,0.273201980884169
evm.TU.Ap2.3173,-0.125750648309209
evm.TU.Ap2.3174,0.195688751914633
evm.TU.Ap2.3176,0.0263332843617552
evm.TU.Ap2.3181,-0.21712037139952
evm.TU.Ap2.3182,0.136181975711985
evm.TU.Ap2.3183,0.144058860516489
evm.TU.Ap2.3184,0.190553686106618
evm.TU.Ap2.3187,-0.25859785915265
evm.TU.Ap2.3192,0.167894393353053
evm.TU.Ap2.3193,0.0508928575746928
evm.TU.Ap2.3199,-0.411509619071302
evm.TU.Ap2.3203,-0.0230135321562697
evm.TU.Ap2.3206,0.170349642792875
evm.TU.Ap2.3207,-0.0759599203485077
evm.TU.Ap2.3208,-0.000741152285470427
evm.TU.Ap2.3215,0.406565151801979
evm.TU.Ap2.3217,-0.177214998763719
evm.TU.Ap2.3219,-0.300174278487669
evm.TU.Ap2.3225,0.275845975762065
evm.TU.Ap2.3227,-0.302675277729368
evm.TU.Ap2.3229,0.372159765580555
evm.TU.Ap2.323,-0.215841259670205
evm.TU.Ap2.3231,0.376146018534026
evm.TU.Ap2.3232,0.239173076867025
evm.TU.Ap2.3235,0.232989805894144
evm.TU.Ap2.3236,0.269278667183474
evm.TU.Ap2.3246,-0.128095765033167
evm.TU.Ap2.3255,-0.132212322873463
evm.TU.Ap2.3256,-0.130684798347699
evm.TU.Ap2.3258,0.0260292805558722
evm.TU.Ap2.3259,0.393583702150388
evm.TU.Ap2.3260,0.436513583331615
evm.TU.Ap2.3266,-0.451817879239611
evm.TU.Ap2.3269,-0.117876273904357
evm.TU.Ap2.3270,-0.035441685832613
evm.TU.Ap2.3273,0.107260270196323
evm.TU.Ap2.3274,-0.465317221555707
evm.TU.Ap2.3281,-0.194707154599467
evm.TU.Ap2.3282,-0.197076611208034
evm.TU.Ap2.3287,0.282019128295576
evm.TU.Ap2.3291,0.542692957511455
evm.TU.Ap2.3292,-0.0985928655223678
evm.TU.Ap2.3300,0.205701107351786
evm.TU.Ap2.3301,0.0319913098890148
evm.TU.Ap2.3303,0.386561738530239
evm.TU.Ap2.3307,-0.19429586897846
evm.TU.Ap2.3308_evm.TU.Ap2.3309,-0.447574377814633
evm.TU.Ap2.3310,-0.0297941556428911
evm.TU.Ap2.3312,0.194841818867922
evm.TU.Ap2.3316,0.0461902240285783
evm.TU.Ap2.3320,0.0861233131188936
evm.TU.Ap2.3321,-0.0914435996762139
evm.TU.Ap2.3324,-0.0192136661906445
evm.TU.Ap2.333,0.126370446314419
evm.TU.Ap2.3339,-0.262398528853963
evm.TU.Ap2.3340,-0.182611269463629
evm.TU.Ap2.3341,-0.237264751016821
evm.TU.Ap2.3344,0.297894888631748
evm.TU.Ap2.3345_evm.TU.Ap2.3347,-0.494244472481997
evm.TU.Ap2.3348,-0.143919783681224
evm.TU.Ap2.3353,-0.353116927829118
evm.TU.Ap2.3355,-0.0904055384265921
evm.TU.Ap2.3357,0.591664763062616
evm.TU.Ap2.3358,-0.0498096059835407
evm.TU.Ap2.336,-0.200377134988652
evm.TU.Ap2.338,-0.0469920487661666
evm.TU.Ap2.3389,0.0327373239522962
evm.TU.Ap2.339,-0.366802647627439
evm.TU.Ap2.3395,0.340854926604261
evm.TU.Ap2.3404,0.318090265345012
evm.TU.Ap2.3422,-0.0507725498538505
evm.TU.Ap2.3423,-0.0274666204430487
evm.TU.Ap2.3424,-0.096273158722115
evm.TU.Ap2.3425,0.0278339148735546
evm.TU.Ap2.3426,0.122523258377274
evm.TU.Ap2.3428,0.0833062970865935
evm.TU.Ap2.3429,0.274264350382601
evm.TU.Ap2.3431,0.082529926701369
evm.TU.Ap2.3432,0.124746343349337
evm.TU.Ap2.3439_evm.TU.Ap2.3445,0.294844139101785
evm.TU.Ap2.3450,0.0542525491334405
evm.TU.Ap2.3454,-0.0952225128913416
evm.TU.Ap2.3455,-0.253250149183763
evm.TU.Ap2.3461,-0.194008207813428
evm.TU.Ap2.3462,-0.166773908367543
evm.TU.Ap2.3463,0.1232169640485
evm.TU.Ap2.3464,0.0369941366352642
evm.TU.Ap2.3471,-0.128628826466294
evm.TU.Ap2.349_evm.TU.Ap2.350,-0.443302234458545
evm.TU.Ap2.351,-0.234609596836831
evm.TU.Ap2.352,0.181166020509807
evm.TU.Ap2.3522_evm.TU.Ap2.3503,0.102853265119285
evm.TU.Ap2.3526,-0.0163956410215922
evm.TU.Ap2.3527,-0.0892246835220143
evm.TU.Ap2.353,-0.0216954261889589
evm.TU.Ap2.3530,-0.101485692013643
evm.TU.Ap2.3531,0.0615909040136835
evm.TU.Ap2.3532,-0.0398504497756753
evm.TU.Ap2.3533,-0.39191340203135
evm.TU.Ap2.3535,-0.191989941057596
evm.TU.Ap2.3542,0.0325150201704295
evm.TU.Ap2.3543,-0.0312617088393429
evm.TU.Ap2.3544,-0.160454312142006
evm.TU.Ap2.3548,-0.0958759776811888
evm.TU.Ap2.3549,-0.318525760710471
evm.TU.Ap2.355,0.180266161341291
evm.TU.Ap2.3551,0.0587325955216234
evm.TU.Ap2.3552,-0.060111787773615
evm.TU.Ap2.3553,-0.0779844272896168
evm.TU.Ap2.3556,0.167127538469325
evm.TU.Ap2.3559,0.145401153066387
evm.TU.Ap2.356,0.324816436855368
evm.TU.Ap2.3560,0.0922546136215689
evm.TU.Ap2.3562,0.496749397147781
evm.TU.Ap2.3566,-0.220183488906635
evm.TU.Ap2.3567,0.0705867631595972
evm.TU.Ap2.357,-0.154361949966031
evm.TU.Ap2.3571,0.283133008897529
evm.TU.Ap2.3585,0.218974724617406
evm.TU.Ap2.3586,0.0507503151693543
evm.TU.Ap2.3587,0.0665600767197981
evm.TU.Ap2.3590,0.00844765007921805
evm.TU.Ap2.3599,-0.0188459471054809
evm.TU.Ap2.3600,-0.00613321557048768
evm.TU.Ap2.3601,0.3832783191128
evm.TU.Ap2.3602,0.431207174866671
evm.TU.Ap2.3606,0.157997930788149
evm.TU.Ap2.3608,-0.0771077391425213
evm.TU.Ap2.3613,-0.333397158794715
evm.TU.Ap2.3614,0.473795784861823
evm.TU.Ap2.3615,0.104315407275396
evm.TU.Ap2.3629,-0.183223757933897
evm.TU.Ap2.3630,-0.269923423596747
evm.TU.Ap2.3631,-0.141769403606636
evm.TU.Ap2.3636,-0.126339125290039
evm.TU.Ap2.3639,-0.109525324422193
evm.TU.Ap2.3643,-0.123923129562333
evm.TU.Ap2.3651,0.0918223406905705
evm.TU.Ap2.3656,0.132920326027323
evm.TU.Ap2.3663,-0.509408815830037
evm.TU.Ap2.3668,-0.0255401624158752
evm.TU.Ap2.3670,-0.337280724068145
evm.TU.Ap2.3671,-0.149153548217946
evm.TU.Ap2.3674,-0.0593101606364577
evm.TU.Ap2.3675,-2.99153775032337e-05
evm.TU.Ap2.3678,-0.185887030558115
evm.TU.Ap2.368,-0.136955800026202
evm.TU.Ap2.3680,0.158983121541235
evm.TU.Ap2.3684,0.0277846888024031
evm.TU.Ap2.3685,-0.220473160018369
evm.TU.Ap2.3686,-0.227273355748401
evm.TU.Ap2.3688,0.0984916599163045
evm.TU.Ap2.369,-0.0194509863828256
evm.TU.Ap2.3691,-0.187493071756776
evm.TU.Ap2.3692,-0.204655500821209
evm.TU.Ap2.3693,-0.153178987121352
evm.TU.Ap2.3694,0.30371004152211
evm.TU.Ap2.3695,0.253673106118282
evm.TU.Ap2.370,0.194286212566023
evm.TU.Ap2.3703,-0.255164468193153
evm.TU.Ap2.3705,-0.403239021238046
evm.TU.Ap2.3708,-0.115798786056695
evm.TU.Ap2.3709,-0.0772102123191246
evm.TU.Ap2.3712,0.38713848969503
evm.TU.Ap2.3716_evm.TU.Ap2.3714,-0.230342973406766
evm.TU.Ap2.372,-0.142100715310606
evm.TU.Ap2.3720,-0.21598081890072
evm.TU.Ap2.3722,-0.207081505675528
evm.TU.Ap2.3723,0.0282555990466526
evm.TU.Ap2.3724,-0.00930220931041508
evm.TU.Ap2.3726,0.028666960852377
evm.TU.Ap2.3729,-0.105782494585079
evm.TU.Ap2.373,0.38243129789367
evm.TU.Ap2.3731,0.273338043338824
evm.TU.Ap2.3736,0.165722853950469
evm.TU.Ap2.3747,0.0634752550155708
evm.TU.Ap2.3749,-0.0315163722646304
evm.TU.Ap2.3753,0.0548161045484802
evm.TU.Ap2.3755,0.125381005894098
evm.TU.Ap2.3765,-0.21673652186419
evm.TU.Ap2.3775,0.0156022582666167
evm.TU.Ap2.3780,0.369967860601634
evm.TU.Ap2.3781,-0.140419815693821
evm.TU.Ap2.3783,-0.137589439144258
evm.TU.Ap2.3784,-0.054575832875363
evm.TU.Ap2.3785,-0.0326895126374587
evm.TU.Ap2.3786,0.132310703368328
evm.TU.Ap2.3787,0.217598903440953
evm.TU.Ap2.3788,0.168509661955615
evm.TU.Ap2.3789,-0.149154303395928
evm.TU.Ap2.3791,-0.47278752922706
evm.TU.Ap2.3792,0.0649148982290638
evm.TU.Ap2.3797,0.0985817101311164
evm.TU.Ap2.3802,-0.244222549906759
evm.TU.Ap2.3805,0.122629544024249
evm.TU.Ap2.3806,0.0167141827726175
evm.TU.Ap2.3811,0.180208729930901
evm.TU.Ap2.3817,0.0114305610075801
evm.TU.Ap2.3818,0.0861087119544042
evm.TU.Ap2.382,0.238885909606418
evm.TU.Ap2.3820,-0.00951315867771125
evm.TU.Ap2.3821,0.209663460504407
evm.TU.Ap2.3822,0.809157710469279
evm.TU.Ap2.3824,-0.112290918509937
evm.TU.Ap2.3825,-0.0660753815015175
evm.TU.Ap2.383,0.655505003529581
evm.TU.Ap2.3832,-0.0775588419908134
evm.TU.Ap2.3834,-0.150090835609836
evm.TU.Ap2.3842,-0.305451679960833
evm.TU.Ap2.385,0.129458784839776
evm.TU.Ap2.3859,0.0495669799133124
evm.TU.Ap2.3860,-0.0252433278527727
evm.TU.Ap2.3861,-0.00814322435611814
evm.TU.Ap2.3862,0.159564336297175
evm.TU.Ap2.3866,-0.0847607233947232
evm.TU.Ap2.3867,-0.0237188201926821
evm.TU.Ap2.3880,-0.198988192121028
evm.TU.Ap2.3881,-0.0373408615998356
evm.TU.Ap2.3882,0.0565159609031914
evm.TU.Ap2.3883,-0.0675664385226869
evm.TU.Ap2.3885,0.437634835879895
evm.TU.Ap2.3893,-0.0948990054620962
evm.TU.Ap2.3895,0.0698895054729857
evm.TU.Ap2.3896,0.0629219917064603
evm.TU.Ap2.3897,-0.218516420163727
evm.TU.Ap2.3898,-0.0841854416788468
evm.TU.Ap2.3899,-0.0535551660558517
evm.TU.Ap2.3903,0.236616212319212
evm.TU.Ap2.3905,0.223004860198146
evm.TU.Ap2.3910,0.164239398982747
evm.TU.Ap2.3911,-0.124939494110768
evm.TU.Ap2.3915,-0.161773516479214
evm.TU.Ap2.3920,-0.0197248761557143
evm.TU.Ap2.3921,-0.151645361447825
evm.TU.Ap2.3923,0.0523166750227209
evm.TU.Ap2.3928,-0.226022767528277
evm.TU.Ap2.3929,-0.0182469386583846
evm.TU.Ap2.3930,0.0748879770655462
evm.TU.Ap2.3934,-0.067996933484915
evm.TU.Ap2.3935,-0.0646488536132881
evm.TU.Ap2.3942,0.0689458426038587
evm.TU.Ap2.3944,0.120359852383239
evm.TU.Ap2.3945,-0.101575208357912
evm.TU.Ap2.3948,0.0531130440730792
evm.TU.Ap2.3949,-0.357545305683927
evm.TU.Ap2.395,-0.262848119969521
evm.TU.Ap2.3951,-0.285202183001972
evm.TU.Ap2.3954,0.146906564288957
evm.TU.Ap2.3959,0.180784266413497
evm.TU.Ap2.396,0.233924833076343
evm.TU.Ap2.3986,0.40256727231284
evm.TU.Ap2.3988,0.0677536275688557
evm.TU.Ap2.3989,-0.147820344250447
evm.TU.Ap2.3994,0.113644052338831
evm.TU.Ap2.3995,-0.0279095096156259
evm.TU.Ap2.3996,0.0779199957633262
evm.TU.Ap2.4002,-0.0437757308083212
evm.TU.Ap2.4008,0.202515499655854
evm.TU.Ap2.4009,0.167463831201199
evm.TU.Ap2.401,0.133058741272501
evm.TU.Ap2.4013,0.143947633441641
evm.TU.Ap2.4017,-0.104416462644063
evm.TU.Ap2.4018,0.189316253876052
evm.TU.Ap2.4020,-0.18798015264482
evm.TU.Ap2.4021,-0.261393494821189
evm.TU.Ap2.4025,0.222877162974516
evm.TU.Ap2.4041,-0.0177440188709751
evm.TU.Ap2.4043,-0.0404862494147015
evm.TU.Ap2.4045,-0.111249314901882
evm.TU.Ap2.4046,0.181102881389084
evm.TU.Ap2.405,0.196353640731696
evm.TU.Ap2.4050,-0.0835624807049296
evm.TU.Ap2.4052,-0.122427293099175
evm.TU.Ap2.4053,-0.0110669973126117
evm.TU.Ap2.4055,0.338980786210606
evm.TU.Ap2.4056,-0.213077972609961
evm.TU.Ap2.4057,0.185476175929761
evm.TU.Ap2.4058,-0.102712710534877
evm.TU.Ap2.4059,-0.155316954055581
evm.TU.Ap2.406,0.0469598371303955
evm.TU.Ap2.4061,-0.197244123306166
evm.TU.Ap2.4062,-0.216646449315901
evm.TU.Ap2.408,0.473211416657734
evm.TU.Ap2.4086,0.14943850184632
evm.TU.Ap2.4087,-0.234076289074416
evm.TU.Ap2.4097,0.2316358197473
evm.TU.Ap2.4098,0.0577459758338328
evm.TU.Ap2.4099,0.162570099910513
evm.TU.Ap2.4106,0.159442739487426
evm.TU.Ap2.4107,0.0915901023852115
evm.TU.Ap2.4108,-0.148010454354977
evm.TU.Ap2.4110,-0.058712027357012
evm.TU.Ap2.4112,-0.304597563807508
evm.TU.Ap2.4117,0.270201007197161
evm.TU.Ap2.4119,0.0197697080555497
evm.TU.Ap2.4121,0.0975766026908022
evm.TU.Ap2.4124,-0.0229110027256573
evm.TU.Ap2.4128,-0.18095820051213
evm.TU.Ap2.413,-0.107380018380126
evm.TU.Ap2.4134,-0.251858463697497
evm.TU.Ap2.4137,-0.263682966336819
evm.TU.Ap2.4138,-0.126659599508152
evm.TU.Ap2.4139,-0.209593647568298
evm.TU.Ap2.414,0.0518231351482735
evm.TU.Ap2.4140,-0.220411890077455
evm.TU.Ap2.4141,-0.42465343562805
evm.TU.Ap2.4142,-0.523110647446603
evm.TU.Ap2.415_evm.TU.Ap2.424,0.0351676578447638
evm.TU.Ap2.425,-0.204692843502668
evm.TU.Ap2.426,-0.0451459407944467
evm.TU.Ap2.430,0.14137524192056
evm.TU.Ap2.439,0.208984718174911
evm.TU.Ap2.441,-0.289619769095426
evm.TU.Ap2.443,-0.439637915277368
evm.TU.Ap2.447,-0.0648476517422938
evm.TU.Ap2.459,-0.191106554350898
evm.TU.Ap2.466,-0.113458235816494
evm.TU.Ap2.470,0.0827823441653361
evm.TU.Ap2.473,-0.232907994247426
evm.TU.Ap2.478,-0.338198609576432
evm.TU.Ap2.479,-0.0952644663557829
evm.TU.Ap2.482,-0.153903606295577
evm.TU.Ap2.483,-0.3837138968907
evm.TU.Ap2.484,-0.0262268984059101
evm.TU.Ap2.485,0.0326696303227924
evm.TU.Ap2.486,0.18407689486602
evm.TU.Ap2.488,-0.0287259732290171
evm.TU.Ap2.489,0.116846773974047
evm.TU.Ap2.491,-0.134825908025651
evm.TU.Ap2.492,0.0525238030001021
evm.TU.Ap2.497,-0.00832800914058824
evm.TU.Ap2.498,-0.0887380499836342
evm.TU.Ap2.499,0.0892910105272544
evm.TU.Ap2.5,0.0315433699432268
evm.TU.Ap2.500,0.287952671007571
evm.TU.Ap2.502,-0.0873072651846427
evm.TU.Ap2.503,-0.301244074452083
evm.TU.Ap2.624,0.140826749041959
evm.TU.Ap2.629,-0.12753962342072
evm.TU.Ap2.631,-0.248973106461971
evm.TU.Ap2.637,-0.418975917647496
evm.TU.Ap2.645,0.0322060406057943
evm.TU.Ap2.646,-0.150227506983717
evm.TU.Ap2.647,0.0565464189695534
evm.TU.Ap2.648,-0.149266141744914
evm.TU.Ap2.657,0.00968856795807626
evm.TU.Ap2.658,-0.178769783617051
evm.TU.Ap2.660,0.158320931205987
evm.TU.Ap2.664,0.131360370351017
evm.TU.Ap2.669,-0.0549382576774213
evm.TU.Ap2.671,-0.189768289928905
evm.TU.Ap2.673,0.114590715040836
evm.TU.Ap2.675,-0.0429191133893105
evm.TU.Ap2.678,0.224555753806121
evm.TU.Ap2.680,-0.353781678159387
evm.TU.Ap2.681,0.062618085736105
evm.TU.Ap2.693,0.0178269687616728
evm.TU.Ap2.7,-0.178173766028092
evm.TU.Ap2.715,0.409787558997345
evm.TU.Ap2.722,0.0820989486241192
evm.TU.Ap2.728,-0.0449904632110907
evm.TU.Ap2.739,0.0957253033188665
evm.TU.Ap2.741,-0.0252664311231096
evm.TU.Ap2.744,0.0172687080802412
evm.TU.Ap2.750,-0.00924075669224927
evm.TU.Ap2.751,-0.0581315118143586
evm.TU.Ap2.753,-0.160666607595403
evm.TU.Ap2.754,0.0917447069911871
evm.TU.Ap2.756,-0.261563976997857
evm.TU.Ap2.764,0.0279759341206175
evm.TU.Ap2.765,0.0884302124847086
evm.TU.Ap2.771,-0.168835359198552
evm.TU.Ap2.786,-0.219338661268509
evm.TU.Ap2.792,-0.257032696060523
evm.TU.Ap2.794,-0.36124988427094
evm.TU.Ap2.795,-0.364838105772038
evm.TU.Ap2.8,0.00388227986292525
evm.TU.Ap2.80,-0.19747898045694
evm.TU.Ap2.805,0.176872764929524
evm.TU.Ap2.811,0.0038416213299892
evm.TU.Ap2.822,0.282967522478603
evm.TU.Ap2.831,0.0723080180236925
evm.TU.Ap2.832,0.339523641275146
evm.TU.Ap2.835,0.276460193163066
evm.TU.Ap2.837,-0.21556121657518
evm.TU.Ap2.846,-0.0502026184138473
evm.TU.Ap2.85,0.0189513874342917
evm.TU.Ap2.850,-0.311067766877557
evm.TU.Ap2.851,-0.0133368977844987
evm.TU.Ap2.854,-0.117670625780916
evm.TU.Ap2.855,0.212409924710743
evm.TU.Ap2.86,0.00115138048857955
evm.TU.Ap2.881,0.094689371070108
evm.TU.Ap2.883,0.0785354505651855
evm.TU.Ap2.90,-0.0311917553245515
evm.TU.Ap2.901,-0.129919285317112
evm.TU.Ap2.902,-0.314131538316687
evm.TU.Ap2.904,-0.0607672892191509
evm.TU.Ap2.905,-0.163574210765232
evm.TU.Ap2.910,0.246987997621648
evm.TU.Ap2.914,-0.0413230202558775
evm.TU.Ap2.917,0.169523507356719
evm.TU.Ap2.919,0.117004860948064
evm.TU.Ap2.920,0.168513716566943
evm.TU.Ap2.921,-0.0500941564930876
evm.TU.Ap2.923,-0.0537321653999943
evm.TU.Ap2.924,0.0212745902913186
evm.TU.Ap2.925,0.123500186807959
evm.TU.Ap2.929,0.410157183070766
evm.TU.Ap2.930,-0.175980364909439
evm.TU.Ap2.931,0.212778885793495
evm.TU.Ap2.932,0.322982755916421
evm.TU.Ap2.94,-0.131820850213501
evm.TU.Ap2.957,0.037776159193011
evm.TU.Ap2.960,-0.0300242965120407
evm.TU.Ap2.975,0.0250188686224287
evm.TU.Ap2.976,0.183329165083758
evm.TU.Ap2.977,0.304840295025325
evm.TU.Ap2.983,-0.0329909364078591
evm.TU.Ap2.985,-0.0198688905378865
evm.TU.Ap2.986,-0.420332306374269
evm.TU.Ap2.99,-0.293748908150574
evm.TU.Ap2.991,-0.242356691210171
evm.TU.Ap2.994,-0.246529292754127
evm.TU.Ap2.995,-0.0647157884227018
evm.TU.Ap2.998,-0.495362306503984
evm.TU.Ap3.1001,0.170716893121005
evm.TU.Ap3.1003,-0.0902151414981232
evm.TU.Ap3.1007,-0.10932729251544
evm.TU.Ap3.1008,-0.44640009150939
evm.TU.Ap3.1010,-0.0641136254313257
evm.TU.Ap3.1013,-0.0960998985188345
evm.TU.Ap3.1016,-0.0413003903087467
evm.TU.Ap3.1017,0.0580700933573321
evm.TU.Ap3.102,-0.0359466148391716
evm.TU.Ap3.1020,0.0579447003110709
evm.TU.Ap3.1023,-0.197551342138194
evm.TU.Ap3.103,0.191713633329199
evm.TU.Ap3.1033,-0.0630097542749655
evm.TU.Ap3.1034,0.030615209476665
evm.TU.Ap3.104,-0.0678398395010198
evm.TU.Ap3.1047,0.187233314853989
evm.TU.Ap3.1048,-0.0862981564502163
evm.TU.Ap3.106,-0.141022532237593
evm.TU.Ap3.1063,0.229834717405344
evm.TU.Ap3.1064,0.0815151648480833
evm.TU.Ap3.1067,-0.68654728475161
evm.TU.Ap3.1070,0.226744823656322
evm.TU.Ap3.1073,-0.0403980290366493
evm.TU.Ap3.1075,-0.635032446935117
evm.TU.Ap3.1078,-0.135664278559322
evm.TU.Ap3.1082,0.189439607464376
evm.TU.Ap3.109,0.165771644829372
evm.TU.Ap3.1091,0.0752486737881426
evm.TU.Ap3.1092,0.245155256558169
evm.TU.Ap3.1093,0.162879668752355
evm.TU.Ap3.1095,0.147153142617511
evm.TU.Ap3.1096,-0.0603711345060974
evm.TU.Ap3.1097,0.0286473430594933
evm.TU.Ap3.1100,-0.360260102830267
evm.TU.Ap3.1101,-0.341714300480521
evm.TU.Ap3.1105,0.0177657626054333
evm.TU.Ap3.1106,-0.00709311646666671
evm.TU.Ap3.1107,-0.218562045074176
evm.TU.Ap3.1109,0.0569883613879934
evm.TU.Ap3.1122,-0.169069176538977
evm.TU.Ap3.1127,-0.0992996015563566
evm.TU.Ap3.1128,0.359198644767411
evm.TU.Ap3.1129,0.33069459884795
evm.TU.Ap3.1130,-0.223326196356285
evm.TU.Ap3.1131,-0.149617064127314
evm.TU.Ap3.1134,-0.0283198903734327
evm.TU.Ap3.1147,-0.382887550937336
evm.TU.Ap3.1152,0.167123838056788
evm.TU.Ap3.1162,0.0993311431138812
evm.TU.Ap3.1163,0.0445501512063114
evm.TU.Ap3.1170,0.0887859168523127
evm.TU.Ap3.1176,-0.105950245959303
evm.TU.Ap3.1180,0.224182672163966
evm.TU.Ap3.1182,0.0180154964817359
evm.TU.Ap3.1183_evm.TU.Ap3.1185,0.185662744699409
evm.TU.Ap3.1186,0.139659058623053
evm.TU.Ap3.119,-0.0307841039649312
evm.TU.Ap3.1190,0.0285835256525306
evm.TU.Ap3.1192,0.10032755206159
evm.TU.Ap3.1195,0.0129204048356455
evm.TU.Ap3.12,-0.2168609693403
evm.TU.Ap3.1204,-0.0840490104236127
evm.TU.Ap3.1205,-0.128286623559375
evm.TU.Ap3.1210,0.117897546059647
evm.TU.Ap3.1211,0.155604303668212
evm.TU.Ap3.1216,0.090527472770747
evm.TU.Ap3.1217,-0.130188425664069
evm.TU.Ap3.1219,-0.200343389427044
evm.TU.Ap3.1221,-0.208297181243331
evm.TU.Ap3.1224,0.397049541021008
evm.TU.Ap3.1229,-0.0339262075359794
evm.TU.Ap3.123,0.187345641202052
evm.TU.Ap3.1231,-0.176673091152217
evm.TU.Ap3.1232,-0.340845581600949
evm.TU.Ap3.1234,-0.0364863957905405
evm.TU.Ap3.1236,0.354042669706342
evm.TU.Ap3.1237,-0.662381649841552
evm.TU.Ap3.1238,-0.14107479367493
evm.TU.Ap3.1239,0.415360914099201
evm.TU.Ap3.1241,-0.133350945563837
evm.TU.Ap3.1244,0.00255914517180068
evm.TU.Ap3.1245,0.0838872581501899
evm.TU.Ap3.1247_evm.TU.Ap3.1249,0.0712880371841868
evm.TU.Ap3.1250_evm.TU.Ap3.1253,0.0627878646153101
evm.TU.Ap3.1254,-0.288820626014319
evm.TU.Ap3.1255,-0.00332136969086293
evm.TU.Ap3.1261,0.206977900327688
evm.TU.Ap3.1266,-0.088022717288874
evm.TU.Ap3.1268,-0.162783752078425
evm.TU.Ap3.127,0.137448575611041
evm.TU.Ap3.1275,-0.278039168362186
evm.TU.Ap3.1276_evm.TU.Ap3.1281,-0.137268303992686
evm.TU.Ap3.128,-0.1565633043461
evm.TU.Ap3.1282,-0.0795247140070832
evm.TU.Ap3.1283,-0.261178449404485
evm.TU.Ap3.1289,0.37499030729191
evm.TU.Ap3.1290,-0.0569160924342466
evm.TU.Ap3.1292,0.316444578112086
evm.TU.Ap3.1293,0.160382117879169
evm.TU.Ap3.1295,0.0868945693345096
evm.TU.Ap3.1296,0.131719301501561
evm.TU.Ap3.1297,-0.318659825542356
evm.TU.Ap3.1298,0.105294218182602
evm.TU.Ap3.1299,-0.384082542778377
evm.TU.Ap3.1300,0.0444817224417696
evm.TU.Ap3.1303,-0.297342788069144
evm.TU.Ap3.1304,-0.207355833094478
evm.TU.Ap3.1309,-0.460007932662207
evm.TU.Ap3.131,-0.385764649409142
evm.TU.Ap3.1310,-0.0583388707651773
evm.TU.Ap3.1311,-0.057057879929169
evm.TU.Ap3.1314,0.0419983997144697
evm.TU.Ap3.1315,0.0871907527886004
evm.TU.Ap3.1317,0.148750893189968
evm.TU.Ap3.1318,0.525421352353414
evm.TU.Ap3.1320,-0.0821588597033021
evm.TU.Ap3.1321,-0.0633570918095672
evm.TU.Ap3.1323,0.137774770972413
evm.TU.Ap3.1324,-0.15388736425895
evm.TU.Ap3.1329,-0.000195830254278585
evm.TU.Ap3.133,-0.190097753599053
evm.TU.Ap3.1335,-0.139583737280852
evm.TU.Ap3.1336,-0.0816715117014017
evm.TU.Ap3.1337,-0.16815976896171
evm.TU.Ap3.1339,0.223905100650728
evm.TU.Ap3.1341,-0.259732667600001
evm.TU.Ap3.1342,0.203138597168312
evm.TU.Ap3.1343,-0.0854607833391772
evm.TU.Ap3.1346,0.166498370463461
evm.TU.Ap3.1351,0.500521040795905
evm.TU.Ap3.1369,0.00478066874481808
evm.TU.Ap3.1370_evm.TU.Ap3.1371,-0.0632843243732124
evm.TU.Ap3.1377,-0.47752059562106
evm.TU.Ap3.1379,-0.288781296165609
evm.TU.Ap3.138,0.109717007544957
evm.TU.Ap3.1380,0.244842544453216
evm.TU.Ap3.1385,0.00900304163227602
evm.TU.Ap3.1386,-0.257085975834546
evm.TU.Ap3.1387,0.355474653756604
evm.TU.Ap3.1394,0.301682056922749
evm.TU.Ap3.1395,0.217628489988642
evm.TU.Ap3.1399,0.104150990531696
evm.TU.Ap3.14,-0.181351051630867
evm.TU.Ap3.1400,0.191472752041749
evm.TU.Ap3.1401,-0.027163670600739
evm.TU.Ap3.1402,-0.439535199140078
evm.TU.Ap3.1403,0.169074270234778
evm.TU.Ap3.1406,0.089297301818029
evm.TU.Ap3.1408,-0.47968245721675
evm.TU.Ap3.1409,-0.541499501746271
evm.TU.Ap3.141,0.00826934387459618
evm.TU.Ap3.1410,-0.39196248704329
evm.TU.Ap3.1415,-0.0194093387196359
evm.TU.Ap3.1417,-0.231700687633167
evm.TU.Ap3.1418,-0.305041350920099
evm.TU.Ap3.1419,0.286303796108513
evm.TU.Ap3.1420,0.257896527429118
evm.TU.Ap3.1422,-0.117114370652222
evm.TU.Ap3.1423_evm.TU.Ap3.1431,-0.545037691739568
evm.TU.Ap3.143,-0.0380741142181332
evm.TU.Ap3.1432,-0.00933791919247103
evm.TU.Ap3.1435,0.130884515770126
evm.TU.Ap3.144,-0.162086188415015
evm.TU.Ap3.1445,0.119855317294275
evm.TU.Ap3.1448,0.223166471380022
evm.TU.Ap3.1449,-0.290765960136578
evm.TU.Ap3.145,0.00459023332464293
evm.TU.Ap3.1467,-0.201003327874021
evm.TU.Ap3.1469,-0.1317267492535
evm.TU.Ap3.1470,-0.342262159130006
evm.TU.Ap3.1471,-0.11096483784763
evm.TU.Ap3.1474,0.0429472988035434
evm.TU.Ap3.1477,0.133056294763381
evm.TU.Ap3.148,-0.175519318401828
evm.TU.Ap3.1484,0.0413141236554707
evm.TU.Ap3.1485_evm.TU.Ap3.1487,-0.125611839516209
evm.TU.Ap3.1491,0.12200901334927
evm.TU.Ap3.1497,-0.0487166463711516
evm.TU.Ap3.15,-0.196614724056368
evm.TU.Ap3.1504,-0.0150940614861063
evm.TU.Ap3.1507,0.147804041412249
evm.TU.Ap3.151,-0.158900389337883
evm.TU.Ap3.152,0.0083392579544454
evm.TU.Ap3.1531,-0.214679585795973
evm.TU.Ap3.1536,0.187511003903126
evm.TU.Ap3.1537,-0.0604942143906205
evm.TU.Ap3.1538,-0.0719558734896252
evm.TU.Ap3.1539,0.186049672394034
evm.TU.Ap3.1540,0.0426674577461254
evm.TU.Ap3.1542,-0.202785842907121
evm.TU.Ap3.1546,-0.0434055120112523
evm.TU.Ap3.155,-0.0632908958172192
evm.TU.Ap3.1551,-0.111853988119723
evm.TU.Ap3.1552,-0.35733334886421
evm.TU.Ap3.1568,0.283936284807469
evm.TU.Ap3.1580,0.0678976316356927
evm.TU.Ap3.1581,-0.283414022960299
evm.TU.Ap3.1587,0.228488274940649
evm.TU.Ap3.1591,0.0964356940977825
evm.TU.Ap3.1592,-0.0404655208422001
evm.TU.Ap3.1593,-0.103614596687534
evm.TU.Ap3.1594,-0.0726033335077777
evm.TU.Ap3.1598,0.107905911478522
evm.TU.Ap3.1599_evm.TU.Ap3.1600,-0.0494806401001847
evm.TU.Ap3.16,0.247545786996292
evm.TU.Ap3.1601,0.211440832795732
evm.TU.Ap3.1602,-0.216837214486288
evm.TU.Ap3.1603,-0.413057903006644
evm.TU.Ap3.1604,0.0422387645396594
evm.TU.Ap3.1605,-0.0216593428898215
evm.TU.Ap3.1613,0.339279063059999
evm.TU.Ap3.1615,-0.0901625511339343
evm.TU.Ap3.1619,0.0366118579410838
evm.TU.Ap3.1620,-0.173071223272959
evm.TU.Ap3.1622,-0.0812375078213245
evm.TU.Ap3.1625,-0.23335281739167
evm.TU.Ap3.1630,0.0158703094003808
evm.TU.Ap3.1631,0.273489373884011
evm.TU.Ap3.1637,-0.0349293058159686
evm.TU.Ap3.1638,0.108679331374566
evm.TU.Ap3.1642,-0.074854817223018
evm.TU.Ap3.1643,-0.240443910228379
evm.TU.Ap3.165,0.013075644046833
evm.TU.Ap3.1656,-0.0403152678724305
evm.TU.Ap3.1658,0.107048033369779
evm.TU.Ap3.166,-0.236254355638955
evm.TU.Ap3.1660,-0.0941563675173146
evm.TU.Ap3.1661,-0.193907295202053
evm.TU.Ap3.1662,0.10150771556406
evm.TU.Ap3.168,-0.161695417916204
evm.TU.Ap3.17,-0.442957391356244
evm.TU.Ap3.170,-0.0832070336540633
evm.TU.Ap3.1712,-0.164012437429644
evm.TU.Ap3.172,-0.0856111575574137
evm.TU.Ap3.1728,0.122242405328509
evm.TU.Ap3.173,-0.122561677306226
evm.TU.Ap3.1743,-0.248180167088122
evm.TU.Ap3.1746,0.00669376421704707
evm.TU.Ap3.1751,-0.0927658713508489
evm.TU.Ap3.1752,-0.16001861484079
evm.TU.Ap3.1754,0.116650150601729
evm.TU.Ap3.1755,-0.526192800499151
evm.TU.Ap3.1762,-0.0739472822401474
evm.TU.Ap3.1764,0.119618892235243
evm.TU.Ap3.1773,0.15915859355908
evm.TU.Ap3.1781,0.0553323343708901
evm.TU.Ap3.180,0.083797649124776
evm.TU.Ap3.1805,0.224766194342514
evm.TU.Ap3.1806,-0.142694763805703
evm.TU.Ap3.1807,-0.0964113159845251
evm.TU.Ap3.1809,0.34011589490077
evm.TU.Ap3.182,0.245949332297868
evm.TU.Ap3.1823_evm.TU.Ap3.1821,-0.237893697755568
evm.TU.Ap3.1824,-0.0563031121249195
evm.TU.Ap3.1825,-0.0986839758840887
evm.TU.Ap3.1830,-0.189648449766779
evm.TU.Ap3.1831,-0.120619592621721
evm.TU.Ap3.1832,0.0585669535470629
evm.TU.Ap3.1833_evm.TU.Ap3.1835,0.0548818097240574
evm.TU.Ap3.1838,-0.367605716220494
evm.TU.Ap3.1839,-0.156955682179429
evm.TU.Ap3.184,-0.0483952885677715
evm.TU.Ap3.1840,0.0306593563117625
evm.TU.Ap3.1844,0.154337360089403
evm.TU.Ap3.1845,-0.0424783560296262
evm.TU.Ap3.1846,-0.0451889248304768
evm.TU.Ap3.1849,-0.242479400940174
evm.TU.Ap3.185,-0.286040701075742
evm.TU.Ap3.1854,0.214841036774696
evm.TU.Ap3.1855,0.044265399989599
evm.TU.Ap3.1859,0.2034186507042
evm.TU.Ap3.186,0.090824105092032
evm.TU.Ap3.1862,0.164823710858238
evm.TU.Ap3.1866,-0.0283969801203612
evm.TU.Ap3.187,0.266183303880384
evm.TU.Ap3.1871,-0.243073499541332
evm.TU.Ap3.1872,-0.0802742731612241
evm.TU.Ap3.1877,-0.122551060496851
evm.TU.Ap3.1878,-0.222525085351874
evm.TU.Ap3.188,0.331198782617326
evm.TU.Ap3.1882,0.261116276832428
evm.TU.Ap3.189,-0.303570707880473
evm.TU.Ap3.1897,0.229452696464306
evm.TU.Ap3.19,-0.0166779848532851
evm.TU.Ap3.1900,-0.224594147141368
evm.TU.Ap3.1903,-0.0387021974343655
evm.TU.Ap3.1904,-0.124502954612403
evm.TU.Ap3.1905,0.0471262478351511
evm.TU.Ap3.1910,0.250286370444581
evm.TU.Ap3.1911,-0.0214786304926784
evm.TU.Ap3.1914,0.174202763581876
evm.TU.Ap3.1919,-0.0148748693164555
evm.TU.Ap3.192,-0.231936377499171
evm.TU.Ap3.1920,0.121224215766167
evm.TU.Ap3.1925,-0.240565486543166
evm.TU.Ap3.1926,-0.0915166346612433
evm.TU.Ap3.1927,0.0777787360444275
evm.TU.Ap3.1932,0.343831658891697
evm.TU.Ap3.1933,-0.0487068616740809
evm.TU.Ap3.1934,0.0457076960277192
evm.TU.Ap3.1935,0.0723015614217445
evm.TU.Ap3.1938,0.271618608913755
evm.TU.Ap3.1941,-0.0855589514937449
evm.TU.Ap3.1942,-0.217601506521009
evm.TU.Ap3.1944,-0.0860285906275329
evm.TU.Ap3.1946,-0.110461956751698
evm.TU.Ap3.1947,0.0708600688543934
evm.TU.Ap3.1948,0.371693451353448
evm.TU.Ap3.1949,0.355392329535402
evm.TU.Ap3.195,-0.220890194896214
evm.TU.Ap3.1952,-0.0907332534062576
evm.TU.Ap3.1953,0.00428169964704179
evm.TU.Ap3.1954,-0.0129809472664496
evm.TU.Ap3.1957,0.306400811790014
evm.TU.Ap3.1961,0.114712028750483
evm.TU.Ap3.1962,0.0257709763144764
evm.TU.Ap3.1964,0.107328302216315
evm.TU.Ap3.1969,0.0757683154195093
evm.TU.Ap3.197,-0.206088931058578
evm.TU.Ap3.1970,0.32162593756859
evm.TU.Ap3.1971,0.0866906234163788
evm.TU.Ap3.1972,-0.00691189725891605
evm.TU.Ap3.1973,0.0469308244047694
evm.TU.Ap3.1992,-0.00965771658581675
evm.TU.Ap3.1993,-0.113336682965942
evm.TU.Ap3.1994,-0.0117283656215544
evm.TU.Ap3.1997,-0.0817596015540022
evm.TU.Ap3.2000,0.19058412706911
evm.TU.Ap3.2001,0.0567599912956384
evm.TU.Ap3.2002,0.121086630461303
evm.TU.Ap3.2006,0.143667941804498
evm.TU.Ap3.2007,0.100174593202577
evm.TU.Ap3.2009,-0.0171920813171524
evm.TU.Ap3.201,0.471670873167427
evm.TU.Ap3.2011,-0.0237556284954545
evm.TU.Ap3.2014,0.290883074535404
evm.TU.Ap3.2022_evm.TU.Ap3.2023,0.743549048412723
evm.TU.Ap3.2024,0.0579937549842409
evm.TU.Ap3.2026,-0.051650888175981
evm.TU.Ap3.203,-0.201455189709979
evm.TU.Ap3.2030,0.152042532197089
evm.TU.Ap3.2031,-0.0959830451493666
evm.TU.Ap3.2032,-0.27647049249737
evm.TU.Ap3.2034,0.229294742690207
evm.TU.Ap3.2039,0.235843530270156
evm.TU.Ap3.2041,0.269519352462373
evm.TU.Ap3.2042,-0.195798456169454
evm.TU.Ap3.2043,-0.133080537794021
evm.TU.Ap3.2045,-0.25907615100396
evm.TU.Ap3.2051,-0.198548017604768
evm.TU.Ap3.2052,0.0306081158495564
evm.TU.Ap3.2053,0.158251472249781
evm.TU.Ap3.2056,-0.259872928564056
evm.TU.Ap3.2057,-0.179108645658094
evm.TU.Ap3.2058,-0.0405241194544518
evm.TU.Ap3.2059,0.110439147849112
evm.TU.Ap3.206,-0.222136794566941
evm.TU.Ap3.2061,-0.185611713733232
evm.TU.Ap3.2062,-0.0732203740927132
evm.TU.Ap3.2063,0.319841704261923
evm.TU.Ap3.2068,0.484552965111548
evm.TU.Ap3.2070,-0.277838375716658
evm.TU.Ap3.2073,0.075030633246743
evm.TU.Ap3.2075,-0.205235655923935
evm.TU.Ap3.2076,0.170018441834899
evm.TU.Ap3.208,0.13550670017785
evm.TU.Ap3.2080,0.0478933791719108
evm.TU.Ap3.2084,-0.0480956693891309
evm.TU.Ap3.2089,0.161422167145523
evm.TU.Ap3.2093,0.085520653514191
evm.TU.Ap3.2101,0.0238479537282778
evm.TU.Ap3.2102,0.253060424768524
evm.TU.Ap3.2103,0.14181864113082
evm.TU.Ap3.2106,0.513910991334212
evm.TU.Ap3.2107,0.707323964545052
evm.TU.Ap3.2108,-0.0578679830188219
evm.TU.Ap3.2109,0.0909507539014447
evm.TU.Ap3.2111,-0.16487634785754
evm.TU.Ap3.2113,0.283518451440477
evm.TU.Ap3.2114,0.00442563805913461
evm.TU.Ap3.2115,-0.0229229758985812
evm.TU.Ap3.2116,-0.256615321569958
evm.TU.Ap3.2118,-0.132789480122043
evm.TU.Ap3.2121,-0.0538729493776739
evm.TU.Ap3.2129,0.148231080614662
evm.TU.Ap3.2130,0.0723583074605268
evm.TU.Ap3.2136,-0.0862135806611427
evm.TU.Ap3.2137,0.266184240877754
evm.TU.Ap3.2144,0.665964626328028
evm.TU.Ap3.2146,0.260749382406945
evm.TU.Ap3.2149,-0.180396668057661
evm.TU.Ap3.215,-0.113147944111566
evm.TU.Ap3.2150,-0.0878791037854252
evm.TU.Ap3.2153,0.161928081352018
evm.TU.Ap3.2154,0.077504033427722
evm.TU.Ap3.2155,-0.192094535336151
evm.TU.Ap3.2157,0.190541570255931
evm.TU.Ap3.2158,0.289367110606842
evm.TU.Ap3.216,-0.121125334132367
evm.TU.Ap3.2160,-0.306048150634652
evm.TU.Ap3.2161,-0.158648357668209
evm.TU.Ap3.2162,-0.0472378602020679
evm.TU.Ap3.2164,-0.0625829732082767
evm.TU.Ap3.217,0.21784099484978
evm.TU.Ap3.2172,0.11163189351991
evm.TU.Ap3.2173,0.103199107097555
evm.TU.Ap3.2174,-0.044374852225198
evm.TU.Ap3.2185,0.384455913549257
evm.TU.Ap3.219,0.570159333635955
evm.TU.Ap3.220,-0.181686915896701
evm.TU.Ap3.2202,0.266832622253949
evm.TU.Ap3.2205,0.0720404087150834
evm.TU.Ap3.2206,-0.278749032416186
evm.TU.Ap3.2207,0.183817298524549
evm.TU.Ap3.2208,-0.275324152123063
evm.TU.Ap3.2217,-0.348230952445531
evm.TU.Ap3.2219,-0.283315415168215
evm.TU.Ap3.2221,-0.246098614838938
evm.TU.Ap3.2224,-0.381153021019613
evm.TU.Ap3.2233,-0.379563825271363
evm.TU.Ap3.2234,-0.421584439853656
evm.TU.Ap3.2235,-0.0126659993509403
evm.TU.Ap3.2236,0.00920904361181565
evm.TU.Ap3.2237,0.0526220885228697
evm.TU.Ap3.224,0.0627996883900535
evm.TU.Ap3.2240,0.0354232014372368
evm.TU.Ap3.2247,0.00928609173242996
evm.TU.Ap3.2249,0.221392641159391
evm.TU.Ap3.2262,0.0450295972501971
evm.TU.Ap3.2265,0.0577839949028121
evm.TU.Ap3.2267,0.240196086669065
evm.TU.Ap3.227,0.0265004890683236
evm.TU.Ap3.2270,0.306896793012924
evm.TU.Ap3.228,-0.139391405957716
evm.TU.Ap3.2298,-0.0828214080600913
evm.TU.Ap3.231,-0.0369816343682667
evm.TU.Ap3.2314,-0.206408205500762
evm.TU.Ap3.2319,-0.107833702157158
evm.TU.Ap3.232,0.851827895869318
evm.TU.Ap3.2320,0.181139524245517
evm.TU.Ap3.2322,0.0502690165167103
evm.TU.Ap3.2324,0.00303294609799429
evm.TU.Ap3.2325,-0.215713956549769
evm.TU.Ap3.2326,-0.154056584217897
evm.TU.Ap3.2329,0.32384786550015
evm.TU.Ap3.233,0.292877031190692
evm.TU.Ap3.2331,0.155608249262593
evm.TU.Ap3.2337,0.0898856079529231
evm.TU.Ap3.2339,0.00106293996439488
evm.TU.Ap3.234,0.00584811182799423
evm.TU.Ap3.2341,-0.115586870803624
evm.TU.Ap3.2350,0.468289075622507
evm.TU.Ap3.2354,-0.0487430199435191
evm.TU.Ap3.2358,0.181310775934983
evm.TU.Ap3.2360,-0.15844683536988
evm.TU.Ap3.2361,0.0992057677597609
evm.TU.Ap3.2362,-0.15011337822038
evm.TU.Ap3.2363,0.0326728990860135
evm.TU.Ap3.2364,0.00191664924019269
evm.TU.Ap3.2367,-0.149298067164219
evm.TU.Ap3.2371,-0.0540949736354538
evm.TU.Ap3.2375_evm.TU.Ap3.2376_evm.TU.Ap3.2377_evm.TU.Ap3.2378,-0.226386369158482
evm.TU.Ap3.2379,0.0624399222706549
evm.TU.Ap3.238,0.0795820280515129
evm.TU.Ap3.2381,-0.00219664613700592
evm.TU.Ap3.2382,-0.161016445658156
evm.TU.Ap3.2383_evm.TU.Ap3.2384,0.295528299665202
evm.TU.Ap3.239,0.0459766045619046
evm.TU.Ap3.2391,-0.334503225302254
evm.TU.Ap3.2392,0.311865591436184
evm.TU.Ap3.24,-0.368020488517676
evm.TU.Ap3.2401,0.145838515894665
evm.TU.Ap3.2403,0.0154503821167393
evm.TU.Ap3.2404,0.152557482532453
evm.TU.Ap3.241,-0.0587908455957204
evm.TU.Ap3.2412,-0.140370817246916
evm.TU.Ap3.2413,-0.194512729692698
evm.TU.Ap3.2415,0.396436460184457
evm.TU.Ap3.2418,0.00483808137719403
evm.TU.Ap3.2419,0.190191297541519
evm.TU.Ap3.2420,0.170995245543151
evm.TU.Ap3.2422,-0.15864634744838
evm.TU.Ap3.2423,-0.114101057552817
evm.TU.Ap3.2428,-0.25343809314551
evm.TU.Ap3.243,-0.204834807861978
evm.TU.Ap3.2430,0.241408091350884
evm.TU.Ap3.2431,-0.068534965413006
evm.TU.Ap3.2432,0.0145822957694482
evm.TU.Ap3.2436,0.0874189723221019
evm.TU.Ap3.2438,-0.0823356608974789
evm.TU.Ap3.2439,-0.0331978849368838
evm.TU.Ap3.2440,-0.116200166036505
evm.TU.Ap3.2443,-0.209797976350587
evm.TU.Ap3.2444,0.00305570279713298
evm.TU.Ap3.2451,-0.111912237005185
evm.TU.Ap3.2452,-0.141658667517253
evm.TU.Ap3.2456,0.357162952837806
evm.TU.Ap3.2457,0.437650911718185
evm.TU.Ap3.2459,0.195569960079656
evm.TU.Ap3.2460,-0.140684759127756
evm.TU.Ap3.2462,-0.189275712987585
evm.TU.Ap3.2465,-0.262826071646462
evm.TU.Ap3.2469,0.0927672846026092
evm.TU.Ap3.2471,0.444008464467852
evm.TU.Ap3.2475,-0.281372230095885
evm.TU.Ap3.2477,-0.143881234095111
evm.TU.Ap3.2483,-0.246773878771773
evm.TU.Ap3.2486,-0.0707306928550834
evm.TU.Ap3.2487,-0.0847593348090895
evm.TU.Ap3.249,-0.237882563353277
evm.TU.Ap3.2493,-0.181154371729204
evm.TU.Ap3.2498,0.248382067619225
evm.TU.Ap3.2499,0.278223363687046
evm.TU.Ap3.25,0.137397737876336
evm.TU.Ap3.2502,-0.274332795422347
evm.TU.Ap3.2503,-0.268817784837741
evm.TU.Ap3.2504,0.0698021499036148
evm.TU.Ap3.2505,-0.2781489496481
evm.TU.Ap3.2507,0.026034244404062
evm.TU.Ap3.2508_evm.TU.Ap3.2509,-0.030792109210011
evm.TU.Ap3.251,0.0277588384055698
evm.TU.Ap3.2510,-0.169761142559769
evm.TU.Ap3.2512,-0.447381290528656
evm.TU.Ap3.2514,-0.372010815342582
evm.TU.Ap3.2515,-0.181527705944282
evm.TU.Ap3.252,-0.15132115658799
evm.TU.Ap3.257,-0.0387429375914668
evm.TU.Ap3.259,-0.00502798480700255
evm.TU.Ap3.261,-0.105127767750322
evm.TU.Ap3.262,0.0404298806678546
evm.TU.Ap3.268,-0.0966081693929275
evm.TU.Ap3.269,-0.0567195798936115
evm.TU.Ap3.270,-0.0960073492585773
evm.TU.Ap3.273,0.362721780318003
evm.TU.Ap3.274,0.151809160418647
evm.TU.Ap3.275,0.0558455681536978
evm.TU.Ap3.281,0.151247079622961
evm.TU.Ap3.286,-0.0268484372160112
evm.TU.Ap3.287,0.168279253914625
evm.TU.Ap3.288,-0.138896477686927
evm.TU.Ap3.289,-0.324279545681153
evm.TU.Ap3.29,-0.00362715464819262
evm.TU.Ap3.296,0.0612442013347996
evm.TU.Ap3.299,-0.0451166024290644
evm.TU.Ap3.30,0.335552501861756
evm.TU.Ap3.302,-0.36952614316515
evm.TU.Ap3.31,0.173575095076711
evm.TU.Ap3.313,-0.15984351784321
evm.TU.Ap3.323,-0.0608050948284247
evm.TU.Ap3.324,-0.159713783134679
evm.TU.Ap3.328,0.137020429252048
evm.TU.Ap3.329,-0.2200995064838
evm.TU.Ap3.33,0.0584960717611456
evm.TU.Ap3.330,0.106593921442176
evm.TU.Ap3.331,-0.0223503938396909
evm.TU.Ap3.333,-0.0194384173561722
evm.TU.Ap3.339_evm.TU.Ap3.340,-0.00546255794256548
evm.TU.Ap3.34,-0.184381549685224
evm.TU.Ap3.341,0.21214335098363
evm.TU.Ap3.35,-0.312764622389012
evm.TU.Ap3.354_evm.TU.Ap3.342,0.282060015439283
evm.TU.Ap3.358,0.122991866744313
evm.TU.Ap3.36,-0.273128757639196
evm.TU.Ap3.360,0.0298332266339939
evm.TU.Ap3.361,0.227131099736887
evm.TU.Ap3.362,-0.0606066944745582
evm.TU.Ap3.364,0.084957503920371
evm.TU.Ap3.367,-0.0421903491680737
evm.TU.Ap3.369,-0.0924218907809172
evm.TU.Ap3.37,-0.30263879762428
evm.TU.Ap3.371,0.343609075729243
evm.TU.Ap3.374,0.147424150699492
evm.TU.Ap3.385,0.306737459599146
evm.TU.Ap3.396,-0.100472502000963
evm.TU.Ap3.398,0.628152886939331
evm.TU.Ap3.40,0.0417526598591897
evm.TU.Ap3.41,0.276697895785686
evm.TU.Ap3.42,-0.0804258082428479
evm.TU.Ap3.43,0.0445661293785401
evm.TU.Ap3.444,-0.381707262300969
evm.TU.Ap3.445,-0.0573277624029014
evm.TU.Ap3.446,-0.12028680724778
evm.TU.Ap3.451,0.0627950025223572
evm.TU.Ap3.452,0.176534985926561
evm.TU.Ap3.453,-0.0426002702543246
evm.TU.Ap3.456,0.222702606251607
evm.TU.Ap3.457,-0.00305412319362557
evm.TU.Ap3.458,-0.164030404831189
evm.TU.Ap3.461,0.696324963829903
evm.TU.Ap3.462,0.245259044463921
evm.TU.Ap3.463,0.361481280272929
evm.TU.Ap3.464,0.37999323634132
evm.TU.Ap3.465,0.404387251372981
evm.TU.Ap3.466,-0.206000763470942
evm.TU.Ap3.467,-0.116514192762863
evm.TU.Ap3.468,-0.248532505441177
evm.TU.Ap3.469,0.0375446379615463
evm.TU.Ap3.474,0.0406432088680207
evm.TU.Ap3.477,0.0129871756263681
evm.TU.Ap3.478,-0.198982471076291
evm.TU.Ap3.487,-0.363688192049985
evm.TU.Ap3.49,-0.0358448848771475
evm.TU.Ap3.491,0.279526172204538
evm.TU.Ap3.493,0.0282075443005223
evm.TU.Ap3.494,-0.174066947516088
evm.TU.Ap3.495,-0.0575251894934576
evm.TU.Ap3.499,-0.163629833001148
evm.TU.Ap3.5,-0.234220009724322
evm.TU.Ap3.500,0.109591321514045
evm.TU.Ap3.501,-0.116543913779559
evm.TU.Ap3.503,-0.0336162123936743
evm.TU.Ap3.516,-0.0737079808110592
evm.TU.Ap3.520,-0.21567390969689
evm.TU.Ap3.521,-0.181082269046008
evm.TU.Ap3.528,-0.216279739331414
evm.TU.Ap3.529,-0.145300581749257
evm.TU.Ap3.53,0.694677179373325
evm.TU.Ap3.532,-0.360287300997846
evm.TU.Ap3.541,-0.052906760762215
evm.TU.Ap3.542,0.0716540171942925
evm.TU.Ap3.544,-0.118370157828268
evm.TU.Ap3.545,0.0932339985529072
evm.TU.Ap3.55,0.291483398173379
evm.TU.Ap3.56,-0.0407968884455398
evm.TU.Ap3.561,-0.0652346647064229
evm.TU.Ap3.562,0.298190820270701
evm.TU.Ap3.568,-0.0277704656403108
evm.TU.Ap3.570,-0.020305958505605
evm.TU.Ap3.571,-0.466604358953606
evm.TU.Ap3.572,0.219325168805224
evm.TU.Ap3.575,-0.150134377789783
evm.TU.Ap3.577,-0.120050513256916
evm.TU.Ap3.579,-0.397887888596868
evm.TU.Ap3.582,-0.11594233449318
evm.TU.Ap3.594,-0.134277954003769
evm.TU.Ap3.596,0.0896733683777088
evm.TU.Ap3.599,-0.0413480791823753
evm.TU.Ap3.60,0.106317421643808
evm.TU.Ap3.602,-0.248829392777729
evm.TU.Ap3.603,-0.264284580436677
evm.TU.Ap3.613,-0.00274387699085493
evm.TU.Ap3.615,0.0776734955260991
evm.TU.Ap3.616,0.188877130615346
evm.TU.Ap3.620,0.165677485605116
evm.TU.Ap3.621,0.175315182799034
evm.TU.Ap3.624,0.202746699716785
evm.TU.Ap3.626,0.184155489800809
evm.TU.Ap3.627,0.0546057214759609
evm.TU.Ap3.629,0.0293727021535932
evm.TU.Ap3.63,-0.0861625278639461
evm.TU.Ap3.634,0.0771800192642327
evm.TU.Ap3.641,-0.051039595591619
evm.TU.Ap3.642,-0.0903580071978084
evm.TU.Ap3.644,-0.100539387780281
evm.TU.Ap3.645,-0.163538271022307
evm.TU.Ap3.65,-0.0284414528374766
evm.TU.Ap3.650,0.146662750417916
evm.TU.Ap3.653,0.0236151166400973
evm.TU.Ap3.66,-0.162447189539936
evm.TU.Ap3.661,0.199681991987635
evm.TU.Ap3.662,-0.240706039024299
evm.TU.Ap3.665,-0.0371231266895728
evm.TU.Ap3.667,0.0954013828458181
evm.TU.Ap3.668,0.179925453227973
evm.TU.Ap3.669,0.224126213374677
evm.TU.Ap3.67,-0.219357784717635
evm.TU.Ap3.677,0.0273197770246939
evm.TU.Ap3.678,0.0656288209189771
evm.TU.Ap3.68,-0.460327934630957
evm.TU.Ap3.685,-0.0396768153351542
evm.TU.Ap3.687,-0.17090839905545
evm.TU.Ap3.689,-0.155687026337341
evm.TU.Ap3.690,0.451277768952717
evm.TU.Ap3.700,-0.0218757081965026
evm.TU.Ap3.701,0.192552506589986
evm.TU.Ap3.702,-0.357102843018674
evm.TU.Ap3.703,-0.0209487347999028
evm.TU.Ap3.708,0.297634936174515
evm.TU.Ap3.709,0.349803682755145
evm.TU.Ap3.71,-0.221142390830829
evm.TU.Ap3.710,0.252058444946624
evm.TU.Ap3.712,-0.0289902433065704
evm.TU.Ap3.715,-0.0575224153289918
evm.TU.Ap3.718,0.0612966348933862
evm.TU.Ap3.72,-0.264138123785251
evm.TU.Ap3.727,-0.164683584805842
evm.TU.Ap3.729,-0.168566331514496
evm.TU.Ap3.73,-0.110475461735514
evm.TU.Ap3.730,0.0083966781828957
evm.TU.Ap3.732,0.0337824012390639
evm.TU.Ap3.733,-0.299677316266982
evm.TU.Ap3.737,-0.139406989704373
evm.TU.Ap3.74,0.0776149573519208
evm.TU.Ap3.746,-0.0950691618712233
evm.TU.Ap3.747,-0.112939041256523
evm.TU.Ap3.748,-0.178422424340789
evm.TU.Ap3.749,0.0197561072017311
evm.TU.Ap3.750,-0.0730012167918385
evm.TU.Ap3.756,0.0424281143886957
evm.TU.Ap3.757,-0.0623382008623686
evm.TU.Ap3.760,-0.196014090903211
evm.TU.Ap3.764,0.0646250484940189
evm.TU.Ap3.769,-0.0829859074610063
evm.TU.Ap3.775,-0.136018650895892
evm.TU.Ap3.776,-0.00975104839564229
evm.TU.Ap3.783,-0.315726502031063
evm.TU.Ap3.784,0.140198659564053
evm.TU.Ap3.785,-0.195986760014226
evm.TU.Ap3.791,-0.217484732171759
evm.TU.Ap3.792,-0.246902912209064
evm.TU.Ap3.797,0.206619533943392
evm.TU.Ap3.799,0.154838924675624
evm.TU.Ap3.8,0.390457971168408
evm.TU.Ap3.802,-0.0380679304121614
evm.TU.Ap3.808,-0.0964374628390725
evm.TU.Ap3.819,0.116104211388984
evm.TU.Ap3.820,0.34773491594323
evm.TU.Ap3.821,0.608560823472303
evm.TU.Ap3.822,0.40108742340966
evm.TU.Ap3.824,0.145226293919709
evm.TU.Ap3.825,0.338520964130259
evm.TU.Ap3.826,0.228114666699123
evm.TU.Ap3.827,-0.24123783893473
evm.TU.Ap3.830,-0.361221205952234
evm.TU.Ap3.834,-0.0581539821251032
evm.TU.Ap3.836,-0.11369096800342
evm.TU.Ap3.838,-0.0679491388666306
evm.TU.Ap3.839,-0.286545803768045
evm.TU.Ap3.84,-0.148764806331981
evm.TU.Ap3.842,-0.14527909154328
evm.TU.Ap3.849,0.451987227841273
evm.TU.Ap3.852,-0.0592279642461704
evm.TU.Ap3.853,0.10032740695047
evm.TU.Ap3.854,0.387219875209539
evm.TU.Ap3.858,0.0355103443960157
evm.TU.Ap3.861,-0.0504794165890142
evm.TU.Ap3.862,-0.300125695869259
evm.TU.Ap3.87,-0.281549426256852
evm.TU.Ap3.878,-0.362557086552038
evm.TU.Ap3.879,-0.118364981561315
evm.TU.Ap3.882,0.249302993719974
evm.TU.Ap3.883,0.10156381973357
evm.TU.Ap3.884,-0.168484102319029
evm.TU.Ap3.886_evm.TU.Ap3.887,-0.227431369362386
evm.TU.Ap3.89,-0.0315940977320891
evm.TU.Ap3.899,0.101067192831782
evm.TU.Ap3.90,-0.125164913683572
evm.TU.Ap3.900,-0.0897130985008457
evm.TU.Ap3.901,-0.259548583467673
evm.TU.Ap3.903,-0.119437409603061
evm.TU.Ap3.906_evm.TU.Ap3.914,0.0607928947797626
evm.TU.Ap3.919,-0.261724102683163
evm.TU.Ap3.927,-0.244495347143805
evm.TU.Ap3.928,-0.0929647553682675
evm.TU.Ap3.929,-0.386229623192553
evm.TU.Ap3.935,0.159967337710051
evm.TU.Ap3.936,-0.145418515713648
evm.TU.Ap3.937,0.00951179153657251
evm.TU.Ap3.939,-0.146427800680883
evm.TU.Ap3.942,-0.0278514228944502
evm.TU.Ap3.944,-0.0402022205631606
evm.TU.Ap3.945,0.014369238304646
evm.TU.Ap3.95,-0.204283317164736
evm.TU.Ap3.96,0.19188441539484
evm.TU.Ap3.960,0.177271970661431
evm.TU.Ap3.962,0.780266113057957
evm.TU.Ap3.963,0.134111557829895
evm.TU.Ap3.965,0.217814946598716
evm.TU.Ap3.972,0.204008717618438
evm.TU.Ap3.974,-0.213533145013503
evm.TU.Ap3.975,-0.422520416642562
evm.TU.Ap3.977,0.135709988355904
evm.TU.Ap3.98,0.215331224567343
evm.TU.Ap3.983,-0.233082269782847
evm.TU.Ap3.985,-0.137175112529495
evm.TU.Ap3.992,-0.247129299442938
evm.TU.Ap3.993_evm.TU.Ap3.994,-0.00746638677643167
evm.TU.Ap3.998,0.204472248717615
evm.TU.Ap3.999,0.317031033950896
evm.TU.Ap4.1,-0.131338741834829
evm.TU.Ap4.1002,0.254988875488061
evm.TU.Ap4.102,0.137887551003622
evm.TU.Ap4.1023,-0.243740589321903
evm.TU.Ap4.1025,0.148833082899405
evm.TU.Ap4.1026,0.129778155941362
evm.TU.Ap4.1027,0.0838116763802945
evm.TU.Ap4.1028,-0.209754160052411
evm.TU.Ap4.1029,-0.286438742568712
evm.TU.Ap4.103,-0.379243971177404
evm.TU.Ap4.1030,0.121963039307231
evm.TU.Ap4.104,0.148461776872152
evm.TU.Ap4.1040,0.118867979227973
evm.TU.Ap4.105,-0.248904927305955
evm.TU.Ap4.1062,-0.0343514224615466
evm.TU.Ap4.107,0.826357801872106
evm.TU.Ap4.1077,-0.202096897428093
evm.TU.Ap4.108,0.658628584529285
evm.TU.Ap4.1081,-0.169565771666063
evm.TU.Ap4.1084,0.0533408366929347
evm.TU.Ap4.109,-0.226089976096312
evm.TU.Ap4.11,0.0067013723285477
evm.TU.Ap4.1107,0.21054457982288
evm.TU.Ap4.111,0.276124172877936
evm.TU.Ap4.1119,-0.00796581569555916
evm.TU.Ap4.1122,-0.0140699976431519
evm.TU.Ap4.1126,-0.333368750482223
evm.TU.Ap4.1132,-0.118529447908349
evm.TU.Ap4.1133,0.284518775676718
evm.TU.Ap4.1136,0.0114074676844939
evm.TU.Ap4.1137,0.0454905517723374
evm.TU.Ap4.114,-0.174927292560696
evm.TU.Ap4.1147,0.191838249424826
evm.TU.Ap4.1152,0.288725107439367
evm.TU.Ap4.1153,0.189254882766313
evm.TU.Ap4.1155,-0.0668182614456976
evm.TU.Ap4.1178,-0.111684151617199
evm.TU.Ap4.1179,0.175427968670448
evm.TU.Ap4.1182,-0.0745451783573114
evm.TU.Ap4.1195,0.125116552961249
evm.TU.Ap4.1200,0.162849159594101
evm.TU.Ap4.122,-0.203907657032149
evm.TU.Ap4.1228,0.596899780644877
evm.TU.Ap4.1229,0.65009373127484
evm.TU.Ap4.1232,0.576779335175522
evm.TU.Ap4.1236,0.322776692456098
evm.TU.Ap4.1238,-0.212753398849175
evm.TU.Ap4.1239,-0.12268692640111
evm.TU.Ap4.1240,0.127777393016452
evm.TU.Ap4.1243,0.270137166944788
evm.TU.Ap4.1247,0.186433244767734
evm.TU.Ap4.1248,-0.250444713008329
evm.TU.Ap4.1255,0.0413561415437572
evm.TU.Ap4.1262,0.0136259218136483
evm.TU.Ap4.1263,-0.0246875162514748
evm.TU.Ap4.1266,-0.276601866309392
evm.TU.Ap4.1267,-0.219589513183875
evm.TU.Ap4.1268,-0.163247382407738
evm.TU.Ap4.1269,-0.0650295569608201
evm.TU.Ap4.1270,-0.0248791530536772
evm.TU.Ap4.1271,-0.120016692942826
evm.TU.Ap4.1279,-0.123079162363111
evm.TU.Ap4.1280,-0.25867042454022
evm.TU.Ap4.1281,0.00266274920877748
evm.TU.Ap4.1283,-0.0845395566256197
evm.TU.Ap4.1284,-0.0825920704749689
evm.TU.Ap4.1287,-0.0696707416330905
evm.TU.Ap4.1288,0.190157524846946
evm.TU.Ap4.129,0.0681170650282656
evm.TU.Ap4.1290,-0.141708430532309
evm.TU.Ap4.1291,-0.041420778781093
evm.TU.Ap4.1293,0.252897666973263
evm.TU.Ap4.1295,0.084794000893339
evm.TU.Ap4.1296,-0.342390065689879
evm.TU.Ap4.13,0.314366011919915
evm.TU.Ap4.1300,-0.178530671246052
evm.TU.Ap4.131,-0.403672473899366
evm.TU.Ap4.1313,0.146808267010534
evm.TU.Ap4.132,-0.177202468814312
evm.TU.Ap4.1329,0.113712157616694
evm.TU.Ap4.1331,-0.047688357459082
evm.TU.Ap4.1335,0.0150682524554817
evm.TU.Ap4.1336,-0.171168849272106
evm.TU.Ap4.1338,-0.0604334414498348
evm.TU.Ap4.1339,0.0811901086100859
evm.TU.Ap4.1340,-0.160819727217956
evm.TU.Ap4.1342,-0.0692230368667923
evm.TU.Ap4.1344,0.0959560925590947
evm.TU.Ap4.135,-0.0399069387682358
evm.TU.Ap4.1350,0.0435796171621097
evm.TU.Ap4.1351,0.0804685142101197
evm.TU.Ap4.1354,0.177929583105931
evm.TU.Ap4.1356,-0.303483121317253
evm.TU.Ap4.1359_evm.TU.Ap4.1363,-0.0207606752329642
evm.TU.Ap4.1364,-0.00184962186349706
evm.TU.Ap4.1367,0.0246459446396858
evm.TU.Ap4.1368,0.144990216641515
evm.TU.Ap4.1369,0.137825186107836
evm.TU.Ap4.1372,-0.183018958394582
evm.TU.Ap4.1384,0.0783534033094472
evm.TU.Ap4.1385,0.109490241811044
evm.TU.Ap4.1395,0.0236918964834493
evm.TU.Ap4.1399,-0.0895254069558893
evm.TU.Ap4.1403,-0.13952571201545
evm.TU.Ap4.1405,-0.0566824411752061
evm.TU.Ap4.1406,-0.011110639634156
evm.TU.Ap4.1407,-0.165294212435324
evm.TU.Ap4.1413,-0.0263821851944197
evm.TU.Ap4.1418,-0.156802447585718
evm.TU.Ap4.1419,0.329004232397419
evm.TU.Ap4.142,-0.248966827305884
evm.TU.Ap4.1421,0.218788583244391
evm.TU.Ap4.144,0.190905892201931
evm.TU.Ap4.1451,0.0480966083487975
evm.TU.Ap4.1475,-0.074817821054326
evm.TU.Ap4.1485,-0.132335141468778
evm.TU.Ap4.1487,-0.330317217768243
evm.TU.Ap4.1498,0.0125693720314874
evm.TU.Ap4.1499,-0.186314032470498
evm.TU.Ap4.1500,-0.255790638163894
evm.TU.Ap4.1505,0.398441154356451
evm.TU.Ap4.1507,0.0731257686909278
evm.TU.Ap4.1509,0.167892595116571
evm.TU.Ap4.1512,-0.0823163053442048
evm.TU.Ap4.1513,-0.292276125989347
evm.TU.Ap4.1514,-0.225538167533631
evm.TU.Ap4.1520,-0.166449508500693
evm.TU.Ap4.1523,-0.506564558857501
evm.TU.Ap4.1524,-0.0112664748513858
evm.TU.Ap4.1525,0.303245873081927
evm.TU.Ap4.1526,0.482368867585717
evm.TU.Ap4.1527,-0.119644738878917
evm.TU.Ap4.153,-0.112126849413755
evm.TU.Ap4.1532,0.198609175776674
evm.TU.Ap4.1537,-0.0470292326333823
evm.TU.Ap4.1549,-0.279341046292647
evm.TU.Ap4.1551,-0.33890473665731
evm.TU.Ap4.1553,-0.293079704183282
evm.TU.Ap4.1562,-0.133111206487567
evm.TU.Ap4.1565,-0.229138323813722
evm.TU.Ap4.1567,0.103818913216618
evm.TU.Ap4.157,-0.0264219218754026
evm.TU.Ap4.1572,0.0192835024418294
evm.TU.Ap4.16,0.0245261889838508
evm.TU.Ap4.1620,-0.126548660061854
evm.TU.Ap4.1654_evm.TU.Ap4.1655,-0.273397520206475
evm.TU.Ap4.1656,-0.354950446185013
evm.TU.Ap4.168,0.072952372619485
evm.TU.Ap4.1686,0.538977798961058
evm.TU.Ap4.1689,-0.0439256799017265
evm.TU.Ap4.1690,-0.00178674952818685
evm.TU.Ap4.1691,-0.195994461190829
evm.TU.Ap4.1694,-0.0419999561336796
evm.TU.Ap4.1695,-0.0797666330063926
evm.TU.Ap4.1713,0.178288037384922
evm.TU.Ap4.1714,-0.139177041885348
evm.TU.Ap4.1717,0.536234499825432
evm.TU.Ap4.1722,-0.189006603316877
evm.TU.Ap4.1723,-0.12163602994211
evm.TU.Ap4.1734,-0.434518683302779
evm.TU.Ap4.1736,0.270201528042098
evm.TU.Ap4.1737,-0.391909555811107
evm.TU.Ap4.1739,-0.186329834781843
evm.TU.Ap4.174,-0.0832798427989351
evm.TU.Ap4.1743,-0.224937396319849
evm.TU.Ap4.1760,-0.252879170172398
evm.TU.Ap4.1763,-0.0427024917304189
evm.TU.Ap4.1769,-0.0193164068017665
evm.TU.Ap4.177,0.237128038939063
evm.TU.Ap4.1770,0.170520278427903
evm.TU.Ap4.1779,0.134885002887157
evm.TU.Ap4.178,-0.112974049814647
evm.TU.Ap4.1783,0.0217712671563921
evm.TU.Ap4.1791,0.096009615756972
evm.TU.Ap4.1796,-0.563435232536584
evm.TU.Ap4.180,-0.232030241224773
evm.TU.Ap4.1806,-0.481425430732984
evm.TU.Ap4.1807,0.323146018364547
evm.TU.Ap4.181,0.0858807748486616
evm.TU.Ap4.1810,0.108016989444828
evm.TU.Ap4.182,-0.312321538654069
evm.TU.Ap4.1821,-0.137385842385964
evm.TU.Ap4.185,0.0690862836253976
evm.TU.Ap4.1855,-0.0117359375944063
evm.TU.Ap4.186,-0.194499466635594
evm.TU.Ap4.1866,-0.0710849214820202
evm.TU.Ap4.1872,-0.0720426170661369
evm.TU.Ap4.1875,0.125992266741992
evm.TU.Ap4.1906,0.0834557715069116
evm.TU.Ap4.1915,-0.208138470406273
evm.TU.Ap4.192,-0.150228846763493
evm.TU.Ap4.1957,0.125146707435511
evm.TU.Ap4.1960,-0.0349714972977327
evm.TU.Ap4.1984,0.0255214933065227
evm.TU.Ap4.199,-0.394607520514378
evm.TU.Ap4.1997,-0.0720942874430282
evm.TU.Ap4.20,-0.283260301015186
evm.TU.Ap4.2044,-0.146570994226626
evm.TU.Ap4.21,-0.171866855258959
evm.TU.Ap4.2117,-0.00455720124960661
evm.TU.Ap4.2129,-0.00579226354696137
evm.TU.Ap4.2166,0.214404980119786
evm.TU.Ap4.217,0.297551739676727
evm.TU.Ap4.2171,0.126486957516719
evm.TU.Ap4.2191,0.247682572900625
evm.TU.Ap4.2193,0.313782853721947
evm.TU.Ap4.2291,-0.199829716441786
evm.TU.Ap4.23,-0.0994249093712543
evm.TU.Ap4.2314,-0.032341881208698
evm.TU.Ap4.2315,-0.0633362274413041
evm.TU.Ap4.2351,0.0237698377218349
evm.TU.Ap4.2370,-0.0944226848484525
evm.TU.Ap4.24,-0.310872935296841
evm.TU.Ap4.2409,0.167518511872583
evm.TU.Ap4.2442,-0.0846002646714938
evm.TU.Ap4.2453,-0.110682117654347
evm.TU.Ap4.2478,-0.225551229090231
evm.TU.Ap4.2495,-0.0476345363668374
evm.TU.Ap4.2504,0.0790423603913046
evm.TU.Ap4.2558,-0.0878399216330191
evm.TU.Ap4.2560,-0.0705753405982905
evm.TU.Ap4.2570,0.137276537143205
evm.TU.Ap4.259,-0.0331806051020766
evm.TU.Ap4.2606,0.0499140837191555
evm.TU.Ap4.262,0.15435708434402
evm.TU.Ap4.2658,-0.124704322959972
evm.TU.Ap4.268,0.164320289040005
evm.TU.Ap4.2687,0.230708348104537
evm.TU.Ap4.2691,-0.234075362643468
evm.TU.Ap4.2712,0.118165982400226
evm.TU.Ap4.2730,0.0308307500052054
evm.TU.Ap4.2735,0.0598220980373976
evm.TU.Ap4.2742,0.0913578518666725
evm.TU.Ap4.2743,0.195437428295538
evm.TU.Ap4.277,0.0458227573519693
evm.TU.Ap4.2788,0.111255100146557
evm.TU.Ap4.2789,0.146498675191167
evm.TU.Ap4.2832,0.170595048324722
evm.TU.Ap4.2839,-0.0457260720794714
evm.TU.Ap4.2894,-0.244623174189726
evm.TU.Ap4.2898,0.00699266134178256
evm.TU.Ap4.29,0.181713294225273
evm.TU.Ap4.2905,0.0322881961733217
evm.TU.Ap4.2918,0.260053688036078
evm.TU.Ap4.2968,0.121095049260339
evm.TU.Ap4.302,-0.126408387076682
evm.TU.Ap4.3028,0.109679745668696
evm.TU.Ap4.3029,0.0873202213801705
evm.TU.Ap4.303,0.121640479605092
evm.TU.Ap4.3037,-0.0589310677150206
evm.TU.Ap4.3055,-0.185699816060276
evm.TU.Ap4.3062,0.0382054761141656
evm.TU.Ap4.3082,0.187950919069746
evm.TU.Ap4.3083,0.290184653859602
evm.TU.Ap4.3103,0.146770236475568
evm.TU.Ap4.311,-0.0918964146639138
evm.TU.Ap4.3110,0.425396787248366
evm.TU.Ap4.3113,0.0917169083914605
evm.TU.Ap4.3114,0.273510336753392
evm.TU.Ap4.3125,-0.00352151287430946
evm.TU.Ap4.3128,0.138340734098267
evm.TU.Ap4.316,0.000134946338458055
evm.TU.Ap4.3162,-0.0537619253231894
evm.TU.Ap4.3166,-0.295837550072752
evm.TU.Ap4.3169,0.0740778885233024
evm.TU.Ap4.3170,0.0844457847242717
evm.TU.Ap4.319,-0.109386522260423
evm.TU.Ap4.3195,-0.032165623998919
evm.TU.Ap4.3197,-0.0343844807889469
evm.TU.Ap4.3199,0.027615711187301
evm.TU.Ap4.320,-0.162740261688279
evm.TU.Ap4.3208,0.173596197192818
evm.TU.Ap4.3232,-0.00808664268677749
evm.TU.Ap4.3236,0.137547223686914
evm.TU.Ap4.3238,-0.0705349009098795
evm.TU.Ap4.3242,-0.127616752169829
evm.TU.Ap4.325,0.148152442593804
evm.TU.Ap4.326,-0.067459367217745
evm.TU.Ap4.328,-0.21562705153751
evm.TU.Ap4.330,-0.236870879753024
evm.TU.Ap4.331,0.0231772485489904
evm.TU.Ap4.3341,-0.158203092066732
evm.TU.Ap4.3343,0.0560832574010062
evm.TU.Ap4.3388,-0.0859786994667793
evm.TU.Ap4.3396,0.138433200406674
evm.TU.Ap4.3426,0.0424919580920033
evm.TU.Ap4.3428,0.133736263417359
evm.TU.Ap4.3433,0.0105661732904257
evm.TU.Ap4.3456,-0.151651642470204
evm.TU.Ap4.3475,0.112039175663648
evm.TU.Ap4.3492,-0.111023261645516
evm.TU.Ap4.3499,-0.126393866006183
evm.TU.Ap4.3500,0.175333113730367
evm.TU.Ap4.3522,-0.201737842928547
evm.TU.Ap4.3573,-0.0726308673211072
evm.TU.Ap4.3607,0.111312167133678
evm.TU.Ap4.3697,-0.000321929113434161
evm.TU.Ap4.3698,0.240276508112305
evm.TU.Ap4.37,-0.110251790447745
evm.TU.Ap4.3739,0.237887642650637
evm.TU.Ap4.3741,0.0369685617435385
evm.TU.Ap4.3742,0.142740835895022
evm.TU.Ap4.3772,-0.30085515605315
evm.TU.Ap4.3775,0.247465216524766
evm.TU.Ap4.3777,-0.0148751161791929
evm.TU.Ap4.3780,0.0687909628797317
evm.TU.Ap4.3790,0.0386867563779381
evm.TU.Ap4.3795,0.0375945893479594
evm.TU.Ap4.383,-0.074111217771382
evm.TU.Ap4.3858,-0.22393087457265
evm.TU.Ap4.388,0.117587204973835
evm.TU.Ap4.3889,0.213370363391358
evm.TU.Ap4.3891,0.1702883975565
evm.TU.Ap4.39_evm.TU.Ap4.40,0.0425689963139221
evm.TU.Ap4.3905,-0.0806661809329441
evm.TU.Ap4.3921,-0.0912109473349481
evm.TU.Ap4.396,-0.121648295800769
evm.TU.Ap4.3962,-0.0394615026556516
evm.TU.Ap4.3965,0.00831236314069335
evm.TU.Ap4.398,0.365816951859182
evm.TU.Ap4.4009,0.041155715349146
evm.TU.Ap4.4010,0.034050220477673
evm.TU.Ap4.4012,-0.0740970022437073
evm.TU.Ap4.4014,-0.0698373832818262
evm.TU.Ap4.4015,-0.117395262704927
evm.TU.Ap4.404,0.361549375289174
evm.TU.Ap4.4057,-0.201845742781766
evm.TU.Ap4.406,-0.0355774424037454
evm.TU.Ap4.4080,0.232323789983507
evm.TU.Ap4.4083,-0.0489389715949153
evm.TU.Ap4.4094,0.100061687641055
evm.TU.Ap4.410,-0.201490900778332
evm.TU.Ap4.411,0.294535468401564
evm.TU.Ap4.4112,0.197428944961781
evm.TU.Ap4.412,-0.0940245455375565
evm.TU.Ap4.4120,0.0183836477879856
evm.TU.Ap4.4133,-0.0765074749614306
evm.TU.Ap4.415,-0.427842021214143
evm.TU.Ap4.4151,0.241606286340792
evm.TU.Ap4.418,0.0698945885390738
evm.TU.Ap4.4213,0.0653006066981596
evm.TU.Ap4.4220,-0.206788798499038
evm.TU.Ap4.426,-0.137695881625873
evm.TU.Ap4.4265,0.454164354124818
evm.TU.Ap4.428,-0.0267827317376553
evm.TU.Ap4.429,-0.123496037871841
evm.TU.Ap4.4294,-0.0530086279331196
evm.TU.Ap4.430,-0.203209884929623
evm.TU.Ap4.4301,0.131260293220432
evm.TU.Ap4.4302,-0.228956672761453
evm.TU.Ap4.431,-0.0577901279462927
evm.TU.Ap4.4363,-0.158701395654431
evm.TU.Ap4.4368,-0.0205465171163878
evm.TU.Ap4.437,-0.207937444042884
evm.TU.Ap4.4371,0.0177799102938504
evm.TU.Ap4.4386,-0.0534662172921898
evm.TU.Ap4.443,0.127892625968441
evm.TU.Ap4.4447,0.020755159445755
evm.TU.Ap4.4451,-0.272134897557595
evm.TU.Ap4.446,0.40337431688429
evm.TU.Ap4.4475,0.0921755796693557
evm.TU.Ap4.4477,-0.0438564977584744
evm.TU.Ap4.448,0.00648073085509307
evm.TU.Ap4.4485,-0.079767577310409
evm.TU.Ap4.452,-0.186919096325734
evm.TU.Ap4.4528,0.18436612021782
evm.TU.Ap4.453,-0.0291810143502177
evm.TU.Ap4.4531,-0.0692186294600986
evm.TU.Ap4.455,-0.364463625411695
evm.TU.Ap4.4558,0.206919949876291
evm.TU.Ap4.456,-0.384368947718354
evm.TU.Ap4.457,-0.00100927298119191
evm.TU.Ap4.4598,0.053823303596734
evm.TU.Ap4.4599,0.178458458648043
evm.TU.Ap4.460,0.157440822812264
evm.TU.Ap4.4618,-0.218039732913204
evm.TU.Ap4.463,0.049605441939856
evm.TU.Ap4.4648,-0.140179121581691
evm.TU.Ap4.465,-0.00754677237735472
evm.TU.Ap4.4651,-0.00585549252815391
evm.TU.Ap4.47,-0.0950739084131492
evm.TU.Ap4.4718,-0.29045484922333
evm.TU.Ap4.4719,-0.216548950439396
evm.TU.Ap4.4723,-0.0942516121796606
evm.TU.Ap4.4725,-0.141830514388697
evm.TU.Ap4.4726,-0.0862093566216923
evm.TU.Ap4.4727,0.158977089272413
evm.TU.Ap4.4737,-0.153767562505
evm.TU.Ap4.4738,-0.116321037008269
evm.TU.Ap4.4744,-0.150830761518328
evm.TU.Ap4.4745,-0.0953603175467534
evm.TU.Ap4.4750,-0.0746830887886198
evm.TU.Ap4.4754,-0.020185869421858
evm.TU.Ap4.4756,0.0491349141024902
evm.TU.Ap4.4759,-0.268818832823943
evm.TU.Ap4.4761,0.0933766764672003
evm.TU.Ap4.4764,0.11775175473731
evm.TU.Ap4.4765,0.0608036097010375
evm.TU.Ap4.478,-0.240396182135223
evm.TU.Ap4.4780,-0.0893360005053308
evm.TU.Ap4.4792,-0.00117991865756018
evm.TU.Ap4.4793,0.231747729618174
evm.TU.Ap4.48,-0.0187603323590107
evm.TU.Ap4.480,-0.00734229836165347
evm.TU.Ap4.4808_evm.TU.Ap4.4811,0.305500879999868
evm.TU.Ap4.4814,-0.00711574478779716
evm.TU.Ap4.4845,0.0961080678334836
evm.TU.Ap4.485,-0.0484871765139363
evm.TU.Ap4.4865,-0.134666485553541
evm.TU.Ap4.487,0.0566458309152987
evm.TU.Ap4.488,0.111143005104548
evm.TU.Ap4.4880,-0.114047992727929
evm.TU.Ap4.4891,-0.15148536629432
evm.TU.Ap4.4895,0.317175366183802
evm.TU.Ap4.490,-0.146598149465682
evm.TU.Ap4.4903,0.0333710025357054
evm.TU.Ap4.491,-0.0844136608091071
evm.TU.Ap4.4934,-0.25208643555341
evm.TU.Ap4.4935,-0.160593421077683
evm.TU.Ap4.4961,-0.239472600284228
evm.TU.Ap4.4962,0.352286885872188
evm.TU.Ap4.4963,-0.212908570713582
evm.TU.Ap4.4964,-0.152275510398964
evm.TU.Ap4.497,0.0643375140775924
evm.TU.Ap4.4970,-0.0389490474267601
evm.TU.Ap4.4972,-0.198730062482267
evm.TU.Ap4.4973,-0.175493715234419
evm.TU.Ap4.4974,-0.102265700456842
evm.TU.Ap4.4975,0.0313204031944562
evm.TU.Ap4.4978,-0.268368958596073
evm.TU.Ap4.498,-0.186587353776475
evm.TU.Ap4.500,-0.251027570512031
evm.TU.Ap4.5010,0.329857944798235
evm.TU.Ap4.5012,0.0341985182152721
evm.TU.Ap4.5016,0.239870410799564
evm.TU.Ap4.5037,0.12402168844984
evm.TU.Ap4.5038,-0.269633501278936
evm.TU.Ap4.5052,-0.137856148382112
evm.TU.Ap4.5054,-0.0208008620886156
evm.TU.Ap4.5055,0.424711871073054
evm.TU.Ap4.5062,-0.256399992450802
evm.TU.Ap4.5063,0.142447466514372
evm.TU.Ap4.5064,0.0978704504555253
evm.TU.Ap4.5065,-0.050018056690688
evm.TU.Ap4.5068_evm.TU.Ap4.5070,-0.349864298763481
evm.TU.Ap4.5078,-0.251785196302304
evm.TU.Ap4.5079,-0.455334439488916
evm.TU.Ap4.508,-0.102506971977611
evm.TU.Ap4.5084,-0.229658971397471
evm.TU.Ap4.5087,-0.298944536493174
evm.TU.Ap4.5088_evm.TU.Ap4.5091,0.248394030820887
evm.TU.Ap4.5092,-0.252672870859015
evm.TU.Ap4.5093,-0.055340693688791
evm.TU.Ap4.5095,-0.195983778216902
evm.TU.Ap4.5096,0.0770027618363147
evm.TU.Ap4.5097,0.140822512543861
evm.TU.Ap4.5098,-0.0120626340196705
evm.TU.Ap4.5099,0.0241922399747614
evm.TU.Ap4.510,0.163296747162272
evm.TU.Ap4.5100,-0.016056357629307
evm.TU.Ap4.5101,0.104566441444932
evm.TU.Ap4.5103,0.37899256476068
evm.TU.Ap4.5106,-0.111046188987298
evm.TU.Ap4.5107,-0.0758920363966634
evm.TU.Ap4.511,0.259446384973133
evm.TU.Ap4.5113,-0.405474954453437
evm.TU.Ap4.5114,-0.516606290495502
evm.TU.Ap4.5119,0.236765436849856
evm.TU.Ap4.513,-0.0669225837918246
evm.TU.Ap4.516,0.155917946446087
evm.TU.Ap4.5162,0.161437576407748
evm.TU.Ap4.5163,-0.166470064582183
evm.TU.Ap4.5166,-0.165324358130883
evm.TU.Ap4.5168,-0.18053039596091
evm.TU.Ap4.517,0.241914195606923
evm.TU.Ap4.5186,0.177973959971433
evm.TU.Ap4.52,-0.15948449705767
evm.TU.Ap4.520,0.164418612149951
evm.TU.Ap4.5205,0.0367884955116973
evm.TU.Ap4.5208,0.0790392412602224
evm.TU.Ap4.521,0.00283505412503807
evm.TU.Ap4.5211,-0.219754167097419
evm.TU.Ap4.5213,-0.238667843335173
evm.TU.Ap4.5217,0.0156875780050429
evm.TU.Ap4.522,-0.0941802624299277
evm.TU.Ap4.5223,-0.17152585118826
evm.TU.Ap4.5224,-0.289560634047171
evm.TU.Ap4.5225,-0.0427592487166532
evm.TU.Ap4.5228,-0.288984065333091
evm.TU.Ap4.5229,0.0414175849115188
evm.TU.Ap4.5237,-0.27349531908735
evm.TU.Ap4.524,0.0513471302439343
evm.TU.Ap4.525,0.0306304914349228
evm.TU.Ap4.5251,-0.206369111869139
evm.TU.Ap4.5259,-0.18129117382983
evm.TU.Ap4.5260,-0.257109922986554
evm.TU.Ap4.5261,-0.0502664015145919
evm.TU.Ap4.5262,-0.224306940740336
evm.TU.Ap4.5264,0.187976813376319
evm.TU.Ap4.5269,0.365623792362372
evm.TU.Ap4.5270,0.0916138440960256
evm.TU.Ap4.5278,-0.0287747131345503
evm.TU.Ap4.5280,0.175539860226125
evm.TU.Ap4.5283,0.261015363338919
evm.TU.Ap4.5286,0.0519457328617854
evm.TU.Ap4.5287,0.0990462031507578
evm.TU.Ap4.5288,0.130990192501596
evm.TU.Ap4.529,-0.105038623599362
evm.TU.Ap4.5290,0.131525996000718
evm.TU.Ap4.5294,0.294852510540008
evm.TU.Ap4.5295,0.0472753498970455
evm.TU.Ap4.53,0.385179335234215
evm.TU.Ap4.530,-0.122723070948348
evm.TU.Ap4.5300,-0.0411054044986544
evm.TU.Ap4.5303,0.26344421043932
evm.TU.Ap4.5306,-0.0365092476426062
evm.TU.Ap4.5307,0.190061615015844
evm.TU.Ap4.5316,0.335303142813963
evm.TU.Ap4.5319,-0.0414497776887706
evm.TU.Ap4.5320,0.66030379444312
evm.TU.Ap4.533,-0.217103805604664
evm.TU.Ap4.5338,0.00620130661316083
evm.TU.Ap4.534,-0.271526620100129
evm.TU.Ap4.5340,-0.242515622328741
evm.TU.Ap4.5341,-0.459108889984899
evm.TU.Ap4.5346_evm.TU.Ap4.5348,-0.183903099013319
evm.TU.Ap4.535,-0.296240762917686
evm.TU.Ap4.5352,-0.0255335736889395
evm.TU.Ap4.5357,-0.0345684853490436
evm.TU.Ap4.5359,0.097021334065191
evm.TU.Ap4.5360,0.283672202937735
evm.TU.Ap4.5361,0.125428385645991
evm.TU.Ap4.5365,0.231398939450814
evm.TU.Ap4.5366,0.119225038689007
evm.TU.Ap4.5368_evm.TU.Ap4.5386,-0.313737872835072
evm.TU.Ap4.538,-0.102883786956985
evm.TU.Ap4.539,-0.288060659686645
evm.TU.Ap4.5392,0.00343318336407705
evm.TU.Ap4.5394,0.155418726734565
evm.TU.Ap4.54,-0.0937812058358376
evm.TU.Ap4.540,-0.095655555768699
evm.TU.Ap4.5401,-0.150986158903515
evm.TU.Ap4.5402,-0.00160781564888388
evm.TU.Ap4.5403,-0.0847456323772209
evm.TU.Ap4.5404,-0.244547117554652
evm.TU.Ap4.5409,0.408584775389184
evm.TU.Ap4.541,0.0811423713779037
evm.TU.Ap4.5413,0.0172583559945235
evm.TU.Ap4.5414,-0.0426303347973155
evm.TU.Ap4.5416,-0.195736982769156
evm.TU.Ap4.5417,-0.0153536008425231
evm.TU.Ap4.5419,0.110164227921327
evm.TU.Ap4.5420,-0.311995502970165
evm.TU.Ap4.5423,-0.096485485889704
evm.TU.Ap4.5424,-0.378572189218448
evm.TU.Ap4.5425,-0.191166205166282
evm.TU.Ap4.5426,-0.322221647302647
evm.TU.Ap4.543,0.00584385605699001
evm.TU.Ap4.5435,0.0926060475012239
evm.TU.Ap4.5436,0.215955201477171
evm.TU.Ap4.544,-0.084594351760541
evm.TU.Ap4.5442,-0.0701209457510571
evm.TU.Ap4.5443,0.11432958924455
evm.TU.Ap4.545,0.155096198453682
evm.TU.Ap4.5466,0.208191955574624
evm.TU.Ap4.5469,-0.0149852160745937
evm.TU.Ap4.5470,0.0193117848345698
evm.TU.Ap4.5471,-0.0610974978895742
evm.TU.Ap4.5472,-0.0598111675339195
evm.TU.Ap4.5475,0.510344720445913
evm.TU.Ap4.548,0.082618901937307
evm.TU.Ap4.5482,-0.0460040449579168
evm.TU.Ap4.5483,0.247361579112261
evm.TU.Ap4.5484,0.000192695011773583
evm.TU.Ap4.5487,-0.464900349245028
evm.TU.Ap4.5488,-0.465746018737297
evm.TU.Ap4.5489,-0.360062728818434
evm.TU.Ap4.5490,-0.0930503605924764
evm.TU.Ap4.5492,-0.363831073388043
evm.TU.Ap4.5493,0.0951322865090536
evm.TU.Ap4.5494,-0.415349698155316
evm.TU.Ap4.5496,0.143117329260934
evm.TU.Ap4.5497,-0.0718311825334793
evm.TU.Ap4.55,0.168180867989583
evm.TU.Ap4.550,0.306416108853702
evm.TU.Ap4.5500,-0.0392893419434141
evm.TU.Ap4.5501,0.317095112623238
evm.TU.Ap4.5502,0.0722703670333689
evm.TU.Ap4.5504,0.269478809124622
evm.TU.Ap4.5505,0.0676795847235436
evm.TU.Ap4.5508,0.278792219633068
evm.TU.Ap4.5509,0.522784264659936
evm.TU.Ap4.5512,-0.105727868897318
evm.TU.Ap4.5514,0.0634284770222671
evm.TU.Ap4.5517,0.511134148108424
evm.TU.Ap4.552,0.240575264609344
evm.TU.Ap4.5521,0.210909096909951
evm.TU.Ap4.5530,-0.0310979464620235
evm.TU.Ap4.5535,-0.149685214135374
evm.TU.Ap4.556,0.172869860264384
evm.TU.Ap4.558,0.21073643316089
evm.TU.Ap4.5599,0.257026635757882
evm.TU.Ap4.5602,0.293975870697035
evm.TU.Ap4.5603,0.326044938413297
evm.TU.Ap4.5605,0.0527708028255465
evm.TU.Ap4.5608,-0.0105719476236193
evm.TU.Ap4.5609,-0.0576616769094876
evm.TU.Ap4.5610,0.335243676191205
evm.TU.Ap4.5611,0.153037689446908
evm.TU.Ap4.5623,0.190718376778451
evm.TU.Ap4.5625,-0.181383887397341
evm.TU.Ap4.563,-0.246228930994125
evm.TU.Ap4.5636,-0.248743864527205
evm.TU.Ap4.5637,0.159009541869187
evm.TU.Ap4.5639,-0.310951139079732
evm.TU.Ap4.564,-0.161214180430541
evm.TU.Ap4.5640,-0.0223922542935954
evm.TU.Ap4.5641,0.0375148663195713
evm.TU.Ap4.5643,-0.209187513268142
evm.TU.Ap4.5646,0.491917685329346
evm.TU.Ap4.5647,0.362554908521717
evm.TU.Ap4.5649,-0.146957877954657
evm.TU.Ap4.565,0.24422973776746
evm.TU.Ap4.5650,-0.393677232474302
evm.TU.Ap4.5651,-0.213436543239345
evm.TU.Ap4.5653,0.331903516769062
evm.TU.Ap4.5654,0.081094389629685
evm.TU.Ap4.5656,-0.271512816523521
evm.TU.Ap4.5658,0.277110372651375
evm.TU.Ap4.5660,0.149655808322667
evm.TU.Ap4.5661,-0.316019118583237
evm.TU.Ap4.5662,-0.115330196467517
evm.TU.Ap4.5666,0.171979865184429
evm.TU.Ap4.5667_evm.TU.Ap4.5670,0.527928360925175
evm.TU.Ap4.5672,-0.269697540642256
evm.TU.Ap4.5673,-0.336323189512173
evm.TU.Ap4.5678,0.144646593955937
evm.TU.Ap4.5688,0.0808980917685197
evm.TU.Ap4.5690,-0.313367729981336
evm.TU.Ap4.5691_evm.TU.Ap4.5692,-0.254024976847948
evm.TU.Ap4.5693,0.0909472098687203
evm.TU.Ap4.5695,-0.00205907671200023
evm.TU.Ap4.5698,-0.087802224251587
evm.TU.Ap4.57,-0.460989594841221
evm.TU.Ap4.570,0.108406613113066
evm.TU.Ap4.5700,0.0246065838354464
evm.TU.Ap4.5701,-0.229530497646272
evm.TU.Ap4.5708,-0.208579091421219
evm.TU.Ap4.5723,-0.158135148928462
evm.TU.Ap4.5724,-0.12972326644692
evm.TU.Ap4.574,0.046310604132049
evm.TU.Ap4.5740,-0.112417596824871
evm.TU.Ap4.5759,0.282228759755436
evm.TU.Ap4.5761,-0.258662333230653
evm.TU.Ap4.5763,-0.0838993598563631
evm.TU.Ap4.5773,-0.0421485398299278
evm.TU.Ap4.5774,-0.339423812141231
evm.TU.Ap4.5777,-0.115502707094738
evm.TU.Ap4.5783,-0.0429594090286472
evm.TU.Ap4.5789,-0.186020763573692
evm.TU.Ap4.5792,0.249457086519975
evm.TU.Ap4.5799,-0.0797885274454626
evm.TU.Ap4.5800,-0.224351771200029
evm.TU.Ap4.5803,-0.00947973435295348
evm.TU.Ap4.5804,0.0428932380872443
evm.TU.Ap4.5805,-0.0270339721736239
evm.TU.Ap4.5819,0.119182715151455
evm.TU.Ap4.583,0.0705788730294454
evm.TU.Ap4.5834,0.0895360699295723
evm.TU.Ap4.5835,0.087453940113448
evm.TU.Ap4.5848,0.0242540544952403
evm.TU.Ap4.585,0.0737578162948408
evm.TU.Ap4.5852,-0.132095754184102
evm.TU.Ap4.5857,-0.268974352004035
evm.TU.Ap4.5860,-0.498941873453717
evm.TU.Ap4.5862,0.0450112321079835
evm.TU.Ap4.5863,-0.138503053187851
evm.TU.Ap4.5868,-0.0533641793270379
evm.TU.Ap4.5869,-0.120818220255579
evm.TU.Ap4.587,0.388072149752431
evm.TU.Ap4.5870,-0.0750231288059249
evm.TU.Ap4.5872,-0.0561229743594869
evm.TU.Ap4.5874,0.344155310339495
evm.TU.Ap4.5875,-0.187248076569502
evm.TU.Ap4.5878,0.0744615831669201
evm.TU.Ap4.588,0.0116811186771948
evm.TU.Ap4.5880,0.00440143279919487
evm.TU.Ap4.5881,0.196038431415488
evm.TU.Ap4.5884,-0.0692199916665244
evm.TU.Ap4.5885,-0.0260051349987554
evm.TU.Ap4.5887,0.330450124082913
evm.TU.Ap4.5891,-0.107438116092688
evm.TU.Ap4.59,-0.172277663994407
evm.TU.Ap4.5906,-0.026928926110379
evm.TU.Ap4.5908,-0.240380373791772
evm.TU.Ap4.5909,0.272882436236886
evm.TU.Ap4.591,0.126234402559971
evm.TU.Ap4.5910,0.290613996548514
evm.TU.Ap4.5913,-0.123653506774253
evm.TU.Ap4.5914,-0.26400150952164
evm.TU.Ap4.5915,-0.278053034501629
evm.TU.Ap4.5916,-0.199857778722177
evm.TU.Ap4.5917,-0.259389783244094
evm.TU.Ap4.5920,-0.15154987046672
evm.TU.Ap4.5929,-0.321595675179829
evm.TU.Ap4.5933,0.0210778000163475
evm.TU.Ap4.5937,-0.188230133649642
evm.TU.Ap4.5938,-0.194565257617126
evm.TU.Ap4.5942,0.0750364676290881
evm.TU.Ap4.5944,-0.283207404374646
evm.TU.Ap4.5945,-0.0673111576559049
evm.TU.Ap4.5949,0.161859565748259
evm.TU.Ap4.595,-0.0706798832868623
evm.TU.Ap4.5951,-0.256469712089134
evm.TU.Ap4.5954,0.0782679776341735
evm.TU.Ap4.5956,-0.050595313574534
evm.TU.Ap4.5958,-0.098411739939909
evm.TU.Ap4.5961,0.0319477745213244
evm.TU.Ap4.5968_evm.TU.Ap4.5971,0.0743921668175866
evm.TU.Ap4.5972,0.0680185868445297
evm.TU.Ap4.5979,-0.012405013593052
evm.TU.Ap4.5985,-0.272333557636695
evm.TU.Ap4.5987,-0.433136104601012
evm.TU.Ap4.599,0.00943162124040122
evm.TU.Ap4.5990,-0.038024536148034
evm.TU.Ap4.5991,0.0782539282015115
evm.TU.Ap4.5999,0.159363365034535
evm.TU.Ap4.60,-0.472740412809137
evm.TU.Ap4.6007,-0.141340410993211
evm.TU.Ap4.602,0.118819566616158
evm.TU.Ap4.6025,0.0365776916624951
evm.TU.Ap4.6030,0.208589086683335
evm.TU.Ap4.6032,0.101504536746579
evm.TU.Ap4.6049,0.0998944687153835
evm.TU.Ap4.6058,0.333488375599391
evm.TU.Ap4.6059,0.0898331160689616
evm.TU.Ap4.6083,-0.0278040918682103
evm.TU.Ap4.6084,-0.0640364076285814
evm.TU.Ap4.6087_evm.TU.Ap4.6088,-0.0587841452631508
evm.TU.Ap4.6089,0.150532182858375
evm.TU.Ap4.6090,-0.238589807709725
evm.TU.Ap4.6091,0.144862911739392
evm.TU.Ap4.6094,-0.510723945159802
evm.TU.Ap4.6098,-0.300329291174124
evm.TU.Ap4.61,-0.109233985312709
evm.TU.Ap4.6101,-0.181102601571865
evm.TU.Ap4.6102,-0.368853224838828
evm.TU.Ap4.6105,-0.0253625738036106
evm.TU.Ap4.6107,-0.293365793001395
evm.TU.Ap4.6112,-0.0777277710013489
evm.TU.Ap4.6114,-0.153475880529512
evm.TU.Ap4.6116,-0.0177017143679919
evm.TU.Ap4.6117,-0.199069896892322
evm.TU.Ap4.6121,-0.0552250086693919
evm.TU.Ap4.6124,0.406584038062606
evm.TU.Ap4.6127,0.00853041740152551
evm.TU.Ap4.6128,-0.367414799645016
evm.TU.Ap4.6129,-0.0622529716857537
evm.TU.Ap4.6132,-0.134357651163351
evm.TU.Ap4.6140,-0.202217913156241
evm.TU.Ap4.6141,0.288774948499046
evm.TU.Ap4.6142,-0.130763072547809
evm.TU.Ap4.6144,0.246394270205796
evm.TU.Ap4.6145,0.0465121660036748
evm.TU.Ap4.6160,0.219469528418642
evm.TU.Ap4.6165,0.192168947614357
evm.TU.Ap4.6173,0.0972223464816608
evm.TU.Ap4.6174,0.294667520831756
evm.TU.Ap4.6186,0.522441214610097
evm.TU.Ap4.6187,-0.0675652580840713
evm.TU.Ap4.6192,0.0225398138703345
evm.TU.Ap4.6193,0.14845354407265
evm.TU.Ap4.6196,0.0650285939304581
evm.TU.Ap4.6198,0.271558905830716
evm.TU.Ap4.6199,0.133965641717729
evm.TU.Ap4.62,0.0229160536043168
evm.TU.Ap4.6207,0.0286905669246946
evm.TU.Ap4.6217,-0.164162219258107
evm.TU.Ap4.6233,0.164673907883272
evm.TU.Ap4.6234,0.160016269929896
evm.TU.Ap4.6236,-0.0478472296898329
evm.TU.Ap4.6239,-0.254061953469015
evm.TU.Ap4.6257,0.113003638865247
evm.TU.Ap4.6258,-0.0788923368084884
evm.TU.Ap4.6259,-0.0142065885688885
evm.TU.Ap4.6260,-0.021265906399321
evm.TU.Ap4.6261,-0.0747168041163303
evm.TU.Ap4.6265,-0.054022605575544
evm.TU.Ap4.6269,0.000313264838394417
evm.TU.Ap4.6273,-0.299529527179003
evm.TU.Ap4.6274,-0.159127103153376
evm.TU.Ap4.6276,-0.116276101720064
evm.TU.Ap4.6277,-0.206397594732586
evm.TU.Ap4.6278,0.865677313015716
evm.TU.Ap4.6279,0.218940475992773
evm.TU.Ap4.6280,0.0982787165427672
evm.TU.Ap4.6281,-0.278933132428686
evm.TU.Ap4.6284,-0.220025410154327
evm.TU.Ap4.6285_evm.TU.Ap4.6286,-0.335281219909493
evm.TU.Ap4.6287,0.0849050923623618
evm.TU.Ap4.6288,-0.155518333645838
evm.TU.Ap4.629,-0.223273424071534
evm.TU.Ap4.6290,0.161833160905826
evm.TU.Ap4.6295,-0.0459919805209617
evm.TU.Ap4.6298,-0.0433490584066182
evm.TU.Ap4.6299,0.409406123259722
evm.TU.Ap4.6301,0.398345572136392
evm.TU.Ap4.6303,-0.170229273051825
evm.TU.Ap4.6304,0.0927781479068017
evm.TU.Ap4.631,-0.473029049283587
evm.TU.Ap4.6310,-0.151614940237062
evm.TU.Ap4.6313,0.24581756460006
evm.TU.Ap4.6317,-0.0339679071930067
evm.TU.Ap4.6318,0.165342417633381
evm.TU.Ap4.6319,0.13890043550576
evm.TU.Ap4.632,-0.0289589193136288
evm.TU.Ap4.633,-0.24940644246401
evm.TU.Ap4.6336,0.2019262364824
evm.TU.Ap4.6343,0.0984309633818474
evm.TU.Ap4.635,0.23893268803962
evm.TU.Ap4.6355,0.155748659655819
evm.TU.Ap4.6356,0.123786778637705
evm.TU.Ap4.6359,0.116577631549267
evm.TU.Ap4.6367,0.0659529427822971
evm.TU.Ap4.6368,-0.319471992669452
evm.TU.Ap4.6369,0.0723464105361601
evm.TU.Ap4.637,0.00712836389780874
evm.TU.Ap4.6371,-0.194106568360827
evm.TU.Ap4.6372,-0.159159265060923
evm.TU.Ap4.6373,0.0100581260880787
evm.TU.Ap4.638,0.505354279014076
evm.TU.Ap4.6381,-0.104374833898607
evm.TU.Ap4.6382,-0.0911957367993225
evm.TU.Ap4.6383,-0.0601179708233852
evm.TU.Ap4.6389,-0.0566067198875717
evm.TU.Ap4.639,-0.370626707728324
evm.TU.Ap4.64,-0.0531818856077971
evm.TU.Ap4.6400,-0.207176908749679
evm.TU.Ap4.6401,-0.24987091863716
evm.TU.Ap4.6402,-0.0145256266769063
evm.TU.Ap4.6403,-0.352511117160613
evm.TU.Ap4.6404,-0.152767737023231
evm.TU.Ap4.6406,0.130556840623369
evm.TU.Ap4.6407,-0.245531103256965
evm.TU.Ap4.6424,-0.374412414627976
evm.TU.Ap4.6426,-0.174011909868571
evm.TU.Ap4.6428,0.283854299115033
evm.TU.Ap4.644,-0.307450476893314
evm.TU.Ap4.645,0.286803064582004
evm.TU.Ap4.6459,0.00189283128146794
evm.TU.Ap4.646,-0.0420685642608249
evm.TU.Ap4.6461,-0.318873154773254
evm.TU.Ap4.6466,0.145944770556796
evm.TU.Ap4.6468,0.334534654823136
evm.TU.Ap4.6479,-0.237763171873109
evm.TU.Ap4.649,-0.0276643148867124
evm.TU.Ap4.6496,0.085765072375154
evm.TU.Ap4.6497,0.219637353859371
evm.TU.Ap4.6499,-0.0843963313032054
evm.TU.Ap4.6500,-0.0655010402232826
evm.TU.Ap4.6503,-0.23762549646356
evm.TU.Ap4.6507,0.0497799025464498
evm.TU.Ap4.6509,0.0596506148779259
evm.TU.Ap4.651,-0.12581327309769
evm.TU.Ap4.6523,-0.407357953749533
evm.TU.Ap4.6525,-0.0332242625415677
evm.TU.Ap4.6529,-0.0977412296995534
evm.TU.Ap4.6530,-0.133498142868328
evm.TU.Ap4.6531,-0.322467207287786
evm.TU.Ap4.6532,-0.136261641833651
evm.TU.Ap4.6534,0.127903456415772
evm.TU.Ap4.6536,0.141039592044472
evm.TU.Ap4.6537,-0.158251490062017
evm.TU.Ap4.6559,-0.0728460173306239
evm.TU.Ap4.6560,-0.236171964866632
evm.TU.Ap4.6562,-0.218251973540766
evm.TU.Ap4.6563,0.136411239473605
evm.TU.Ap4.6567,-0.0217158975834945
evm.TU.Ap4.6573,-0.142341573470679
evm.TU.Ap4.6574,0.0896821165232005
evm.TU.Ap4.6577,0.0676518635407969
evm.TU.Ap4.6578,-0.141055498867258
evm.TU.Ap4.6580,-0.10872850160471
evm.TU.Ap4.6581,0.34577770747307
evm.TU.Ap4.6582,-0.103223310583761
evm.TU.Ap4.6585,0.144725414400974
evm.TU.Ap4.6586,0.0792968538242551
evm.TU.Ap4.6590,0.290567210045366
evm.TU.Ap4.6594,-0.129902970638878
evm.TU.Ap4.6596,-0.153056601500788
evm.TU.Ap4.6597,-0.282805172608962
evm.TU.Ap4.660,-0.0665527608797084
evm.TU.Ap4.6600,0.230053151203818
evm.TU.Ap4.6601,0.368803929678059
evm.TU.Ap4.6602,-0.216500793548247
evm.TU.Ap4.6605,-0.019891948419891
evm.TU.Ap4.6609,-0.040245434143462
evm.TU.Ap4.661,-0.0583977280459074
evm.TU.Ap4.6620,-0.186349089597498
evm.TU.Ap4.6621,0.0241617131312188
evm.TU.Ap4.6622,-0.328757624189539
evm.TU.Ap4.6623,0.265048169986417
evm.TU.Ap4.6626,0.0935422839628048
evm.TU.Ap4.6629,-0.0880645475475657
evm.TU.Ap4.6632,0.0378354931904462
evm.TU.Ap4.6634,-0.352498715175925
evm.TU.Ap4.6636,-0.270425146491533
evm.TU.Ap4.664,-0.103939023652243
evm.TU.Ap4.6642,-0.0616180628411467
evm.TU.Ap4.6645,-0.0718093072542225
evm.TU.Ap4.6647,-0.222379710094423
evm.TU.Ap4.6652,-0.112114820487304
evm.TU.Ap4.6656,0.55355292705985
evm.TU.Ap4.6657,0.374393103534819
evm.TU.Ap4.6658,0.118557106324709
evm.TU.Ap4.6659,-0.120535855118458
evm.TU.Ap4.6665,-0.0437465691366769
evm.TU.Ap4.667,-0.165824906894022
evm.TU.Ap4.6673,-0.0737973860082788
evm.TU.Ap4.6675,-0.0159095095069882
evm.TU.Ap4.668,-0.363261182733386
evm.TU.Ap4.669,-0.298488417301931
evm.TU.Ap4.6695,-0.0191779668650972
evm.TU.Ap4.6696,-0.307306874577027
evm.TU.Ap4.6736,-0.219158850714626
evm.TU.Ap4.6737,-0.0157827078365956
evm.TU.Ap4.6738,-0.00772570626266128
evm.TU.Ap4.6739,0.17221115714097
evm.TU.Ap4.6740,0.0173444083798423
evm.TU.Ap4.6741,0.0687736181823545
evm.TU.Ap4.6745,0.023494781458931
evm.TU.Ap4.6747,-0.11551936858191
evm.TU.Ap4.6757,-0.30081219452326
evm.TU.Ap4.6759,0.197083318066876
evm.TU.Ap4.6760,0.324869279559232
evm.TU.Ap4.6761,-0.00985137008545432
evm.TU.Ap4.6763,0.326356982070605
evm.TU.Ap4.6767,-0.181942293935768
evm.TU.Ap4.677,0.0751748587657424
evm.TU.Ap4.6771,0.0353229593700499
evm.TU.Ap4.6778,0.190531324292587
evm.TU.Ap4.6779,-0.0396422047757291
evm.TU.Ap4.678,0.406239736025306
evm.TU.Ap4.6785,0.0931936128018468
evm.TU.Ap4.679,-0.138635248228939
evm.TU.Ap4.6794,-0.127288129710137
evm.TU.Ap4.6797,-0.273566765023409
evm.TU.Ap4.6799,0.3932226795738
evm.TU.Ap4.68,-0.00313287740710873
evm.TU.Ap4.680,0.464734234851821
evm.TU.Ap4.6801,0.311275908471124
evm.TU.Ap4.6805,-0.154411178813263
evm.TU.Ap4.681,0.378859108757662
evm.TU.Ap4.6811,-0.00307981262911121
evm.TU.Ap4.6812,0.226593843022337
evm.TU.Ap4.6813,0.253294522444427
evm.TU.Ap4.6814,0.0377363545299334
evm.TU.Ap4.6819,0.125676426854834
evm.TU.Ap4.6829,0.221229686286311
evm.TU.Ap4.6833_evm.TU.Ap4.6834,-0.0296952369299744
evm.TU.Ap4.6836,0.21000640541857
evm.TU.Ap4.6837,-0.0926570923485149
evm.TU.Ap4.6838,0.193232236185034
evm.TU.Ap4.684,0.188337516600991
evm.TU.Ap4.6846,-0.215310555019091
evm.TU.Ap4.6847,-0.15695991777895
evm.TU.Ap4.6849,0.0637513066832837
evm.TU.Ap4.6851,-0.225787946781854
evm.TU.Ap4.6853,0.117272306218148
evm.TU.Ap4.6855,0.458844160042926
evm.TU.Ap4.6858,-0.147692056993232
evm.TU.Ap4.6860,-0.0648533634121972
evm.TU.Ap4.6862,-0.0319826305171333
evm.TU.Ap4.6863,-0.189530451815552
evm.TU.Ap4.6864,-0.435487063372783
evm.TU.Ap4.687,0.0229514302682376
evm.TU.Ap4.6872,-0.0413956548202159
evm.TU.Ap4.6873,-0.150977463808665
evm.TU.Ap4.6874,0.094652122916077
evm.TU.Ap4.6878,-0.129930551744285
evm.TU.Ap4.6882,-0.254369547918074
evm.TU.Ap4.6883,0.08585587210035
evm.TU.Ap4.6889,0.10305675611828
evm.TU.Ap4.689,-0.0735444072359663
evm.TU.Ap4.6894,-0.185566285842276
evm.TU.Ap4.6896,0.153427132509726
evm.TU.Ap4.69,0.0512222647404382
evm.TU.Ap4.6901,-0.137587389579819
evm.TU.Ap4.6905,-0.316825069829276
evm.TU.Ap4.6923,-0.120548370325292
evm.TU.Ap4.6926,0.097899627049914
evm.TU.Ap4.6927,0.128530504077081
evm.TU.Ap4.6928,-0.142872912034571
evm.TU.Ap4.6929,0.0372351265355376
evm.TU.Ap4.6930,-0.210601359949685
evm.TU.Ap4.6931,-0.154667108119368
evm.TU.Ap4.6932,-0.0514909047740134
evm.TU.Ap4.6933,-0.0268198819068347
evm.TU.Ap4.6938,0.053370666704827
evm.TU.Ap4.6940,-0.158729530022491
evm.TU.Ap4.6941,0.228366453334079
evm.TU.Ap4.6944_evm.TU.Ap4.6946,0.0865755822355703
evm.TU.Ap4.695,0.211964462494451
evm.TU.Ap4.6951,0.283102485729733
evm.TU.Ap4.6952,-0.0544233138727291
evm.TU.Ap4.6953,-0.0496889352911975
evm.TU.Ap4.6958,-0.0581704205782854
evm.TU.Ap4.696,-0.0488326932887102
evm.TU.Ap4.6960_evm.TU.Ap4.6961,-0.118040170377152
evm.TU.Ap4.6963,0.108054302710119
evm.TU.Ap4.6964,-0.201294767587302
evm.TU.Ap4.6976,-0.0862797500678155
evm.TU.Ap4.6977,0.0469280215806789
evm.TU.Ap4.6979,0.0718796971117037
evm.TU.Ap4.6982,0.00207908107865572
evm.TU.Ap4.6983,0.103478317731561
evm.TU.Ap4.6984,0.27788516657275
evm.TU.Ap4.6985,0.042141727366643
evm.TU.Ap4.6986,0.296336813554998
evm.TU.Ap4.6987,-0.458221770956305
evm.TU.Ap4.6992,0.0515472698734818
evm.TU.Ap4.6999,-0.0197638473943801
evm.TU.Ap4.7000,-0.174158284994456
evm.TU.Ap4.7001,-0.117509700025998
evm.TU.Ap4.7005,-0.0313580479576782
evm.TU.Ap4.7009,-0.0409646013375978
evm.TU.Ap4.7010,-0.126864136374365
evm.TU.Ap4.7011,-0.160451442320131
evm.TU.Ap4.7012,-0.314103988107196
evm.TU.Ap4.7014,-0.0760923444039072
evm.TU.Ap4.7015,0.157194431442249
evm.TU.Ap4.7016,0.0201216178797819
evm.TU.Ap4.7017,-0.128028896696386
evm.TU.Ap4.7018,-0.306088896731872
evm.TU.Ap4.7019,0.0927168468021564
evm.TU.Ap4.7023,-0.2502579100049
evm.TU.Ap4.7029,-0.0576418701308116
evm.TU.Ap4.7037,-0.141058925976802
evm.TU.Ap4.7040,-0.184305165255335
evm.TU.Ap4.7045,0.0434592634142639
evm.TU.Ap4.7046,-0.0359581485559534
evm.TU.Ap4.7050,0.117081572137931
evm.TU.Ap4.7052,-0.0284609446946706
evm.TU.Ap4.7053,-0.017715517980531
evm.TU.Ap4.7054,-0.504856581447061
evm.TU.Ap4.7059,0.00843508282369628
evm.TU.Ap4.7067,-0.0571912076898657
evm.TU.Ap4.7069,0.00632324492358898
evm.TU.Ap4.7070,0.19083648258551
evm.TU.Ap4.7071,-0.253293857143394
evm.TU.Ap4.7072,-0.368856733849628
evm.TU.Ap4.7075,0.0216075362701062
evm.TU.Ap4.7077,0.280800479460835
evm.TU.Ap4.7081,-0.0128981388044835
evm.TU.Ap4.7087,0.0799046541375219
evm.TU.Ap4.7092,-0.040693408737085
evm.TU.Ap4.7096,-0.104898961311909
evm.TU.Ap4.7097,-0.0996198865312149
evm.TU.Ap4.7101,-0.270179862862187
evm.TU.Ap4.7105,-0.247015804479915
evm.TU.Ap4.7108,-0.08319696450112
evm.TU.Ap4.7116,-0.220030684273088
evm.TU.Ap4.7121,0.088171601078434
evm.TU.Ap4.7122,0.159347610741184
evm.TU.Ap4.7125,-0.161752344661226
evm.TU.Ap4.7127,-0.168131127221821
evm.TU.Ap4.7129,-0.279522466788086
evm.TU.Ap4.7130,0.165676328909736
evm.TU.Ap4.7133,-0.062738375571405
evm.TU.Ap4.7134,-0.022850769691122
evm.TU.Ap4.7137,-0.102209157792126
evm.TU.Ap4.7139,0.480794904422253
evm.TU.Ap4.7143,0.391937057592724
evm.TU.Ap4.7144,0.0857196612230867
evm.TU.Ap4.7145,-0.159240718320948
evm.TU.Ap4.7156,0.422129074220655
evm.TU.Ap4.7157,0.0744963658980378
evm.TU.Ap4.7162,0.458073624150012
evm.TU.Ap4.7164,0.106280065670719
evm.TU.Ap4.7165,0.309717162427439
evm.TU.Ap4.7167,0.103612412233307
evm.TU.Ap4.7168,0.258095315424864
evm.TU.Ap4.7170,0.172829272267936
evm.TU.Ap4.7177,0.24578734062553
evm.TU.Ap4.7178,-0.164751241070738
evm.TU.Ap4.7180,0.0505087177116378
evm.TU.Ap4.7184,0.403402987534024
evm.TU.Ap4.7186,-0.256584301382688
evm.TU.Ap4.7191,0.349245036501496
evm.TU.Ap4.7193,-0.109305216628847
evm.TU.Ap4.7198,0.270794070920823
evm.TU.Ap4.7214,0.30883313039698
evm.TU.Ap4.7215,0.297078732176883
evm.TU.Ap4.7216,0.305352196295054
evm.TU.Ap4.7217,0.015293206738123
evm.TU.Ap4.7219,0.161713266273817
evm.TU.Ap4.7220,-0.0394218467678328
evm.TU.Ap4.7222,0.114565829269981
evm.TU.Ap4.7224,-0.0718113185624008
evm.TU.Ap4.7226,-0.345414533178608
evm.TU.Ap4.7233,0.329479891995813
evm.TU.Ap4.7242,0.157628055111377
evm.TU.Ap4.7244,0.0149717713848116
evm.TU.Ap4.7247,0.00203853537238635
evm.TU.Ap4.7248,-0.20198339542635
evm.TU.Ap4.7249,-0.0894603598140063
evm.TU.Ap4.7250,-0.0197191215917036
evm.TU.Ap4.7257,-0.195106475666426
evm.TU.Ap4.7261,-0.132288945526327
evm.TU.Ap4.7265,-0.0868672318910725
evm.TU.Ap4.7266,-0.064862386040485
evm.TU.Ap4.7268,-0.0197973893352069
evm.TU.Ap4.7269,0.19622420188238
evm.TU.Ap4.7270,0.258457584264996
evm.TU.Ap4.7275,-0.101378453075121
evm.TU.Ap4.7278,-0.257376433378028
evm.TU.Ap4.7280,0.117876430426795
evm.TU.Ap4.7281,-0.20876109928048
evm.TU.Ap4.7283,0.0707777272134041
evm.TU.Ap4.7284,-0.152861356076298
evm.TU.Ap4.7286,-0.0397124636666717
evm.TU.Ap4.7288,0.168961502519891
evm.TU.Ap4.7298,-0.288619576966681
evm.TU.Ap4.7299,0.181070365116217
evm.TU.Ap4.730,-0.0755772754961913
evm.TU.Ap4.7302,-0.230502245534478
evm.TU.Ap4.7305,-0.0222107383943398
evm.TU.Ap4.7306,-0.420878245490743
evm.TU.Ap4.7307,-0.0990667130493963
evm.TU.Ap4.7308,0.252665877061775
evm.TU.Ap4.7309,0.239967470163001
evm.TU.Ap4.731,-0.18212228063634
evm.TU.Ap4.7311,-0.18290849881742
evm.TU.Ap4.7317,-0.0884751737540005
evm.TU.Ap4.7318,-0.132846952988132
evm.TU.Ap4.7319,0.221133890656895
evm.TU.Ap4.7322,-0.332561684833663
evm.TU.Ap4.7324,-2.48433455730315e-05
evm.TU.Ap4.7325,-0.112843904452136
evm.TU.Ap4.7328,-0.556917221147146
evm.TU.Ap4.7329,-0.0385785080575899
evm.TU.Ap4.733,0.058138795374674
evm.TU.Ap4.7330,-0.102169502591787
evm.TU.Ap4.7331,-0.0284681464420871
evm.TU.Ap4.7333,-0.120542087392453
evm.TU.Ap4.7335,0.331646807889879
evm.TU.Ap4.7338,0.0903061605542438
evm.TU.Ap4.7343,0.083991611569107
evm.TU.Ap4.736,0.122067869869411
evm.TU.Ap4.7360,-0.22692968040233
evm.TU.Ap4.7363,-0.0343463419318118
evm.TU.Ap4.748,-0.090338995334395
evm.TU.Ap4.751,-0.000457758098835732
evm.TU.Ap4.759,-0.278106549301296
evm.TU.Ap4.763,0.0291209250632382
evm.TU.Ap4.764,0.365406360848027
evm.TU.Ap4.767,0.0768054969441796
evm.TU.Ap4.768,0.317163205301667
evm.TU.Ap4.769,-0.125104927291
evm.TU.Ap4.777,0.115816158065585
evm.TU.Ap4.783,0.257948022870589
evm.TU.Ap4.784,0.054286666856266
evm.TU.Ap4.785,0.122174490949983
evm.TU.Ap4.787,-0.0263201389896069
evm.TU.Ap4.788,-0.331281181215116
evm.TU.Ap4.789,-0.0881407020718341
evm.TU.Ap4.790,-0.0428917502970836
evm.TU.Ap4.791,-0.184345387892173
evm.TU.Ap4.797,0.0234334240769074
evm.TU.Ap4.814,-0.114928299320016
evm.TU.Ap4.815,0.0330481198539649
evm.TU.Ap4.821,-0.100971505134824
evm.TU.Ap4.822,0.102940626620658
evm.TU.Ap4.825,0.389416761544746
evm.TU.Ap4.827,-0.150865311633024
evm.TU.Ap4.828,0.0133712741384708
evm.TU.Ap4.829,-0.205847959449684
evm.TU.Ap4.830,-0.0813728801832246
evm.TU.Ap4.831,0.0635678431470049
evm.TU.Ap4.834,0.200994278159421
evm.TU.Ap4.835,0.11668318986139
evm.TU.Ap4.839_evm.TU.Ap4.840_evm.TU.Ap4.841,-0.357434463193194
evm.TU.Ap4.848,0.155655189498605
evm.TU.Ap4.858,0.0797778362960724
evm.TU.Ap4.859,-0.276480500165945
evm.TU.Ap4.862,0.711751648890223
evm.TU.Ap4.863,0.165003617907018
evm.TU.Ap4.864,0.0597788167581347
evm.TU.Ap4.865,0.000994974369993425
evm.TU.Ap4.869,0.0813418284633809
evm.TU.Ap4.875,-0.0936483603847852
evm.TU.Ap4.876,0.109391381115601
evm.TU.Ap4.879,0.285097797507504
evm.TU.Ap4.881,0.29714732110482
evm.TU.Ap4.882,-0.241176001933063
evm.TU.Ap4.884,0.138324393006707
evm.TU.Ap4.887,-0.451714973344306
evm.TU.Ap4.890,-0.228481893012976
evm.TU.Ap4.893,-0.0846646033753012
evm.TU.Ap4.895,-0.451879975766893
evm.TU.Ap4.901,0.0743173301622525
evm.TU.Ap4.909,-0.0884897788366181
evm.TU.Ap4.914,-0.200075683980501
evm.TU.Ap4.917,0.0598063356380103
evm.TU.Ap4.922,0.038988831311768
evm.TU.Ap4.93,-0.233685844310433
evm.TU.Ap4.938,0.239658856703004
evm.TU.Ap4.941,-0.0091764532458718
evm.TU.Ap4.942,-0.0906826643834945
evm.TU.Ap4.943,-0.0786877575338585
evm.TU.Ap4.944,-0.00099333370349079
evm.TU.Ap4.946,0.0705165216604424
evm.TU.Ap4.947,0.126960595509031
evm.TU.Ap4.949,-0.0950626687118995
evm.TU.Ap4.951,-0.0434974082086192
evm.TU.Ap4.952,0.11871222368082
evm.TU.Ap4.953,0.133080027158138
evm.TU.Ap4.955,-0.539542787443699
evm.TU.Ap4.961,-0.369397285933298
evm.TU.Ap4.962,-0.238718128603466
evm.TU.Ap4.99,0.0680643417251997
evm.TU.Ap5.100,0.000519021755516846
evm.TU.Ap5.1000,0.0916700246820543
evm.TU.Ap5.1002,0.188269523976975
evm.TU.Ap5.1003,0.342664546100053
evm.TU.Ap5.1004,-0.0976616915350942
evm.TU.Ap5.1006,-0.144889781937521
evm.TU.Ap5.1008,0.0735960468426437
evm.TU.Ap5.101,-0.156088538461439
evm.TU.Ap5.1010,-0.183858067671256
evm.TU.Ap5.1016,-0.163306172574914
evm.TU.Ap5.1017,-0.0937145840060705
evm.TU.Ap5.1019,-0.132565699419056
evm.TU.Ap5.102,-0.198995245966188
evm.TU.Ap5.1021,-0.314243005073567
evm.TU.Ap5.1023,-0.129669347314027
evm.TU.Ap5.1024,-0.139889533341659
evm.TU.Ap5.1025,0.28988572073898
evm.TU.Ap5.1027,-0.29483982817609
evm.TU.Ap5.103,0.189860757720653
evm.TU.Ap5.1033,0.10989125074486
evm.TU.Ap5.1034,0.00341163966062574
evm.TU.Ap5.104,0.115520848801885
evm.TU.Ap5.1041,0.24832685755681
evm.TU.Ap5.1042,0.153755675085151
evm.TU.Ap5.1043,0.111424212048129
evm.TU.Ap5.1044,-0.0903640991349387
evm.TU.Ap5.1045,0.0791800685724634
evm.TU.Ap5.1049,-0.0281331106500657
evm.TU.Ap5.1050,-0.183571824731495
evm.TU.Ap5.1054,-0.147697807985747
evm.TU.Ap5.1062,0.250320544820263
evm.TU.Ap5.1064,0.0694761682874569
evm.TU.Ap5.1086_evm.TU.Ap5.1088,0.215510503376853
evm.TU.Ap5.1089,0.168922953617
evm.TU.Ap5.1097,0.257748986346533
evm.TU.Ap5.1098,0.106332333970143
evm.TU.Ap5.11,0.233452982414637
evm.TU.Ap5.1100,0.365950254944821
evm.TU.Ap5.1104,-0.0668811466633394
evm.TU.Ap5.1105,-0.113099210254501
evm.TU.Ap5.1106,-0.383350802502011
evm.TU.Ap5.1108,-0.1566041799679
evm.TU.Ap5.1109,-0.256188915718492
evm.TU.Ap5.111,-0.122862958069644
evm.TU.Ap5.1110,-0.0430047352620714
evm.TU.Ap5.1111,-0.042810703957796
evm.TU.Ap5.1112,0.086909819729084
evm.TU.Ap5.1113,0.00673734410822978
evm.TU.Ap5.1114,-0.00456879586502685
evm.TU.Ap5.1115,0.0255581135136384
evm.TU.Ap5.1120,-0.033196381011311
evm.TU.Ap5.1124,-0.201507419714521
evm.TU.Ap5.1125,-0.0412948193910829
evm.TU.Ap5.1126,0.0230554592362608
evm.TU.Ap5.1127,0.0136777846752945
evm.TU.Ap5.1128,-0.0969155870330216
evm.TU.Ap5.113,-0.126593502335148
evm.TU.Ap5.1131,-0.555014875073755
evm.TU.Ap5.1132,0.0614025364813736
evm.TU.Ap5.1133,0.186023126245207
evm.TU.Ap5.1135,-0.106688157568057
evm.TU.Ap5.1136,-0.105606140411682
evm.TU.Ap5.1137,0.176169553197925
evm.TU.Ap5.114,-0.285290220278762
evm.TU.Ap5.1141,0.31170185789007
evm.TU.Ap5.1142,0.253400891708669
evm.TU.Ap5.1145,0.319161325664841
evm.TU.Ap5.1147,-0.153996710954323
evm.TU.Ap5.1151,0.176872167409041
evm.TU.Ap5.1155,-0.192189574455034
evm.TU.Ap5.1156_evm.TU.Ap5.1161,-0.253998068011964
evm.TU.Ap5.116,-0.512882276882521
evm.TU.Ap5.117,0.299645798167413
evm.TU.Ap5.1175,-0.274749844133006
evm.TU.Ap5.118,-0.256178269317434
evm.TU.Ap5.1185,-0.00176429786963918
evm.TU.Ap5.1189,-0.16863371994925
evm.TU.Ap5.1190,0.0359298576629011
evm.TU.Ap5.1192,0.0715410693269363
evm.TU.Ap5.1195,-0.487589325844898
evm.TU.Ap5.1196,0.124660086292607
evm.TU.Ap5.1201,-0.293514336979114
evm.TU.Ap5.1204,-0.234115993857432
evm.TU.Ap5.1205,-0.148626481383805
evm.TU.Ap5.1206,-0.143937671040116
evm.TU.Ap5.1208,-0.375564244166977
evm.TU.Ap5.121,-0.243659041783171
evm.TU.Ap5.1216,-0.13948916347657
evm.TU.Ap5.1217,-0.0267325935664067
evm.TU.Ap5.1218,-0.0155685035879809
evm.TU.Ap5.1219,0.484337180912763
evm.TU.Ap5.1220,0.148919180371046
evm.TU.Ap5.1223_evm.TU.Ap5.1224,-0.0408207986183186
evm.TU.Ap5.1233,0.0694772838921078
evm.TU.Ap5.1242,-0.275004378351045
evm.TU.Ap5.1245,-0.109950501928938
evm.TU.Ap5.1246,0.156589371390586
evm.TU.Ap5.1247,0.0352088410390928
evm.TU.Ap5.1255,-0.167360009681624
evm.TU.Ap5.1262,-0.418501782373326
evm.TU.Ap5.1264,-0.214424132855907
evm.TU.Ap5.1266,-0.180229431631315
evm.TU.Ap5.1270,-0.238840625766883
evm.TU.Ap5.1271,-0.321575295919103
evm.TU.Ap5.1273,-0.094726245932168
evm.TU.Ap5.1280,-0.196726901084675
evm.TU.Ap5.1281,0.0425989536844721
evm.TU.Ap5.1286,0.286518395908904
evm.TU.Ap5.1289,0.538953817207691
evm.TU.Ap5.1292,-0.00121510266259363
evm.TU.Ap5.13,0.216792181309732
evm.TU.Ap5.1315,-0.064407357818736
evm.TU.Ap5.1316,0.0843750434531519
evm.TU.Ap5.1319,-0.0400028516672879
evm.TU.Ap5.132,-0.296418018579419
evm.TU.Ap5.1320,-0.160702549515275
evm.TU.Ap5.1324,0.0670244586014384
evm.TU.Ap5.1326,-0.0922448149827444
evm.TU.Ap5.1327,0.0112938122208391
evm.TU.Ap5.1329,-0.117387835328409
evm.TU.Ap5.133,0.00955581189777027
evm.TU.Ap5.1334,0.317944881059516
evm.TU.Ap5.1335,-0.0925122481155991
evm.TU.Ap5.1336,-0.210465860492975
evm.TU.Ap5.1337,0.17847309092114
evm.TU.Ap5.134,0.0681341130510377
evm.TU.Ap5.1340,0.0312339567519586
evm.TU.Ap5.1341,-0.443004866356728
evm.TU.Ap5.1342,-0.169890355912523
evm.TU.Ap5.1343,-0.380239077033343
evm.TU.Ap5.1345,-0.137252212629628
evm.TU.Ap5.1348,-0.173501655790892
evm.TU.Ap5.1349,-0.0618521387613079
evm.TU.Ap5.1352,-0.169765043225936
evm.TU.Ap5.1356,0.143538101356743
evm.TU.Ap5.1359,0.00969322260278538
evm.TU.Ap5.1360,0.0367046348330156
evm.TU.Ap5.137_evm.TU.Ap5.140,0.015070176290111
evm.TU.Ap5.1383,-0.0687599591351077
evm.TU.Ap5.1385,0.0997834057524346
evm.TU.Ap5.1386,-0.378458097793932
evm.TU.Ap5.1395,-0.116987249106171
evm.TU.Ap5.14,0.225529760135686
evm.TU.Ap5.1408,0.0559256740214405
evm.TU.Ap5.1409,-0.0308101776641913
evm.TU.Ap5.1410,-0.0582326340055549
evm.TU.Ap5.1412,-0.233364533960803
evm.TU.Ap5.1417,0.0802686961903311
evm.TU.Ap5.142,-0.291198173422896
evm.TU.Ap5.1433,0.134468110287461
evm.TU.Ap5.1452,-0.449813451500229
evm.TU.Ap5.1457,-0.378560292561199
evm.TU.Ap5.1461,0.0952307775699185
evm.TU.Ap5.1472,0.429041437122028
evm.TU.Ap5.1473,0.326586254820951
evm.TU.Ap5.1475,0.548796075251068
evm.TU.Ap5.1477,0.534539937758822
evm.TU.Ap5.1478,0.239176970384192
evm.TU.Ap5.1479,0.364794119153281
evm.TU.Ap5.1480,0.444997884066353
evm.TU.Ap5.1483,0.473402545531564
evm.TU.Ap5.1485,0.242842976562249
evm.TU.Ap5.1486,-0.141626263167352
evm.TU.Ap5.1487,0.131961498172117
evm.TU.Ap5.1488,0.257251016298005
evm.TU.Ap5.149,-0.299204932205567
evm.TU.Ap5.1493,-0.151367628313452
evm.TU.Ap5.1494,-0.13083137890622
evm.TU.Ap5.15,-0.0192950794860829
evm.TU.Ap5.1508,-0.243795864806424
evm.TU.Ap5.151,-0.00697690830834501
evm.TU.Ap5.1510,-0.128529009188857
evm.TU.Ap5.1524,0.152651167803303
evm.TU.Ap5.1525,-0.13475566762195
evm.TU.Ap5.1533,-0.155310346219222
evm.TU.Ap5.1534,-0.0639133891759883
evm.TU.Ap5.1535,-0.0212202818300039
evm.TU.Ap5.154,0.0417480287060864
evm.TU.Ap5.1541,-0.20068470339999
evm.TU.Ap5.1546,0.0627402581652028
evm.TU.Ap5.155,0.148851507651304
evm.TU.Ap5.1552,-0.368294692381628
evm.TU.Ap5.1553,-0.187539246604745
evm.TU.Ap5.159,0.264908866359143
evm.TU.Ap5.1591,0.759077002364661
evm.TU.Ap5.1594,0.418154335860362
evm.TU.Ap5.1595,0.38542813631339
evm.TU.Ap5.16,0.157916159338463
evm.TU.Ap5.160,0.523545679692728
evm.TU.Ap5.1602,0.145648862068066
evm.TU.Ap5.1609,-0.307046961513583
evm.TU.Ap5.1610,0.39087824680994
evm.TU.Ap5.1611,0.704445547300854
evm.TU.Ap5.1612,0.815630199705647
evm.TU.Ap5.1614,0.284261131120891
evm.TU.Ap5.1615,-0.278540756740288
evm.TU.Ap5.1617,0.0586650436911663
evm.TU.Ap5.1621,0.160430270333453
evm.TU.Ap5.1639,-0.337197110384697
evm.TU.Ap5.1641,0.0155411823821907
evm.TU.Ap5.1642,0.237730370620685
evm.TU.Ap5.1643,-0.0557785610122625
evm.TU.Ap5.1646,0.328071818695704
evm.TU.Ap5.1650,-0.323509888896264
evm.TU.Ap5.1651,-0.142530226173835
evm.TU.Ap5.1652,-0.0501411784656058
evm.TU.Ap5.1654,0.256876821241302
evm.TU.Ap5.1661,-0.0325464034714334
evm.TU.Ap5.1663,-0.0762828949133828
evm.TU.Ap5.1669,-0.0947272720900951
evm.TU.Ap5.1672,0.0133192860569689
evm.TU.Ap5.1676,-0.120809965832468
evm.TU.Ap5.1679,0.384571274454362
evm.TU.Ap5.168,-0.162945109435363
evm.TU.Ap5.17,0.0228900232953875
evm.TU.Ap5.1706,0.0327479545529026
evm.TU.Ap5.1707,0.366438506732061
evm.TU.Ap5.1710,0.154011975379262
evm.TU.Ap5.1712,0.269950144778768
evm.TU.Ap5.1713,-0.137707387588775
evm.TU.Ap5.1718_evm.TU.Ap5.1714,0.189866343628487
evm.TU.Ap5.1728,0.328060422342382
evm.TU.Ap5.1729,0.371161895480004
evm.TU.Ap5.173,0.274757395513809
evm.TU.Ap5.1730,0.149010070546174
evm.TU.Ap5.1734,0.0810345159817368
evm.TU.Ap5.1735,0.200688035169842
evm.TU.Ap5.1737,0.0494554989464387
evm.TU.Ap5.1748,-0.148514151849004
evm.TU.Ap5.1753,-0.0547762308509466
evm.TU.Ap5.1760,-0.188452861677029
evm.TU.Ap5.1762,-0.20333871674691
evm.TU.Ap5.1764,-0.188664518121907
evm.TU.Ap5.1772,0.529535050394756
evm.TU.Ap5.179,-0.230260382237206
evm.TU.Ap5.1791,-0.159007088141204
evm.TU.Ap5.1793,0.148728944210686
evm.TU.Ap5.1795,-0.00753439908404527
evm.TU.Ap5.1798,-0.230806226559719
evm.TU.Ap5.18,-0.148778007016797
evm.TU.Ap5.180,-0.200880539844446
evm.TU.Ap5.182,0.129009812365303
evm.TU.Ap5.1842,0.0308405464538937
evm.TU.Ap5.185,0.289036070878646
evm.TU.Ap5.186,0.291965137806603
evm.TU.Ap5.1865,0.139732339622135
evm.TU.Ap5.1867,0.336245716626515
evm.TU.Ap5.1868,-0.1600505436942
evm.TU.Ap5.1871,0.00376052603110184
evm.TU.Ap5.1872,0.25475177974492
evm.TU.Ap5.1873,0.58105044553312
evm.TU.Ap5.1874,0.388646148027764
evm.TU.Ap5.1890,-0.314100617518692
evm.TU.Ap5.1891,0.113057885442588
evm.TU.Ap5.1897,-0.171868342744446
evm.TU.Ap5.1898,0.00847207203298937
evm.TU.Ap5.1899,0.238882517428142
evm.TU.Ap5.19,0.228980074210889
evm.TU.Ap5.1901,-0.182568068367118
evm.TU.Ap5.1902,-0.126186159492102
evm.TU.Ap5.1916,-0.0254287409657261
evm.TU.Ap5.1917,0.13138982085222
evm.TU.Ap5.1918,0.0300148825729594
evm.TU.Ap5.193,-0.273436197213547
evm.TU.Ap5.1939,-0.0233003374189837
evm.TU.Ap5.194,0.083523561787733
evm.TU.Ap5.1946,0.601249695341862
evm.TU.Ap5.1947,0.044111455384395
evm.TU.Ap5.1948,0.0209526312743225
evm.TU.Ap5.1949,-0.0512249366055489
evm.TU.Ap5.196,0.615338103558611
evm.TU.Ap5.197,0.293615169906396
evm.TU.Ap5.1977,0.39241758669467
evm.TU.Ap5.1978,0.414691886196932
evm.TU.Ap5.198,-0.254613080672949
evm.TU.Ap5.1980,-0.0156101740859568
evm.TU.Ap5.1984,-0.0597120545015805
evm.TU.Ap5.1985,0.343720867596856
evm.TU.Ap5.20,-0.164673654925512
evm.TU.Ap5.200,-0.123454090414896
evm.TU.Ap5.202,0.489265463225722
evm.TU.Ap5.203,-0.149858849852177
evm.TU.Ap5.2043,-0.19726912944367
evm.TU.Ap5.205,0.237340578248483
evm.TU.Ap5.206,0.0138996531630411
evm.TU.Ap5.2060,0.156213600175529
evm.TU.Ap5.2063,0.443183672294083
evm.TU.Ap5.2067,0.0212579981302024
evm.TU.Ap5.207,-0.103759153209858
evm.TU.Ap5.2071,-0.0326793152678196
evm.TU.Ap5.208,-0.575652477607336
evm.TU.Ap5.2087,0.495734356174393
evm.TU.Ap5.2091,-0.0266672390645297
evm.TU.Ap5.2092,-0.31308445198018
evm.TU.Ap5.2098,0.664168299968995
evm.TU.Ap5.2099,0.0361305866717888
evm.TU.Ap5.2105,0.547089514507046
evm.TU.Ap5.2106,0.154446235912383
evm.TU.Ap5.211,-0.212112850664756
evm.TU.Ap5.2110_evm.TU.Ap5.2111_evm.TU.Ap5.2120,-0.148486583088596
evm.TU.Ap5.2122,0.00415687131062352
evm.TU.Ap5.2123,-0.281634244887799
evm.TU.Ap5.2138,0.102083902914762
evm.TU.Ap5.2139,-0.0362099484114642
evm.TU.Ap5.2140_evm.TU.Ap5.2142,-0.103813950472336
evm.TU.Ap5.2143,0.031900622685086
evm.TU.Ap5.2144,-0.0824921023138776
evm.TU.Ap5.2145,-0.26175740068799
evm.TU.Ap5.2146,-0.00825694651541298
evm.TU.Ap5.2162,-0.186570881140049
evm.TU.Ap5.2164,0.038340857652633
evm.TU.Ap5.2166,0.732994817058514
evm.TU.Ap5.2167_evm.TU.Ap5.2177,-0.136840226254621
evm.TU.Ap5.219,0.0411148129162617
evm.TU.Ap5.2198,0.0169960048086438
evm.TU.Ap5.22,0.258847238098602
evm.TU.Ap5.2206,-0.369384767551944
evm.TU.Ap5.2208,0.230210964603813
evm.TU.Ap5.2211,0.311768912566791
evm.TU.Ap5.2214,-0.363247709898557
evm.TU.Ap5.2215,0.0418692257123775
evm.TU.Ap5.2218,0.0880386375259262
evm.TU.Ap5.2219,0.429134307397903
evm.TU.Ap5.2223,0.00679841232851784
evm.TU.Ap5.2224,-0.0203794887951418
evm.TU.Ap5.2238,0.264809538179359
evm.TU.Ap5.2239,0.142334762271956
evm.TU.Ap5.2244,-0.0758918672298066
evm.TU.Ap5.2245,-0.102620631227633
evm.TU.Ap5.2246,0.0924616795925173
evm.TU.Ap5.2248,0.152007062273356
evm.TU.Ap5.2249,-0.163695858789156
evm.TU.Ap5.2250,-0.0575850807067569
evm.TU.Ap5.2258,0.186177562290384
evm.TU.Ap5.2260,0.151386705816359
evm.TU.Ap5.2269,-0.138817433623836
evm.TU.Ap5.2275,0.474095044836061
evm.TU.Ap5.2276,0.0932847655371307
evm.TU.Ap5.2277,-0.252536750665527
evm.TU.Ap5.2281,-0.021423035334261
evm.TU.Ap5.2282,0.0816313732422786
evm.TU.Ap5.23,0.538473762019572
evm.TU.Ap5.231,-0.200420986475595
evm.TU.Ap5.2319,0.252960866585208
evm.TU.Ap5.232,0.258674399796578
evm.TU.Ap5.2323,0.261308106352453
evm.TU.Ap5.2324,-0.00810928619537468
evm.TU.Ap5.2325,0.100548651937948
evm.TU.Ap5.2326,0.165720697636739
evm.TU.Ap5.2327,-0.0268660326630252
evm.TU.Ap5.2329,-0.166008032123515
evm.TU.Ap5.2330,-0.0363817833202411
evm.TU.Ap5.2335,0.276322955328708
evm.TU.Ap5.2338,0.0928162481540048
evm.TU.Ap5.2340,0.0508680913644339
evm.TU.Ap5.2344,-0.117968437392747
evm.TU.Ap5.2353,0.147848670422026
evm.TU.Ap5.2354,0.0121575987978009
evm.TU.Ap5.2356,0.464665280860465
evm.TU.Ap5.2358,0.278291904114738
evm.TU.Ap5.2360,-0.406295593686375
evm.TU.Ap5.2361,-0.464379577790499
evm.TU.Ap5.2364,-0.125686062632355
evm.TU.Ap5.2366,-0.00775509862636199
evm.TU.Ap5.2373,0.102149465018988
evm.TU.Ap5.2379,0.215562875894263
evm.TU.Ap5.2381,0.0603328717886569
evm.TU.Ap5.2382,0.00618873667170977
evm.TU.Ap5.2384,0.274371365131602
evm.TU.Ap5.2385,0.193240780049275
evm.TU.Ap5.2386,0.12620487615
evm.TU.Ap5.2387,0.185966598903021
evm.TU.Ap5.2389,-0.230081540075004
evm.TU.Ap5.2390,0.068230588063453
evm.TU.Ap5.2393,-0.10689748929138
evm.TU.Ap5.2394,0.0118828821883905
evm.TU.Ap5.2396,-0.266623788572264
evm.TU.Ap5.2397,-0.163078427960987
evm.TU.Ap5.24,-0.172815190003191
evm.TU.Ap5.240,-0.0539412775375838
evm.TU.Ap5.2407,-0.136507690544061
evm.TU.Ap5.241,-0.0668391311522902
evm.TU.Ap5.2411,-0.0721263396232787
evm.TU.Ap5.2412,0.10282075566738
evm.TU.Ap5.2413,0.24989620584795
evm.TU.Ap5.242,-0.298784731482205
evm.TU.Ap5.243,-0.0523784786455329
evm.TU.Ap5.244,0.241228803018816
evm.TU.Ap5.2448,-0.250226922664873
evm.TU.Ap5.2450,-0.132261865660529
evm.TU.Ap5.2451,-0.22664569597042
evm.TU.Ap5.2454,0.0781316821872731
evm.TU.Ap5.2456,-0.0311792215641258
evm.TU.Ap5.2459,0.051561669591322
evm.TU.Ap5.246,0.101228437715968
evm.TU.Ap5.247,0.367454101243191
evm.TU.Ap5.2471,-0.086785816014178
evm.TU.Ap5.2473,-0.0159023980263885
evm.TU.Ap5.2522,0.0194123180335026
evm.TU.Ap5.2531,-0.188274336268994
evm.TU.Ap5.2539,0.13833463893697
evm.TU.Ap5.2541,-0.00386838764321105
evm.TU.Ap5.2567,-0.0947980836174029
evm.TU.Ap5.257,0.303883345657339
evm.TU.Ap5.2577,0.311151838292091
evm.TU.Ap5.2578,0.306313990867204
evm.TU.Ap5.2579,0.137885239893441
evm.TU.Ap5.2583,0.235386569919599
evm.TU.Ap5.259,0.0283378626031638
evm.TU.Ap5.2591,0.0110177456958494
evm.TU.Ap5.2592,-0.0896650985747139
evm.TU.Ap5.2593,0.304791744841972
evm.TU.Ap5.260,0.0946003779937041
evm.TU.Ap5.2605,-0.346881741309745
evm.TU.Ap5.2606,0.23557719620057
evm.TU.Ap5.2607,0.36222636882051
evm.TU.Ap5.2608,0.0290730425845055
evm.TU.Ap5.261,-0.00383675620775559
evm.TU.Ap5.2611,-0.0845587062828334
evm.TU.Ap5.2612,-0.255262917998556
evm.TU.Ap5.2613,-0.136703875391297
evm.TU.Ap5.2619,-0.0506099765766561
evm.TU.Ap5.2629,-0.195238259925001
evm.TU.Ap5.263,0.0251417010156934
evm.TU.Ap5.2639,0.129316429215163
evm.TU.Ap5.2641,0.175623918617638
evm.TU.Ap5.2642,0.215679039528097
evm.TU.Ap5.2648,-0.207727618650041
evm.TU.Ap5.2649,-0.0020397408839115
evm.TU.Ap5.2650,0.228260764913582
evm.TU.Ap5.2651,-0.0502667588071079
evm.TU.Ap5.2657,-0.106390683319259
evm.TU.Ap5.2664,-0.253107294440345
evm.TU.Ap5.2670,0.306370212046819
evm.TU.Ap5.2677,-0.0648400352137859
evm.TU.Ap5.27,-0.110677722042369
evm.TU.Ap5.271,-0.215162909627505
evm.TU.Ap5.2719,0.14086115575929
evm.TU.Ap5.2722,-0.202777329396636
evm.TU.Ap5.2725,-0.10966464817378
evm.TU.Ap5.2726,-0.0321866879645651
evm.TU.Ap5.2727,-0.354245200479784
evm.TU.Ap5.2728,0.160083910175926
evm.TU.Ap5.2732,0.0472881242773735
evm.TU.Ap5.2734,-0.21186416018881
evm.TU.Ap5.2735,-0.049173378578184
evm.TU.Ap5.2738,-0.137954913062797
evm.TU.Ap5.2741,-0.0337234685874965
evm.TU.Ap5.2748,0.630230138468486
evm.TU.Ap5.2759,0.0462655139014652
evm.TU.Ap5.2770,0.142287914322514
evm.TU.Ap5.2771,0.107417429553707
evm.TU.Ap5.2772,0.0615336021642471
evm.TU.Ap5.2774,0.57868048727415
evm.TU.Ap5.2776,-0.190856372151297
evm.TU.Ap5.2779,0.0374017307344978
evm.TU.Ap5.2781,0.0417207903289056
evm.TU.Ap5.2789,0.167261056539775
evm.TU.Ap5.2792,-0.0246703829018907
evm.TU.Ap5.28,-0.10227981102941
evm.TU.Ap5.2802,-0.154460453879453
evm.TU.Ap5.2803,-0.142896051783917
evm.TU.Ap5.2804,0.125224162783186
evm.TU.Ap5.2806,-0.172845343771999
evm.TU.Ap5.2807,-0.133231727717026
evm.TU.Ap5.2810,-0.162044590601742
evm.TU.Ap5.2816,-0.134729459130249
evm.TU.Ap5.2817,-0.0618652198618557
evm.TU.Ap5.2818,-0.0687093079903016
evm.TU.Ap5.2819,-0.156146197871756
evm.TU.Ap5.2820,0.0670353013465002
evm.TU.Ap5.2822,0.116356560820087
evm.TU.Ap5.2823,-0.291971463049297
evm.TU.Ap5.2825,-0.096471477672435
evm.TU.Ap5.283,-0.121083705849302
evm.TU.Ap5.2831,-0.245240833361218
evm.TU.Ap5.2833,0.583918304441044
evm.TU.Ap5.284,-0.0320015221499188
evm.TU.Ap5.2841,0.454325916396275
evm.TU.Ap5.2842,0.341137408421349
evm.TU.Ap5.2853,-0.50249079235092
evm.TU.Ap5.2855_evm.TU.Ap5.2857,0.45666302570419
evm.TU.Ap5.2858,0.320446987387759
evm.TU.Ap5.2859,0.460019821726756
evm.TU.Ap5.2860,0.280691610824876
evm.TU.Ap5.2861,0.136845956286945
evm.TU.Ap5.2863,0.151945938275435
evm.TU.Ap5.2871,-0.328925470075126
evm.TU.Ap5.2873,0.0354239532218206
evm.TU.Ap5.2875,-0.00887332824272107
evm.TU.Ap5.2879,-0.523738310187111
evm.TU.Ap5.288,-0.321298781883298
evm.TU.Ap5.2882,0.0541816472342786
evm.TU.Ap5.2885,0.182721103261266
evm.TU.Ap5.2886,-0.0349394046014047
evm.TU.Ap5.2887,-0.068011902982129
evm.TU.Ap5.2888,-0.138704258881482
evm.TU.Ap5.2889,0.136980812025512
evm.TU.Ap5.289,-0.16894730126329
evm.TU.Ap5.2891,-0.118105388466327
evm.TU.Ap5.2892,0.102273845877037
evm.TU.Ap5.2893,0.0132057635408436
evm.TU.Ap5.2896,-0.315251967810659
evm.TU.Ap5.2897,-0.041607881783642
evm.TU.Ap5.2899,-0.0445520720120912
evm.TU.Ap5.29,0.157873407948891
evm.TU.Ap5.2900,0.0683641853661934
evm.TU.Ap5.2901,-0.0430884003761869
evm.TU.Ap5.2902,-0.268098979904564
evm.TU.Ap5.2903,-0.205797904304968
evm.TU.Ap5.2907,0.114280860108789
evm.TU.Ap5.2908,-0.255887670830401
evm.TU.Ap5.291,-0.266089885445473
evm.TU.Ap5.2910,-0.293257109299817
evm.TU.Ap5.2911,-0.0900020709769469
evm.TU.Ap5.2913,0.102269524515685
evm.TU.Ap5.2921,-0.0212714854155306
evm.TU.Ap5.2922,0.0212764754271312
evm.TU.Ap5.2924,-0.0599157722887423
evm.TU.Ap5.2926,0.0742994676804011
evm.TU.Ap5.2928,-0.363674648333094
evm.TU.Ap5.2929,-0.0175959527022736
evm.TU.Ap5.293,-0.130720884559906
evm.TU.Ap5.2930,0.143937832554123
evm.TU.Ap5.2931,-0.0288223527053499
evm.TU.Ap5.2933,0.0787438229420531
evm.TU.Ap5.2934,0.0148851254289439
evm.TU.Ap5.2936,0.0928834917340674
evm.TU.Ap5.2937,-0.301854609149785
evm.TU.Ap5.2939,-0.261324484293956
evm.TU.Ap5.2940,0.0144914001806798
evm.TU.Ap5.2941,0.0832989177213706
evm.TU.Ap5.2942_evm.TU.Ap5.2944,-0.19963668840984
evm.TU.Ap5.2945,-0.00611533284684974
evm.TU.Ap5.2949,-0.286211507837605
evm.TU.Ap5.2950,-0.0191742955438861
evm.TU.Ap5.2952,-0.063463625309118
evm.TU.Ap5.2955,-0.263274799806864
evm.TU.Ap5.2956,-0.464429865071274
evm.TU.Ap5.2959,0.169352008989251
evm.TU.Ap5.296,-0.539221723429031
evm.TU.Ap5.297,0.231623068319184
evm.TU.Ap5.298,-0.386306945055453
evm.TU.Ap5.299,-0.00073085019947068
evm.TU.Ap5.300,-0.461366624605116
evm.TU.Ap5.316,-0.116041238703177
evm.TU.Ap5.319,-0.32834939324187
evm.TU.Ap5.327,0.430814597602861
evm.TU.Ap5.329,-0.108645534220187
evm.TU.Ap5.333,-0.350769693698107
evm.TU.Ap5.34,-0.124240442192629
evm.TU.Ap5.340,0.0338472607277561
evm.TU.Ap5.35,-0.117412186092974
evm.TU.Ap5.351,-0.407005611161775
evm.TU.Ap5.352,-0.153617803560478
evm.TU.Ap5.353,0.0142141598091956
evm.TU.Ap5.354,-0.145448030828796
evm.TU.Ap5.359,0.408043296942114
evm.TU.Ap5.36,0.05234204191646
evm.TU.Ap5.360,0.486691189311896
evm.TU.Ap5.363,0.663434693505162
evm.TU.Ap5.364,0.687801653992966
evm.TU.Ap5.37,0.0325402380774106
evm.TU.Ap5.380,-0.30425188374388
evm.TU.Ap5.385,-0.199080338891023
evm.TU.Ap5.390,-0.289574540195085
evm.TU.Ap5.398,-0.0790597000945108
evm.TU.Ap5.400,0.0194297340245927
evm.TU.Ap5.430_evm.TU.Ap5.431_evm.TU.Ap5.434,-0.00576973851421916
evm.TU.Ap5.44,-0.0574010970058885
evm.TU.Ap5.441,0.147924134837963
evm.TU.Ap5.444,0.500302602435617
evm.TU.Ap5.467,0.198109911814822
evm.TU.Ap5.47,0.0804621352232434
evm.TU.Ap5.470,-0.0462852364019711
evm.TU.Ap5.48,-0.13582160698376
evm.TU.Ap5.488,-0.0883202121892533
evm.TU.Ap5.489,0.0343177202435721
evm.TU.Ap5.490,0.223603023298455
evm.TU.Ap5.491,0.0733227900263775
evm.TU.Ap5.492,-0.183360501179887
evm.TU.Ap5.493,0.225660807656187
evm.TU.Ap5.499,0.312657547772044
evm.TU.Ap5.50,-0.168575713308613
evm.TU.Ap5.500,0.245777558126599
evm.TU.Ap5.502,0.228220783844484
evm.TU.Ap5.503,0.106340984047977
evm.TU.Ap5.516,0.0343295055352406
evm.TU.Ap5.52,0.00257122833514734
evm.TU.Ap5.520,-0.289360351357995
evm.TU.Ap5.532,0.127095063927605
evm.TU.Ap5.533,-0.094203376251722
evm.TU.Ap5.534,0.0850757644992179
evm.TU.Ap5.535,-0.0124156621745262
evm.TU.Ap5.537,0.120651427194637
evm.TU.Ap5.538,0.0656518908655213
evm.TU.Ap5.539,0.147139352515917
evm.TU.Ap5.543,-0.126782021147573
evm.TU.Ap5.544,-0.188721073046371
evm.TU.Ap5.545,0.0490570276669888
evm.TU.Ap5.546,-0.161141631440705
evm.TU.Ap5.547,0.456079315664171
evm.TU.Ap5.549,-0.194152595431414
evm.TU.Ap5.55,-0.349087059564019
evm.TU.Ap5.554,0.083500596531127
evm.TU.Ap5.556,-0.481575538145257
evm.TU.Ap5.557,-0.238777203529919
evm.TU.Ap5.560,-0.316483719971312
evm.TU.Ap5.562,0.00897404962353586
evm.TU.Ap5.563,-0.169542616803514
evm.TU.Ap5.564,0.21649993719368
evm.TU.Ap5.568,0.167907855418813
evm.TU.Ap5.58,0.263033128105977
evm.TU.Ap5.580,-0.0324495967111272
evm.TU.Ap5.584,-0.155372899194908
evm.TU.Ap5.598,0.032646032724352
evm.TU.Ap5.60,-0.0481975823958229
evm.TU.Ap5.603,-0.0518807368114826
evm.TU.Ap5.606,-0.00727443711455008
evm.TU.Ap5.608,-0.0232366509717084
evm.TU.Ap5.609,-0.289098317024009
evm.TU.Ap5.61,0.314089613062322
evm.TU.Ap5.610,0.00731966084022675
evm.TU.Ap5.611,0.0513355937482779
evm.TU.Ap5.621,-0.222544571276175
evm.TU.Ap5.635,-0.236407994736068
evm.TU.Ap5.637,-0.0315404215068134
evm.TU.Ap5.638,0.260334823391997
evm.TU.Ap5.639,-0.30551748018933
evm.TU.Ap5.640,-0.120779712417712
evm.TU.Ap5.643,-0.306476891355836
evm.TU.Ap5.653,-0.106899740336872
evm.TU.Ap5.654,-0.0669487852830221
evm.TU.Ap5.655,-0.300806888648903
evm.TU.Ap5.659_evm.TU.Ap5.657,-0.08082003483946
evm.TU.Ap5.678,-0.185004275927882
evm.TU.Ap5.679,0.0181322748620366
evm.TU.Ap5.681,-0.185875746928193
evm.TU.Ap5.682,-0.0498717560088483
evm.TU.Ap5.689,0.219373962876815
evm.TU.Ap5.690,-0.390572166239246
evm.TU.Ap5.692,0.393770654003292
evm.TU.Ap5.695,0.2961282863537
evm.TU.Ap5.70,-0.299378743793132
evm.TU.Ap5.702,0.237901468389254
evm.TU.Ap5.704,-0.00267913348218303
evm.TU.Ap5.705,0.0995148836475881
evm.TU.Ap5.706,-0.0452956902983375
evm.TU.Ap5.707,-0.421458659474318
evm.TU.Ap5.708,-0.123226526296993
evm.TU.Ap5.709,0.31968777703307
evm.TU.Ap5.72,0.381501639723531
evm.TU.Ap5.728,-0.468526268582063
evm.TU.Ap5.729,-0.418883316710428
evm.TU.Ap5.730,-0.245663026056756
evm.TU.Ap5.733,0.201090342389407
evm.TU.Ap5.735,0.216423367535653
evm.TU.Ap5.744,0.309432616878728
evm.TU.Ap5.746,-0.0320020771390986
evm.TU.Ap5.774,-0.466998903353998
evm.TU.Ap5.775,0.103481381404992
evm.TU.Ap5.777,0.0447124613517828
evm.TU.Ap5.779,0.5004257153618
evm.TU.Ap5.78,-0.0941157468140663
evm.TU.Ap5.780,0.584278732850087
evm.TU.Ap5.789,-0.265903352678575
evm.TU.Ap5.79,0.118585669098774
evm.TU.Ap5.798,-0.228012230376154
evm.TU.Ap5.799,-0.0145764671532396
evm.TU.Ap5.804,0.69445771920014
evm.TU.Ap5.81,0.0733765082163852
evm.TU.Ap5.815,-0.0453247577176097
evm.TU.Ap5.829,-0.200087972441096
evm.TU.Ap5.831,0.0399024304054811
evm.TU.Ap5.832,-0.0761643331247789
evm.TU.Ap5.84,-0.0187111010081514
evm.TU.Ap5.842,0.243086077668385
evm.TU.Ap5.844,0.00320964429269453
evm.TU.Ap5.846,0.0192414883874662
evm.TU.Ap5.847,-0.070913708008087
evm.TU.Ap5.848,-0.234406735026765
evm.TU.Ap5.849,0.0660257317987499
evm.TU.Ap5.85,-0.111263101382034
evm.TU.Ap5.851,-0.0733460846596871
evm.TU.Ap5.856,0.0990060994851044
evm.TU.Ap5.857,-0.0458767468717203
evm.TU.Ap5.859,0.234791488341039
evm.TU.Ap5.862,0.106104212440294
evm.TU.Ap5.863,0.0410591913039828
evm.TU.Ap5.864,0.296596316724435
evm.TU.Ap5.866,-0.227569487613808
evm.TU.Ap5.868,0.307157593072847
evm.TU.Ap5.87,0.19647076145913
evm.TU.Ap5.871,-0.0450018519039359
evm.TU.Ap5.872,-0.0833398799563448
evm.TU.Ap5.874,-0.0251288671510683
evm.TU.Ap5.876,0.290693332596798
evm.TU.Ap5.878,0.121247696557319
evm.TU.Ap5.879,-0.127221947631323
evm.TU.Ap5.88,-0.124957952924717
evm.TU.Ap5.880,0.009233742999664
evm.TU.Ap5.881,0.102982143431824
evm.TU.Ap5.885,0.112341932785697
evm.TU.Ap5.887,-0.391795184908816
evm.TU.Ap5.888,0.34966505008507
evm.TU.Ap5.89,-0.0348884881928701
evm.TU.Ap5.890,-0.0926069371060267
evm.TU.Ap5.892,-0.347647161859018
evm.TU.Ap5.897,0.15898900394064
evm.TU.Ap5.899,-0.461406400071742
evm.TU.Ap5.9,-0.000190507591610336
evm.TU.Ap5.903,0.00788658097610657
evm.TU.Ap5.904,-0.106929281277848
evm.TU.Ap5.907,-0.136667979309266
evm.TU.Ap5.920,-0.145014475575111
evm.TU.Ap5.923,-0.128423103330929
evm.TU.Ap5.928,-0.0983294260192887
evm.TU.Ap5.930,-0.0539034646907733
evm.TU.Ap5.931,0.00358571489630625
evm.TU.Ap5.932,0.0889937150407945
evm.TU.Ap5.934,-0.201505398050464
evm.TU.Ap5.935,-0.307706379120683
evm.TU.Ap5.936,-0.397450011309344
evm.TU.Ap5.937,0.0312560050382128
evm.TU.Ap5.938,0.0647401529089538
evm.TU.Ap5.939,-0.0203901728228225
evm.TU.Ap5.94,-0.029738019796829
evm.TU.Ap5.941,0.293467935803217
evm.TU.Ap5.943,-0.308565393248042
evm.TU.Ap5.944,0.0189884097901483
evm.TU.Ap5.949,0.0441137685973965
evm.TU.Ap5.95,-0.282127527894692
evm.TU.Ap5.950,-0.18665257252486
evm.TU.Ap5.951,0.0593526181299191
evm.TU.Ap5.956,0.341681215846134
evm.TU.Ap5.96,-0.359748112747264
evm.TU.Ap5.967,-0.0513310232579908
evm.TU.Ap5.969,0.103794030873374
evm.TU.Ap5.97,-0.16487240478719
evm.TU.Ap5.972,0.25687267435556
evm.TU.Ap5.973,0.0017671503772261
evm.TU.Ap5.982,0.245563411605043
evm.TU.Ap5.984,0.153592984398819
evm.TU.Ap5.99,0.0302287200049838
evm.TU.Ap5.991,-0.350669410470166
evm.TU.Ap5.993,0.0506289653875145
evm.TU.Ap5.994,0.632511567639385
evm.TU.Ap5.997,0.0142001305976875
evm.TU.Ap6.10,0.0436828680592324
evm.TU.Ap6.100,0.0462616286942899
evm.TU.Ap6.1014,-0.00546153135809589
evm.TU.Ap6.1015,0.142545981823397
evm.TU.Ap6.1016,-0.119834507453914
evm.TU.Ap6.103,-0.032426018872078
evm.TU.Ap6.1039,0.166103786377183
evm.TU.Ap6.1046,-0.128203728599511
evm.TU.Ap6.1056_evm.TU.Ap6.1057,-0.0364922718360239
evm.TU.Ap6.108,0.42933603763974
evm.TU.Ap6.1086_evm.TU.Ap6.1082,-0.284807495846582
evm.TU.Ap6.1088,0.183149219043766
evm.TU.Ap6.109,-0.122517329039764
evm.TU.Ap6.1090,0.227180209618916
evm.TU.Ap6.11,0.13815710270585
evm.TU.Ap6.1109,0.216730515810827
evm.TU.Ap6.111,0.2592117087943
evm.TU.Ap6.1118,0.172505009214057
evm.TU.Ap6.1130,0.282990823723957
evm.TU.Ap6.1136,-0.453355158494753
evm.TU.Ap6.1137,0.014343402725823
evm.TU.Ap6.114,0.279369117377636
evm.TU.Ap6.1140,0.13847404651264
evm.TU.Ap6.1143,0.0499869706321631
evm.TU.Ap6.1161,0.0792702063655849
evm.TU.Ap6.117,0.0810041151975606
evm.TU.Ap6.1188,-0.105548741630308
evm.TU.Ap6.1190,-0.209461851583662
evm.TU.Ap6.1197,0.333563479668788
evm.TU.Ap6.120,-0.0516818000461609
evm.TU.Ap6.1203,-0.292086451335115
evm.TU.Ap6.1207,-0.186355260536037
evm.TU.Ap6.1213,-0.254251050948216
evm.TU.Ap6.1214,-0.326263808305763
evm.TU.Ap6.1216,0.157321256896732
evm.TU.Ap6.1217,0.112929924089999
evm.TU.Ap6.122,-0.2143735930107
evm.TU.Ap6.1220,0.244708648658852
evm.TU.Ap6.1224,-0.217907255616258
evm.TU.Ap6.1230,-0.11762432602929
evm.TU.Ap6.1234,0.0217966190973342
evm.TU.Ap6.1237,-0.0723581126557158
evm.TU.Ap6.1239,-0.326513491701895
evm.TU.Ap6.1240,0.00475607884922636
evm.TU.Ap6.1246,-0.187860860234746
evm.TU.Ap6.1248,0.102535417783942
evm.TU.Ap6.1259,0.232473296377948
evm.TU.Ap6.1260,0.125926505003114
evm.TU.Ap6.1261,-0.37382153413754
evm.TU.Ap6.1262,-0.0971375968391637
evm.TU.Ap6.1263,-0.00663395876789369
evm.TU.Ap6.1265,0.347701551980519
evm.TU.Ap6.1266,-0.20980175352006
evm.TU.Ap6.1267,-0.0659573150639588
evm.TU.Ap6.1269,-0.185942910818264
evm.TU.Ap6.127,0.00546927099416774
evm.TU.Ap6.1273,0.191579922682315
evm.TU.Ap6.1276,0.291676339653445
evm.TU.Ap6.1277,0.0467222455334886
evm.TU.Ap6.128,-0.0959920646525516
evm.TU.Ap6.1280,0.106382342510429
evm.TU.Ap6.1281,-0.0734694689563413
evm.TU.Ap6.1283,0.20093944575756
evm.TU.Ap6.1288,-0.35543856313863
evm.TU.Ap6.1289,0.265843325770902
evm.TU.Ap6.129,0.0195403638317636
evm.TU.Ap6.1293,0.226011603544767
evm.TU.Ap6.1294,0.328731071708646
evm.TU.Ap6.1295,-0.0149803612918105
evm.TU.Ap6.1296,-0.195015441566894
evm.TU.Ap6.130,-0.025994160469552
evm.TU.Ap6.1303,-0.287872763335587
evm.TU.Ap6.1305,0.491116814586645
evm.TU.Ap6.1306,-0.320189923261381
evm.TU.Ap6.1307,0.160502267151028
evm.TU.Ap6.1308,-0.040273838219237
evm.TU.Ap6.1309,0.231470609803026
evm.TU.Ap6.1312,-0.0428316976437512
evm.TU.Ap6.1317,-0.272117265714171
evm.TU.Ap6.1327,-0.192292788923641
evm.TU.Ap6.1330,-0.0884036609182402
evm.TU.Ap6.1334,0.748552290625944
evm.TU.Ap6.1335,0.260191269699674
evm.TU.Ap6.1343,-0.309655102747821
evm.TU.Ap6.1344,-0.231599370986156
evm.TU.Ap6.1346,-0.0947076082530336
evm.TU.Ap6.1347,0.016562921166349
evm.TU.Ap6.1351,-0.0765715006568278
evm.TU.Ap6.1352,0.028891854959943
evm.TU.Ap6.1354,-0.0946386460868476
evm.TU.Ap6.137,0.0460344242019123
evm.TU.Ap6.1370,0.029368356155188
evm.TU.Ap6.1373,-0.0932661491885493
evm.TU.Ap6.1376,0.218058197433165
evm.TU.Ap6.1377,0.182656767847828
evm.TU.Ap6.138,-0.0729601181070505
evm.TU.Ap6.1391,-0.111342167304429
evm.TU.Ap6.1392,-0.193714607214883
evm.TU.Ap6.1394,-0.0266679030874263
evm.TU.Ap6.1395,-0.177573064147273
evm.TU.Ap6.1396,0.185246916793277
evm.TU.Ap6.1397,-0.0570854644261592
evm.TU.Ap6.1399,-0.115625785815949
evm.TU.Ap6.14,0.0327167191383523
evm.TU.Ap6.1400,-0.188975895219598
evm.TU.Ap6.141,0.192385391905725
evm.TU.Ap6.1417,-0.0614806532388464
evm.TU.Ap6.1432,-0.33200218894157
evm.TU.Ap6.1434,0.25150169430788
evm.TU.Ap6.1436,0.00147048207712005
evm.TU.Ap6.1437,-0.368042938661159
evm.TU.Ap6.1447,-0.372268251707731
evm.TU.Ap6.145,0.410582347875467
evm.TU.Ap6.1450,-0.0240182870040529
evm.TU.Ap6.1451,0.0523494231279703
evm.TU.Ap6.1452,-0.0797529733276968
evm.TU.Ap6.1453,-0.387456390199779
evm.TU.Ap6.146,0.16545502003213
evm.TU.Ap6.1460,-0.296382414271374
evm.TU.Ap6.1462,0.72199240150899
evm.TU.Ap6.1465,-0.30476825762112
evm.TU.Ap6.1466,0.255190303241125
evm.TU.Ap6.1467,0.132199663164908
evm.TU.Ap6.1471,0.182454633667541
evm.TU.Ap6.148,0.0356759703102643
evm.TU.Ap6.1482,-0.417410651037059
evm.TU.Ap6.1484,-0.163272523567172
evm.TU.Ap6.1488,-0.154548773387953
evm.TU.Ap6.1498,0.0101481635457555
evm.TU.Ap6.1499,-0.0144972265363998
evm.TU.Ap6.15,-0.00999701781980074
evm.TU.Ap6.150,-0.45751282065768
evm.TU.Ap6.1500,0.203510173496928
evm.TU.Ap6.1501,0.00806197900742345
evm.TU.Ap6.1504,-0.164983759594299
evm.TU.Ap6.1505,0.0551165277823668
evm.TU.Ap6.1508,0.206284902337519
evm.TU.Ap6.1514,0.0222916005382494
evm.TU.Ap6.1522,-0.253476408902757
evm.TU.Ap6.1525,-0.401597460433836
evm.TU.Ap6.1526,-0.0306584707769522
evm.TU.Ap6.1528,0.0347043603549126
evm.TU.Ap6.153,0.111645916842292
evm.TU.Ap6.1530,0.336137012628377
evm.TU.Ap6.1531,0.0260488677319562
evm.TU.Ap6.1532,0.0720477672700694
evm.TU.Ap6.1533,-0.300510742678272
evm.TU.Ap6.1534_evm.TU.Ap6.1537,-0.0909484073323179
evm.TU.Ap6.1539,0.00659898069358513
evm.TU.Ap6.1552,0.131613979954975
evm.TU.Ap6.156,-0.164314762799281
evm.TU.Ap6.1569,-0.263020240294598
evm.TU.Ap6.157,0.200934029819594
evm.TU.Ap6.1573,-0.194688501127979
evm.TU.Ap6.1574,-0.300975383703226
evm.TU.Ap6.1575,-0.26122026273195
evm.TU.Ap6.1576,-0.0671758381079131
evm.TU.Ap6.1577,-0.0968790271823795
evm.TU.Ap6.1579,-0.230375097541707
evm.TU.Ap6.1581,-0.199667814692455
evm.TU.Ap6.1585,0.0327159140291106
evm.TU.Ap6.1586,-0.194331567751537
evm.TU.Ap6.1588,-0.123757419663872
evm.TU.Ap6.1589,0.0637451807071826
evm.TU.Ap6.159,0.0743604893673749
evm.TU.Ap6.1596,-0.0885325663493372
evm.TU.Ap6.1598,-0.240198608700081
evm.TU.Ap6.1599,0.18751778111298
evm.TU.Ap6.16,0.426858126105934
evm.TU.Ap6.1609,0.0318963545954112
evm.TU.Ap6.1610,-0.143644349779948
evm.TU.Ap6.1611,-0.245054263117514
evm.TU.Ap6.1612,0.257539321209328
evm.TU.Ap6.1615,-0.275488930261594
evm.TU.Ap6.1627,-0.17362726444742
evm.TU.Ap6.1638,0.0718416466409446
evm.TU.Ap6.165,-0.143719646933957
evm.TU.Ap6.1653,-0.10726238155364
evm.TU.Ap6.1654,-0.0463618196344292
evm.TU.Ap6.1656,-0.559683434647763
evm.TU.Ap6.1658,-0.144819034199778
evm.TU.Ap6.1659,-0.0317779789240884
evm.TU.Ap6.1663,-0.114459656656503
evm.TU.Ap6.1664,-0.243851559168851
evm.TU.Ap6.1675,-0.159307718859585
evm.TU.Ap6.1682,-0.459455265086363
evm.TU.Ap6.1685,0.493063510806849
evm.TU.Ap6.1686,0.456072358730325
evm.TU.Ap6.1688,-0.127725414371144
evm.TU.Ap6.1692,-0.129980486485655
evm.TU.Ap6.170,-0.0721172902030048
evm.TU.Ap6.1701,0.16231885157
evm.TU.Ap6.171,0.108666478426226
evm.TU.Ap6.1717,0.0156967685002833
evm.TU.Ap6.1719,-0.402310551873287
evm.TU.Ap6.1721,-0.0315597558636385
evm.TU.Ap6.1731,-0.113803112107884
evm.TU.Ap6.1737,-0.0129364185856585
evm.TU.Ap6.1740,-0.160326636869414
evm.TU.Ap6.1741,-0.025923856441294
evm.TU.Ap6.1742,0.0219704517229285
evm.TU.Ap6.1743,0.139064019890984
evm.TU.Ap6.1745,-0.414745157884806
evm.TU.Ap6.1747,-0.0107657531394459
evm.TU.Ap6.1750_evm.TU.Ap6.1753,-0.0399054647955495
evm.TU.Ap6.1756,0.40152278261812
evm.TU.Ap6.1764,-0.343828171598592
evm.TU.Ap6.1765,0.261688490232574
evm.TU.Ap6.1768,-0.0969305472179124
evm.TU.Ap6.1787,-0.420135754947148
evm.TU.Ap6.1792,0.0779556300466919
evm.TU.Ap6.1793,0.0520097852126915
evm.TU.Ap6.1796,-0.100771403998247
evm.TU.Ap6.1806,0.335556256571954
evm.TU.Ap6.1807,0.156941278802126
evm.TU.Ap6.181,-0.185945987310446
evm.TU.Ap6.1813,-0.0419731812294107
evm.TU.Ap6.1814,-0.45838721066423
evm.TU.Ap6.1815,-0.506765640771759
evm.TU.Ap6.1816,-0.142108576469023
evm.TU.Ap6.1832,0.382077020792404
evm.TU.Ap6.1833,-0.0358432222694098
evm.TU.Ap6.1838,-0.0890094293578019
evm.TU.Ap6.1848,-0.155065877589682
evm.TU.Ap6.1849,0.33353961073545
evm.TU.Ap6.1850,0.102975417674412
evm.TU.Ap6.1854,0.10867539755076
evm.TU.Ap6.1858,-0.154873339995235
evm.TU.Ap6.186,0.525612259860673
evm.TU.Ap6.1865,0.391551378075776
evm.TU.Ap6.1876,0.406992232931492
evm.TU.Ap6.1877,0.331733445007706
evm.TU.Ap6.1878,0.373270811322381
evm.TU.Ap6.1880,0.147271237600856
evm.TU.Ap6.1881,-0.102288569803204
evm.TU.Ap6.1882,0.252385940315791
evm.TU.Ap6.1883,-0.288845079638693
evm.TU.Ap6.1889,0.208247748062348
evm.TU.Ap6.1890,0.00458401655680431
evm.TU.Ap6.1891,0.0973926350231664
evm.TU.Ap6.1899,-0.189191334029557
evm.TU.Ap6.19,0.0828428889225255
evm.TU.Ap6.190,-0.0464742231279136
evm.TU.Ap6.1903,0.0144951252010162
evm.TU.Ap6.1904,0.285095699650166
evm.TU.Ap6.1919,-0.196264745104091
evm.TU.Ap6.1920,-0.00725950024864755
evm.TU.Ap6.1923,0.165298057687654
evm.TU.Ap6.1924,-0.075516799485634
evm.TU.Ap6.194,-0.306307868375105
evm.TU.Ap6.1954,0.0789375202532203
evm.TU.Ap6.1960,0.202714627720279
evm.TU.Ap6.1961,-0.313862752567951
evm.TU.Ap6.1974,0.0471489062600359
evm.TU.Ap6.1975,0.425594882983243
evm.TU.Ap6.1976,0.107175286107875
evm.TU.Ap6.198,0.55171661739905
evm.TU.Ap6.1983,0.00246356680904124
evm.TU.Ap6.1984,-0.251920947992642
evm.TU.Ap6.1989,-0.214498571149763
evm.TU.Ap6.199,0.134623950856409
evm.TU.Ap6.1991,-0.532963547581041
evm.TU.Ap6.20,0.0245022136826737
evm.TU.Ap6.2002,-0.199478468338815
evm.TU.Ap6.201,0.11121558824131
evm.TU.Ap6.2012,-0.504257487324895
evm.TU.Ap6.2013_evm.TU.Ap6.2014_evm.TU.Ap6.2015_evm.TU.Ap6.2016,0.25763584880566
evm.TU.Ap6.202,0.264305539081699
evm.TU.Ap6.203,-0.0239240438941993
evm.TU.Ap6.2031,0.174293089829691
evm.TU.Ap6.2033,0.244659265731331
evm.TU.Ap6.2035,-0.262436306526
evm.TU.Ap6.2036,0.00792182486764063
evm.TU.Ap6.2040,0.148866369438942
evm.TU.Ap6.2042,-0.175478903461371
evm.TU.Ap6.2045,0.163728020410468
evm.TU.Ap6.2046,0.0766093290896842
evm.TU.Ap6.2047,0.0429095109195462
evm.TU.Ap6.2048,0.0833859764656046
evm.TU.Ap6.2054,-0.00669933502126965
evm.TU.Ap6.2061,0.503582770840332
evm.TU.Ap6.2062,0.1147175930212
evm.TU.Ap6.2063,0.198846824309918
evm.TU.Ap6.2098,0.0298189264892816
evm.TU.Ap6.2102,0.0765821690799328
evm.TU.Ap6.2103,0.219574909988975
evm.TU.Ap6.2113,-0.2738188387036
evm.TU.Ap6.2125,0.0412005844533944
evm.TU.Ap6.2127,0.387070586470135
evm.TU.Ap6.2137,0.156281858773074
evm.TU.Ap6.2138,-0.132168502196274
evm.TU.Ap6.2139,-0.0357472030005644
evm.TU.Ap6.2140,-0.110507190109223
evm.TU.Ap6.2142,0.279141264338904
evm.TU.Ap6.2144,-0.0618850008816118
evm.TU.Ap6.2145,-0.00613544913348087
evm.TU.Ap6.2147,-0.0532441175432662
evm.TU.Ap6.2148,-0.031265085200719
evm.TU.Ap6.2164,-0.148079072444958
evm.TU.Ap6.2172,-0.045066887532824
evm.TU.Ap6.2173,0.185126590660148
evm.TU.Ap6.2174,0.401666275596611
evm.TU.Ap6.2176,0.131622843247546
evm.TU.Ap6.2177,0.132234520824177
evm.TU.Ap6.2178,-0.0288943521836232
evm.TU.Ap6.2179,0.0920801348429037
evm.TU.Ap6.2180,-0.00480319728276887
evm.TU.Ap6.2183,0.026920992388937
evm.TU.Ap6.2192_evm.TU.Ap6.2188,-0.113391651954021
evm.TU.Ap6.2194,0.0739123829342321
evm.TU.Ap6.2195,0.0148382237455763
evm.TU.Ap6.2199,-0.335458462660852
evm.TU.Ap6.22,0.0941225524722722
evm.TU.Ap6.221,0.132886198367278
evm.TU.Ap6.2213,-0.176766816355233
evm.TU.Ap6.2214,0.317513300475124
evm.TU.Ap6.2217,0.120320581458566
evm.TU.Ap6.2219,-0.0301849158438077
evm.TU.Ap6.2220,-0.251295808083816
evm.TU.Ap6.2221,0.200653168025674
evm.TU.Ap6.224,0.150112466642571
evm.TU.Ap6.2276,0.0908416074144351
evm.TU.Ap6.2279,0.163427650617626
evm.TU.Ap6.2280,-0.270139403229992
evm.TU.Ap6.2281,-0.203770183765861
evm.TU.Ap6.2284,-0.0287385478017869
evm.TU.Ap6.2285,-0.09847434439681
evm.TU.Ap6.2286,-0.0716409341331688
evm.TU.Ap6.2287,0.0459431206196124
evm.TU.Ap6.2289,-0.0394583883385729
evm.TU.Ap6.2291,0.186201641937755
evm.TU.Ap6.2293,-0.13522520202998
evm.TU.Ap6.2294,0.196136195414451
evm.TU.Ap6.2299,-0.389676401026474
evm.TU.Ap6.2301,0.439717940495054
evm.TU.Ap6.2303,0.00152039143939026
evm.TU.Ap6.2311,-0.0674953520237356
evm.TU.Ap6.2313,0.00921917065623769
evm.TU.Ap6.2315,-0.0862308785239097
evm.TU.Ap6.2316,-0.036365588916013
evm.TU.Ap6.2317,0.199468252203634
evm.TU.Ap6.2318,0.18910365656089
evm.TU.Ap6.233,-0.182268859638972
evm.TU.Ap6.2330,-0.444158031735601
evm.TU.Ap6.2332,-0.00468743186825989
evm.TU.Ap6.2333,0.0345543625874316
evm.TU.Ap6.2334,-0.194935209534415
evm.TU.Ap6.2335,-0.414291333157884
evm.TU.Ap6.2336,-0.180642672076845
evm.TU.Ap6.2338,-0.0589484832650876
evm.TU.Ap6.234,-0.0370272903743781
evm.TU.Ap6.2343,-0.30853705402032
evm.TU.Ap6.2345,-0.236381576999487
evm.TU.Ap6.2346,0.138298356843699
evm.TU.Ap6.2347,-0.0832105365612212
evm.TU.Ap6.2348,0.0434763263250586
evm.TU.Ap6.235,-0.0399626513289024
evm.TU.Ap6.2351,0.0919218739969985
evm.TU.Ap6.2353,0.225906084736202
evm.TU.Ap6.2355,0.174989659222009
evm.TU.Ap6.2356,0.448521704064313
evm.TU.Ap6.2357,-0.171198704708469
evm.TU.Ap6.2359,0.371176845607666
evm.TU.Ap6.2362,-0.344934681461726
evm.TU.Ap6.2364,0.26009416894935
evm.TU.Ap6.2365,-0.093470574754291
evm.TU.Ap6.2367,-0.0544860878618988
evm.TU.Ap6.2368,-0.243165434233077
evm.TU.Ap6.2373,0.0510926777358314
evm.TU.Ap6.2375,0.139176039001273
evm.TU.Ap6.2378,-0.216907321164774
evm.TU.Ap6.2379,0.151723843798341
evm.TU.Ap6.238,-0.0319107684543121
evm.TU.Ap6.2382,0.104067244081992
evm.TU.Ap6.2383,-0.726086036196179
evm.TU.Ap6.2387,0.0875772809741807
evm.TU.Ap6.2388,0.176413493177317
evm.TU.Ap6.2389,-0.0669821598535466
evm.TU.Ap6.2390,-0.0732102685737775
evm.TU.Ap6.2392,0.0050026556850476
evm.TU.Ap6.2393,0.0636804183964161
evm.TU.Ap6.2395,0.103473928404955
evm.TU.Ap6.2396,0.115252695064331
evm.TU.Ap6.2401,-0.200161949462532
evm.TU.Ap6.2403,0.176499280293448
evm.TU.Ap6.2405,0.224107446751286
evm.TU.Ap6.2408,0.0701070657535995
evm.TU.Ap6.241,-0.425306047519106
evm.TU.Ap6.2416,0.0313774039707149
evm.TU.Ap6.2423,0.103205887689154
evm.TU.Ap6.2427,0.171428345243078
evm.TU.Ap6.2429,-0.0358945831589653
evm.TU.Ap6.2430,0.154946628837705
evm.TU.Ap6.2437,0.217028868036393
evm.TU.Ap6.2440,0.0387745769710079
evm.TU.Ap6.2448,-0.0335192824612964
evm.TU.Ap6.245,-0.133760503470608
evm.TU.Ap6.2458,0.238623513349671
evm.TU.Ap6.246,0.406478402569452
evm.TU.Ap6.2461,0.173730753440311
evm.TU.Ap6.2470,0.307684844649186
evm.TU.Ap6.2471,0.269862468103783
evm.TU.Ap6.2472,-0.31304396591438
evm.TU.Ap6.2473,-0.255080640091396
evm.TU.Ap6.2477,0.260766350096667
evm.TU.Ap6.2479,-0.0750618603365425
evm.TU.Ap6.2483,-0.177676282277951
evm.TU.Ap6.2484,0.0261921998651327
evm.TU.Ap6.2486,-0.284229043272263
evm.TU.Ap6.2487,-0.308408824639678
evm.TU.Ap6.2488_evm.TU.Ap6.2489,-0.18936759836042
evm.TU.Ap6.2492,0.444605388433862
evm.TU.Ap6.2493,-0.108466079158538
evm.TU.Ap6.2494,-0.245950299055462
evm.TU.Ap6.2495,0.219494470368771
evm.TU.Ap6.2496,-0.492414425657722
evm.TU.Ap6.2499,-0.204463247358913
evm.TU.Ap6.2513,-0.2031953106168
evm.TU.Ap6.2515,0.144800968723917
evm.TU.Ap6.2518,-0.465399217962111
evm.TU.Ap6.2520,0.151754299914774
evm.TU.Ap6.2523,-0.226522574428734
evm.TU.Ap6.2525,-0.218476743390906
evm.TU.Ap6.2528,-0.0158347697423205
evm.TU.Ap6.2531,-0.133800230863907
evm.TU.Ap6.2536,-0.0841513137685312
evm.TU.Ap6.2537,0.116851113025865
evm.TU.Ap6.254,-0.140031614773516
evm.TU.Ap6.2540,-0.258584086292922
evm.TU.Ap6.2543,-0.153798291815414
evm.TU.Ap6.2549,0.385860855909356
evm.TU.Ap6.255,-0.0198428993600152
evm.TU.Ap6.2551,-0.105039995565315
evm.TU.Ap6.2554,-0.216620655520141
evm.TU.Ap6.2556,0.0491682312231451
evm.TU.Ap6.2557,-0.306522285705739
evm.TU.Ap6.2558,-0.0937222278959563
evm.TU.Ap6.256,0.0233375862441405
evm.TU.Ap6.2560,-0.287992641081178
evm.TU.Ap6.2561,-0.269108363210188
evm.TU.Ap6.2563,0.440811471937495
evm.TU.Ap6.2565,-0.172593192752789
evm.TU.Ap6.2566,-0.359335811642596
evm.TU.Ap6.2567,-0.0468002730911589
evm.TU.Ap6.2568,0.0800886600741034
evm.TU.Ap6.2569,-0.159923472273447
evm.TU.Ap6.2582,-0.0753700545924025
evm.TU.Ap6.2584,0.136490908002857
evm.TU.Ap6.2586,-0.441732447688012
evm.TU.Ap6.2588,0.0644518512440606
evm.TU.Ap6.2591,0.0702810285755718
evm.TU.Ap6.2592,-0.0209611737343416
evm.TU.Ap6.2595,-0.249791025442647
evm.TU.Ap6.2597,0.0612587131915696
evm.TU.Ap6.2598,0.221885522805688
evm.TU.Ap6.2599,-0.0317844868349464
evm.TU.Ap6.2603,-0.020832387850406
evm.TU.Ap6.2604,-0.0116830546164728
evm.TU.Ap6.2605,0.353064569398562
evm.TU.Ap6.2607,-0.0642232665937133
evm.TU.Ap6.2608,0.210596952421884
evm.TU.Ap6.2612,0.186360034016466
evm.TU.Ap6.2619,0.365860022948357
evm.TU.Ap6.262,0.37158074130727
evm.TU.Ap6.2620,-0.0760259140313723
evm.TU.Ap6.2622,0.746872246167616
evm.TU.Ap6.2623,0.603499150295914
evm.TU.Ap6.2624,-0.0599288560717791
evm.TU.Ap6.2625,-0.289965933045059
evm.TU.Ap6.2631,-0.144181063802466
evm.TU.Ap6.2658,-0.0937603672365962
evm.TU.Ap6.2659,-0.417227449230783
evm.TU.Ap6.2660,-0.0740295122903603
evm.TU.Ap6.2661,-0.147738799739358
evm.TU.Ap6.2667,0.150433314936697
evm.TU.Ap6.2676,-0.318835802534018
evm.TU.Ap6.2677,0.00747631870339349
evm.TU.Ap6.2678,0.0871194436390859
evm.TU.Ap6.2679,0.0879007616560247
evm.TU.Ap6.2680,-0.435219241073484
evm.TU.Ap6.2684,-0.0616868202105118
evm.TU.Ap6.2687,0.00982839131428152
evm.TU.Ap6.2697,0.112325684404909
evm.TU.Ap6.2707,0.066256133517638
evm.TU.Ap6.2709,-0.178001621518958
evm.TU.Ap6.2713,0.0502074415472663
evm.TU.Ap6.2715,-0.255959371683109
evm.TU.Ap6.2717,0.0654313259177133
evm.TU.Ap6.2719,-0.0301189106359657
evm.TU.Ap6.2723,-0.211116830226469
evm.TU.Ap6.2724,-0.0497609250680881
evm.TU.Ap6.2725,-0.116909873005805
evm.TU.Ap6.2726,0.0319201346932064
evm.TU.Ap6.2727,-0.192134057774641
evm.TU.Ap6.2738,-0.0253543167676624
evm.TU.Ap6.2739,0.0786078471085803
evm.TU.Ap6.2740,-0.0308103960606765
evm.TU.Ap6.2744,-0.088923033153034
evm.TU.Ap6.2747,0.115273839327224
evm.TU.Ap6.2748,0.115131545027128
evm.TU.Ap6.2753,0.0594155504064858
evm.TU.Ap6.2754,-0.27027431361264
evm.TU.Ap6.2755,0.05794100138842
evm.TU.Ap6.2756,-0.158642004152379
evm.TU.Ap6.2757,0.0586163284509766
evm.TU.Ap6.276,-0.24048857754587
evm.TU.Ap6.278,0.342609058900411
evm.TU.Ap6.2785,-0.221848722737119
evm.TU.Ap6.2786,0.373919178780575
evm.TU.Ap6.2791,0.14038006387719
evm.TU.Ap6.2793,0.116804233031673
evm.TU.Ap6.2794,-0.155348846894256
evm.TU.Ap6.2797,-0.118267729423676
evm.TU.Ap6.2806,-0.181432130308561
evm.TU.Ap6.2810,-0.0986569060431353
evm.TU.Ap6.2811,0.127327820697027
evm.TU.Ap6.2813,-0.599789121714949
evm.TU.Ap6.2815,-0.584526569618812
evm.TU.Ap6.2818,-0.135107393272759
evm.TU.Ap6.2829,-0.0693898953435806
evm.TU.Ap6.2832,0.0350768891392152
evm.TU.Ap6.2834,0.0700573754076598
evm.TU.Ap6.2836,0.118129626170288
evm.TU.Ap6.2837,-0.332376862012126
evm.TU.Ap6.2843,0.20949532376691
evm.TU.Ap6.2847,0.0246403860390961
evm.TU.Ap6.2850,0.872982048997372
evm.TU.Ap6.2856,0.0884900509686078
evm.TU.Ap6.2860,0.266211690635563
evm.TU.Ap6.2862,-0.496792217295928
evm.TU.Ap6.2863,-0.0159799232622384
evm.TU.Ap6.2880,-0.376740949306436
evm.TU.Ap6.2893,-0.350594776279451
evm.TU.Ap6.2901,-0.070826049261854
evm.TU.Ap6.2905,-0.245877110540543
evm.TU.Ap6.2906,0.24131114927415
evm.TU.Ap6.2907,-0.00223292247413607
evm.TU.Ap6.2908,0.0290686407891581
evm.TU.Ap6.2910,-0.280103101511135
evm.TU.Ap6.2912,0.253056201571036
evm.TU.Ap6.2917,0.323235557932716
evm.TU.Ap6.2919,0.0679110225694868
evm.TU.Ap6.2922,-0.00493529674694221
evm.TU.Ap6.2924,-0.312304111458306
evm.TU.Ap6.2927,0.058483262244052
evm.TU.Ap6.2932,-0.198805093472723
evm.TU.Ap6.2934,0.0148292388045701
evm.TU.Ap6.2935,0.0435011582513977
evm.TU.Ap6.2940,0.0455672700757269
evm.TU.Ap6.2943,-0.385401564767768
evm.TU.Ap6.2946,-0.0811798871784653
evm.TU.Ap6.2947,-0.125321647908065
evm.TU.Ap6.2948,-0.0904137348605659
evm.TU.Ap6.2951,0.252091494545723
evm.TU.Ap6.2952,0.362358651138565
evm.TU.Ap6.2953,-0.111543657428614
evm.TU.Ap6.2956,0.40971606903703
evm.TU.Ap6.2958,-0.0713494895229134
evm.TU.Ap6.2976,0.28835721301656
evm.TU.Ap6.2977,0.245987594228478
evm.TU.Ap6.2978,-0.304823372260916
evm.TU.Ap6.2980,-0.136793390768916
evm.TU.Ap6.2982,0.151883699096632
evm.TU.Ap6.2983,0.0101607033539018
evm.TU.Ap6.2985,-0.127549992884776
evm.TU.Ap6.30,0.198919913955904
evm.TU.Ap6.3002,-0.478562420183943
evm.TU.Ap6.3004,-0.117521039556359
evm.TU.Ap6.3005,-0.0878470831598323
evm.TU.Ap6.3006,-0.169430207046746
evm.TU.Ap6.3010,0.0464950758885627
evm.TU.Ap6.3011,-0.259919110399653
evm.TU.Ap6.3015,0.157091542447376
evm.TU.Ap6.3018,0.807643390154924
evm.TU.Ap6.3019,0.703702933298692
evm.TU.Ap6.3020,0.637141217414555
evm.TU.Ap6.3022,0.0063215677473105
evm.TU.Ap6.3024,-0.19546877435662
evm.TU.Ap6.3028,0.028217545411178
evm.TU.Ap6.3030,0.529927844569512
evm.TU.Ap6.3033,-0.0892343699744879
evm.TU.Ap6.3041,0.182056066039024
evm.TU.Ap6.3042,0.116454716249803
evm.TU.Ap6.3046,0.0738356259960201
evm.TU.Ap6.3049,0.299091904081361
evm.TU.Ap6.3050,0.348971400855818
evm.TU.Ap6.3051,0.029597773852484
evm.TU.Ap6.3063,-0.131672852911588
evm.TU.Ap6.3067,0.0526760794959853
evm.TU.Ap6.3069,0.0134885402872556
evm.TU.Ap6.3073,0.0599364465580909
evm.TU.Ap6.3074,0.193628810000697
evm.TU.Ap6.3079,-0.1630393927744
evm.TU.Ap6.3080,-0.204527023473757
evm.TU.Ap6.3082,-0.130219654531319
evm.TU.Ap6.3088,-0.0152848281600181
evm.TU.Ap6.3090,-0.0612503435032335
evm.TU.Ap6.3091,0.35905531112142
evm.TU.Ap6.3092,0.218777932481993
evm.TU.Ap6.3094,-0.00833220800069178
evm.TU.Ap6.3096,0.129276257852653
evm.TU.Ap6.3097,-0.0707990292721143
evm.TU.Ap6.3099,-0.0462739699930886
evm.TU.Ap6.3101,0.151762557084072
evm.TU.Ap6.3102,0.0373814067279612
evm.TU.Ap6.3103,0.0777112980819568
evm.TU.Ap6.3110,0.395006513845248
evm.TU.Ap6.3112,-0.219156124273785
evm.TU.Ap6.3115,-0.132469411140442
evm.TU.Ap6.3117,-0.0420121233477731
evm.TU.Ap6.3118,-0.0400118018122039
evm.TU.Ap6.3120,-0.0256678791161364
evm.TU.Ap6.3123,0.00868219806189705
evm.TU.Ap6.3125,0.00750400247827257
evm.TU.Ap6.3126,0.142943626570569
evm.TU.Ap6.3127,-0.0114702434184327
evm.TU.Ap6.3129,0.0929965333914579
evm.TU.Ap6.3130,-0.178692945755263
evm.TU.Ap6.3133,-0.141259106848207
evm.TU.Ap6.3136,-0.41686080586345
evm.TU.Ap6.3139,-0.182727588360468
evm.TU.Ap6.3141,0.0598744902871406
evm.TU.Ap6.3143,0.399521052475732
evm.TU.Ap6.3144,0.567292595628794
evm.TU.Ap6.3145,0.0361510133260681
evm.TU.Ap6.3146,0.0313458023512794
evm.TU.Ap6.3147,-0.0623147964586595
evm.TU.Ap6.3150,0.149558035006097
evm.TU.Ap6.3151,0.0336815473643193
evm.TU.Ap6.3153,0.210854738290115
evm.TU.Ap6.3155_evm.TU.Ap6.3156,-0.0297277001114779
evm.TU.Ap6.3158,0.160122228017391
evm.TU.Ap6.3159,0.435243702994809
evm.TU.Ap6.3160,-0.0902052791290915
evm.TU.Ap6.3161,-0.253369280703788
evm.TU.Ap6.3171,-0.0285915877785073
evm.TU.Ap6.3173,-0.0318650318141788
evm.TU.Ap6.3180,-0.196058159550155
evm.TU.Ap6.3182,0.0616646956189801
evm.TU.Ap6.3184,-0.0667341704433847
evm.TU.Ap6.3191,-0.102321381353399
evm.TU.Ap6.3194,-0.201735784719908
evm.TU.Ap6.3195,0.0757366325020786
evm.TU.Ap6.3197,0.0466675497267253
evm.TU.Ap6.3199,0.31650263148873
evm.TU.Ap6.32,0.0369153087460125
evm.TU.Ap6.3201,-0.312100512348493
evm.TU.Ap6.3208,0.00313174214012249
evm.TU.Ap6.3209,-0.102124562877567
evm.TU.Ap6.321,-0.227793887619008
evm.TU.Ap6.3213,0.200410308420922
evm.TU.Ap6.3229,-0.422048136648056
evm.TU.Ap6.3232,0.0456597855640759
evm.TU.Ap6.3233,0.112374051860521
evm.TU.Ap6.3234,0.118243029988702
evm.TU.Ap6.3235,-0.133359890637662
evm.TU.Ap6.3238,-0.332588073244075
evm.TU.Ap6.3240,-0.0644226453269355
evm.TU.Ap6.3241,-0.00887531572509404
evm.TU.Ap6.3242,0.0354903468473972
evm.TU.Ap6.3244,-0.283317161808933
evm.TU.Ap6.3246,0.104081235264397
evm.TU.Ap6.3247,-0.279140380385873
evm.TU.Ap6.325,0.021193918083504
evm.TU.Ap6.3253,-0.0216130899417944
evm.TU.Ap6.3257,0.188216032477317
evm.TU.Ap6.3266,0.0372665193407957
evm.TU.Ap6.3267,0.056093481588721
evm.TU.Ap6.327,-0.0850567906890163
evm.TU.Ap6.3271,-0.31061247133063
evm.TU.Ap6.336,0.00961203993911208
evm.TU.Ap6.337,-0.253300823412213
evm.TU.Ap6.339,0.00179945931422647
evm.TU.Ap6.340,-0.377310095306846
evm.TU.Ap6.344,0.0489986167847778
evm.TU.Ap6.345,0.0180843540928494
evm.TU.Ap6.346,-0.115904792122091
evm.TU.Ap6.353,-0.227616503929254
evm.TU.Ap6.354,-0.102899551832386
evm.TU.Ap6.356,-0.226873035589482
evm.TU.Ap6.36,0.389801817608211
evm.TU.Ap6.377,0.0327543270932544
evm.TU.Ap6.379,-0.00368092716767124
evm.TU.Ap6.38,0.189391643300676
evm.TU.Ap6.383,0.141985102569904
evm.TU.Ap6.402,0.185138327622571
evm.TU.Ap6.403,0.0360189058745652
evm.TU.Ap6.404,0.222153288705345
evm.TU.Ap6.405,-0.139258751861063
evm.TU.Ap6.409,0.0400117149568849
evm.TU.Ap6.413,-0.286269133605226
evm.TU.Ap6.415,-0.0322917668102225
evm.TU.Ap6.416,-0.178483570666126
evm.TU.Ap6.42,0.062167972871045
evm.TU.Ap6.420,-0.202795536842848
evm.TU.Ap6.421,0.217132904275692
evm.TU.Ap6.422,-0.4226548231774
evm.TU.Ap6.423,-0.1647355887961
evm.TU.Ap6.424,-0.1307702716174
evm.TU.Ap6.425,0.0214928340523209
evm.TU.Ap6.426,-0.0540349751844176
evm.TU.Ap6.427,0.0912147887419881
evm.TU.Ap6.438,-0.213912594593651
evm.TU.Ap6.439,0.0341375849803945
evm.TU.Ap6.440,0.0649543271077942
evm.TU.Ap6.441,0.275966461196604
evm.TU.Ap6.442,-0.190971941328753
evm.TU.Ap6.443,-0.16285231814684
evm.TU.Ap6.445,-0.0561982238858386
evm.TU.Ap6.446,-0.339465322498563
evm.TU.Ap6.451,-0.199844865096753
evm.TU.Ap6.452,0.282673870415302
evm.TU.Ap6.454,0.185350093324728
evm.TU.Ap6.457,-0.0514194708944135
evm.TU.Ap6.458,-0.221114455321161
evm.TU.Ap6.466,0.0786852127095489
evm.TU.Ap6.467,0.197685956483266
evm.TU.Ap6.468,0.570138902112657
evm.TU.Ap6.475,0.0247004842835449
evm.TU.Ap6.477,0.11048301017338
evm.TU.Ap6.478,0.221419615293504
evm.TU.Ap6.479,0.0939675210759528
evm.TU.Ap6.482,0.28823360244618
evm.TU.Ap6.483,-0.128282949909688
evm.TU.Ap6.487,-0.221311438925332
evm.TU.Ap6.488,-0.102744879263314
evm.TU.Ap6.492,-0.393357211311743
evm.TU.Ap6.493,0.0478876134270319
evm.TU.Ap6.498,0.0874802432392612
evm.TU.Ap6.503,-0.0475563304693452
evm.TU.Ap6.506,0.136809480080705
evm.TU.Ap6.516,-0.14152347624775
evm.TU.Ap6.519,0.224343831745481
evm.TU.Ap6.52,0.0284018144458258
evm.TU.Ap6.520,0.159367577564866
evm.TU.Ap6.525,0.102456946692193
evm.TU.Ap6.526,0.524836769132999
evm.TU.Ap6.527,-0.267360752112588
evm.TU.Ap6.528,0.0762057371601778
evm.TU.Ap6.530,-0.156180947037403
evm.TU.Ap6.531,0.142654726757923
evm.TU.Ap6.535,0.050958180275794
evm.TU.Ap6.538,-0.08077875093934
evm.TU.Ap6.539,0.517876098022916
evm.TU.Ap6.540,0.519413997264321
evm.TU.Ap6.542,-0.370532705869203
evm.TU.Ap6.543,-0.197700929603422
evm.TU.Ap6.544,-0.532143972774806
evm.TU.Ap6.547,-0.0213963252831052
evm.TU.Ap6.55,0.0242778497869897
evm.TU.Ap6.577,-0.0745885951740635
evm.TU.Ap6.578,0.106024589224004
evm.TU.Ap6.580,-0.271169642717955
evm.TU.Ap6.586,0.198165364007379
evm.TU.Ap6.587,0.137314502073223
evm.TU.Ap6.59,0.0111844901940817
evm.TU.Ap6.598,-0.293570167175456
evm.TU.Ap6.599,-0.0456890892438837
evm.TU.Ap6.60,-0.078593604627518
evm.TU.Ap6.61,0.36010332431861
evm.TU.Ap6.618,0.139301492949835
evm.TU.Ap6.619,0.322237702256774
evm.TU.Ap6.62,0.0577993473676702
evm.TU.Ap6.621,-0.0833055092762589
evm.TU.Ap6.642,0.0740549529972995
evm.TU.Ap6.649,-0.116303637260616
evm.TU.Ap6.657,-0.291342514933606
evm.TU.Ap6.658,-0.142724798700068
evm.TU.Ap6.661,0.27665696959145
evm.TU.Ap6.667,0.0315159645280693
evm.TU.Ap6.672,0.371095844036431
evm.TU.Ap6.675,0.212437967437807
evm.TU.Ap6.678,0.322683813338458
evm.TU.Ap6.690,-0.129291105497485
evm.TU.Ap6.692,-0.435420700336597
evm.TU.Ap6.7,-0.296806136997534
evm.TU.Ap6.706,-0.133449289083223
evm.TU.Ap6.710,-0.127965448796516
evm.TU.Ap6.719,0.31281149021055
evm.TU.Ap6.750,-0.203005267145633
evm.TU.Ap6.788,0.279671547396418
evm.TU.Ap6.791,0.228620662980191
evm.TU.Ap6.796,0.098659182053982
evm.TU.Ap6.803,0.269182185817533
evm.TU.Ap6.805,0.167773612243242
evm.TU.Ap6.806,-0.0571609878577584
evm.TU.Ap6.807,-0.037028081028563
evm.TU.Ap6.808,-0.0315311304970758
evm.TU.Ap6.813,0.00943693437987788
evm.TU.Ap6.815,0.0794839578698557
evm.TU.Ap6.817,-0.128745992254299
evm.TU.Ap6.818,-0.10580756129562
evm.TU.Ap6.819,0.0432386189133922
evm.TU.Ap6.820,0.00553550288714633
evm.TU.Ap6.823,0.103008677993954
evm.TU.Ap6.824,-0.12836396515119
evm.TU.Ap6.830,-0.196550145253893
evm.TU.Ap6.831,0.00299039246087407
evm.TU.Ap6.833,-0.128512285191183
evm.TU.Ap6.843,0.150253548302215
evm.TU.Ap6.856,0.31183338351184
evm.TU.Ap6.858,-0.138119496964801
evm.TU.Ap6.87,-0.073947466204834
evm.TU.Ap6.871,0.0817900637088494
evm.TU.Ap6.873,0.312262169944309
evm.TU.Ap6.88,-0.376066591196977
evm.TU.Ap6.895,0.0288048671491204
evm.TU.Ap6.896,0.259383103585988
evm.TU.Ap6.9,-0.199666851418446
evm.TU.Ap6.905,-0.259347809761283
evm.TU.Ap6.918_evm.TU.Ap6.906,0.0408409877943345
evm.TU.Ap6.919,0.0246378304943005
evm.TU.Ap6.920,-0.140704078776548
evm.TU.Ap6.921,0.0243368330181921
evm.TU.Ap6.922,-0.214796150962442
evm.TU.Ap6.923,-0.123472917563872
evm.TU.Ap6.925,-0.412076672066131
evm.TU.Ap6.929,0.0405279790080806
evm.TU.Ap6.93,-0.232926126343497
evm.TU.Ap6.930,0.19739368556225
evm.TU.Ap6.937,-0.0755379925340546
evm.TU.Ap6.938,-0.136848881788452
evm.TU.Ap6.94,-0.199078308637272
evm.TU.Ap6.943,-0.0682640435836892
evm.TU.Ap6.947,0.387952903703212
evm.TU.Ap6.949,-0.515048060929832
evm.TU.Ap6.951,-0.193672651606836
evm.TU.Ap6.953,0.240330883719568
evm.TU.Ap6.964,0.293670410836469
evm.TU.Ap6.966,0.227171735256163
evm.TU.Ap6.967_evm.TU.Ap6.970,-0.13528365663686
evm.TU.Ap6.972_evm.TU.Ap6.974,-0.0692368807201698
evm.TU.Ap6.975,0.388657163486259
evm.TU.Ap6.99,-0.478333239151467
evm.TU.Ap6.990,0.649104662873316
evm.TU.Ap6.997,0.270552528016507
evm.TU.Ap7.1,0.078681136027143
evm.TU.Ap7.100,-0.176577894877042
evm.TU.Ap7.1001,0.124349410149013
evm.TU.Ap7.1004,0.129166936274097
evm.TU.Ap7.1005_evm.TU.Ap7.1014,-0.0287070118896233
evm.TU.Ap7.1021,0.0933824806226829
evm.TU.Ap7.1031,-0.081488389104569
evm.TU.Ap7.1035,-0.219367730725652
evm.TU.Ap7.104,0.335956614897055
evm.TU.Ap7.1041,0.209235080162672
evm.TU.Ap7.1042,0.151820648242712
evm.TU.Ap7.1043,0.182250872053464
evm.TU.Ap7.1045,0.298061461361128
evm.TU.Ap7.1050,0.315223708965533
evm.TU.Ap7.1052,0.0239490465260556
evm.TU.Ap7.1054,0.180445088908499
evm.TU.Ap7.1055,0.167149581416321
evm.TU.Ap7.1056,0.448362636643207
evm.TU.Ap7.1058,-0.163066848893663
evm.TU.Ap7.1064,-0.271024014741888
evm.TU.Ap7.1068,-0.07974091242177
evm.TU.Ap7.107,-0.246494536267322
evm.TU.Ap7.1070,-0.290044147797277
evm.TU.Ap7.1071,0.0511183413690109
evm.TU.Ap7.1073,0.0535698944490798
evm.TU.Ap7.1078,0.0739563487700143
evm.TU.Ap7.1084,-0.0691402924729001
evm.TU.Ap7.1085,-0.0132013528476213
evm.TU.Ap7.1089,0.221545560885345
evm.TU.Ap7.1091_evm.TU.Ap7.1092,-0.118808543587552
evm.TU.Ap7.1093,-0.134936999397635
evm.TU.Ap7.1095,-0.329377515808893
evm.TU.Ap7.1101,0.181030208300273
evm.TU.Ap7.1103,0.0555121913990122
evm.TU.Ap7.111,0.00349964306204689
evm.TU.Ap7.1111,-0.113072475258358
evm.TU.Ap7.1112,0.0151112865454869
evm.TU.Ap7.1115,-0.186403274090925
evm.TU.Ap7.1125,0.103266260596273
evm.TU.Ap7.113,-0.607278428085663
evm.TU.Ap7.1131,-0.0810590003113618
evm.TU.Ap7.1132,0.143953892045921
evm.TU.Ap7.1134,0.00172887406615415
evm.TU.Ap7.1142,-0.211502819549556
evm.TU.Ap7.115,0.204506309838841
evm.TU.Ap7.1158,0.142078091797567
evm.TU.Ap7.1163,-0.348422324745802
evm.TU.Ap7.1168,0.0187425058282516
evm.TU.Ap7.1174,0.109576229029326
evm.TU.Ap7.1175,0.0537872592717499
evm.TU.Ap7.118,0.056740466237535
evm.TU.Ap7.1191,0.2453182317099
evm.TU.Ap7.1193,0.0145488427774463
evm.TU.Ap7.1194,-0.0175655765663033
evm.TU.Ap7.1196,-0.123651941980283
evm.TU.Ap7.1197,-0.0994738962424391
evm.TU.Ap7.1198,-0.23509451348097
evm.TU.Ap7.120,-0.445864750694777
evm.TU.Ap7.1204,-0.0471573708067525
evm.TU.Ap7.121,-0.457273320057419
evm.TU.Ap7.1216,-0.204986897608947
evm.TU.Ap7.123,-0.142244511730327
evm.TU.Ap7.1237,-0.182167668480624
evm.TU.Ap7.124,-0.509544444426458
evm.TU.Ap7.125,-0.135366513752217
evm.TU.Ap7.1253,-0.104888836810621
evm.TU.Ap7.126,-0.301754338978573
evm.TU.Ap7.127,-0.362662370436909
evm.TU.Ap7.1287,-0.00588201608385691
evm.TU.Ap7.1288,-0.0161564456213318
evm.TU.Ap7.1289,-0.0889018487295729
evm.TU.Ap7.129,0.0475375863289069
evm.TU.Ap7.1290_evm.TU.Ap7.1291,0.0486495440966195
evm.TU.Ap7.1292,0.151931169152146
evm.TU.Ap7.1293,0.241698755297393
evm.TU.Ap7.13,-0.065934581351978
evm.TU.Ap7.130,-0.454466446641929
evm.TU.Ap7.1307,-0.0946960962220709
evm.TU.Ap7.1310,0.302663714059679
evm.TU.Ap7.1311,-0.0299934152976962
evm.TU.Ap7.1313,-0.0110689850127009
evm.TU.Ap7.1315,0.0898840945877887
evm.TU.Ap7.1317,-0.272433953102405
evm.TU.Ap7.1318,-0.236615380489801
evm.TU.Ap7.132,-0.491124394869278
evm.TU.Ap7.1321,-0.317633908932391
evm.TU.Ap7.1322,0.208467678630114
evm.TU.Ap7.133,-0.473359081864802
evm.TU.Ap7.1337,0.285011111712797
evm.TU.Ap7.1338,-0.217206521942274
evm.TU.Ap7.1339,0.157976191445134
evm.TU.Ap7.134,-0.417875418003942
evm.TU.Ap7.1340,-0.0578277567506773
evm.TU.Ap7.135,0.108302332232007
evm.TU.Ap7.1355,-0.205989009591317
evm.TU.Ap7.1361,-0.0121091259151251
evm.TU.Ap7.1362,-0.26829593872411
evm.TU.Ap7.1363,0.00847454147052175
evm.TU.Ap7.137,-0.0130801524577734
evm.TU.Ap7.138,-0.433276741120523
evm.TU.Ap7.1393,0.183921489398697
evm.TU.Ap7.1395,-0.365385269006986
evm.TU.Ap7.1396,0.103451190941921
evm.TU.Ap7.1397,0.384215551033861
evm.TU.Ap7.1399,-0.246827829880011
evm.TU.Ap7.1400,0.113203685233381
evm.TU.Ap7.1401,0.243377112626046
evm.TU.Ap7.1402,0.278358546214028
evm.TU.Ap7.1422,-0.0740160232439482
evm.TU.Ap7.1423,-0.141896571578319
evm.TU.Ap7.1426,-0.0656406392197025
evm.TU.Ap7.1427,0.00752994597957555
evm.TU.Ap7.1433,-0.188755195524931
evm.TU.Ap7.1439,-0.148876680194213
evm.TU.Ap7.144,-0.0182902303315527
evm.TU.Ap7.1442,-0.134810172051637
evm.TU.Ap7.1444,-0.315276257534305
evm.TU.Ap7.1447,0.0922469922060175
evm.TU.Ap7.145,0.0353522868245625
evm.TU.Ap7.146,-0.0757327684651392
evm.TU.Ap7.1464,-0.164599100120894
evm.TU.Ap7.1471,0.0202244855099364
evm.TU.Ap7.1479,0.0771508247819149
evm.TU.Ap7.1482,0.296274762587837
evm.TU.Ap7.1488,0.32596949851321
evm.TU.Ap7.1489,0.0660554861840932
evm.TU.Ap7.1495,0.112350214996194
evm.TU.Ap7.1498,-0.213553137990426
evm.TU.Ap7.1500,0.0395029796855917
evm.TU.Ap7.1503,-0.174907365689889
evm.TU.Ap7.1504,0.213116259415848
evm.TU.Ap7.1505,-0.195257285280803
evm.TU.Ap7.1507,-0.112521457957406
evm.TU.Ap7.151,0.119364949321149
evm.TU.Ap7.1511,0.231632304269976
evm.TU.Ap7.1512,0.020976523146953
evm.TU.Ap7.1515,-0.194525442463367
evm.TU.Ap7.1516,-0.208238375195504
evm.TU.Ap7.1517,-0.156931869676043
evm.TU.Ap7.1519,-0.0609119618656018
evm.TU.Ap7.152,-0.145157641455279
evm.TU.Ap7.1520,-0.580434531764037
evm.TU.Ap7.1523,-0.0873072704658495
evm.TU.Ap7.1525,0.0371222349155737
evm.TU.Ap7.1529,-0.0523967155856822
evm.TU.Ap7.153,-0.130166901193232
evm.TU.Ap7.1539,-0.384753035198157
evm.TU.Ap7.1540,-0.544594423147181
evm.TU.Ap7.1541,-0.147832515182703
evm.TU.Ap7.1545,0.258712105029528
evm.TU.Ap7.1549,0.0924642725242753
evm.TU.Ap7.155,-0.303420946921715
evm.TU.Ap7.1556,-0.0113441865514407
evm.TU.Ap7.1557,-0.0494962621940457
evm.TU.Ap7.1558,-0.00676609910438229
evm.TU.Ap7.1564,-0.110286926110368
evm.TU.Ap7.157_evm.TU.Ap7.164,-0.266154916608087
evm.TU.Ap7.1570,0.63836716041165
evm.TU.Ap7.1572,0.039868497458524
evm.TU.Ap7.1579,-0.198748818862157
evm.TU.Ap7.1592,-0.111123707137521
evm.TU.Ap7.1593,-0.21962099150842
evm.TU.Ap7.1599,0.330389491356251
evm.TU.Ap7.1603,-0.0866129197875194
evm.TU.Ap7.1604,0.243859768737928
evm.TU.Ap7.1605,-0.0111981323343083
evm.TU.Ap7.1606,0.0777189315248139
evm.TU.Ap7.1608,-0.0596295874837303
evm.TU.Ap7.1609,-0.169546429184503
evm.TU.Ap7.1610,-0.124372895863159
evm.TU.Ap7.1617,0.0357839293898132
evm.TU.Ap7.1621,0.22068636707133
evm.TU.Ap7.1622,0.343416799019655
evm.TU.Ap7.1623,0.496322209885342
evm.TU.Ap7.1632,-0.183472589371659
evm.TU.Ap7.1633,0.035698461330661
evm.TU.Ap7.1652,0.0514211422074135
evm.TU.Ap7.1654,-0.0745336871738527
evm.TU.Ap7.1668,-0.126438395144954
evm.TU.Ap7.1669,-0.128826686154762
evm.TU.Ap7.167,0.196110718829768
evm.TU.Ap7.1670,0.206972449375236
evm.TU.Ap7.1671,0.259273117670516
evm.TU.Ap7.168,0.432058459695837
evm.TU.Ap7.169,-0.251154935575943
evm.TU.Ap7.1709,-0.00279048107160654
evm.TU.Ap7.1710,0.239637806536377
evm.TU.Ap7.1714,0.0782860911351073
evm.TU.Ap7.1716,-0.0515619498866256
evm.TU.Ap7.1717,0.320917242147879
evm.TU.Ap7.1718,-0.108390502659406
evm.TU.Ap7.1719,-0.304456893581759
evm.TU.Ap7.172,-0.285291104308514
evm.TU.Ap7.1720,-0.33239875366496
evm.TU.Ap7.1722,0.0217420352663378
evm.TU.Ap7.1723,0.140913580559204
evm.TU.Ap7.1727,-0.313389636524349
evm.TU.Ap7.1733,-0.104782360452762
evm.TU.Ap7.1738,-0.0307068439604039
evm.TU.Ap7.1740,0.0427547899418851
evm.TU.Ap7.1742,-0.0644593564441014
evm.TU.Ap7.1744,-0.0276656833523725
evm.TU.Ap7.1745,0.0314721785387595
evm.TU.Ap7.1747,0.0328899145652551
evm.TU.Ap7.1748,0.0466536757909867
evm.TU.Ap7.1769,0.115905979525898
evm.TU.Ap7.177,-0.26093297821791
evm.TU.Ap7.1770,0.325992261224891
evm.TU.Ap7.1771,0.163554337624158
evm.TU.Ap7.1775,0.0470337849181985
evm.TU.Ap7.1777,0.622742243787501
evm.TU.Ap7.1778,0.273569531334335
evm.TU.Ap7.1779,0.0952254440028572
evm.TU.Ap7.1791,0.0850452211557469
evm.TU.Ap7.1793,0.0622438956643262
evm.TU.Ap7.1795,0.0220983327717212
evm.TU.Ap7.18,0.698729259772329
evm.TU.Ap7.180,0.28633190690114
evm.TU.Ap7.1801,0.393255005928956
evm.TU.Ap7.1802,0.172952728723234
evm.TU.Ap7.1803,-0.145511242746134
evm.TU.Ap7.181,0.135269105848075
evm.TU.Ap7.1814,0.0546027265129823
evm.TU.Ap7.182,0.139688001881244
evm.TU.Ap7.1829,0.00348432674259139
evm.TU.Ap7.183,0.478364615221127
evm.TU.Ap7.1835,0.498384252512558
evm.TU.Ap7.1838,0.301322346362032
evm.TU.Ap7.1839,0.257631518433998
evm.TU.Ap7.1841,-0.0286774951304932
evm.TU.Ap7.1849,0.27959766925209
evm.TU.Ap7.185,-0.101685577757119
evm.TU.Ap7.1869,-0.139964376182135
evm.TU.Ap7.187,0.0524612634532517
evm.TU.Ap7.1872,-0.128878717645506
evm.TU.Ap7.1879,-0.116829514844472
evm.TU.Ap7.1886,-0.0579781529765092
evm.TU.Ap7.1892,-0.191249308150833
evm.TU.Ap7.19,0.00506601182282836
evm.TU.Ap7.190,-0.259424856399007
evm.TU.Ap7.1905,-0.0907373967151436
evm.TU.Ap7.1924,0.148903905651293
evm.TU.Ap7.1929,-0.0110473484922784
evm.TU.Ap7.193,0.279774839903244
evm.TU.Ap7.1932,-0.129971415080518
evm.TU.Ap7.1933,0.128379605423077
evm.TU.Ap7.1939,-0.0364595854803348
evm.TU.Ap7.194,-0.291604007065548
evm.TU.Ap7.1947,-0.0927178403833781
evm.TU.Ap7.1948,-0.340862142989669
evm.TU.Ap7.1949,-0.398358893645178
evm.TU.Ap7.1950,-0.0876706820465274
evm.TU.Ap7.1952,-0.102206416741607
evm.TU.Ap7.1954,-0.390642963638092
evm.TU.Ap7.1955,-0.210355428872471
evm.TU.Ap7.1956,-0.37032077371008
evm.TU.Ap7.1970,-0.195676586820571
evm.TU.Ap7.1979,-0.0841036919998432
evm.TU.Ap7.1984,0.24169217046051
evm.TU.Ap7.1985,0.292594746140748
evm.TU.Ap7.20,0.018206000573151
evm.TU.Ap7.2004,0.240211400044199
evm.TU.Ap7.2006,-0.20113780797248
evm.TU.Ap7.2007,-0.156695733590294
evm.TU.Ap7.2008,0.141652303783908
evm.TU.Ap7.2010,-0.132864059460886
evm.TU.Ap7.2016,-0.147986327684608
evm.TU.Ap7.2025,0.193356055907387
evm.TU.Ap7.203,0.0723038989452137
evm.TU.Ap7.2037,0.287238629207004
evm.TU.Ap7.2039,0.258769396456832
evm.TU.Ap7.204,0.380725177340644
evm.TU.Ap7.2050_evm.TU.Ap7.2071,0.381710151398075
evm.TU.Ap7.206,0.115170382314775
evm.TU.Ap7.2072,0.24313318735496
evm.TU.Ap7.2073,-0.144663446662388
evm.TU.Ap7.2074,0.00857166742104756
evm.TU.Ap7.2075,0.120428710834437
evm.TU.Ap7.2078,-0.311449490356491
evm.TU.Ap7.2079,0.0212268812592672
evm.TU.Ap7.2088,0.126131509998825
evm.TU.Ap7.209,-0.106435043983487
evm.TU.Ap7.2090,0.377179282978592
evm.TU.Ap7.2092,-0.328745375102918
evm.TU.Ap7.2096,-0.0754718904325
evm.TU.Ap7.2099,0.0468162270851902
evm.TU.Ap7.21,0.178579316261222
evm.TU.Ap7.210,-0.0879170615982066
evm.TU.Ap7.2100,0.20318399397274
evm.TU.Ap7.2101,0.101222210324971
evm.TU.Ap7.2102,0.133791189938622
evm.TU.Ap7.2103,0.174747585109038
evm.TU.Ap7.2107,-0.132708173323387
evm.TU.Ap7.2108,-0.357265327051494
evm.TU.Ap7.211,0.0549834610342873
evm.TU.Ap7.2112,-0.28279320709131
evm.TU.Ap7.2119,-0.526161443823466
evm.TU.Ap7.212,-0.015093377933224
evm.TU.Ap7.2120,-0.112635171749737
evm.TU.Ap7.2123,0.279680434448528
evm.TU.Ap7.213,0.0524555213732131
evm.TU.Ap7.2135,0.138240060081469
evm.TU.Ap7.214,0.113236562972187
evm.TU.Ap7.2143,0.00814968634930518
evm.TU.Ap7.2155,0.209615413650168
evm.TU.Ap7.2156,0.515700667814202
evm.TU.Ap7.2157,0.161868578536203
evm.TU.Ap7.216,-0.0860598207262155
evm.TU.Ap7.2160,-0.0601882720352163
evm.TU.Ap7.2161,0.0179364250751166
evm.TU.Ap7.2162,0.0581360376212058
evm.TU.Ap7.2163,0.0963495913932585
evm.TU.Ap7.2165,-0.221129424021861
evm.TU.Ap7.2166,-0.283598216472084
evm.TU.Ap7.2167,-0.0782979774872647
evm.TU.Ap7.2168,-0.18670459379583
evm.TU.Ap7.2169,-0.061746659111697
evm.TU.Ap7.2171,-0.124792254698355
evm.TU.Ap7.2172,-0.270381056826469
evm.TU.Ap7.2173,-0.106154356174954
evm.TU.Ap7.2176,-0.0867163808562228
evm.TU.Ap7.218,-0.0550251995114206
evm.TU.Ap7.2194,-0.110171094263522
evm.TU.Ap7.22,-0.333684124974288
evm.TU.Ap7.220,-0.0813686989080346
evm.TU.Ap7.221,-0.178700604889216
evm.TU.Ap7.2218,-0.0379938360909193
evm.TU.Ap7.2219,0.0281837443127853
evm.TU.Ap7.222,-0.13154625529568
evm.TU.Ap7.2220,-0.404458708446459
evm.TU.Ap7.2221,-0.191611412189551
evm.TU.Ap7.2235,-0.270446863664807
evm.TU.Ap7.224,0.29422016986804
evm.TU.Ap7.2240,-0.0575880833884765
evm.TU.Ap7.2243,0.259022940757272
evm.TU.Ap7.2244,0.106326674230921
evm.TU.Ap7.2246,-0.206696077440503
evm.TU.Ap7.2247,0.226994848286242
evm.TU.Ap7.2248,0.51484542446265
evm.TU.Ap7.2249,0.726646135061494
evm.TU.Ap7.225,-0.562655723669142
evm.TU.Ap7.2250,0.515087543031514
evm.TU.Ap7.2251,0.338531573955024
evm.TU.Ap7.2252,-0.0834243631348063
evm.TU.Ap7.2253,0.101354313293251
evm.TU.Ap7.226,-0.201903544558447
evm.TU.Ap7.2267,0.029601401606525
evm.TU.Ap7.2269,-0.22377372525765
evm.TU.Ap7.2278_evm.TU.Ap7.2279,-0.076459202913802
evm.TU.Ap7.228,-0.0655236023746689
evm.TU.Ap7.2286,-0.0834995282912232
evm.TU.Ap7.2293,-0.0670811759438256
evm.TU.Ap7.2296,0.528154968667969
evm.TU.Ap7.2297,-0.010604431914148
evm.TU.Ap7.2299,0.127828404986712
evm.TU.Ap7.23,-0.0848843702270399
evm.TU.Ap7.231,-0.498695982180979
evm.TU.Ap7.2326,-0.222136328812688
evm.TU.Ap7.2337,0.208083474943929
evm.TU.Ap7.234,-0.0622453478963756
evm.TU.Ap7.2340,-0.0515651223335254
evm.TU.Ap7.2348,0.192308164452702
evm.TU.Ap7.2350,0.324636933564928
evm.TU.Ap7.2353,-0.119624370947864
evm.TU.Ap7.2358,0.0386739851164679
evm.TU.Ap7.2359,-0.0253877238920644
evm.TU.Ap7.236,-0.13446478875055
evm.TU.Ap7.2362,-0.194279036213477
evm.TU.Ap7.2363,-0.237410643090399
evm.TU.Ap7.2365,-0.101465105579999
evm.TU.Ap7.2371,0.493001146191199
evm.TU.Ap7.2373,-0.20854986686153
evm.TU.Ap7.2374,0.103584291863738
evm.TU.Ap7.2375,-0.0267521021156836
evm.TU.Ap7.2379,0.0804618442888355
evm.TU.Ap7.238,0.115541998511294
evm.TU.Ap7.2382,0.115375702655244
evm.TU.Ap7.2386,0.0264229958334069
evm.TU.Ap7.2388,-0.0334205593013801
evm.TU.Ap7.239,0.0794646561488914
evm.TU.Ap7.2397,-0.182513046862332
evm.TU.Ap7.2398,0.165664901679533
evm.TU.Ap7.24,-0.251740838362193
evm.TU.Ap7.240,0.0306818460970125
evm.TU.Ap7.2401,0.166250229165907
evm.TU.Ap7.2409,-0.0998852919976123
evm.TU.Ap7.241,-0.0806282250450068
evm.TU.Ap7.2412,0.0370995056678582
evm.TU.Ap7.2420,0.208829900863801
evm.TU.Ap7.2421,0.106312173687056
evm.TU.Ap7.2424,-0.44963619230596
evm.TU.Ap7.243,-0.0510949434871344
evm.TU.Ap7.2431,0.505156409002594
evm.TU.Ap7.2432,0.100655909246652
evm.TU.Ap7.2436,0.139704962363079
evm.TU.Ap7.2437,0.0706347190086045
evm.TU.Ap7.244,-0.0967701817543704
evm.TU.Ap7.2444,-0.109187483963793
evm.TU.Ap7.2447,0.304915806100658
evm.TU.Ap7.245,0.0784596290564289
evm.TU.Ap7.2451,0.127883207948086
evm.TU.Ap7.2454,-0.356083170208915
evm.TU.Ap7.2461,0.246344115933217
evm.TU.Ap7.2464,-0.0282025570784739
evm.TU.Ap7.2467,-0.0473634147972331
evm.TU.Ap7.247,0.0409019684451978
evm.TU.Ap7.2473,-0.138357564346915
evm.TU.Ap7.2482,-0.330071183521567
evm.TU.Ap7.2483,0.154968586468071
evm.TU.Ap7.2485,-0.171237958941069
evm.TU.Ap7.2492,0.0961624827456269
evm.TU.Ap7.25,-0.0961887449861382
evm.TU.Ap7.2505,0.0966655902047325
evm.TU.Ap7.2506,-0.0839307296540034
evm.TU.Ap7.2511,-0.22815477566872
evm.TU.Ap7.2543,-0.147172954215507
evm.TU.Ap7.2554,0.112748363692813
evm.TU.Ap7.2555,0.300403149837773
evm.TU.Ap7.2556,0.508436705014931
evm.TU.Ap7.2557,0.664528569326267
evm.TU.Ap7.2562,-0.0957960759733537
evm.TU.Ap7.2565,0.031780215310889
evm.TU.Ap7.2566,-0.422368851429148
evm.TU.Ap7.2570,0.128418042625217
evm.TU.Ap7.2573,-0.0167049622656545
evm.TU.Ap7.2578,0.154776567243004
evm.TU.Ap7.2583,-0.0722103077809721
evm.TU.Ap7.2584,0.118364472910495
evm.TU.Ap7.2586,0.0305172686766152
evm.TU.Ap7.259,0.451188373473124
evm.TU.Ap7.2590,-0.161827054911212
evm.TU.Ap7.2597,-0.0441898549197706
evm.TU.Ap7.2598,-0.37036104889372
evm.TU.Ap7.2599,-0.106676137586257
evm.TU.Ap7.2600,0.0475267328187938
evm.TU.Ap7.2609,-0.185973251488471
evm.TU.Ap7.2616,-0.146203819700951
evm.TU.Ap7.262,0.380981611297664
evm.TU.Ap7.2620,0.116831906374803
evm.TU.Ap7.2624,0.27827596823952
evm.TU.Ap7.2626,-0.0937905689819196
evm.TU.Ap7.2627,-0.206099410767789
evm.TU.Ap7.2628,-0.148189634370939
evm.TU.Ap7.2637,-0.136326983357909
evm.TU.Ap7.2638,-0.290087886691292
evm.TU.Ap7.264,0.0839292831898703
evm.TU.Ap7.2644,-0.10590566035455
evm.TU.Ap7.2645,-0.450926290143432
evm.TU.Ap7.2646,-0.332401856893596
evm.TU.Ap7.2649,0.45543759932395
evm.TU.Ap7.2667,-0.179489352304271
evm.TU.Ap7.2669,0.131203622096341
evm.TU.Ap7.2678,0.0192236589990701
evm.TU.Ap7.2681,-0.230905463171009
evm.TU.Ap7.2689,0.0984210262599388
evm.TU.Ap7.2690,0.258287253949351
evm.TU.Ap7.2698,0.0733385806443528
evm.TU.Ap7.2699,-0.293495578282435
evm.TU.Ap7.2703,-0.274987082299024
evm.TU.Ap7.2704,-0.423564239887099
evm.TU.Ap7.2705,-0.365182606134354
evm.TU.Ap7.2709,-0.270407271086686
evm.TU.Ap7.271,0.0879308990771795
evm.TU.Ap7.2710,-0.0251522575517707
evm.TU.Ap7.2711,0.0871532659026609
evm.TU.Ap7.2712,0.127684114264965
evm.TU.Ap7.2713,0.172650607113425
evm.TU.Ap7.2720,0.0384016199510835
evm.TU.Ap7.2726,0.0995145920046999
evm.TU.Ap7.2731,0.15540099952629
evm.TU.Ap7.2736,-0.163295262439962
evm.TU.Ap7.2737,-0.0488499138438058
evm.TU.Ap7.2738,-0.0607425922318662
evm.TU.Ap7.2739,-0.104286510990828
evm.TU.Ap7.2740,-0.196286697597787
evm.TU.Ap7.2741,-0.046853833119718
evm.TU.Ap7.2744,-0.00168488141879535
evm.TU.Ap7.2745,-0.160354568268206
evm.TU.Ap7.2746,-0.175593311707427
evm.TU.Ap7.2747,-0.160606732729442
evm.TU.Ap7.2751,-0.428289349049415
evm.TU.Ap7.2753,-0.210135369342602
evm.TU.Ap7.2758,0.0203633494464588
evm.TU.Ap7.2759,-0.340078247965438
evm.TU.Ap7.2760,-0.10601208818741
evm.TU.Ap7.2766,0.474421268072932
evm.TU.Ap7.2767,0.025023935000367
evm.TU.Ap7.2769,0.0728903278359524
evm.TU.Ap7.2770,0.064689509025444
evm.TU.Ap7.2773,-0.369977874476788
evm.TU.Ap7.2776,-0.146987482044134
evm.TU.Ap7.2777,0.237691874246711
evm.TU.Ap7.278,-0.0873540848209814
evm.TU.Ap7.2780,-0.206369947975832
evm.TU.Ap7.2781,0.00177223973078169
evm.TU.Ap7.2782,0.111882380444738
evm.TU.Ap7.2798,0.0622257509207203
evm.TU.Ap7.2799,-0.133607719616436
evm.TU.Ap7.2800,-0.283404035285821
evm.TU.Ap7.2801,-0.325094844089975
evm.TU.Ap7.2803,-0.394539843660417
evm.TU.Ap7.2804,-0.00530437794254132
evm.TU.Ap7.2806,0.0160017483481861
evm.TU.Ap7.2807,0.480823575779623
evm.TU.Ap7.2808,-0.255174141295449
evm.TU.Ap7.2810,0.43005907528827
evm.TU.Ap7.2812,0.019670987417479
evm.TU.Ap7.2814_evm.TU.Ap7.2815,0.421343768880971
evm.TU.Ap7.2817,0.111599866543065
evm.TU.Ap7.2818,-0.0673731811675293
evm.TU.Ap7.2822,-0.0942792361284788
evm.TU.Ap7.2824,0.0850914091877033
evm.TU.Ap7.2825,-0.147827196871136
evm.TU.Ap7.2827,-0.147041805118475
evm.TU.Ap7.2828,0.0543604800182516
evm.TU.Ap7.283,-0.0333141278454157
evm.TU.Ap7.2830,-0.104406624695601
evm.TU.Ap7.2832,-0.125201777487641
evm.TU.Ap7.2837,-0.28835178785128
evm.TU.Ap7.2838,-0.105498318333683
evm.TU.Ap7.2839,-0.0365701414400763
evm.TU.Ap7.284,0.236266372289874
evm.TU.Ap7.2843,-0.0503020781686003
evm.TU.Ap7.2844,-0.213917835042486
evm.TU.Ap7.2846,0.242707224115915
evm.TU.Ap7.2847,0.0323882691376826
evm.TU.Ap7.2848,-0.345901122782727
evm.TU.Ap7.2849,-0.00824284018505969
evm.TU.Ap7.285,0.0592132897046703
evm.TU.Ap7.2850,-0.00952051621452819
evm.TU.Ap7.2852,-0.160203005956252
evm.TU.Ap7.2855,-0.113699950337073
evm.TU.Ap7.2858,0.387908838674484
evm.TU.Ap7.2859,0.175192719379045
evm.TU.Ap7.2863,0.0650933923160707
evm.TU.Ap7.2868,0.0355054498026435
evm.TU.Ap7.287,0.108415341681207
evm.TU.Ap7.2870,0.0528943714550724
evm.TU.Ap7.2871,-0.107589479094838
evm.TU.Ap7.2872,-0.219322840584944
evm.TU.Ap7.2873,0.309873313578122
evm.TU.Ap7.2874,-0.602446985113121
evm.TU.Ap7.2876,0.630752586122971
evm.TU.Ap7.288,0.165014503585523
evm.TU.Ap7.2881,0.248776436859759
evm.TU.Ap7.2882,0.27318468801071
evm.TU.Ap7.2884,0.0809017876245031
evm.TU.Ap7.2899,-0.0185235697513405
evm.TU.Ap7.29,-0.359410699392988
evm.TU.Ap7.2903,-0.239140383933364
evm.TU.Ap7.2904_evm.TU.Ap7.2905,-0.38577015187124
evm.TU.Ap7.2909,-0.190430126890401
evm.TU.Ap7.291,-0.0225964713814014
evm.TU.Ap7.2911,0.0320600424475895
evm.TU.Ap7.2913,0.0185083860169065
evm.TU.Ap7.2914,-0.03629426965025
evm.TU.Ap7.2916,-0.292824867242819
evm.TU.Ap7.2917,-0.0992521025101517
evm.TU.Ap7.2918,0.141229108603407
evm.TU.Ap7.2921,0.191832823783646
evm.TU.Ap7.2922,-0.204645267603526
evm.TU.Ap7.2925,-0.136856768847173
evm.TU.Ap7.2926,-0.25844490339521
evm.TU.Ap7.2928,0.103737893792251
evm.TU.Ap7.2930,0.162649182918249
evm.TU.Ap7.2931,-0.185702882140737
evm.TU.Ap7.2933,0.362746280400135
evm.TU.Ap7.2934,-0.597683985510673
evm.TU.Ap7.2935,-0.180894295425987
evm.TU.Ap7.294,-0.376975051701677
evm.TU.Ap7.296,0.00681530151532001
evm.TU.Ap7.299,-0.0392334437678973
evm.TU.Ap7.30,0.274338262050774
evm.TU.Ap7.300,-0.229133566893988
evm.TU.Ap7.302,-0.125242926835187
evm.TU.Ap7.305,0.261271050019911
evm.TU.Ap7.306,0.246249658405859
evm.TU.Ap7.313,0.296017344012951
evm.TU.Ap7.316,0.437295544609509
evm.TU.Ap7.317,-0.151380990521104
evm.TU.Ap7.32,-0.204897613635836
evm.TU.Ap7.320,-0.30596855955336
evm.TU.Ap7.321,-0.0542631929114159
evm.TU.Ap7.33,-0.153363271722828
evm.TU.Ap7.352,-0.231514695679779
evm.TU.Ap7.353,-0.195328924269531
evm.TU.Ap7.354,-0.301563081313638
evm.TU.Ap7.355,-0.0817501387157525
evm.TU.Ap7.359,-0.271679730484877
evm.TU.Ap7.360,-0.24576226412382
evm.TU.Ap7.361,-0.179229284921644
evm.TU.Ap7.366,-0.141450862772901
evm.TU.Ap7.374,-0.198003226348278
evm.TU.Ap7.378,0.282060400831113
evm.TU.Ap7.379,-0.0673396076506524
evm.TU.Ap7.38,0.113647896754937
evm.TU.Ap7.39,-0.148812687076119
evm.TU.Ap7.401,0.230290958091362
evm.TU.Ap7.403,-0.193328061121666
evm.TU.Ap7.404,-0.00845589541124288
evm.TU.Ap7.405,-0.20111307670335
evm.TU.Ap7.406,-0.083020493394153
evm.TU.Ap7.408,-0.260276566085204
evm.TU.Ap7.418,-0.276732093058931
evm.TU.Ap7.435,0.0508179093396564
evm.TU.Ap7.443,-0.240515487699614
evm.TU.Ap7.445,0.207459172561383
evm.TU.Ap7.452,-0.288758769698836
evm.TU.Ap7.457,-0.00783769509615129
evm.TU.Ap7.458,-0.161656303048497
evm.TU.Ap7.460,0.162957049082155
evm.TU.Ap7.461,0.0364493394720186
evm.TU.Ap7.462,-0.183218041675506
evm.TU.Ap7.463,0.54027517581871
evm.TU.Ap7.468,0.415582165282186
evm.TU.Ap7.473,0.562653967379862
evm.TU.Ap7.48,0.189077918481135
evm.TU.Ap7.489,0.255740318235433
evm.TU.Ap7.49,-0.055223449112873
evm.TU.Ap7.492,0.0252186813591176
evm.TU.Ap7.523,0.225171516498096
evm.TU.Ap7.524,0.0822057738626625
evm.TU.Ap7.525,0.185526144903983
evm.TU.Ap7.53,-0.089934659328352
evm.TU.Ap7.539,0.169395461173299
evm.TU.Ap7.54,0.0268023464221286
evm.TU.Ap7.541,-0.0633494734917009
evm.TU.Ap7.543,-0.215902461178869
evm.TU.Ap7.544,-0.297618469758809
evm.TU.Ap7.563,0.309486686025703
evm.TU.Ap7.576,-0.215309245464002
evm.TU.Ap7.577,-0.277407311887624
evm.TU.Ap7.593,-0.254775805074713
evm.TU.Ap7.6,0.19078909978218
evm.TU.Ap7.60,-0.257382372738321
evm.TU.Ap7.601,-0.0233302571755309
evm.TU.Ap7.605,-0.129780951374431
evm.TU.Ap7.607,0.191602263012235
evm.TU.Ap7.61,0.337203603094149
evm.TU.Ap7.615,-0.0722599614499851
evm.TU.Ap7.660,-0.125374024256554
evm.TU.Ap7.661,0.20875161214321
evm.TU.Ap7.665,-0.219600182724305
evm.TU.Ap7.667,-0.119707858688753
evm.TU.Ap7.703,-0.430309009093501
evm.TU.Ap7.705,-0.0697495035413521
evm.TU.Ap7.706,0.00342581417303329
evm.TU.Ap7.709,0.189001093603013
evm.TU.Ap7.713,-0.129915366597447
evm.TU.Ap7.714,0.0924620586321968
evm.TU.Ap7.719,-0.331436153768204
evm.TU.Ap7.721,-0.0157234698690718
evm.TU.Ap7.726,0.260330436296004
evm.TU.Ap7.728,0.145534552935145
evm.TU.Ap7.74,-0.101514221633075
evm.TU.Ap7.746,0.235363412527622
evm.TU.Ap7.747,0.804518540449535
evm.TU.Ap7.748,0.841597970658355
evm.TU.Ap7.749,0.0403552261653577
evm.TU.Ap7.752,-0.235062369167649
evm.TU.Ap7.753,-0.181379868094606
evm.TU.Ap7.755,0.13077061818573
evm.TU.Ap7.78,0.00977027468916322
evm.TU.Ap7.794,-0.435882802054188
evm.TU.Ap7.795,-0.0321216885402791
evm.TU.Ap7.796_evm.TU.Ap7.801,-0.278264452189154
evm.TU.Ap7.823,-0.516792857224326
evm.TU.Ap7.833,0.0585324482677802
evm.TU.Ap7.835,0.280456057625249
evm.TU.Ap7.836,-0.108949123081115
evm.TU.Ap7.838,-0.0762980815149829
evm.TU.Ap7.840,-0.0763296336206725
evm.TU.Ap7.841,-0.177290952932573
evm.TU.Ap7.844,-0.23781759012207
evm.TU.Ap7.846,-0.273162325132135
evm.TU.Ap7.847,-0.0912967525129438
evm.TU.Ap7.856,-0.142018333743606
evm.TU.Ap7.860,-0.0307013063297788
evm.TU.Ap7.863,-0.309273896883258
evm.TU.Ap7.864,-0.443079486712991
evm.TU.Ap7.871,-0.124204531839332
evm.TU.Ap7.876,-0.231532640319783
evm.TU.Ap7.878,-0.33602453149685
evm.TU.Ap7.879,-0.244400921508489
evm.TU.Ap7.88,0.17714743489968
evm.TU.Ap7.89,-0.337120744528129
evm.TU.Ap7.896,-0.0815288120692609
evm.TU.Ap7.897,-0.18020993592054
evm.TU.Ap7.900,-0.179998924140466
evm.TU.Ap7.901,-0.278007968321341
evm.TU.Ap7.902,-0.152793467571704
evm.TU.Ap7.904,-0.217012528160668
evm.TU.Ap7.908,0.0567185189639533
evm.TU.Ap7.91,0.055403730140514
evm.TU.Ap7.92,0.0505586298981864
evm.TU.Ap7.923,-0.179103462012102
evm.TU.Ap7.930,-0.113432180928794
evm.TU.Ap7.931,-0.427588424937132
evm.TU.Ap7.937,0.179655558095607
evm.TU.Ap7.939,-0.0808314232244501
evm.TU.Ap7.94,-0.0230795448943483
evm.TU.Ap7.944,-0.302836785921622
evm.TU.Ap7.948,-0.5441786922139
evm.TU.Ap7.949,-0.230599918429094
evm.TU.Ap7.950,-0.216360204183424
evm.TU.Ap7.951,0.462369734222123
evm.TU.Ap7.952,-0.127942887250597
evm.TU.Ap7.954,0.0790257836531861
evm.TU.Ap7.960,-0.0335380639539463
evm.TU.Ap7.962,0.310083716643952
evm.TU.Ap7.963,0.108211884765861
evm.TU.Ap7.968,0.0187679013033566
evm.TU.Ap7.969,-0.234575472530514
evm.TU.Ap7.970,-0.000424996438661457
evm.TU.Ap7.971,-0.104550665337967
evm.TU.Ap7.973,-0.075937003684221
evm.TU.Ap7.975,0.280052435405616
evm.TU.Ap7.980,-0.24254083709852
evm.TU.Ap7.984,-0.0939379974508895
evm.TU.Ap7.985,0.0368693297410749
evm.TU.Ap7.986,-0.249754437478058
evm.TU.Ap7.99,-0.343608290969043
evm.TU.Ap7.992,-0.245986569450081
evm.TU.Ap7.996,0.240472170645841
evm.TU.Ap7.998,0.146721984099779
evm.TU.Ap8.10,-0.172835825965348
evm.TU.Ap8.1005,-0.195630241616785
evm.TU.Ap8.1006,-0.295503789287789
evm.TU.Ap8.1023,-0.281577488923802
evm.TU.Ap8.1046,0.352571636640171
evm.TU.Ap8.1047,0.593370941214235
evm.TU.Ap8.1056,-0.196628865011213
evm.TU.Ap8.1058,0.168645412460085
evm.TU.Ap8.1059,0.374362487816235
evm.TU.Ap8.1063,-0.152133723729427
evm.TU.Ap8.1071,0.112264946131683
evm.TU.Ap8.1073,0.18804001292384
evm.TU.Ap8.1083,0.106265031416547
evm.TU.Ap8.1084,-0.0445657806791922
evm.TU.Ap8.1088,-0.503732915815626
evm.TU.Ap8.11,-0.0327259546121468
evm.TU.Ap8.1100,-0.10307097617516
evm.TU.Ap8.1101,0.328031988813147
evm.TU.Ap8.1129,0.331058793303825
evm.TU.Ap8.113,-0.136267320687472
evm.TU.Ap8.1132,0.199114741492231
evm.TU.Ap8.1136,-0.0223714763763853
evm.TU.Ap8.1146,-0.293981846798533
evm.TU.Ap8.116,0.324243782171706
evm.TU.Ap8.1164,-0.195476001008664
evm.TU.Ap8.1172,0.049262209052981
evm.TU.Ap8.118,0.251758704911134
evm.TU.Ap8.1187_evm.TU.Ap8.1174_evm.TU.Ap8.1175_evm.TU.Ap8.1176,0.0888299766937471
evm.TU.Ap8.119,0.014199166947785
evm.TU.Ap8.1193,0.0108939364762907
evm.TU.Ap8.12,-0.073878537996668
evm.TU.Ap8.1209,-0.0313863998465141
evm.TU.Ap8.1222,-0.0747804036221751
evm.TU.Ap8.1223,-0.0273481112760593
evm.TU.Ap8.1228,-0.103185191005432
evm.TU.Ap8.1231,0.178037445648191
evm.TU.Ap8.1232,0.0590596795088947
evm.TU.Ap8.1233,-0.470542937596841
evm.TU.Ap8.1234,-0.128876104480227
evm.TU.Ap8.1235,-0.33144842859484
evm.TU.Ap8.1238,-0.300211404111398
evm.TU.Ap8.1243,-0.291141212569134
evm.TU.Ap8.1245,-0.0512058041411341
evm.TU.Ap8.1246,0.424105421697855
evm.TU.Ap8.1248,0.14850007311392
evm.TU.Ap8.1250,-0.0877218424456571
evm.TU.Ap8.1251,0.232322207398572
evm.TU.Ap8.1254,-0.106699362483349
evm.TU.Ap8.1257,-0.000271033722575414
evm.TU.Ap8.1258,0.30011113314591
evm.TU.Ap8.1259,-0.0405855860795277
evm.TU.Ap8.1260,0.161882287446118
evm.TU.Ap8.1261,0.281545473070015
evm.TU.Ap8.1263,-0.108470300033099
evm.TU.Ap8.1264,-0.224855185305566
evm.TU.Ap8.1269,0.696808523126164
evm.TU.Ap8.1270,0.0954432997383047
evm.TU.Ap8.1271,0.0815200473149271
evm.TU.Ap8.1273,-0.115299249758841
evm.TU.Ap8.1289,-0.386197242675992
evm.TU.Ap8.129,0.039049223855905
evm.TU.Ap8.1290,0.533697634091897
evm.TU.Ap8.1294,0.144890387338416
evm.TU.Ap8.1295,0.142774808126848
evm.TU.Ap8.1296,-0.176088397218382
evm.TU.Ap8.1297,-0.082677041760148
evm.TU.Ap8.1298,-0.410688608646349
evm.TU.Ap8.13,-0.440487318800352
evm.TU.Ap8.130,0.429109164840357
evm.TU.Ap8.1300,-0.0985911659596182
evm.TU.Ap8.1306,0.732074112791184
evm.TU.Ap8.1308,-0.0874949478659935
evm.TU.Ap8.1309,-0.201765100826575
evm.TU.Ap8.1315,0.536661566971057
evm.TU.Ap8.1316,0.451800279709615
evm.TU.Ap8.1321,-0.00528127601634024
evm.TU.Ap8.1326,0.236025113270303
evm.TU.Ap8.1327,0.228086266380426
evm.TU.Ap8.1328,0.111772411741977
evm.TU.Ap8.133,-0.00786299578094714
evm.TU.Ap8.1350,0.202008699391047
evm.TU.Ap8.1353,-0.325791092855463
evm.TU.Ap8.1357,0.208038046087079
evm.TU.Ap8.136,0.0116260584367113
evm.TU.Ap8.1360,-0.465247343554654
evm.TU.Ap8.1361,0.0559650041317575
evm.TU.Ap8.1362,0.0714067561058948
evm.TU.Ap8.1368,-0.0221987719094361
evm.TU.Ap8.137,0.318086890034972
evm.TU.Ap8.1372,-0.410929122030432
evm.TU.Ap8.1373,-0.0231181423356979
evm.TU.Ap8.1374,0.29606949250582
evm.TU.Ap8.138,0.308401978233148
evm.TU.Ap8.1381,-0.321282797643304
evm.TU.Ap8.1389,0.241805886426024
evm.TU.Ap8.139,0.164988483773002
evm.TU.Ap8.1391,0.389274677055624
evm.TU.Ap8.1392,0.398702266646362
evm.TU.Ap8.1393,0.224029440159179
evm.TU.Ap8.140,0.380080557511163
evm.TU.Ap8.1404,0.407541038384068
evm.TU.Ap8.141,0.363024216697016
evm.TU.Ap8.142,0.240403164954715
evm.TU.Ap8.143,0.337311142982056
evm.TU.Ap8.144,0.324302055071224
evm.TU.Ap8.1440,-0.366865303162908
evm.TU.Ap8.1441,0.210706547561445
evm.TU.Ap8.1442,0.416603279206497
evm.TU.Ap8.145,0.713285511245083
evm.TU.Ap8.1450,0.335346302120122
evm.TU.Ap8.1458,-0.082427141403314
evm.TU.Ap8.146,0.624117279065079
evm.TU.Ap8.1463,0.130285974551013
evm.TU.Ap8.1466,-0.504076579023355
evm.TU.Ap8.1467,-0.178245817304124
evm.TU.Ap8.147,0.521569641904354
evm.TU.Ap8.1471,-0.376175216135987
evm.TU.Ap8.1481,0.0900196977172701
evm.TU.Ap8.1487,0.163659661468132
evm.TU.Ap8.1492,0.264808920764906
evm.TU.Ap8.1493,-0.0667474776313077
evm.TU.Ap8.151,-0.219407500784951
evm.TU.Ap8.1510,0.162339206112093
evm.TU.Ap8.1514,-0.0166795550599448
evm.TU.Ap8.1517,0.0536338992399768
evm.TU.Ap8.152,-0.0444646902190894
evm.TU.Ap8.1529,-0.272829670667764
evm.TU.Ap8.1532,0.0129593219588376
evm.TU.Ap8.1536_evm.TU.Ap8.1571,0.295235065803044
evm.TU.Ap8.158,-0.200478921598674
evm.TU.Ap8.161,0.301328094805749
evm.TU.Ap8.1615,-0.0509573751424409
evm.TU.Ap8.1617,0.239933701986074
evm.TU.Ap8.162,-0.0168511103491922
evm.TU.Ap8.165,-0.0945489886848762
evm.TU.Ap8.1666,-0.203591823710326
evm.TU.Ap8.1669,0.448040887160488
evm.TU.Ap8.1670,0.663421229190914
evm.TU.Ap8.1671,0.422858140937243
evm.TU.Ap8.1672,0.160732544675444
evm.TU.Ap8.1673,-0.212014420715929
evm.TU.Ap8.1679,-0.407681859659556
evm.TU.Ap8.1680_evm.TU.Ap8.1681,-0.52803239447015
evm.TU.Ap8.1686,0.00167170488766876
evm.TU.Ap8.1687,-0.100487486490368
evm.TU.Ap8.1688,-0.0608338774092362
evm.TU.Ap8.1689,-0.170677009876059
evm.TU.Ap8.1690,0.306099047463189
evm.TU.Ap8.1691,-0.137005451241276
evm.TU.Ap8.1692,-0.120731486657659
evm.TU.Ap8.1693,-0.219158757236722
evm.TU.Ap8.1696,-0.140659849769408
evm.TU.Ap8.1697,-0.19898070178864
evm.TU.Ap8.1702,-0.52532327107189
evm.TU.Ap8.1703,-0.28860790547261
evm.TU.Ap8.1705,-0.000539160291486426
evm.TU.Ap8.1708,0.0725894983530274
evm.TU.Ap8.1709,-0.412556855903185
evm.TU.Ap8.171,-0.134920394024434
evm.TU.Ap8.1710,-0.151132528875739
evm.TU.Ap8.1711,-0.161872861854125
evm.TU.Ap8.1713,-0.183552692301128
evm.TU.Ap8.1714,-0.0871961374604056
evm.TU.Ap8.1717,0.492363048095758
evm.TU.Ap8.1719,0.406146764821421
evm.TU.Ap8.1720,0.325901748453058
evm.TU.Ap8.1721,-0.00889983527980613
evm.TU.Ap8.1723,-0.0411091339075789
evm.TU.Ap8.173,-0.319980558710615
evm.TU.Ap8.1730,-0.132302180256691
evm.TU.Ap8.1735,0.0259850562240375
evm.TU.Ap8.1736,0.311784896213968
evm.TU.Ap8.1739,0.211258695038643
evm.TU.Ap8.1740,0.183651079308538
evm.TU.Ap8.1742,0.127331865853733
evm.TU.Ap8.1744,-0.0123427126035813
evm.TU.Ap8.1746,0.140347516427949
evm.TU.Ap8.1747,-0.142711907849296
evm.TU.Ap8.1753,-0.201195658895956
evm.TU.Ap8.176,-0.245406881341427
evm.TU.Ap8.1769,0.0424323824704147
evm.TU.Ap8.177,0.124436295066255
evm.TU.Ap8.178,-0.00428905806906945
evm.TU.Ap8.1797_evm.TU.Ap8.1799,0.242731710650887
evm.TU.Ap8.180,0.0329451527827178
evm.TU.Ap8.1800,-0.0396177312862851
evm.TU.Ap8.1804,-0.00586083016266644
evm.TU.Ap8.1805,-0.317167698723328
evm.TU.Ap8.181,-0.207855865258726
evm.TU.Ap8.182,-0.143119001810796
evm.TU.Ap8.1822,0.376389030740694
evm.TU.Ap8.183,-0.159427924618666
evm.TU.Ap8.184,-0.192499378705517
evm.TU.Ap8.1841,-0.0182247779395544
evm.TU.Ap8.1842,0.158064212323521
evm.TU.Ap8.1844,0.232592740179363
evm.TU.Ap8.189,-0.0873703152465452
evm.TU.Ap8.1904,0.0737327454011477
evm.TU.Ap8.1905,0.231590199384365
evm.TU.Ap8.1906,0.0530090744130799
evm.TU.Ap8.1907,-0.136605388063274
evm.TU.Ap8.1909,0.355352376169627
evm.TU.Ap8.1915,0.296716904981834
evm.TU.Ap8.192,-0.0467614355532667
evm.TU.Ap8.1921,0.187145408513963
evm.TU.Ap8.1926,-0.0838943053067777
evm.TU.Ap8.1938,0.533637891967801
evm.TU.Ap8.1941,0.309189653532111
evm.TU.Ap8.1950,0.369442455386432
evm.TU.Ap8.1954,0.0727615459621637
evm.TU.Ap8.1955,0.132284968667926
evm.TU.Ap8.1956,-0.0660972296341443
evm.TU.Ap8.1958,-0.386571768205535
evm.TU.Ap8.1959,0.172632225141233
evm.TU.Ap8.1961,-0.012238009316747
evm.TU.Ap8.1962,0.0146225467182223
evm.TU.Ap8.1966,0.20628414305847
evm.TU.Ap8.1967,-0.057870522526771
evm.TU.Ap8.197,0.175566450928367
evm.TU.Ap8.1976,0.0963123033032518
evm.TU.Ap8.198,0.00398521851078972
evm.TU.Ap8.1981,0.3176946698244
evm.TU.Ap8.1993,-0.0489557543515778
evm.TU.Ap8.2,0.0470617646478916
evm.TU.Ap8.2002,-0.128412909340502
evm.TU.Ap8.2004,0.136824883421649
evm.TU.Ap8.201,0.0740541193640107
evm.TU.Ap8.2010,0.126281807934798
evm.TU.Ap8.2012,-0.0116014212471015
evm.TU.Ap8.2035,-0.264544281583252
evm.TU.Ap8.2036,-0.147673889910117
evm.TU.Ap8.2038,-0.0690262050569422
evm.TU.Ap8.2044,-0.0648615252665312
evm.TU.Ap8.2045,0.395563900858245
evm.TU.Ap8.2048,-0.429817715193318
evm.TU.Ap8.205,0.81315516251274
evm.TU.Ap8.2051,0.10541482470034
evm.TU.Ap8.206,0.00524190932949714
evm.TU.Ap8.2074_evm.TU.Ap8.2080,0.326646059906641
evm.TU.Ap8.2088,0.0113127717522607
evm.TU.Ap8.2089,-0.120507854615972
evm.TU.Ap8.2098,0.0159266969532565
evm.TU.Ap8.21,-0.0678308479432698
evm.TU.Ap8.2101,0.167530678883806
evm.TU.Ap8.2103,0.119341990111023
evm.TU.Ap8.2104_evm.TU.Ap8.2105,-0.422110939161167
evm.TU.Ap8.2106,-0.300592432427836
evm.TU.Ap8.2107,0.287324827564257
evm.TU.Ap8.2111,0.213746986577124
evm.TU.Ap8.2117,-0.280246542952261
evm.TU.Ap8.2118,-0.108428697685321
evm.TU.Ap8.2120,-0.0873462866754134
evm.TU.Ap8.2138,-0.0326193036294437
evm.TU.Ap8.2139,-0.224847343573043
evm.TU.Ap8.214,0.0909795306604393
evm.TU.Ap8.2144,-0.379736972665635
evm.TU.Ap8.2146,-0.371796975153719
evm.TU.Ap8.215,-0.00748727203879153
evm.TU.Ap8.2159,-0.351958961446237
evm.TU.Ap8.2163,0.325140550485763
evm.TU.Ap8.217,-0.141145675699147
evm.TU.Ap8.2184,-0.01462522042016
evm.TU.Ap8.2185,-0.0348342495978103
evm.TU.Ap8.2187,0.13050054053924
evm.TU.Ap8.2188,-0.0520373211817068
evm.TU.Ap8.219,0.101898897069785
evm.TU.Ap8.2191,-0.247382751228406
evm.TU.Ap8.2192,0.034853055165326
evm.TU.Ap8.2196,-0.0619058740490217
evm.TU.Ap8.2208,0.511306524910643
evm.TU.Ap8.2214,0.138652367909427
evm.TU.Ap8.2229,-0.21199124833112
evm.TU.Ap8.2230,-0.252480860798536
evm.TU.Ap8.2232,0.0980689147838201
evm.TU.Ap8.2233,0.0292527819753501
evm.TU.Ap8.2238,0.094634217773379
evm.TU.Ap8.2239,0.164323954693391
evm.TU.Ap8.224,-0.0426375380699751
evm.TU.Ap8.2242,-0.347991546098177
evm.TU.Ap8.2244_evm.TU.Ap8.2245,0.772845160801165
evm.TU.Ap8.2246,-0.120407409059253
evm.TU.Ap8.2259,0.31829417874946
evm.TU.Ap8.226,-0.144972301934155
evm.TU.Ap8.2262,0.137831776986931
evm.TU.Ap8.2263,0.403957568253681
evm.TU.Ap8.2264,0.0286654719461102
evm.TU.Ap8.2269,-0.089276262733857
evm.TU.Ap8.227,-0.265665777868345
evm.TU.Ap8.228,-0.170677084805131
evm.TU.Ap8.229,-0.182998606429344
evm.TU.Ap8.230,0.131577947275234
evm.TU.Ap8.232,0.127021729552965
evm.TU.Ap8.2324,-0.0233564161010278
evm.TU.Ap8.2325,0.0447412954167656
evm.TU.Ap8.2328,0.06262499982945
evm.TU.Ap8.2329,-0.185575716396467
evm.TU.Ap8.233,0.0633355488727173
evm.TU.Ap8.2341,-0.269651182474552
evm.TU.Ap8.2343,-0.0580594407470918
evm.TU.Ap8.2357,-0.376030514751076
evm.TU.Ap8.2359,-0.243828308940403
evm.TU.Ap8.236,-0.230998192937944
evm.TU.Ap8.2363,-0.243218074033163
evm.TU.Ap8.2369,-0.00859393859671537
evm.TU.Ap8.2372,-0.382116200933388
evm.TU.Ap8.2373,-0.085914552373318
evm.TU.Ap8.2374,0.137484028402842
evm.TU.Ap8.2375,-0.151498762400177
evm.TU.Ap8.2378,-0.411784578191739
evm.TU.Ap8.2380,-0.0380494999239544
evm.TU.Ap8.2384,-0.320648107735378
evm.TU.Ap8.2393,-0.00856747782645974
evm.TU.Ap8.2396,0.0227791679837061
evm.TU.Ap8.240,0.37576910788402
evm.TU.Ap8.2402,-0.101518346009498
evm.TU.Ap8.2407,0.0754580935971862
evm.TU.Ap8.2412,0.00309381061189818
evm.TU.Ap8.2414,-0.0461012705668085
evm.TU.Ap8.2415,-0.148435093676777
evm.TU.Ap8.2419,0.140253607985037
evm.TU.Ap8.2429,0.130047250309658
evm.TU.Ap8.2431,0.00400585685763462
evm.TU.Ap8.2432,-0.295651354502119
evm.TU.Ap8.2434,0.0795904541524861
evm.TU.Ap8.244,-0.10048830798324
evm.TU.Ap8.2441,-0.321607000059286
evm.TU.Ap8.2442,0.0167329213909021
evm.TU.Ap8.2444,0.173484610202849
evm.TU.Ap8.2445,-0.0137143777919229
evm.TU.Ap8.2453,-0.156789593006084
evm.TU.Ap8.2457,-0.201595746235969
evm.TU.Ap8.2458,0.101241436135625
evm.TU.Ap8.2465,0.55014559808905
evm.TU.Ap8.2470,-0.0702342492569209
evm.TU.Ap8.2471,0.179314665843477
evm.TU.Ap8.2475,-0.0776026195526474
evm.TU.Ap8.2476,0.202936235779208
evm.TU.Ap8.2477,0.127964370447332
evm.TU.Ap8.2478,0.106666754212844
evm.TU.Ap8.2479,-0.286261670764545
evm.TU.Ap8.2482,0.241591050565626
evm.TU.Ap8.2483,0.323728836140149
evm.TU.Ap8.2484,0.264093345073997
evm.TU.Ap8.2488,0.182158416732883
evm.TU.Ap8.2490,0.193856223695865
evm.TU.Ap8.2492,0.100295216150146
evm.TU.Ap8.2497,0.204383537059369
evm.TU.Ap8.2498,0.210062620901435
evm.TU.Ap8.2507,0.303594583138209
evm.TU.Ap8.2508,0.198506152428603
evm.TU.Ap8.2509,0.128849593798073
evm.TU.Ap8.2511,0.213090630860861
evm.TU.Ap8.2512,-0.262705969263349
evm.TU.Ap8.2513,-0.0538528946701622
evm.TU.Ap8.2516,-0.075300916344183
evm.TU.Ap8.2519,-0.261787207015681
evm.TU.Ap8.2524,-0.302801355356611
evm.TU.Ap8.2525,0.157661783958805
evm.TU.Ap8.2526,-0.0549840154768492
evm.TU.Ap8.253,-0.313695341733057
evm.TU.Ap8.2533,-0.265830895139822
evm.TU.Ap8.2534,-0.245519676152587
evm.TU.Ap8.2542,-0.287035276748287
evm.TU.Ap8.2549,-0.0990385505903289
evm.TU.Ap8.2551,0.29740308254065
evm.TU.Ap8.2553,-0.386875411962512
evm.TU.Ap8.2555,0.134299514827466
evm.TU.Ap8.2556,0.327527298482917
evm.TU.Ap8.2558,-0.366995355168797
evm.TU.Ap8.256,0.18830659350934
evm.TU.Ap8.2561,-0.00727165488856257
evm.TU.Ap8.257,0.231951972666877
evm.TU.Ap8.2571,0.163121128961521
evm.TU.Ap8.2572,0.192530564884366
evm.TU.Ap8.2573,-0.0418205384373373
evm.TU.Ap8.2574,-0.131881673324314
evm.TU.Ap8.2575,0.339763514889256
evm.TU.Ap8.2576,-0.00186563641071497
evm.TU.Ap8.2577,0.141965158868419
evm.TU.Ap8.2578,-0.0691864845818515
evm.TU.Ap8.258,0.0231286756094622
evm.TU.Ap8.2580,0.238529576357012
evm.TU.Ap8.2582,-0.31685801802522
evm.TU.Ap8.2586,-0.0579351646223357
evm.TU.Ap8.2587,-0.0379749017567491
evm.TU.Ap8.2588,0.0165246027306341
evm.TU.Ap8.2589,-0.191237557790783
evm.TU.Ap8.259,-0.239291001351462
evm.TU.Ap8.2590,-0.0672121615211073
evm.TU.Ap8.2591,-0.26902754390729
evm.TU.Ap8.2592,-0.111317371362833
evm.TU.Ap8.2593,0.0948778686553987
evm.TU.Ap8.2594,-0.0454735964650916
evm.TU.Ap8.2604,-0.0644295561127654
evm.TU.Ap8.2606,0.100834640948625
evm.TU.Ap8.2608,0.118733346206603
evm.TU.Ap8.2610,0.112422943366984
evm.TU.Ap8.2611,-0.0879755088396631
evm.TU.Ap8.2614,-0.0144612079716242
evm.TU.Ap8.2615,0.302074003901154
evm.TU.Ap8.2616,0.0307868632629067
evm.TU.Ap8.2617,0.157850039733789
evm.TU.Ap8.2624,-0.188926775196755
evm.TU.Ap8.263,-0.149090405189631
evm.TU.Ap8.2634,0.27054030028597
evm.TU.Ap8.2638,0.0143970996970786
evm.TU.Ap8.2645,0.0508975423726326
evm.TU.Ap8.2647,0.171086406206974
evm.TU.Ap8.2648,0.00721365876715014
evm.TU.Ap8.2649,0.135491024590854
evm.TU.Ap8.2650,0.147832504551832
evm.TU.Ap8.2651,0.340516144073594
evm.TU.Ap8.2657,0.130004964384351
evm.TU.Ap8.266,-0.184954256563613
evm.TU.Ap8.267,-0.123205524251974
evm.TU.Ap8.2671,0.138136867006629
evm.TU.Ap8.2673,0.032661467720359
evm.TU.Ap8.2677,-0.465100045216977
evm.TU.Ap8.268,0.328998705344315
evm.TU.Ap8.2688,-0.261095268439689
evm.TU.Ap8.2690,0.136990860697089
evm.TU.Ap8.2691,-0.225197191913795
evm.TU.Ap8.2695,-0.236283620264028
evm.TU.Ap8.2697,0.0874863132992844
evm.TU.Ap8.2698,-0.200736971481276
evm.TU.Ap8.270,0.172677470744866
evm.TU.Ap8.2709,-0.0826027897926514
evm.TU.Ap8.2712,0.0753366145953951
evm.TU.Ap8.272,-0.132543650992284
evm.TU.Ap8.2725,-0.299817938753387
evm.TU.Ap8.2728,0.157509042854448
evm.TU.Ap8.276,0.317111690957298
evm.TU.Ap8.2760,0.486695501596406
evm.TU.Ap8.2761,0.220515948739508
evm.TU.Ap8.2762,-0.256672461303081
evm.TU.Ap8.2763,0.34732239727119
evm.TU.Ap8.2766,0.0296020393519282
evm.TU.Ap8.277,0.114960332878623
evm.TU.Ap8.2770,-0.0871128179143638
evm.TU.Ap8.2779,-0.112498938417097
evm.TU.Ap8.278,0.374485466823498
evm.TU.Ap8.2780,0.0711785494296376
evm.TU.Ap8.2782,0.199084147929316
evm.TU.Ap8.2789,-0.101116764572797
evm.TU.Ap8.2790,0.163299617362077
evm.TU.Ap8.2791,-0.120320194788239
evm.TU.Ap8.280,0.287351212107246
evm.TU.Ap8.2802,-0.0200973108979107
evm.TU.Ap8.2803,-0.291183146675768
evm.TU.Ap8.2805,-0.230156527790721
evm.TU.Ap8.2809,0.243941006595313
evm.TU.Ap8.281,0.087446847249854
evm.TU.Ap8.2811,0.08312323166454
evm.TU.Ap8.2813,0.179767967417868
evm.TU.Ap8.2816_evm.TU.Ap8.2817,-0.319925691498625
evm.TU.Ap8.2819,0.156449540848332
evm.TU.Ap8.2820,0.241835087360798
evm.TU.Ap8.2823,0.0428146148861939
evm.TU.Ap8.2824,0.198175351736947
evm.TU.Ap8.2825,0.230684709479573
evm.TU.Ap8.2826,0.310221917095741
evm.TU.Ap8.2827,0.343012881331174
evm.TU.Ap8.2828,0.369803247996524
evm.TU.Ap8.2829,0.080452907912959
evm.TU.Ap8.283,-0.21570393100769
evm.TU.Ap8.2830,0.295113837020324
evm.TU.Ap8.2833,-0.10563034263916
evm.TU.Ap8.2834,0.0991511764897451
evm.TU.Ap8.2835,0.0678130023611901
evm.TU.Ap8.2836,0.225104547828856
evm.TU.Ap8.2842,0.0997347103939714
evm.TU.Ap8.2843,-0.0417735717526721
evm.TU.Ap8.2846,-0.0847126818632944
evm.TU.Ap8.2848,0.349764349318324
evm.TU.Ap8.2851,0.238275833565986
evm.TU.Ap8.2853,0.0334921122647473
evm.TU.Ap8.2858,-0.0469281688811048
evm.TU.Ap8.288,0.22120585846248
evm.TU.Ap8.291,-0.154529008185459
evm.TU.Ap8.293,-0.363492196172695
evm.TU.Ap8.294,-0.214728025053671
evm.TU.Ap8.295,-0.130332338607002
evm.TU.Ap8.299,-0.278942910878394
evm.TU.Ap8.3,-0.232524128287807
evm.TU.Ap8.30,0.110788033314549
evm.TU.Ap8.304,-0.0295294134356838
evm.TU.Ap8.306,-0.0754483849631202
evm.TU.Ap8.315,0.324347214856351
evm.TU.Ap8.316,-0.293078202882873
evm.TU.Ap8.317,-0.117856840481245
evm.TU.Ap8.318,-0.215992233699702
evm.TU.Ap8.321,-0.417859094031075
evm.TU.Ap8.325,-0.0150986056225274
evm.TU.Ap8.326,-0.00239197219479156
evm.TU.Ap8.327,-0.234678877519893
evm.TU.Ap8.328,-0.0199925494810748
evm.TU.Ap8.340,0.0718595826483597
evm.TU.Ap8.348,0.357711946950085
evm.TU.Ap8.36,-0.0829615978854025
evm.TU.Ap8.361,-0.0256372739305096
evm.TU.Ap8.364,0.586290070025951
evm.TU.Ap8.365,0.155653880223484
evm.TU.Ap8.366,-0.148357230595046
evm.TU.Ap8.367,-0.131299219327301
evm.TU.Ap8.368,-0.298315841247571
evm.TU.Ap8.371,-0.169908279617295
evm.TU.Ap8.372,-0.15441010680603
evm.TU.Ap8.373,0.15169016096876
evm.TU.Ap8.380,-0.0856703579812317
evm.TU.Ap8.39,0.258619639627894
evm.TU.Ap8.40,-0.00495937196825503
evm.TU.Ap8.41,-0.148128332102856
evm.TU.Ap8.416,-0.13890130258573
evm.TU.Ap8.419,-0.193674259517687
evm.TU.Ap8.420,-0.0761547410203883
evm.TU.Ap8.427,0.11785027829112
evm.TU.Ap8.43,0.0338643843642235
evm.TU.Ap8.435,-0.108732400642674
evm.TU.Ap8.437,0.0552968433089717
evm.TU.Ap8.438,0.16200530867391
evm.TU.Ap8.439,0.544775083130159
evm.TU.Ap8.440,0.0449361644119121
evm.TU.Ap8.441,-0.178957759276315
evm.TU.Ap8.442,-0.234797396824578
evm.TU.Ap8.447,-0.00492177783098379
evm.TU.Ap8.448,0.140470793230949
evm.TU.Ap8.449,0.226594056937824
evm.TU.Ap8.450,0.0717378935307226
evm.TU.Ap8.452,-0.363980607839591
evm.TU.Ap8.454,-0.16687122830648
evm.TU.Ap8.455,-0.288901115510312
evm.TU.Ap8.457,-0.0309965820667187
evm.TU.Ap8.458,-0.0411928004778232
evm.TU.Ap8.460,-0.390805243452371
evm.TU.Ap8.462,-0.208469041001643
evm.TU.Ap8.463,-0.243438927299498
evm.TU.Ap8.464,0.174628651218165
evm.TU.Ap8.465,-0.452033040458133
evm.TU.Ap8.466,-0.0149731032991511
evm.TU.Ap8.472,0.104988517968702
evm.TU.Ap8.475,-0.0644848595842955
evm.TU.Ap8.48,-0.0600705116778493
evm.TU.Ap8.480,-0.173444759630687
evm.TU.Ap8.483,-0.545526574395386
evm.TU.Ap8.484,-0.402089554332515
evm.TU.Ap8.485,-0.62144443528153
evm.TU.Ap8.489,0.0589964755816373
evm.TU.Ap8.490,0.0431329753053396
evm.TU.Ap8.492,-0.0737974932915083
evm.TU.Ap8.493,-0.153867045670714
evm.TU.Ap8.494,-0.00737890737435694
evm.TU.Ap8.495,0.166509493561607
evm.TU.Ap8.496,0.0803113563851331
evm.TU.Ap8.498,0.223337287933484
evm.TU.Ap8.503,0.0999072446689514
evm.TU.Ap8.505,0.199166331968026
evm.TU.Ap8.506,0.0353042984583722
evm.TU.Ap8.507,-0.245011976454831
evm.TU.Ap8.510,0.090313701281155
evm.TU.Ap8.522,-0.0772082232362671
evm.TU.Ap8.523,0.0496337630153362
evm.TU.Ap8.525,0.318201689502905
evm.TU.Ap8.527,-0.112515814089372
evm.TU.Ap8.529,0.0510791120340893
evm.TU.Ap8.54,0.161980836980882
evm.TU.Ap8.540,0.351924019235962
evm.TU.Ap8.554,0.0502877031995644
evm.TU.Ap8.556,0.277297750212789
evm.TU.Ap8.557,0.369879414138594
evm.TU.Ap8.561,-0.144044888629049
evm.TU.Ap8.562,0.327463730013344
evm.TU.Ap8.563,0.0643289888865495
evm.TU.Ap8.564,0.193781809002361
evm.TU.Ap8.565,-0.0743540212186731
evm.TU.Ap8.566,-0.0914996306930485
evm.TU.Ap8.567,-0.0145913697418924
evm.TU.Ap8.57,0.0756572041763812
evm.TU.Ap8.570,0.401307111984986
evm.TU.Ap8.575,0.259469006007554
evm.TU.Ap8.576,0.0211446708113984
evm.TU.Ap8.579,-0.388503537221292
evm.TU.Ap8.585,-0.0897395042305947
evm.TU.Ap8.587,-0.0297880062001931
evm.TU.Ap8.588,0.0299981026932921
evm.TU.Ap8.589,-0.529852869057665
evm.TU.Ap8.608,-0.186932195516274
evm.TU.Ap8.609,-0.0580252946599884
evm.TU.Ap8.612,0.0146309759063749
evm.TU.Ap8.619,-0.243838879708201
evm.TU.Ap8.628,0.108087969767296
evm.TU.Ap8.630,-0.453753856070768
evm.TU.Ap8.632,-0.0457079399986974
evm.TU.Ap8.636,0.152325760954538
evm.TU.Ap8.637,0.181523700064361
evm.TU.Ap8.64,0.129654492396846
evm.TU.Ap8.642,-0.172961937765325
evm.TU.Ap8.643,-0.271999725176027
evm.TU.Ap8.644,-0.0535344057268181
evm.TU.Ap8.648,0.0130709897894909
evm.TU.Ap8.649,0.0166626308150665
evm.TU.Ap8.65,0.0864520005301784
evm.TU.Ap8.650,-0.112011811210749
evm.TU.Ap8.659,-0.225423042512143
evm.TU.Ap8.66,0.00474855518830257
evm.TU.Ap8.662,-0.0201505139759674
evm.TU.Ap8.666,-0.0967758763086036
evm.TU.Ap8.668,0.198532986360564
evm.TU.Ap8.671,0.130644681022515
evm.TU.Ap8.678,-0.302791819083482
evm.TU.Ap8.682,0.112330854524362
evm.TU.Ap8.685,0.201614208013115
evm.TU.Ap8.689,-0.521204915404423
evm.TU.Ap8.694,-0.19838118625356
evm.TU.Ap8.695,0.00721211674549564
evm.TU.Ap8.696,0.118919144469048
evm.TU.Ap8.697,0.0855629690555637
evm.TU.Ap8.705,0.0361629087333297
evm.TU.Ap8.709,-0.0636339883753294
evm.TU.Ap8.711,0.188590539885673
evm.TU.Ap8.712,-0.108795453573221
evm.TU.Ap8.729,0.0489218258007487
evm.TU.Ap8.730,0.102061965918645
evm.TU.Ap8.733,-0.187343760968509
evm.TU.Ap8.752,-0.282580578309058
evm.TU.Ap8.755,-0.01525245667709
evm.TU.Ap8.760_evm.TU.Ap8.756,-0.248894360369452
evm.TU.Ap8.761,-0.0585995972193939
evm.TU.Ap8.764,0.0682619418313033
evm.TU.Ap8.766,0.279201408128765
evm.TU.Ap8.767,0.36009988195724
evm.TU.Ap8.776,0.23700465560385
evm.TU.Ap8.779,-0.0783684366327673
evm.TU.Ap8.78,-0.100352234736717
evm.TU.Ap8.786,0.00368902818717107
evm.TU.Ap8.788,-0.0486964231802911
evm.TU.Ap8.789,-0.0226639487966594
evm.TU.Ap8.8,-0.0499750586257265
evm.TU.Ap8.820,-0.088039892108542
evm.TU.Ap8.821,0.00437939442284166
evm.TU.Ap8.822,0.427976864963019
evm.TU.Ap8.824,0.357035107752318
evm.TU.Ap8.83,-0.289050271769042
evm.TU.Ap8.837,0.00550299844665924
evm.TU.Ap8.838,-0.417915298189824
evm.TU.Ap8.839,0.149360581764513
evm.TU.Ap8.84,-0.0490970031929763
evm.TU.Ap8.842,-0.180518728480929
evm.TU.Ap8.843,0.325518158117483
evm.TU.Ap8.844,-0.168890050158412
evm.TU.Ap8.85,-0.242905470502225
evm.TU.Ap8.861,0.304801283183636
evm.TU.Ap8.866,0.568694762480109
evm.TU.Ap8.87,0.466256935684763
evm.TU.Ap8.870,0.0582980754077475
evm.TU.Ap8.873_evm.TU.Ap8.875,0.193670187416642
evm.TU.Ap8.877,0.0492942012688983
evm.TU.Ap8.879,-0.129463326993123
evm.TU.Ap8.880,-0.193867510342897
evm.TU.Ap8.881,-0.34647780191639
evm.TU.Ap8.882,0.00133976727048148
evm.TU.Ap8.883,0.0138203998497651
evm.TU.Ap8.884,0.144977719177113
evm.TU.Ap8.897,-0.138408143036479
evm.TU.Ap8.898,-0.25528646480628
evm.TU.Ap8.899,0.101606105040918
evm.TU.Ap8.9,-0.212172577948765
evm.TU.Ap8.901,-0.303189740853134
evm.TU.Ap8.905,-0.0608228053607911
evm.TU.Ap8.906,0.12134556190425
evm.TU.Ap8.907,0.271977996404075
evm.TU.Ap8.913,-0.418159901469082
evm.TU.Ap8.917,0.348704163570715
evm.TU.Ap8.926,-0.10430154221769
evm.TU.Ap8.927,-0.53105357959462
evm.TU.Ap8.928,-0.0514896277081177
evm.TU.Ap8.934,0.0836981367820346
evm.TU.Ap8.946,-0.0931570974059606
evm.TU.Ap8.964,-0.474123578151294
evm.TU.Ap8.967,-0.575145159622123
evm.TU.Ap8.968,-0.152617448257149
evm.TU.Ap8.969,-0.359882786633962
evm.TU.Ap8.970,-0.312740013851765
evm.TU.Ap8.972,-0.210021617909143
evm.TU.Ap8.974,-0.377034628917616
evm.TU.Ap8.975,-0.0648297857622723
evm.TU.Ap8.996,-0.113591771307199
evm.TU.Ap9.1000,0.192781838305099
evm.TU.Ap9.1009,-0.368269152876355
evm.TU.Ap9.101,-0.108649103506783
evm.TU.Ap9.1010,0.0308362128437345
evm.TU.Ap9.1014,-0.161534860272253
evm.TU.Ap9.1018,-0.00499104238675409
evm.TU.Ap9.102,-0.0919692592843426
evm.TU.Ap9.1020,0.00838557559944601
evm.TU.Ap9.1034,-0.379345534600117
evm.TU.Ap9.104,0.0246716437385785
evm.TU.Ap9.1048,-0.36612288017433
evm.TU.Ap9.1049,-0.296748451763095
evm.TU.Ap9.105,0.156908339764298
evm.TU.Ap9.1052,-0.127025079813467
evm.TU.Ap9.1053,-0.19986502072764
evm.TU.Ap9.1062,0.0949100812062383
evm.TU.Ap9.1065,-0.372503044663314
evm.TU.Ap9.1066,0.00597706020465164
evm.TU.Ap9.1067,-0.0876897546998085
evm.TU.Ap9.107,-0.301241868420004
evm.TU.Ap9.1087,-0.166124156406145
evm.TU.Ap9.1088,0.0997426068077969
evm.TU.Ap9.1090,-0.0305797228144295
evm.TU.Ap9.1091,0.0212061342511489
evm.TU.Ap9.1092,0.182704774663952
evm.TU.Ap9.1107,0.202029398114125
evm.TU.Ap9.1108_evm.TU.Ap9.1110,-0.134198305304222
evm.TU.Ap9.1111,0.0656585063192928
evm.TU.Ap9.1114,0.0873032692915394
evm.TU.Ap9.1115,0.0113438695865344
evm.TU.Ap9.1117,0.181785756311393
evm.TU.Ap9.1118,-0.474332443893041
evm.TU.Ap9.1119,-0.00033589825914279
evm.TU.Ap9.1120,0.230700536122615
evm.TU.Ap9.1122,0.0373606368757035
evm.TU.Ap9.1123,0.031382899537106
evm.TU.Ap9.1124,0.048252105259266
evm.TU.Ap9.1126,-0.130580732157357
evm.TU.Ap9.1128,0.211694556751614
evm.TU.Ap9.1129,0.0820022230972137
evm.TU.Ap9.1130,-0.0107172666095117
evm.TU.Ap9.1134,0.0685764957583695
evm.TU.Ap9.1138,-0.179956865692001
evm.TU.Ap9.1139,-0.151705406793573
evm.TU.Ap9.114,-0.0526618325617187
evm.TU.Ap9.1141,-0.06237581646323
evm.TU.Ap9.1142,0.0911401912277076
evm.TU.Ap9.1143,-0.356241188069379
evm.TU.Ap9.1144,0.0182194905730315
evm.TU.Ap9.1149,-0.194830536990835
evm.TU.Ap9.115,-0.0386260405137652
evm.TU.Ap9.1154,-0.12685526283196
evm.TU.Ap9.1155,-0.175163326523732
evm.TU.Ap9.1159,-0.394389841214908
evm.TU.Ap9.116,-0.214872439018768
evm.TU.Ap9.1160,0.652825527266003
evm.TU.Ap9.1161,0.428446836643243
evm.TU.Ap9.1162,-0.180108580009781
evm.TU.Ap9.1165,-0.088824800985592
evm.TU.Ap9.1172,-0.155923142735337
evm.TU.Ap9.1178,0.273635776460579
evm.TU.Ap9.1179,0.0992372457863013
evm.TU.Ap9.118,0.121145706375782
evm.TU.Ap9.1180,0.10070749828267
evm.TU.Ap9.1181,-0.255646701172693
evm.TU.Ap9.1182,-0.0325715974222777
evm.TU.Ap9.1183,0.0955885753101549
evm.TU.Ap9.1185,-0.154795484799015
evm.TU.Ap9.1187,0.343796256847633
evm.TU.Ap9.1188,-0.335809073284481
evm.TU.Ap9.1189,0.0231194538414368
evm.TU.Ap9.119,-0.156349389357661
evm.TU.Ap9.1190,0.092776398053944
evm.TU.Ap9.1193_evm.TU.Ap9.1194,-0.0814182062435671
evm.TU.Ap9.1195,-0.11154111878989
evm.TU.Ap9.120,-0.199322213319885
evm.TU.Ap9.1201,-0.153552142165738
evm.TU.Ap9.1209,-0.130066142729465
evm.TU.Ap9.121,-0.312251940350048
evm.TU.Ap9.1210,-0.183240872480308
evm.TU.Ap9.1212,0.210714722270926
evm.TU.Ap9.1213,0.750662352727413
evm.TU.Ap9.1214,0.602616956519009
evm.TU.Ap9.1215,0.0362975813363295
evm.TU.Ap9.1217,-0.0305793391410788
evm.TU.Ap9.122,-0.0446732631494488
evm.TU.Ap9.1226,-0.23348883404769
evm.TU.Ap9.1228,-0.0674283557052156
evm.TU.Ap9.1229,0.153108378382603
evm.TU.Ap9.1230,-0.0697938556563592
evm.TU.Ap9.1231,-0.382448613334592
evm.TU.Ap9.1232,0.165018806192556
evm.TU.Ap9.124,0.0848265166347403
evm.TU.Ap9.1240_evm.TU.Ap9.1241,0.0958130951158101
evm.TU.Ap9.1245,0.136356815924904
evm.TU.Ap9.1270,-0.127395149622615
evm.TU.Ap9.1275,-0.488884703081803
evm.TU.Ap9.1276,-0.341753870788495
evm.TU.Ap9.1281,0.527782898903404
evm.TU.Ap9.1283,0.770232043346347
evm.TU.Ap9.1293,0.72102481882422
evm.TU.Ap9.1296,0.0835537390620417
evm.TU.Ap9.1297,0.712779427307823
evm.TU.Ap9.130,-0.214666093890841
evm.TU.Ap9.1303,0.733860221705159
evm.TU.Ap9.1305,0.577099587966818
evm.TU.Ap9.131,0.168861791314603
evm.TU.Ap9.1322,0.426573856478556
evm.TU.Ap9.1329,0.633037859951467
evm.TU.Ap9.133,-0.20780124487931
evm.TU.Ap9.1331,0.609749290105491
evm.TU.Ap9.1347,0.0956114861325223
evm.TU.Ap9.1355,-0.00986099189326545
evm.TU.Ap9.1356,0.292209798334425
evm.TU.Ap9.1387,0.0192342678168932
evm.TU.Ap9.139,0.2099473538059
evm.TU.Ap9.140,-0.0107823993662939
evm.TU.Ap9.1400,0.0517619847474472
evm.TU.Ap9.1401,0.0806041113582478
evm.TU.Ap9.1404,0.511731532293318
evm.TU.Ap9.1419,0.296214876170093
evm.TU.Ap9.142,0.150423241325107
evm.TU.Ap9.1422,0.276947872415898
evm.TU.Ap9.1427,0.250847481432954
evm.TU.Ap9.1433,0.305835057402394
evm.TU.Ap9.1434,0.305014778944509
evm.TU.Ap9.1435,0.313860901257466
evm.TU.Ap9.1452,0.000950090300154732
evm.TU.Ap9.1457,0.119320448889635
evm.TU.Ap9.1458,0.200151407913004
evm.TU.Ap9.147,0.301434983946206
evm.TU.Ap9.1496,-0.355557945287727
evm.TU.Ap9.1500,-0.228066588487507
evm.TU.Ap9.1502,0.320630208527487
evm.TU.Ap9.1505,0.0403358501770697
evm.TU.Ap9.1507,-0.0198690807776291
evm.TU.Ap9.151,0.424996911815309
evm.TU.Ap9.152,-0.157192480485931
evm.TU.Ap9.1526,0.163298519615188
evm.TU.Ap9.1527,0.0492894894606672
evm.TU.Ap9.1529,0.241398785288485
evm.TU.Ap9.1539,-0.144918306879769
evm.TU.Ap9.1540,0.053517130655721
evm.TU.Ap9.1541,-0.0789373532634122
evm.TU.Ap9.1548,-0.0179523960493327
evm.TU.Ap9.1549,-0.051213027965806
evm.TU.Ap9.1551,-0.0615810158152204
evm.TU.Ap9.1552,0.0802736399621991
evm.TU.Ap9.1554,-0.0303339303843637
evm.TU.Ap9.1556,-0.151923510123396
evm.TU.Ap9.1558,0.409263487100465
evm.TU.Ap9.156,-0.203187315492211
evm.TU.Ap9.1567,-0.201138538041576
evm.TU.Ap9.157,0.0452978574250006
evm.TU.Ap9.1579,-0.292830745423839
evm.TU.Ap9.158,-0.269253274393319
evm.TU.Ap9.1580,-0.0325999043386064
evm.TU.Ap9.1588,0.252812403800708
evm.TU.Ap9.160,-0.300498153500935
evm.TU.Ap9.1603,-0.287301079956358
evm.TU.Ap9.1605,0.046543986726653
evm.TU.Ap9.161,0.0520366525774413
evm.TU.Ap9.1613,-0.107596543173744
evm.TU.Ap9.1614,-0.276053975764945
evm.TU.Ap9.1618,0.220214933202233
evm.TU.Ap9.162,-0.00872208941667431
evm.TU.Ap9.1629,0.267905597942207
evm.TU.Ap9.1632,0.0329068295393829
evm.TU.Ap9.1641,0.12640708929459
evm.TU.Ap9.1643,0.0179922097893805
evm.TU.Ap9.1645,0.19519016964506
evm.TU.Ap9.1646,0.0222848433115901
evm.TU.Ap9.1648,0.0923590148454484
evm.TU.Ap9.1651,0.315019093321508
evm.TU.Ap9.1653,-0.0420884519122013
evm.TU.Ap9.1656,0.122147051072058
evm.TU.Ap9.1664,-0.139970431636904
evm.TU.Ap9.167,0.32589963568608
evm.TU.Ap9.1670,-0.218877090418365
evm.TU.Ap9.1675,0.188774155731084
evm.TU.Ap9.1679,0.170611376828867
evm.TU.Ap9.168,0.274198731509917
evm.TU.Ap9.1683,-0.151726140804998
evm.TU.Ap9.1684,-0.0252152362924583
evm.TU.Ap9.1685,0.183519589252021
evm.TU.Ap9.1692,-0.135344249823927
evm.TU.Ap9.1693,0.0811484612089795
evm.TU.Ap9.1696,0.232509713056118
evm.TU.Ap9.1699,-0.244537579096836
evm.TU.Ap9.170,0.402352263097309
evm.TU.Ap9.1700,-0.078622361281721
evm.TU.Ap9.1705,-0.243489950872099
evm.TU.Ap9.171,0.168864937799957
evm.TU.Ap9.1710,0.0467960467511346
evm.TU.Ap9.1711,0.278367548945958
evm.TU.Ap9.1712,-0.208727040343247
evm.TU.Ap9.1715,-0.0199748300404215
evm.TU.Ap9.172,0.427320753760346
evm.TU.Ap9.1726,-0.191872054344142
evm.TU.Ap9.1744,-0.239955544173128
evm.TU.Ap9.1745,-0.267903976428544
evm.TU.Ap9.1747,-0.399459714557637
evm.TU.Ap9.1750,-0.0263851103989048
evm.TU.Ap9.1753,-0.0372417140571292
evm.TU.Ap9.1756,-0.254996090984385
evm.TU.Ap9.1757,-0.262795223484717
evm.TU.Ap9.176,0.283501400264527
evm.TU.Ap9.1760,-0.125206194295633
evm.TU.Ap9.1771,0.277560483089529
evm.TU.Ap9.1791,0.260480417376013
evm.TU.Ap9.1795,-0.164299126252876
evm.TU.Ap9.18,0.00235100061045508
evm.TU.Ap9.180,0.316141674563334
evm.TU.Ap9.1807,0.436536453266938
evm.TU.Ap9.1808,0.0803416646732086
evm.TU.Ap9.1809,-0.0225332579892462
evm.TU.Ap9.1810,0.00974238098238039
evm.TU.Ap9.1823,0.351199782180455
evm.TU.Ap9.1824,-0.139275896440996
evm.TU.Ap9.184,0.134288904448666
evm.TU.Ap9.1841,-0.324727506748264
evm.TU.Ap9.1842,-0.198125357591034
evm.TU.Ap9.1844,0.215480515836083
evm.TU.Ap9.1845,0.0616885896926987
evm.TU.Ap9.185,0.251105556808916
evm.TU.Ap9.189,0.108280505457752
evm.TU.Ap9.1899,-0.113980508804941
evm.TU.Ap9.1902,0.00240776683267727
evm.TU.Ap9.1905,0.0834591267526778
evm.TU.Ap9.1906,-0.390631478526255
evm.TU.Ap9.1908,-0.404421819260599
evm.TU.Ap9.191,0.194083504341998
evm.TU.Ap9.1910,0.228822211757705
evm.TU.Ap9.1911,-0.145353915411912
evm.TU.Ap9.1914,-0.204146736191924
evm.TU.Ap9.192,-0.177506949327453
evm.TU.Ap9.1924,0.182955757245556
evm.TU.Ap9.1927,-0.139520268446294
evm.TU.Ap9.193,0.088160476804597
evm.TU.Ap9.1930,-0.0511722794057794
evm.TU.Ap9.1931,0.131586376090106
evm.TU.Ap9.1939,-0.186900495870754
evm.TU.Ap9.1942,0.237032025225457
evm.TU.Ap9.195,0.133161486567329
evm.TU.Ap9.196,-0.308187502759349
evm.TU.Ap9.1963,0.289389434116787
evm.TU.Ap9.1964,0.315576777812841
evm.TU.Ap9.1965,0.660355488544682
evm.TU.Ap9.1966,0.17513015509217
evm.TU.Ap9.197,0.389584176276241
evm.TU.Ap9.198,-0.100009808079285
evm.TU.Ap9.1990,-0.00130993044580132
evm.TU.Ap9.20,0.186116368403911
evm.TU.Ap9.202,0.207769927287277
evm.TU.Ap9.2033,-0.0221622891800388
evm.TU.Ap9.2047,0.187313311624732
evm.TU.Ap9.2056,-0.215049579987047
evm.TU.Ap9.2069,0.0295667011391067
evm.TU.Ap9.207,-0.141147621112889
evm.TU.Ap9.209,-0.314950159271553
evm.TU.Ap9.210,0.129293629528441
evm.TU.Ap9.2110,0.0784408279978878
evm.TU.Ap9.2115,0.492589214371294
evm.TU.Ap9.2116,0.247290976845592
evm.TU.Ap9.2117,-0.0209320809190586
evm.TU.Ap9.2118,-0.0793881924353442
evm.TU.Ap9.212,0.0128683298495863
evm.TU.Ap9.2121,-0.398285466549131
evm.TU.Ap9.2127,0.0455271914113665
evm.TU.Ap9.2128,-0.0666550402841654
evm.TU.Ap9.213,-0.33473605982508
evm.TU.Ap9.2131,0.210836358078694
evm.TU.Ap9.214,-0.408882127300265
evm.TU.Ap9.2148,-0.00280232299541749
evm.TU.Ap9.2149,0.0699595622162697
evm.TU.Ap9.2150,-0.210068789400579
evm.TU.Ap9.2151,-0.0998652795009758
evm.TU.Ap9.2153,-0.132345314289922
evm.TU.Ap9.2154,-0.0629018561725894
evm.TU.Ap9.2157,-0.172566489058356
evm.TU.Ap9.2158,0.0159146901108289
evm.TU.Ap9.2166,0.214845051507183
evm.TU.Ap9.2168,-0.134071330189063
evm.TU.Ap9.2172,-0.472434165731997
evm.TU.Ap9.2175,0.17629678488099
evm.TU.Ap9.2176,-0.0987893004310138
evm.TU.Ap9.218,-0.0582678092903806
evm.TU.Ap9.2185,0.0720315164109858
evm.TU.Ap9.2188,-0.0639605887002143
evm.TU.Ap9.219,0.372737627069135
evm.TU.Ap9.2192,0.0540199662384308
evm.TU.Ap9.2193,0.377519270450338
evm.TU.Ap9.2194,0.743126381115042
evm.TU.Ap9.22,-0.0102844200339356
evm.TU.Ap9.2200,-0.044593832779661
evm.TU.Ap9.2202,-0.398784636786996
evm.TU.Ap9.2204,0.348212296249494
evm.TU.Ap9.2205,0.140123836773264
evm.TU.Ap9.2206,-0.11698773744588
evm.TU.Ap9.2209,0.104701590828027
evm.TU.Ap9.2214,-0.296635995037579
evm.TU.Ap9.2218,-0.245037515818589
evm.TU.Ap9.2225,-0.285293138309542
evm.TU.Ap9.2233,-0.264068974319181
evm.TU.Ap9.2234,-0.185056650840848
evm.TU.Ap9.2235,0.149760544059677
evm.TU.Ap9.2238,0.286776477866507
evm.TU.Ap9.2240,-0.331227553713317
evm.TU.Ap9.2246,-0.24283015864059
evm.TU.Ap9.2251,0.134160550515922
evm.TU.Ap9.2253,-0.115992769456189
evm.TU.Ap9.2254,-0.188906566824968
evm.TU.Ap9.2256,0.203513795523731
evm.TU.Ap9.2258,0.139580307968719
evm.TU.Ap9.2259,-0.118242736204772
evm.TU.Ap9.2260,-0.10188985050846
evm.TU.Ap9.2266,-0.107996735267242
evm.TU.Ap9.2268,0.227799031055285
evm.TU.Ap9.2269,0.147502514377993
evm.TU.Ap9.2292,-0.308667335014419
evm.TU.Ap9.2307,-0.156960208469324
evm.TU.Ap9.2315,-0.264194525648742
evm.TU.Ap9.2318,0.133989735324036
evm.TU.Ap9.2321,-0.171744349768532
evm.TU.Ap9.2324,-0.113099649581083
evm.TU.Ap9.233,0.086885992891556
evm.TU.Ap9.2335,-0.418405425367801
evm.TU.Ap9.2336,-0.432144325261167
evm.TU.Ap9.2343,0.108716311024678
evm.TU.Ap9.2344,-0.393187799406121
evm.TU.Ap9.2349,-0.0571884126760144
evm.TU.Ap9.2350,-0.235440559354597
evm.TU.Ap9.2353,0.000457801482993988
evm.TU.Ap9.2354,-0.154376132268164
evm.TU.Ap9.2355,0.0672159832571899
evm.TU.Ap9.2356,-0.414818762083568
evm.TU.Ap9.2357,-0.101735842699451
evm.TU.Ap9.2358,-0.536964301405895
evm.TU.Ap9.2361,0.492798756383381
evm.TU.Ap9.2388,-0.0219310899711022
evm.TU.Ap9.2389,-0.425798298078814
evm.TU.Ap9.2390,-0.399768414070051
evm.TU.Ap9.2392,0.334647659756456
evm.TU.Ap9.2396,0.228328616431672
evm.TU.Ap9.2397,0.207164014800524
evm.TU.Ap9.2401,0.0763353808858114
evm.TU.Ap9.2405,-0.0361299564398745
evm.TU.Ap9.2406_evm.TU.Ap9.2407,-0.0544673272209546
evm.TU.Ap9.2408,-0.447133951367341
evm.TU.Ap9.2411,0.0372599597741712
evm.TU.Ap9.2412,-0.108575760034137
evm.TU.Ap9.2414,-0.596667520540171
evm.TU.Ap9.2421,-0.258959224505734
evm.TU.Ap9.2422,-0.0740958214249443
evm.TU.Ap9.2424,0.0241683979935965
evm.TU.Ap9.2432,0.108804363814085
evm.TU.Ap9.2440,0.0886580938663606
evm.TU.Ap9.2443,-0.145104603837355
evm.TU.Ap9.245,-0.120148828805116
evm.TU.Ap9.2451,0.195047086389422
evm.TU.Ap9.2454,0.348550126859801
evm.TU.Ap9.2455,0.27940185339051
evm.TU.Ap9.2456,0.148071632464232
evm.TU.Ap9.2457,0.00105617406468163
evm.TU.Ap9.2458,-0.0771613126130869
evm.TU.Ap9.2459,-0.0801207803663683
evm.TU.Ap9.246,0.159396414895962
evm.TU.Ap9.2463,-0.255318845598185
evm.TU.Ap9.2467,-0.0580870042411274
evm.TU.Ap9.2469,-0.243652243934747
evm.TU.Ap9.2473,-0.360066533995957
evm.TU.Ap9.2474,-0.164684857344474
evm.TU.Ap9.2477,-0.314742808960462
evm.TU.Ap9.2482,0.00857890203929171
evm.TU.Ap9.2483,-0.398030686842633
evm.TU.Ap9.2485,-0.0101566204039344
evm.TU.Ap9.2486,-0.0964977072497936
evm.TU.Ap9.2487,-0.228931804696917
evm.TU.Ap9.2488,-0.153400539429369
evm.TU.Ap9.2489,0.00122745303944647
evm.TU.Ap9.2491,0.113446085589877
evm.TU.Ap9.2493,0.347923954627958
evm.TU.Ap9.2494,-0.061409497139852
evm.TU.Ap9.2496,0.167485749966361
evm.TU.Ap9.2497,0.0619972093729782
evm.TU.Ap9.2498,-0.141857406836034
evm.TU.Ap9.2501,0.165827402411455
evm.TU.Ap9.2502,-0.274529908626745
evm.TU.Ap9.2503,0.219687202070762
evm.TU.Ap9.2506,-0.262684347533582
evm.TU.Ap9.2510,-0.194633218854556
evm.TU.Ap9.2512,0.197154886695834
evm.TU.Ap9.2525,-0.159356647768627
evm.TU.Ap9.2529,0.451202942545757
evm.TU.Ap9.2530,-0.0148934900367399
evm.TU.Ap9.2531,0.0366352897911155
evm.TU.Ap9.2532,-0.261945226736624
evm.TU.Ap9.2545,-0.255048430985661
evm.TU.Ap9.2552,-0.083337243601531
evm.TU.Ap9.2553,-0.0876549705419006
evm.TU.Ap9.2554,0.0135300100629971
evm.TU.Ap9.2556_evm.TU.Ap9.2557,-0.222126797632811
evm.TU.Ap9.2558,-0.0248812424854136
evm.TU.Ap9.256,0.561634213714556
evm.TU.Ap9.2561,-0.192693918656642
evm.TU.Ap9.257,0.680175058356446
evm.TU.Ap9.2575_evm.TU.Ap9.2576,0.277255269977141
evm.TU.Ap9.2577,0.0612925235252346
evm.TU.Ap9.258,0.334058955383197
evm.TU.Ap9.2586,-0.0652328150958675
evm.TU.Ap9.2589,-0.305538157357249
evm.TU.Ap9.259,0.839635141555087
evm.TU.Ap9.2597,0.173631836067761
evm.TU.Ap9.2598,0.281742635135671
evm.TU.Ap9.2602,0.141505509113341
evm.TU.Ap9.2603,-0.331572890556668
evm.TU.Ap9.2612,-0.184331969192754
evm.TU.Ap9.2613,0.0131474786222472
evm.TU.Ap9.2616,0.240259867152562
evm.TU.Ap9.2622,-0.142517356324808
evm.TU.Ap9.2623,0.0249540603302994
evm.TU.Ap9.2624,0.140599669125017
evm.TU.Ap9.2628,0.104841180479627
evm.TU.Ap9.263,-0.254773358710362
evm.TU.Ap9.2630,-0.0920167765562506
evm.TU.Ap9.2636,-0.0511041306530635
evm.TU.Ap9.2637,-0.170561941214701
evm.TU.Ap9.2638,0.0614621938147111
evm.TU.Ap9.2639,-0.0959770866704573
evm.TU.Ap9.2645,-0.00883325369383527
evm.TU.Ap9.2647,0.224199606865971
evm.TU.Ap9.265,0.0507128211807147
evm.TU.Ap9.2651,0.457598457907204
evm.TU.Ap9.2655,0.217260163259554
evm.TU.Ap9.2656,0.117391843910474
evm.TU.Ap9.2659,-0.157785730160459
evm.TU.Ap9.2660,-0.302419420205639
evm.TU.Ap9.2661,-0.283419937207145
evm.TU.Ap9.2662,-0.115773401340986
evm.TU.Ap9.2664,-0.221685080157395
evm.TU.Ap9.2665,-0.421473678363177
evm.TU.Ap9.2671,-0.334224084698711
evm.TU.Ap9.2672,-0.177623234200098
evm.TU.Ap9.2675,0.22249916846314
evm.TU.Ap9.2680,-0.0426014864564456
evm.TU.Ap9.2681,0.0265767050949255
evm.TU.Ap9.2687,-0.0694437354076234
evm.TU.Ap9.2696,0.0449416421989024
evm.TU.Ap9.27,0.295286314494542
evm.TU.Ap9.2720,-0.00223962063424018
evm.TU.Ap9.2730,0.187531045423577
evm.TU.Ap9.2731,0.0524719950612263
evm.TU.Ap9.2734,0.248402926923177
evm.TU.Ap9.2735,-0.40159812446095
evm.TU.Ap9.2739,0.074838812074324
evm.TU.Ap9.2740,-0.25844131378067
evm.TU.Ap9.2741,0.104774292566342
evm.TU.Ap9.2743,0.0153088653783642
evm.TU.Ap9.2748,0.123967118527807
evm.TU.Ap9.2750,0.123546671268656
evm.TU.Ap9.2751,0.471958076121766
evm.TU.Ap9.2752,0.00945076275070407
evm.TU.Ap9.2753,0.0426184754641723
evm.TU.Ap9.2754,0.274433259799589
evm.TU.Ap9.2757,-0.11880958098624
evm.TU.Ap9.2758,-0.411925420982877
evm.TU.Ap9.2759,0.262903784496387
evm.TU.Ap9.276,0.494588949084601
evm.TU.Ap9.2760,0.0475506821953761
evm.TU.Ap9.2761,-0.0850302166792788
evm.TU.Ap9.2765,-0.202352461334029
evm.TU.Ap9.2769,0.158711887820274
evm.TU.Ap9.277,0.524268318877327
evm.TU.Ap9.2770,0.142576750763323
evm.TU.Ap9.2772,-0.0945746792092791
evm.TU.Ap9.280,0.777268121414332
evm.TU.Ap9.284,0.657469166500609
evm.TU.Ap9.286,0.180854222074457
evm.TU.Ap9.287,-0.109197884404973
evm.TU.Ap9.288,-0.0284869649083487
evm.TU.Ap9.289,-0.323942986637605
evm.TU.Ap9.29,-0.124476473513945
evm.TU.Ap9.290,0.0612919841640621
evm.TU.Ap9.291_evm.TU.Ap9.295,0.0474592993228706
evm.TU.Ap9.296,0.205067799952055
evm.TU.Ap9.308,-0.176767718664689
evm.TU.Ap9.309,0.17363690811569
evm.TU.Ap9.31,-0.151171776826233
evm.TU.Ap9.310,0.0927291773923067
evm.TU.Ap9.311,0.125248593411583
evm.TU.Ap9.314,-0.312932231524001
evm.TU.Ap9.318,-0.20100433477847
evm.TU.Ap9.319,-0.0532597988880041
evm.TU.Ap9.32,-0.353014608398394
evm.TU.Ap9.322,-0.287518307450322
evm.TU.Ap9.324,0.280995306507585
evm.TU.Ap9.325,-0.0511843684329475
evm.TU.Ap9.326,-0.264764427603547
evm.TU.Ap9.37,-0.169809214608213
evm.TU.Ap9.382,-0.157765449157726
evm.TU.Ap9.384,-0.221161474206001
evm.TU.Ap9.388_evm.TU.Ap9.390,0.0127102666560341
evm.TU.Ap9.392,-0.29152902499058
evm.TU.Ap9.399,-0.544196474588072
evm.TU.Ap9.4,0.196743763091666
evm.TU.Ap9.400,-0.418684943198921
evm.TU.Ap9.401,-0.142454446472487
evm.TU.Ap9.402,-0.33686192339165
evm.TU.Ap9.403,-0.182059429266387
evm.TU.Ap9.408,-0.21504159355765
evm.TU.Ap9.41,0.0850914645313222
evm.TU.Ap9.414,-0.184701636032923
evm.TU.Ap9.438,-0.197115816325364
evm.TU.Ap9.466,0.400341611273945
evm.TU.Ap9.473,0.179488009501131
evm.TU.Ap9.493,-0.117011521485417
evm.TU.Ap9.495,0.0971559466330666
evm.TU.Ap9.496,-0.0422669501973578
evm.TU.Ap9.5,-0.0508947046125426
evm.TU.Ap9.501,-0.184126330410836
evm.TU.Ap9.503,-0.0518166074698627
evm.TU.Ap9.505,-0.243969931608327
evm.TU.Ap9.506,0.12775117260569
evm.TU.Ap9.535,0.267253061363193
evm.TU.Ap9.538,-0.344337493212906
evm.TU.Ap9.540,-0.0412684013467377
evm.TU.Ap9.541,0.0527205563400491
evm.TU.Ap9.542,0.059226297531187
evm.TU.Ap9.566,-0.124601502146418
evm.TU.Ap9.569,-0.0237080911065276
evm.TU.Ap9.57,-0.152640500557131
evm.TU.Ap9.570_evm.TU.Ap9.571,0.0257882875387355
evm.TU.Ap9.58,-0.22696299472206
evm.TU.Ap9.597,0.050658388802184
evm.TU.Ap9.6,0.00720078818058058
evm.TU.Ap9.602,-0.135612601756339
evm.TU.Ap9.609,0.237947611174197
evm.TU.Ap9.612,0.154948096149801
evm.TU.Ap9.616,-0.121941212415112
evm.TU.Ap9.636,-0.0205211640780608
evm.TU.Ap9.645,0.10075629014824
evm.TU.Ap9.646,0.0770183901608756
evm.TU.Ap9.647,-0.00426223629495877
evm.TU.Ap9.67,-0.137458010888306
evm.TU.Ap9.68,-0.255131989097137
evm.TU.Ap9.69,-0.0414187994078756
evm.TU.Ap9.7,0.16214897712032
evm.TU.Ap9.70,-0.159622523326965
evm.TU.Ap9.71,-0.245459248722457
evm.TU.Ap9.714,-0.0361663701349646
evm.TU.Ap9.716,0.0620544563059687
evm.TU.Ap9.717,0.0591407009394355
evm.TU.Ap9.718,0.129516276860748
evm.TU.Ap9.719,0.153698148582884
evm.TU.Ap9.721,0.0638054217598535
evm.TU.Ap9.722,-0.279137675624282
evm.TU.Ap9.728,0.0709856805719291
evm.TU.Ap9.729,-0.239609924228988
evm.TU.Ap9.731,-0.142614743056898
evm.TU.Ap9.74,-0.393453592719826
evm.TU.Ap9.751,-0.219563506361192
evm.TU.Ap9.756,-0.115109170746533
evm.TU.Ap9.757,-0.134956937762217
evm.TU.Ap9.758,-0.246190195442001
evm.TU.Ap9.77,-0.188855531670791
evm.TU.Ap9.776,0.253212366309949
evm.TU.Ap9.781,-0.0565303499788672
evm.TU.Ap9.782,0.0456003394478577
evm.TU.Ap9.784,-0.0325201806595437
evm.TU.Ap9.79,-0.32384911699674
evm.TU.Ap9.790,-0.0584983181801706
evm.TU.Ap9.8,0.152512107675707
evm.TU.Ap9.805,-0.0775882629993433
evm.TU.Ap9.81,-0.124025388675295
evm.TU.Ap9.82,0.173656758170619
evm.TU.Ap9.823,-0.0126884980818153
evm.TU.Ap9.824,0.159729060017237
evm.TU.Ap9.826,-0.238208770715296
evm.TU.Ap9.83,0.00129489386071529
evm.TU.Ap9.836,-0.0622996439103723
evm.TU.Ap9.84,0.132885120512347
evm.TU.Ap9.841,-0.239995117199306
evm.TU.Ap9.842,-0.0117946707904393
evm.TU.Ap9.849,-0.162821831449543
evm.TU.Ap9.85,-0.244680010460662
evm.TU.Ap9.855,0.102640202287886
evm.TU.Ap9.856,-0.412649487460774
evm.TU.Ap9.857,-0.375230822124803
evm.TU.Ap9.880_evm.TU.Ap9.882,0.177204674573804
evm.TU.Ap9.883,-0.160300293112534
evm.TU.Ap9.885,-0.017866228633039
evm.TU.Ap9.888,0.412630421106965
evm.TU.Ap9.889,0.0911830069454772
evm.TU.Ap9.892,0.173758190798244
evm.TU.Ap9.906,-0.293107249283136
evm.TU.Ap9.91,0.098793302307292
evm.TU.Ap9.912,0.0197471044709515
evm.TU.Ap9.914,0.0120982244262274
evm.TU.Ap9.953,-0.322465141878855
evm.TU.Ap9.980,-0.00447318101962583
evm.TU.Ap9.981_evm.TU.Ap9.982,0.120662403099706
evm.TU.Ap9.99,-0.0435559342373495
evm.TU.Ap9.995,-0.22292889209852
