,kMEyellow
evm.TU.Ap1.1006,-0.35460238469212
evm.TU.Ap1.1014,0.733762159512415
evm.TU.Ap1.1015,0.297433155495666
evm.TU.Ap1.1019,-0.0468253811792923
evm.TU.Ap1.1023,-0.0231455697018329
evm.TU.Ap1.1025,-0.0607349225619108
evm.TU.Ap1.1033,-0.0545729459134591
evm.TU.Ap1.1034,-0.572468589216038
evm.TU.Ap1.1045,-0.516776841360315
evm.TU.Ap1.1047,-0.235772746095072
evm.TU.Ap1.1051,-0.192252566241151
evm.TU.Ap1.1052,-0.240403783011802
evm.TU.Ap1.1055,-0.032469089801316
evm.TU.Ap1.1059,-0.0917323925834967
evm.TU.Ap1.1061,0.016979286271945
evm.TU.Ap1.1062,0.0280960244672532
evm.TU.Ap1.1063,-0.0690830489086191
evm.TU.Ap1.1066,0.108745188160171
evm.TU.Ap1.107,0.262832327129413
evm.TU.Ap1.1071,-0.210557634927627
evm.TU.Ap1.1072,0.303745609311929
evm.TU.Ap1.1073,0.299110590163121
evm.TU.Ap1.108,0.0641081144588349
evm.TU.Ap1.1080,0.0212226844989076
evm.TU.Ap1.1085,-0.0505636246284835
evm.TU.Ap1.1086,-0.208660546033781
evm.TU.Ap1.109,-0.302035428960258
evm.TU.Ap1.1090,0.293741428597612
evm.TU.Ap1.1092,-0.0206257474835485
evm.TU.Ap1.1095,-0.251305555357564
evm.TU.Ap1.1096,-0.00823974410394067
evm.TU.Ap1.1099,0.3111893750275
evm.TU.Ap1.1109,0.00434377423610723
evm.TU.Ap1.1110,-0.193809072209103
evm.TU.Ap1.1111,-0.159229840695603
evm.TU.Ap1.1112,-0.135540866145515
evm.TU.Ap1.1113,0.399545542372194
evm.TU.Ap1.1115,-0.06314831994709
evm.TU.Ap1.1116,0.114075064055286
evm.TU.Ap1.1123,-0.266493272382142
evm.TU.Ap1.1132,-0.00198695931257004
evm.TU.Ap1.1133,-0.28646964568603
evm.TU.Ap1.1134,-0.264555862122625
evm.TU.Ap1.114,0.216394561087108
evm.TU.Ap1.1142,-0.343217523703249
evm.TU.Ap1.1143,-0.3709400359958
evm.TU.Ap1.1155,-0.0102257810607226
evm.TU.Ap1.1158,-0.526338385996868
evm.TU.Ap1.1159,-0.203473979521494
evm.TU.Ap1.116,-0.19403936243937
evm.TU.Ap1.1160,-0.350448447473646
evm.TU.Ap1.1161,0.431568254249307
evm.TU.Ap1.1162,0.163805451597825
evm.TU.Ap1.1163,-0.0593018369028852
evm.TU.Ap1.1164,-0.295219499909482
evm.TU.Ap1.1165,-0.119321150196414
evm.TU.Ap1.1166,-0.128304002935045
evm.TU.Ap1.1168,0.317162726941057
evm.TU.Ap1.1172,0.0964555245328563
evm.TU.Ap1.1173,0.0968164695019777
evm.TU.Ap1.1177,-0.309249412341034
evm.TU.Ap1.1188_evm.TU.Ap1.1190,-0.448443682043982
evm.TU.Ap1.1191,-0.0173237693724779
evm.TU.Ap1.1192,0.0985982302711556
evm.TU.Ap1.1194,0.720173031961935
evm.TU.Ap1.12,0.2851897927009
evm.TU.Ap1.120,0.0243680033352816
evm.TU.Ap1.1223,0.0133819133173325
evm.TU.Ap1.1245,-0.413501756510462
evm.TU.Ap1.1246,0.590212121702723
evm.TU.Ap1.1247,-0.537127795259829
evm.TU.Ap1.125,-0.114677592932841
evm.TU.Ap1.1255,-0.463110656582844
evm.TU.Ap1.1256,-0.544027155311122
evm.TU.Ap1.1258,-0.646320070156275
evm.TU.Ap1.1260,0.0918581269029838
evm.TU.Ap1.1264,-0.331421621655195
evm.TU.Ap1.1266,-0.266557122508061
evm.TU.Ap1.1267,-0.182396123609426
evm.TU.Ap1.1268,-0.250336183250869
evm.TU.Ap1.1269,0.0608320766515727
evm.TU.Ap1.1272,0.10231156896714
evm.TU.Ap1.1273,0.334400688776776
evm.TU.Ap1.1276,0.0951169607008059
evm.TU.Ap1.1277,-0.00594779433423916
evm.TU.Ap1.1284,-0.0422334536278044
evm.TU.Ap1.1285,0.146467533317901
evm.TU.Ap1.1292,-0.325052447798418
evm.TU.Ap1.1293,-0.435243763389077
evm.TU.Ap1.1295,-0.0251126824104587
evm.TU.Ap1.1296,0.0690004514322913
evm.TU.Ap1.1298,0.241344502079572
evm.TU.Ap1.1299,0.208626180743621
evm.TU.Ap1.13,0.563984742806829
evm.TU.Ap1.1306,-0.549621290719223
evm.TU.Ap1.1308,0.26150956135276
evm.TU.Ap1.1309,0.0303432513958762
evm.TU.Ap1.132,0.0100982285268465
evm.TU.Ap1.1337_evm.TU.Ap1.1336,-0.320137154013874
evm.TU.Ap1.134,0.0927061937281338
evm.TU.Ap1.1344,-0.0553597051291629
evm.TU.Ap1.1347,-0.141650011213641
evm.TU.Ap1.1356,-0.094812520800401
evm.TU.Ap1.1361,-0.343220764853959
evm.TU.Ap1.1363,-0.219163077198502
evm.TU.Ap1.1367,0.374426212051445
evm.TU.Ap1.1370,-0.0144312843202055
evm.TU.Ap1.1371,-0.0447855176977616
evm.TU.Ap1.1373,0.00643709288232644
evm.TU.Ap1.1374,-0.0314886564043758
evm.TU.Ap1.1375,0.120420930772884
evm.TU.Ap1.1376,-0.157918403695978
evm.TU.Ap1.1377,-0.24787055845837
evm.TU.Ap1.1378,0.29783090078069
evm.TU.Ap1.1379,0.0956891173056566
evm.TU.Ap1.1380,0.0247998411560002
evm.TU.Ap1.1381,-0.112331479415415
evm.TU.Ap1.1382,0.187390897197143
evm.TU.Ap1.1383,0.0128396855936842
evm.TU.Ap1.1385,0.0624126620466055
evm.TU.Ap1.1386,-0.17916865155785
evm.TU.Ap1.1387,0.130861942181382
evm.TU.Ap1.1388,-0.187298624868609
evm.TU.Ap1.1389,-0.388344231281166
evm.TU.Ap1.1391,0.355120418435281
evm.TU.Ap1.1393,-0.15794882886341
evm.TU.Ap1.1396,-0.251993177753052
evm.TU.Ap1.14,0.02385455732256
evm.TU.Ap1.140,-0.062433280544966
evm.TU.Ap1.1407,-0.276294966291306
evm.TU.Ap1.1410,-0.147436806529398
evm.TU.Ap1.1411,0.547146371493691
evm.TU.Ap1.1414,0.133735850230769
evm.TU.Ap1.1416,0.0904908694551017
evm.TU.Ap1.1417,-0.0727825925099876
evm.TU.Ap1.1419,0.599174364187197
evm.TU.Ap1.142,-0.292541617282359
evm.TU.Ap1.1421,-0.5771700036785
evm.TU.Ap1.143,-0.450133801737345
evm.TU.Ap1.1465,-0.109964252972396
evm.TU.Ap1.1466,0.0906846478577978
evm.TU.Ap1.1467,0.156884420243192
evm.TU.Ap1.1468,-0.382253801124392
evm.TU.Ap1.1470,0.305708276511747
evm.TU.Ap1.1471,0.606661183482223
evm.TU.Ap1.1472,0.00246012847154667
evm.TU.Ap1.1473,-0.235698305124699
evm.TU.Ap1.1474,0.0941669574703516
evm.TU.Ap1.1475,0.620682284259262
evm.TU.Ap1.1477,-0.0339519013910044
evm.TU.Ap1.1478,0.0633397543780196
evm.TU.Ap1.1479,0.284668294027518
evm.TU.Ap1.1480,0.0435594354548684
evm.TU.Ap1.1482,0.211654403081638
evm.TU.Ap1.1487,0.136164403104541
evm.TU.Ap1.1489,-0.0081581338366043
evm.TU.Ap1.1490,0.0631525367209333
evm.TU.Ap1.15,0.210509557145601
evm.TU.Ap1.1502,-0.452277730231169
evm.TU.Ap1.1503,0.408943351912233
evm.TU.Ap1.1504,0.0469329499326047
evm.TU.Ap1.1505,-0.199139376445349
evm.TU.Ap1.1506,0.207173057315694
evm.TU.Ap1.1507,0.283572633885467
evm.TU.Ap1.1508,0.588667880539643
evm.TU.Ap1.1509,0.320131196397289
evm.TU.Ap1.1510,0.358830214296569
evm.TU.Ap1.1517,0.465050777709857
evm.TU.Ap1.1521,-0.0910659904059033
evm.TU.Ap1.1522,0.034975070455433
evm.TU.Ap1.1525,0.0959570491472863
evm.TU.Ap1.1527,-0.041135238089323
evm.TU.Ap1.1529,-0.446681426297676
evm.TU.Ap1.1530,-0.0669870033312475
evm.TU.Ap1.1532,-0.0345572566379459
evm.TU.Ap1.1534,-0.0816883573877215
evm.TU.Ap1.1535,-0.138357736521834
evm.TU.Ap1.1538,0.226963986946195
evm.TU.Ap1.1540,0.392996874474612
evm.TU.Ap1.1541,0.187411224348533
evm.TU.Ap1.1545,-0.0795948987977205
evm.TU.Ap1.1547,-0.0177639857296493
evm.TU.Ap1.1563_evm.TU.Ap1.1548,0.0052757407569198
evm.TU.Ap1.1575,0.263850850084542
evm.TU.Ap1.1578,0.735721432371298
evm.TU.Ap1.1581,0.452918124171749
evm.TU.Ap1.1584,0.135823822445227
evm.TU.Ap1.1585,0.0133878820657202
evm.TU.Ap1.1587,0.000391388314144456
evm.TU.Ap1.1591,0.121452340751011
evm.TU.Ap1.1594,-0.121471207094893
evm.TU.Ap1.1597,0.0363257665210214
evm.TU.Ap1.1599,-0.109221518752556
evm.TU.Ap1.16,0.132915104403778
evm.TU.Ap1.1600,-0.458258151357016
evm.TU.Ap1.1602,0.0828930083701042
evm.TU.Ap1.1603,0.112153915454599
evm.TU.Ap1.1609,0.130608735831592
evm.TU.Ap1.1610,-0.00350103385094728
evm.TU.Ap1.1611,0.125208870233621
evm.TU.Ap1.1615,0.169409243619014
evm.TU.Ap1.1617,-0.58101567778447
evm.TU.Ap1.1619,0.0175866045641557
evm.TU.Ap1.1627,-0.13478946861006
evm.TU.Ap1.1629,0.0418690788966855
evm.TU.Ap1.1631,-0.0733028382341835
evm.TU.Ap1.1632,-0.246848518321027
evm.TU.Ap1.1633,0.104151259198889
evm.TU.Ap1.1641,-0.0872290514173298
evm.TU.Ap1.1642,-0.0457867166087421
evm.TU.Ap1.1646,0.158696374015133
evm.TU.Ap1.1652,-0.0989528372320695
evm.TU.Ap1.1654,0.232397045720139
evm.TU.Ap1.1657,-0.0699375624073057
evm.TU.Ap1.1659,-0.27175754431478
evm.TU.Ap1.1660,0.1847628031478
evm.TU.Ap1.1661,0.190882429254714
evm.TU.Ap1.1662,-0.0560823873513473
evm.TU.Ap1.1664,-0.193032323113799
evm.TU.Ap1.1667,0.12290724740239
evm.TU.Ap1.1668,0.0269687568550708
evm.TU.Ap1.1670,-0.0814637644583502
evm.TU.Ap1.1686,-0.211799397954499
evm.TU.Ap1.1688,-0.130260839536076
evm.TU.Ap1.1695,-0.327426517611268
evm.TU.Ap1.17,0.17722048543336
evm.TU.Ap1.1701,-0.356825383369039
evm.TU.Ap1.1704,0.149873957767761
evm.TU.Ap1.1705,0.0657945552114219
evm.TU.Ap1.1708,-0.209568520781794
evm.TU.Ap1.1710,-0.160318785784593
evm.TU.Ap1.1711,-0.37992982216071
evm.TU.Ap1.1712,-0.150999146485739
evm.TU.Ap1.1713,0.107670083586223
evm.TU.Ap1.1719,-0.325731297332218
evm.TU.Ap1.172,0.283358188258059
evm.TU.Ap1.1720,-0.28892407048488
evm.TU.Ap1.1723,-0.216681451421781
evm.TU.Ap1.173,0.204946440179837
evm.TU.Ap1.1738,-0.113204292964258
evm.TU.Ap1.1746,-0.373518812599458
evm.TU.Ap1.1747,0.118077452251873
evm.TU.Ap1.1748,-0.0436900714406523
evm.TU.Ap1.1749,-0.395673063659013
evm.TU.Ap1.175,0.174295303319052
evm.TU.Ap1.176,0.0425409939495293
evm.TU.Ap1.1762,-0.147679367831066
evm.TU.Ap1.1764,-0.270917364992179
evm.TU.Ap1.1785,0.495657792353422
evm.TU.Ap1.1787,0.322164561812161
evm.TU.Ap1.1792_evm.TU.Ap1.1793,-0.0761826509047058
evm.TU.Ap1.1794,-0.198116510361589
evm.TU.Ap1.18,0.0834561254751533
evm.TU.Ap1.1807,0.0256866195090238
evm.TU.Ap1.181,0.0870469686648477
evm.TU.Ap1.1810,0.0467456911018311
evm.TU.Ap1.1813,0.437496782360792
evm.TU.Ap1.1817,-0.223790169269226
evm.TU.Ap1.182,0.278033571659976
evm.TU.Ap1.1821,-0.391038324789872
evm.TU.Ap1.1828,-0.469165312790057
evm.TU.Ap1.1830,0.0871988203933914
evm.TU.Ap1.1832,-0.213803510615276
evm.TU.Ap1.1837,0.133028097758332
evm.TU.Ap1.1842,-0.0802207634149577
evm.TU.Ap1.1850,-0.148137212739286
evm.TU.Ap1.1854,-0.158802836560164
evm.TU.Ap1.1858,-0.0803996286837325
evm.TU.Ap1.186,-0.00172069695831781
evm.TU.Ap1.1862,-0.197081476261698
evm.TU.Ap1.1864,0.142351344071701
evm.TU.Ap1.1865,0.0257746764841363
evm.TU.Ap1.1869,-0.162109907588716
evm.TU.Ap1.1873,-0.213759162936549
evm.TU.Ap1.1874,-0.211085363147138
evm.TU.Ap1.1876,-0.460803304872526
evm.TU.Ap1.1878,0.0331279600246337
evm.TU.Ap1.1881,0.239972697368166
evm.TU.Ap1.1882,-0.28041325471012
evm.TU.Ap1.1883,0.0681873193764821
evm.TU.Ap1.189,-0.0898425399551439
evm.TU.Ap1.1898_evm.TU.Ap1.1897,-0.133320129689894
evm.TU.Ap1.1899,0.00824055821401274
evm.TU.Ap1.19,-0.530426650727793
evm.TU.Ap1.190,-0.00349429545136987
evm.TU.Ap1.1902,-0.176239734127148
evm.TU.Ap1.1903,-0.617042586462497
evm.TU.Ap1.1918,-0.0219180986872782
evm.TU.Ap1.1922,-0.0597422743793711
evm.TU.Ap1.1925,-0.112405894530205
evm.TU.Ap1.1928,-0.313399740886803
evm.TU.Ap1.1933_evm.TU.Ap1.1929_evm.TU.Ap1.1934,-0.32324308566086
evm.TU.Ap1.1946,-0.0571952976388735
evm.TU.Ap1.1948,0.128476784388234
evm.TU.Ap1.1954,0.412030611472686
evm.TU.Ap1.1959,-0.429505383608765
evm.TU.Ap1.1985,-0.15169555522985
evm.TU.Ap1.1986,-0.148456207833649
evm.TU.Ap1.1989,-0.283351792487988
evm.TU.Ap1.199,-0.0938251716406375
evm.TU.Ap1.1992,-0.0809068852936405
evm.TU.Ap1.1994,-0.138306109174863
evm.TU.Ap1.1995,0.10934182512978
evm.TU.Ap1.2003,-0.526416466092095
evm.TU.Ap1.2009,0.33549712095519
evm.TU.Ap1.2011,0.131956920116599
evm.TU.Ap1.2012,-0.0694566291604803
evm.TU.Ap1.2013,-0.109570606457076
evm.TU.Ap1.2014,-0.372707845495814
evm.TU.Ap1.2016,-0.286749235884807
evm.TU.Ap1.2020,-0.268747012032787
evm.TU.Ap1.2021,-0.241396278790264
evm.TU.Ap1.2022,-0.274213654874176
evm.TU.Ap1.2023,-0.407181266296272
evm.TU.Ap1.2024,0.136134697623671
evm.TU.Ap1.2025,-0.368212302746041
evm.TU.Ap1.2027,-0.0644471048296501
evm.TU.Ap1.2080,0.11566961831479
evm.TU.Ap1.21,-0.610738177110965
evm.TU.Ap1.2102,0.278802561883867
evm.TU.Ap1.2103,0.510522261289866
evm.TU.Ap1.2105,0.375196904812294
evm.TU.Ap1.2106,0.374011329399288
evm.TU.Ap1.2109,0.256053465258087
evm.TU.Ap1.2110,0.016002352980352
evm.TU.Ap1.2118,-0.00357585855371783
evm.TU.Ap1.2120,-0.132289946231073
evm.TU.Ap1.2121,0.0622460721476751
evm.TU.Ap1.2126,-0.270555727714787
evm.TU.Ap1.2127,-0.165944690485995
evm.TU.Ap1.2128,-0.416166102554496
evm.TU.Ap1.2141,-0.0707321595854781
evm.TU.Ap1.2150,0.363622857741092
evm.TU.Ap1.2155,-0.0631529541613427
evm.TU.Ap1.2156,-0.194429845000938
evm.TU.Ap1.2157,-0.0933512119123781
evm.TU.Ap1.2158,0.378617182820832
evm.TU.Ap1.2159,-0.0010521583848748
evm.TU.Ap1.2160,-0.499888911529036
evm.TU.Ap1.2166,-0.17150802277487
evm.TU.Ap1.2168,0.329546945081777
evm.TU.Ap1.2174,-0.0949969054041629
evm.TU.Ap1.2176,0.00965729564000911
evm.TU.Ap1.2177,-0.0120207216848757
evm.TU.Ap1.2178,0.101909137628611
evm.TU.Ap1.2179,0.36323476756981
evm.TU.Ap1.2180,-0.464529172778961
evm.TU.Ap1.2181,0.0169604106005317
evm.TU.Ap1.2184,-0.0831134562518294
evm.TU.Ap1.2186,-0.129353876849584
evm.TU.Ap1.2187,0.0513347281574134
evm.TU.Ap1.2193,-0.105511166706046
evm.TU.Ap1.2200,-0.224668734549839
evm.TU.Ap1.2201,-0.306195861378005
evm.TU.Ap1.2202,-0.295943578987308
evm.TU.Ap1.2204,-0.298962288865537
evm.TU.Ap1.2205,-0.221261442247478
evm.TU.Ap1.2206,-0.464630832593568
evm.TU.Ap1.2208,-0.446693777017794
evm.TU.Ap1.221,0.115230446929208
evm.TU.Ap1.2213,-0.0822569725366553
evm.TU.Ap1.2215,0.00841242328365448
evm.TU.Ap1.222,0.444928626738613
evm.TU.Ap1.223,-0.484270377972434
evm.TU.Ap1.2230,0.0991906880901685
evm.TU.Ap1.224,-0.0286381863408349
evm.TU.Ap1.2247,0.560415578587766
evm.TU.Ap1.2248,0.0486549838370841
evm.TU.Ap1.225,-0.263063107941859
evm.TU.Ap1.226,-0.368560136051141
evm.TU.Ap1.2264,-0.457553716267649
evm.TU.Ap1.2267,-0.0506068351247373
evm.TU.Ap1.2268,-0.465143931329748
evm.TU.Ap1.227,0.0567919166839653
evm.TU.Ap1.2272,-0.337266468123175
evm.TU.Ap1.2277,-0.0630800841327294
evm.TU.Ap1.2279,0.0179441964567804
evm.TU.Ap1.228,-0.286471088300524
evm.TU.Ap1.2280,-0.334162312257911
evm.TU.Ap1.2281,-0.192653539452191
evm.TU.Ap1.2282,-0.470546198182212
evm.TU.Ap1.2285,-0.0506106011113014
evm.TU.Ap1.2286,-0.189977432588329
evm.TU.Ap1.2287,-0.114219502842066
evm.TU.Ap1.2291,-0.223262254347838
evm.TU.Ap1.2300,-0.481107513243512
evm.TU.Ap1.2301,-0.313129505726471
evm.TU.Ap1.231,-0.013036603339994
evm.TU.Ap1.2316,-0.648062874557206
evm.TU.Ap1.2317,-0.351581523365603
evm.TU.Ap1.2318,-0.457924507251382
evm.TU.Ap1.2319,-0.475484903901666
evm.TU.Ap1.232,-0.137415695669922
evm.TU.Ap1.2320,-0.326302640705827
evm.TU.Ap1.2332,-0.558659363699088
evm.TU.Ap1.2339,-0.287116566086164
evm.TU.Ap1.234,-0.287207896771749
evm.TU.Ap1.2344,-0.278693096549437
evm.TU.Ap1.2348,-0.358624373547241
evm.TU.Ap1.2353,-0.292258320936847
evm.TU.Ap1.2354,-0.256256403578578
evm.TU.Ap1.2355,-0.193543746394025
evm.TU.Ap1.2356,-0.060524767765355
evm.TU.Ap1.2357,0.0813922148724895
evm.TU.Ap1.2360,0.42267392601685
evm.TU.Ap1.2362,-0.113599327143701
evm.TU.Ap1.2363,-0.182770054301632
evm.TU.Ap1.2364,-0.20548374600456
evm.TU.Ap1.2366,-0.166021581197327
evm.TU.Ap1.237,0.124727572679566
evm.TU.Ap1.2370,-0.112245248070997
evm.TU.Ap1.2375,-0.274985415596928
evm.TU.Ap1.2377,-0.277973392200478
evm.TU.Ap1.2378,-0.034368400895372
evm.TU.Ap1.2379,-0.117493185491233
evm.TU.Ap1.238,0.0175356962461634
evm.TU.Ap1.2388,0.395158089254263
evm.TU.Ap1.239,-0.173273586831732
evm.TU.Ap1.2390,-0.0913036795493398
evm.TU.Ap1.2394,0.493692033324587
evm.TU.Ap1.2395,-0.188552148887975
evm.TU.Ap1.2397,-0.067042700192086
evm.TU.Ap1.24,0.109947478996841
evm.TU.Ap1.240,-0.0482276845083946
evm.TU.Ap1.2423,-0.0529444815441606
evm.TU.Ap1.2451,-0.204429781098797
evm.TU.Ap1.2453,-0.0127019760155605
evm.TU.Ap1.2462,-0.20811047706359
evm.TU.Ap1.2471,-0.26545126418982
evm.TU.Ap1.2473,0.0061795144343517
evm.TU.Ap1.2486,0.0412750182808841
evm.TU.Ap1.2488,0.231139564728464
evm.TU.Ap1.2490,0.512522328462682
evm.TU.Ap1.2491,-0.172335284327701
evm.TU.Ap1.2495,0.110174130036966
evm.TU.Ap1.2496,0.0216510743528176
evm.TU.Ap1.2498,-0.348301551341879
evm.TU.Ap1.2500,-0.425393085792067
evm.TU.Ap1.2501,0.195461835399911
evm.TU.Ap1.2504,0.589595269983818
evm.TU.Ap1.2505,0.418958782662471
evm.TU.Ap1.2506,0.177519462218007
evm.TU.Ap1.2513,0.0971753187687732
evm.TU.Ap1.2514,-0.24708471565633
evm.TU.Ap1.2518,0.252582577422842
evm.TU.Ap1.2521,0.106475278365185
evm.TU.Ap1.2522,0.242079928329547
evm.TU.Ap1.2523,0.0502939251966604
evm.TU.Ap1.2524,-0.277985783145581
evm.TU.Ap1.2545,-0.648123560866877
evm.TU.Ap1.2546,0.324820200823789
evm.TU.Ap1.2548,0.186341433743779
evm.TU.Ap1.2549,0.095986340807549
evm.TU.Ap1.2550,-0.232446905442265
evm.TU.Ap1.2552,0.43007074054656
evm.TU.Ap1.2561,-0.116004947728616
evm.TU.Ap1.2567,-0.0802960547511479
evm.TU.Ap1.2571,0.136979194575185
evm.TU.Ap1.2572,0.503124662292227
evm.TU.Ap1.2574,0.314902917125553
evm.TU.Ap1.2575,0.164438292834302
evm.TU.Ap1.2582,0.468212755592412
evm.TU.Ap1.2584,0.00205758381683798
evm.TU.Ap1.2585,-0.159882231660773
evm.TU.Ap1.2593,-0.32726060683995
evm.TU.Ap1.2594,-0.177725149862037
evm.TU.Ap1.2595,0.0332338851326786
evm.TU.Ap1.2596,0.339466711747955
evm.TU.Ap1.2597,0.527269212099403
evm.TU.Ap1.26,0.164628587396272
evm.TU.Ap1.2607,-0.141082900060893
evm.TU.Ap1.2635,-0.103731582047202
evm.TU.Ap1.2636,-0.126554233581912
evm.TU.Ap1.2640,-0.250703065869893
evm.TU.Ap1.2641,0.0950972059557433
evm.TU.Ap1.2643,-0.152422998932865
evm.TU.Ap1.2644,0.234713645116422
evm.TU.Ap1.2645,0.248952446596665
evm.TU.Ap1.2646,0.0881935467860277
evm.TU.Ap1.2647,-0.565706743784266
evm.TU.Ap1.2650,-0.0117498777299758
evm.TU.Ap1.2651,-0.283778724560771
evm.TU.Ap1.2652,-0.0339120692477721
evm.TU.Ap1.2653,0.375209463050618
evm.TU.Ap1.2656,0.410295320716208
evm.TU.Ap1.2658,-0.51001800324002
evm.TU.Ap1.2659,-0.0671007735361791
evm.TU.Ap1.2661,0.154855896146331
evm.TU.Ap1.2662,-0.0559653599605995
evm.TU.Ap1.2663,0.278735074243249
evm.TU.Ap1.2666,0.017244559344472
evm.TU.Ap1.2670,0.0496089238294798
evm.TU.Ap1.2672,-0.0883554406760089
evm.TU.Ap1.2673,-0.260701898899174
evm.TU.Ap1.2674,0.159510718547149
evm.TU.Ap1.2680,0.0852008043011032
evm.TU.Ap1.2681,0.150002159889543
evm.TU.Ap1.2684,0.165656188909621
evm.TU.Ap1.2686,0.0907066090774359
evm.TU.Ap1.2687,-0.0478796029510285
evm.TU.Ap1.2689,-0.0892339040336502
evm.TU.Ap1.2691,-0.177032409673798
evm.TU.Ap1.2692,0.000258772793218561
evm.TU.Ap1.2694,0.537019466115938
evm.TU.Ap1.2695,0.219789723507769
evm.TU.Ap1.2696,0.135460326952077
evm.TU.Ap1.2697,-0.194254678991384
evm.TU.Ap1.2698,-0.492789585380757
evm.TU.Ap1.2700,-0.379636071182193
evm.TU.Ap1.2702,0.049387708420773
evm.TU.Ap1.2704,-0.00496721229700524
evm.TU.Ap1.2705,-0.0707955441867263
evm.TU.Ap1.2707,-0.300045458257038
evm.TU.Ap1.2708,0.317312225272767
evm.TU.Ap1.2710,0.00350657418717623
evm.TU.Ap1.2712,-0.10991266568039
evm.TU.Ap1.2713,-0.329199345260205
evm.TU.Ap1.2714,0.017672067672292
evm.TU.Ap1.2715,0.0417783197912704
evm.TU.Ap1.2716,0.192347395130007
evm.TU.Ap1.2717,-0.0775759587640883
evm.TU.Ap1.2718,-0.0437804359540664
evm.TU.Ap1.2722,0.2299706012112
evm.TU.Ap1.2734,-0.065370803766062
evm.TU.Ap1.2735,0.507927851733387
evm.TU.Ap1.2736,-0.446421638109576
evm.TU.Ap1.2743,0.455860852597219
evm.TU.Ap1.2744,0.275822616834362
evm.TU.Ap1.2745,-0.21875037619193
evm.TU.Ap1.2748,0.0101666077992658
evm.TU.Ap1.2749,-0.0192094715276305
evm.TU.Ap1.2750,0.0603146579525863
evm.TU.Ap1.2753,-0.141555204643689
evm.TU.Ap1.2755,0.0209774008825028
evm.TU.Ap1.2757,-0.215329288014015
evm.TU.Ap1.2764,0.0246153030926045
evm.TU.Ap1.2771,0.45457914260454
evm.TU.Ap1.2779,-0.16088982295838
evm.TU.Ap1.278,0.519476231788876
evm.TU.Ap1.2781,-0.233683632789118
evm.TU.Ap1.2782,-0.556459809993575
evm.TU.Ap1.2784,-0.111617305499392
evm.TU.Ap1.2785,-0.0986633497756015
evm.TU.Ap1.2788,-0.0980519130500238
evm.TU.Ap1.2789,0.013708912911592
evm.TU.Ap1.279,0.445518393454329
evm.TU.Ap1.2790,-0.243802846951206
evm.TU.Ap1.2791,0.362040826556002
evm.TU.Ap1.2792,0.431625039475081
evm.TU.Ap1.2797,0.349452245056534
evm.TU.Ap1.2798,0.103857479029531
evm.TU.Ap1.280,-0.0248983926324097
evm.TU.Ap1.2800,0.052806649398924
evm.TU.Ap1.2808,0.257602637119941
evm.TU.Ap1.281,0.09773223837374
evm.TU.Ap1.2812,-0.344569651790048
evm.TU.Ap1.2813,-0.27133145796
evm.TU.Ap1.2814,0.0862837122098425
evm.TU.Ap1.2815,-0.144289428998179
evm.TU.Ap1.2819,0.082421838917201
evm.TU.Ap1.2820,0.143058931531324
evm.TU.Ap1.2821,-0.0649480589056004
evm.TU.Ap1.2829,0.182939437419164
evm.TU.Ap1.2830,-0.0391707315708181
evm.TU.Ap1.2831,0.0522272192598855
evm.TU.Ap1.2832,-0.081553492307426
evm.TU.Ap1.2834,-0.0814164730101041
evm.TU.Ap1.2835,0.172516643134081
evm.TU.Ap1.2836,0.145430499057142
evm.TU.Ap1.2837,0.0675857089136075
evm.TU.Ap1.2839,0.193944050111384
evm.TU.Ap1.2841,0.232074451898703
evm.TU.Ap1.2843,-0.10166926719672
evm.TU.Ap1.2847,-0.00109305217049361
evm.TU.Ap1.2848,0.0777771585723236
evm.TU.Ap1.2851,-0.18016976511174
evm.TU.Ap1.2864,-0.134320014501041
evm.TU.Ap1.2865,0.00731445202536003
evm.TU.Ap1.2869,-0.0908698607390503
evm.TU.Ap1.2870,-0.060508175902987
evm.TU.Ap1.2873,-0.0146934739026793
evm.TU.Ap1.2878,-0.206345895562103
evm.TU.Ap1.2884,-0.359969062901165
evm.TU.Ap1.2885,-0.236731542011357
evm.TU.Ap1.2892,-0.0837477625258837
evm.TU.Ap1.2893,-0.0957960540208047
evm.TU.Ap1.2894,0.00228520603099234
evm.TU.Ap1.2896,0.381159876706436
evm.TU.Ap1.2897,-0.166158846616748
evm.TU.Ap1.29,0.280847324704914
evm.TU.Ap1.290,0.0651270819404449
evm.TU.Ap1.2902,-0.0793497946529164
evm.TU.Ap1.2903,-0.0567263547112671
evm.TU.Ap1.2904,-0.187799471975801
evm.TU.Ap1.2911,0.274798317565295
evm.TU.Ap1.2913,0.0398456451669511
evm.TU.Ap1.2914,-0.0137612877400602
evm.TU.Ap1.2916,0.398847066893832
evm.TU.Ap1.2919,-0.405942515734788
evm.TU.Ap1.2922,0.0600192030272456
evm.TU.Ap1.2938,-0.169973834839259
evm.TU.Ap1.2939,-0.0663933099152632
evm.TU.Ap1.2948,0.0246248158068131
evm.TU.Ap1.2949,0.072402747712843
evm.TU.Ap1.2950,0.018198398081276
evm.TU.Ap1.2954,0.244720670637815
evm.TU.Ap1.2961,0.135240053258131
evm.TU.Ap1.2962,-0.0925078871851618
evm.TU.Ap1.2965,0.340242847607584
evm.TU.Ap1.2967,0.240458786214861
evm.TU.Ap1.2968,0.275196295077977
evm.TU.Ap1.2969,0.205578837360282
evm.TU.Ap1.2970,0.125956156458625
evm.TU.Ap1.2974,-0.232671073300493
evm.TU.Ap1.2975,0.21696824446418
evm.TU.Ap1.2977,0.0403420896124517
evm.TU.Ap1.2981,-0.407670691177686
evm.TU.Ap1.2984,-0.116513494815429
evm.TU.Ap1.2994,0.00158263509582799
evm.TU.Ap1.2997,-0.100098003019392
evm.TU.Ap1.2999,0.00860220638168764
evm.TU.Ap1.30,0.0018913174798923
evm.TU.Ap1.300,-0.0441096420189616
evm.TU.Ap1.3000,0.239747245510043
evm.TU.Ap1.3001,-0.101996971514793
evm.TU.Ap1.3002,0.029811816405582
evm.TU.Ap1.3003_evm.TU.Ap1.3004,0.0681149357627735
evm.TU.Ap1.3006,0.280890555590072
evm.TU.Ap1.3007,0.220649588208864
evm.TU.Ap1.3008,0.621228316786909
evm.TU.Ap1.3009,0.0189586378679457
evm.TU.Ap1.3010,2.53552232984346e-05
evm.TU.Ap1.3029,-0.0626193145623586
evm.TU.Ap1.3034,0.348511075954483
evm.TU.Ap1.3037,-0.36758840443928
evm.TU.Ap1.3048,-0.0794525214970922
evm.TU.Ap1.3052,-0.0504245761623999
evm.TU.Ap1.3059,-0.136076567024612
evm.TU.Ap1.3061,-0.414136806817287
evm.TU.Ap1.3062,-0.448781409085301
evm.TU.Ap1.3068,-0.072646096822229
evm.TU.Ap1.3070,-0.0272799828268661
evm.TU.Ap1.3086,0.268629420951089
evm.TU.Ap1.309,0.39319304747216
evm.TU.Ap1.3090,-0.107435884225017
evm.TU.Ap1.3097,-0.19169596494479
evm.TU.Ap1.3104,-0.19163257869414
evm.TU.Ap1.3115,0.382081774732936
evm.TU.Ap1.3116,0.313563027678972
evm.TU.Ap1.3125,0.311304968214487
evm.TU.Ap1.3126,-0.211531955499573
evm.TU.Ap1.3129,0.0693534099231995
evm.TU.Ap1.3132,-0.109380689546742
evm.TU.Ap1.3134,-0.474900944742434
evm.TU.Ap1.3135,0.228542702278774
evm.TU.Ap1.3141,-0.0111501278796077
evm.TU.Ap1.3142,-0.169683794417221
evm.TU.Ap1.3143,0.174188893645593
evm.TU.Ap1.3151,-0.372052852614721
evm.TU.Ap1.3152,0.453451620125552
evm.TU.Ap1.3160,-0.0110988632987296
evm.TU.Ap1.3162,0.397964823757829
evm.TU.Ap1.3163,0.0977513139036914
evm.TU.Ap1.3165_evm.TU.Ap1.3164,0.0633120275305505
evm.TU.Ap1.3175,0.152691542895796
evm.TU.Ap1.3188,-0.17278293370274
evm.TU.Ap1.3189,0.397255484674092
evm.TU.Ap1.3194,-0.337822216275713
evm.TU.Ap1.3195,0.0464628445984597
evm.TU.Ap1.3198,0.0579086812584357
evm.TU.Ap1.3199,-0.509842899640276
evm.TU.Ap1.3200,0.0336069820006831
evm.TU.Ap1.3217,0.132632724417272
evm.TU.Ap1.3218,-0.0954995582667634
evm.TU.Ap1.3220,-0.093986248363108
evm.TU.Ap1.3221,0.0993169971552346
evm.TU.Ap1.3225,-0.226042527220313
evm.TU.Ap1.3227,0.435396696477493
evm.TU.Ap1.3228,-0.217856998653646
evm.TU.Ap1.3230,0.198259081795061
evm.TU.Ap1.3232,-0.0576386936760863
evm.TU.Ap1.3236,-0.145098650395437
evm.TU.Ap1.3237,-0.113416059750775
evm.TU.Ap1.3238,0.56740472982201
evm.TU.Ap1.3239,-0.1873942098842
evm.TU.Ap1.3241,-0.178927143418294
evm.TU.Ap1.3246,-0.21922174117833
evm.TU.Ap1.3247,-0.0705681130320878
evm.TU.Ap1.3250,-0.0166953033494154
evm.TU.Ap1.3251,-0.315068252340508
evm.TU.Ap1.3252,-0.271252976944578
evm.TU.Ap1.3253,-0.10477928347285
evm.TU.Ap1.3258,0.251912393792124
evm.TU.Ap1.3260,0.142584468464521
evm.TU.Ap1.3266,-0.421321795416832
evm.TU.Ap1.3268,0.2918206078292
evm.TU.Ap1.3269,0.638700793864816
evm.TU.Ap1.3270,0.408232664391603
evm.TU.Ap1.3272,-0.26800149957398
evm.TU.Ap1.3273,0.097186273527084
evm.TU.Ap1.3274,-0.2340824240775
evm.TU.Ap1.3277,-0.14669238079913
evm.TU.Ap1.3278,-0.036429576611255
evm.TU.Ap1.3280,0.187855347240726
evm.TU.Ap1.3285,-0.434594918745993
evm.TU.Ap1.3293,-0.0956919173072288
evm.TU.Ap1.3294,0.0172489253157181
evm.TU.Ap1.3296,-0.247196781149726
evm.TU.Ap1.3297,0.191240069442488
evm.TU.Ap1.3298,-0.0776514199800042
evm.TU.Ap1.3300,0.045107100644284
evm.TU.Ap1.3308,-0.0477872049770981
evm.TU.Ap1.3310,-0.242628917061576
evm.TU.Ap1.3311,-0.295032116368812
evm.TU.Ap1.3313,-0.139134024387222
evm.TU.Ap1.3322,0.317587558131778
evm.TU.Ap1.3323,-0.130067410349255
evm.TU.Ap1.3325,-0.0129825909542439
evm.TU.Ap1.3328_evm.TU.Ap1.3330,-0.316631974262689
evm.TU.Ap1.3333,0.306408815777854
evm.TU.Ap1.3335,0.078639355365901
evm.TU.Ap1.3336,0.222680308830682
evm.TU.Ap1.3341,-0.146261373782632
evm.TU.Ap1.3342,-0.15199101306467
evm.TU.Ap1.3343,0.200573827787417
evm.TU.Ap1.3348,0.223232593567609
evm.TU.Ap1.3349,-0.107433571024558
evm.TU.Ap1.3352,-0.0841513252336362
evm.TU.Ap1.3354,0.556431233135926
evm.TU.Ap1.3356,-0.376771463226615
evm.TU.Ap1.3369,-0.412241025881487
evm.TU.Ap1.3370,0.0381856837750386
evm.TU.Ap1.3377,0.321707698864478
evm.TU.Ap1.3378,0.27452832583816
evm.TU.Ap1.3379,0.103499010919717
evm.TU.Ap1.3383,-0.205020308421954
evm.TU.Ap1.3384,-0.19646635810842
evm.TU.Ap1.3385,0.100204391390383
evm.TU.Ap1.3387,-0.172906141304107
evm.TU.Ap1.3388,-0.0656404674913683
evm.TU.Ap1.3389,0.180938710627635
evm.TU.Ap1.3394,0.638565416375036
evm.TU.Ap1.3397,0.394892157826609
evm.TU.Ap1.3399,-0.00791961945441097
evm.TU.Ap1.34,-0.188598009386672
evm.TU.Ap1.3411,-0.280751875080046
evm.TU.Ap1.3413,-0.349641677030193
evm.TU.Ap1.3414,-0.439327919437415
evm.TU.Ap1.3417,0.322616633421165
evm.TU.Ap1.3419,0.302783856910855
evm.TU.Ap1.342_evm.TU.Ap1.331,-0.187732828745119
evm.TU.Ap1.3420,0.191123232414429
evm.TU.Ap1.3421,0.138690429254392
evm.TU.Ap1.3422,0.0826857406228644
evm.TU.Ap1.3423,-0.0771982662296297
evm.TU.Ap1.3425,0.167508538130838
evm.TU.Ap1.3428,0.192488522276215
evm.TU.Ap1.3429,0.450163297941099
evm.TU.Ap1.343,-0.315208997620571
evm.TU.Ap1.3430,0.094232336728986
evm.TU.Ap1.3431,0.151650406651421
evm.TU.Ap1.3433,-0.0817799632529665
evm.TU.Ap1.3434,0.0896597198048122
evm.TU.Ap1.3437,-0.101319287191725
evm.TU.Ap1.3441,0.0370044725361956
evm.TU.Ap1.3442,-0.270874557674924
evm.TU.Ap1.3443,-0.179374703360714
evm.TU.Ap1.3444,0.150704297232573
evm.TU.Ap1.3445,-0.00735491734266164
evm.TU.Ap1.3447,0.237522789788216
evm.TU.Ap1.3448,0.49457765651899
evm.TU.Ap1.3449,-0.486286759696783
evm.TU.Ap1.3451,-0.320222301220557
evm.TU.Ap1.3453,-0.337932692458589
evm.TU.Ap1.3454,-0.132138215552993
evm.TU.Ap1.3463,0.00560253828588848
evm.TU.Ap1.3464,0.0725449284826977
evm.TU.Ap1.3468,0.123134510842412
evm.TU.Ap1.3474,-0.174533914474331
evm.TU.Ap1.3479,-0.230966705240349
evm.TU.Ap1.3482,0.342717007062228
evm.TU.Ap1.3486,0.11029854596633
evm.TU.Ap1.3487,-0.0826482343445109
evm.TU.Ap1.3488,0.244985101128712
evm.TU.Ap1.3489,-0.117939686205118
evm.TU.Ap1.3498,-0.199334258403026
evm.TU.Ap1.35,0.0407644404497587
evm.TU.Ap1.3500,-0.0728946953840801
evm.TU.Ap1.3502,-0.130341607245848
evm.TU.Ap1.3503,-0.129038720580888
evm.TU.Ap1.3505,-0.0978422705769251
evm.TU.Ap1.3506,0.338640663459176
evm.TU.Ap1.3507,-0.0911586831198345
evm.TU.Ap1.3508,-0.0927260809346263
evm.TU.Ap1.3509,-0.181192558312268
evm.TU.Ap1.3512,0.383149891636483
evm.TU.Ap1.3518,-0.295731321433172
evm.TU.Ap1.3527,0.0865804374818724
evm.TU.Ap1.3528,0.0453989891621132
evm.TU.Ap1.3529,-0.182857311287219
evm.TU.Ap1.3530,-0.265403164408555
evm.TU.Ap1.3532,0.23327376116254
evm.TU.Ap1.3534_evm.TU.Ap1.3541,0.0978465196427974
evm.TU.Ap1.3543,-0.0162801450520358
evm.TU.Ap1.3545,0.0855513131555135
evm.TU.Ap1.3546,0.0659864666237302
evm.TU.Ap1.3547,0.0248266411129207
evm.TU.Ap1.3548,-0.0905347419036652
evm.TU.Ap1.3556,-0.123668028911381
evm.TU.Ap1.3558,-0.249905044842376
evm.TU.Ap1.3559,-0.212685351916504
evm.TU.Ap1.3562,-0.302344633499045
evm.TU.Ap1.357,0.0401266431681877
evm.TU.Ap1.3579,0.0447039971209574
evm.TU.Ap1.358,0.505225259144367
evm.TU.Ap1.3580,0.0573212001862
evm.TU.Ap1.3583,-0.0567397509034854
evm.TU.Ap1.3584,0.0609127145437639
evm.TU.Ap1.3598,-0.209288018519241
evm.TU.Ap1.3599,-0.0539698209966399
evm.TU.Ap1.36,0.157174349423452
evm.TU.Ap1.3601,-0.344804530968466
evm.TU.Ap1.3603,-0.313952158989114
evm.TU.Ap1.3604,-0.266099748428639
evm.TU.Ap1.3605,-0.158059004061201
evm.TU.Ap1.3607,0.198977471650021
evm.TU.Ap1.3608,-0.28462498743706
evm.TU.Ap1.3610,-0.487166539002147
evm.TU.Ap1.3615,-0.249371914373517
evm.TU.Ap1.3616,-0.459369802337273
evm.TU.Ap1.3617,-0.0716653110958355
evm.TU.Ap1.3625,-0.270517025946763
evm.TU.Ap1.363_evm.TU.Ap1.361,0.0709641937723973
evm.TU.Ap1.3637,-0.337758267159976
evm.TU.Ap1.364,0.526562609369813
evm.TU.Ap1.3644,-0.48439809978636
evm.TU.Ap1.3647,0.191163837437481
evm.TU.Ap1.3649,-0.0783378130852012
evm.TU.Ap1.365,-0.415605012797562
evm.TU.Ap1.3650,0.183757322729872
evm.TU.Ap1.3651,0.0654938386884275
evm.TU.Ap1.3652,-0.0884111990489911
evm.TU.Ap1.3658,-0.421455590947551
evm.TU.Ap1.366,-0.284346115599009
evm.TU.Ap1.3660,-0.176692112620029
evm.TU.Ap1.3661,-0.360561157014252
evm.TU.Ap1.3663,-0.276702860259703
evm.TU.Ap1.3668,0.340643976542147
evm.TU.Ap1.3669,0.213132361649125
evm.TU.Ap1.3679,0.135359501168063
evm.TU.Ap1.368,0.0206626587510229
evm.TU.Ap1.3680,-0.381116167927369
evm.TU.Ap1.3681,0.0159883523311768
evm.TU.Ap1.37_evm.TU.Ap1.38,0.0863905275217351
evm.TU.Ap1.3700,0.212627245480208
evm.TU.Ap1.3701,-0.400880647046814
evm.TU.Ap1.3703,0.0304999122118436
evm.TU.Ap1.3704,0.0906487832179463
evm.TU.Ap1.3705,-0.216415363043372
evm.TU.Ap1.3706,-0.346474461117754
evm.TU.Ap1.3714,-0.0626870424722773
evm.TU.Ap1.372,0.182412217578565
evm.TU.Ap1.3720,-0.0973811814262408
evm.TU.Ap1.3723,0.166668869823727
evm.TU.Ap1.3724,-0.431132258303117
evm.TU.Ap1.3729,0.320387065790374
evm.TU.Ap1.373,0.133316591517025
evm.TU.Ap1.3730,-0.3405098304886
evm.TU.Ap1.3731,0.273148849328828
evm.TU.Ap1.3732,0.0976650290576814
evm.TU.Ap1.3734,-0.183578178189878
evm.TU.Ap1.3735,0.0890457366316343
evm.TU.Ap1.3741,0.353047488644768
evm.TU.Ap1.3742,-0.0535311872938102
evm.TU.Ap1.3749,-0.174563397918898
evm.TU.Ap1.3750,-0.363627639260278
evm.TU.Ap1.3751,-0.0989014828922274
evm.TU.Ap1.3755,0.20075778082447
evm.TU.Ap1.3756,-0.0477141453777112
evm.TU.Ap1.3757,-0.440634081065957
evm.TU.Ap1.3758,0.00270879373882728
evm.TU.Ap1.3759,-0.0840309192103412
evm.TU.Ap1.376,0.138967116099408
evm.TU.Ap1.3762,-0.12476862851025
evm.TU.Ap1.3764,-0.0921254114883913
evm.TU.Ap1.3765,-0.21812529480906
evm.TU.Ap1.3769,-0.14963302018996
evm.TU.Ap1.3770,-0.19177692537373
evm.TU.Ap1.3781,0.0891563287714641
evm.TU.Ap1.3789,0.256077394791062
evm.TU.Ap1.379,0.259690645899871
evm.TU.Ap1.3790,0.28058604104785
evm.TU.Ap1.3794,0.202300971037691
evm.TU.Ap1.3815,0.10640269423731
evm.TU.Ap1.3818_evm.TU.Ap1.3822_evm.TU.Ap1.3817,-0.0239318670975831
evm.TU.Ap1.3827,0.0918433351049879
evm.TU.Ap1.3830,0.146401390003149
evm.TU.Ap1.3831,0.34813085624331
evm.TU.Ap1.3833,0.105559564072191
evm.TU.Ap1.3844,-0.110379456586864
evm.TU.Ap1.3850,-0.228417100892834
evm.TU.Ap1.3859,-0.117555607101399
evm.TU.Ap1.3860,0.0676920710727811
evm.TU.Ap1.3861,-0.238219168458436
evm.TU.Ap1.3869,-0.0781737065513186
evm.TU.Ap1.387_evm.TU.Ap1.380,0.0759328668190853
evm.TU.Ap1.3871,-0.200637875481036
evm.TU.Ap1.3872,0.0612044130483355
evm.TU.Ap1.3874,0.0106984684801501
evm.TU.Ap1.3877,0.139970823107621
evm.TU.Ap1.3884,0.144708927633191
evm.TU.Ap1.3892,0.0656293848356615
evm.TU.Ap1.3896,0.218850250866638
evm.TU.Ap1.3897,0.189744949238754
evm.TU.Ap1.39,-0.119474883842632
evm.TU.Ap1.3932,0.281538028399801
evm.TU.Ap1.394,-0.393213804218517
evm.TU.Ap1.3976_evm.TU.Ap1.3979,-0.316537078670217
evm.TU.Ap1.3983,-0.257483954613095
evm.TU.Ap1.3990,0.09204724054253
evm.TU.Ap1.3998,0.13801431084471
evm.TU.Ap1.4010,-0.219197500729689
evm.TU.Ap1.4011,0.128952956236984
evm.TU.Ap1.4012,0.265661372583587
evm.TU.Ap1.4019,-0.246437592740188
evm.TU.Ap1.4020,0.424021816643159
evm.TU.Ap1.4021,0.18786846467006
evm.TU.Ap1.4023,-0.332527237396397
evm.TU.Ap1.4029,-0.0090833623346389
evm.TU.Ap1.403,0.141061824239339
evm.TU.Ap1.4034,-0.239408890802022
evm.TU.Ap1.4036,-0.0673989083825262
evm.TU.Ap1.4037,0.282745259548363
evm.TU.Ap1.4038,0.270116119066463
evm.TU.Ap1.4039,-0.0975422315057212
evm.TU.Ap1.4040,0.00484797855433386
evm.TU.Ap1.4044,-0.331402905982666
evm.TU.Ap1.4046,0.350123980750557
evm.TU.Ap1.4047,0.0267454662258046
evm.TU.Ap1.4050,-0.058344603555295
evm.TU.Ap1.4053,-0.323151662002318
evm.TU.Ap1.4054,-0.282913648242336
evm.TU.Ap1.4055,0.253004006387152
evm.TU.Ap1.4069,0.245155696110158
evm.TU.Ap1.4071,0.260092774290578
evm.TU.Ap1.4076,0.225994869000675
evm.TU.Ap1.4077,-0.13671931971038
evm.TU.Ap1.4079,0.295083595141933
evm.TU.Ap1.4080,0.0986467152053369
evm.TU.Ap1.4084,-0.239996190729682
evm.TU.Ap1.4090,0.0258164343909474
evm.TU.Ap1.4091_evm.TU.Ap1.4094,-0.641857480630842
evm.TU.Ap1.4096,0.099415223233945
evm.TU.Ap1.4098,0.323405110432053
evm.TU.Ap1.4110,-0.32561421758877
evm.TU.Ap1.4111,0.145841348068587
evm.TU.Ap1.4112,0.328748458340206
evm.TU.Ap1.4113,0.311484208292355
evm.TU.Ap1.4114,0.0938351519139908
evm.TU.Ap1.4118,-0.126291153545541
evm.TU.Ap1.4119,0.0889423929371903
evm.TU.Ap1.4132,0.101545527077899
evm.TU.Ap1.4134,-0.17685060024737
evm.TU.Ap1.4140,0.194060437312511
evm.TU.Ap1.4141,0.074367672398263
evm.TU.Ap1.4142,0.372545847727203
evm.TU.Ap1.4143,-0.23641424245026
evm.TU.Ap1.4144,-0.503375422138598
evm.TU.Ap1.4145,0.213141252434844
evm.TU.Ap1.4146,-0.0356746471498256
evm.TU.Ap1.4147,0.131748904617398
evm.TU.Ap1.4157,-0.434306834627785
evm.TU.Ap1.4161,-0.233143009164229
evm.TU.Ap1.4162_evm.TU.Ap1.4163,0.0713857764558516
evm.TU.Ap1.4164,-0.228653997463248
evm.TU.Ap1.4170,-0.175626342276307
evm.TU.Ap1.4173,0.649473164670145
evm.TU.Ap1.4174,-0.180394459090384
evm.TU.Ap1.4175,0.011285160404944
evm.TU.Ap1.4176,0.235415918651409
evm.TU.Ap1.4178,0.216411130401705
evm.TU.Ap1.4179,-0.17239875023194
evm.TU.Ap1.4180,-0.0482510352468505
evm.TU.Ap1.4182,0.657458993434053
evm.TU.Ap1.4183,-0.0599651294487813
evm.TU.Ap1.4184,0.800755821867098
evm.TU.Ap1.4190,-0.164205133943387
evm.TU.Ap1.4191,-0.422387746833539
evm.TU.Ap1.4195,-0.269910420298976
evm.TU.Ap1.422,0.204450624950924
evm.TU.Ap1.425,-0.0992458384789079
evm.TU.Ap1.429,0.470184676485174
evm.TU.Ap1.431,0.299888449226674
evm.TU.Ap1.437,0.112625312451842
evm.TU.Ap1.438,-0.369926266765038
evm.TU.Ap1.440,-0.110556395808808
evm.TU.Ap1.442,0.222215976851018
evm.TU.Ap1.444,-0.318597589727627
evm.TU.Ap1.445,0.293530603458052
evm.TU.Ap1.448,-0.151568505513865
evm.TU.Ap1.449,-0.197618856096686
evm.TU.Ap1.451,-0.260562253685508
evm.TU.Ap1.464,0.0565561645858259
evm.TU.Ap1.466,0.0357712321853512
evm.TU.Ap1.48,-0.64847981359168
evm.TU.Ap1.485,0.355992813467466
evm.TU.Ap1.487,0.258286273864019
evm.TU.Ap1.488,0.142920280134411
evm.TU.Ap1.489,0.50928589815687
evm.TU.Ap1.490,0.526924875593808
evm.TU.Ap1.497,0.167136604493281
evm.TU.Ap1.499,-0.0881902054172679
evm.TU.Ap1.501,0.17898008359184
evm.TU.Ap1.505,0.127309236668994
evm.TU.Ap1.508,0.0858586193645946
evm.TU.Ap1.509,-0.515406618030184
evm.TU.Ap1.51,0.737833560618577
evm.TU.Ap1.511,-0.0139121173525548
evm.TU.Ap1.512,-0.130677544283324
evm.TU.Ap1.514,-0.155795456424957
evm.TU.Ap1.515,-0.179302769023578
evm.TU.Ap1.52,0.0692556102000019
evm.TU.Ap1.524,0.338621465875718
evm.TU.Ap1.54,-0.242174820993634
evm.TU.Ap1.546,0.238217003766161
evm.TU.Ap1.547,0.170843286885648
evm.TU.Ap1.548,0.0513721731229469
evm.TU.Ap1.549,0.148930044269289
evm.TU.Ap1.55,-0.0573532718370084
evm.TU.Ap1.550,-0.088479287472233
evm.TU.Ap1.551,-0.235739175841018
evm.TU.Ap1.554,-0.238806159711942
evm.TU.Ap1.555,0.00476411098304225
evm.TU.Ap1.559,0.104480625522744
evm.TU.Ap1.562_evm.TU.Ap1.563,-0.255021340397966
evm.TU.Ap1.571,-0.377602326840953
evm.TU.Ap1.572,-0.21255055986426
evm.TU.Ap1.574,-0.10884068349545
evm.TU.Ap1.575,-0.516693060822331
evm.TU.Ap1.576,-0.00897374049416483
evm.TU.Ap1.577,-0.233959448797961
evm.TU.Ap1.578,-0.220728695393342
evm.TU.Ap1.587,0.318467836995419
evm.TU.Ap1.588,0.235393780500479
evm.TU.Ap1.589,0.121145835179093
evm.TU.Ap1.59,0.131633286112899
evm.TU.Ap1.590,0.250961981164661
evm.TU.Ap1.594,-0.200143850062095
evm.TU.Ap1.598,-0.12747126009726
evm.TU.Ap1.599,0.0804483394846198
evm.TU.Ap1.600,0.250204789378843
evm.TU.Ap1.603,-0.14321824363307
evm.TU.Ap1.604,0.0780855603431133
evm.TU.Ap1.605,-0.302776529327678
evm.TU.Ap1.607,-0.0199405982916281
evm.TU.Ap1.608,0.230637477066166
evm.TU.Ap1.609,0.0185751246945323
evm.TU.Ap1.61,-0.293697769405326
evm.TU.Ap1.612,-0.125580356691586
evm.TU.Ap1.613,-0.186754465533453
evm.TU.Ap1.629,0.03243236816313
evm.TU.Ap1.632,-0.543806912775046
evm.TU.Ap1.633,-0.114264663273083
evm.TU.Ap1.634,0.36637086028767
evm.TU.Ap1.635,0.297904813696551
evm.TU.Ap1.636,0.343124664757357
evm.TU.Ap1.637,-0.0239717520053271
evm.TU.Ap1.638,-0.191776482926044
evm.TU.Ap1.648,0.022355822572171
evm.TU.Ap1.654,-0.01978519547749
evm.TU.Ap1.655,-0.0421616499384321
evm.TU.Ap1.659,0.0103451868318471
evm.TU.Ap1.660,-0.0590036962374259
evm.TU.Ap1.665,0.0295124064336363
evm.TU.Ap1.667,-0.0919135021078463
evm.TU.Ap1.669,-0.378289348052201
evm.TU.Ap1.670,0.108557250483118
evm.TU.Ap1.672,-0.0707291913517184
evm.TU.Ap1.681,0.04413848632956
evm.TU.Ap1.683_evm.TU.Ap1.684,-0.0527432889412857
evm.TU.Ap1.688,-0.0407612783515273
evm.TU.Ap1.69,-0.325712247231865
evm.TU.Ap1.692,0.026472219330779
evm.TU.Ap1.70,0.0303202568088335
evm.TU.Ap1.701,0.000894282296270132
evm.TU.Ap1.712,-0.119570869661191
evm.TU.Ap1.72,-0.206731098336372
evm.TU.Ap1.720,0.0359762933536606
evm.TU.Ap1.722,0.0285527779221579
evm.TU.Ap1.726,-0.0565412475938824
evm.TU.Ap1.727,-0.0696050226087611
evm.TU.Ap1.728,-0.0616172762185564
evm.TU.Ap1.729,-0.195475007268111
evm.TU.Ap1.73,-0.273167477494771
evm.TU.Ap1.733,0.186330999080256
evm.TU.Ap1.736,-0.0538877187434381
evm.TU.Ap1.74,0.373912169720025
evm.TU.Ap1.745,-0.00651916405210307
evm.TU.Ap1.75,0.0655209322802417
evm.TU.Ap1.755,-0.310135453553047
evm.TU.Ap1.77,-0.344952118747943
evm.TU.Ap1.784,-0.288731389310734
evm.TU.Ap1.819,0.172082808827523
evm.TU.Ap1.82,-0.033843273477448
evm.TU.Ap1.821,0.19107674759285
evm.TU.Ap1.823,-0.0532954598839959
evm.TU.Ap1.829,0.106563446269432
evm.TU.Ap1.830,-0.0248928507068222
evm.TU.Ap1.833,-0.230299633969435
evm.TU.Ap1.841,-0.203628531988633
evm.TU.Ap1.842,-0.105488813784616
evm.TU.Ap1.844,-0.283271693841795
evm.TU.Ap1.847,-0.186476341936903
evm.TU.Ap1.849,-0.394642578870209
evm.TU.Ap1.850,-0.172485647300888
evm.TU.Ap1.851,-0.0788716606186142
evm.TU.Ap1.854,0.184493479959965
evm.TU.Ap1.86,0.200187297752093
evm.TU.Ap1.863,0.0285536563342712
evm.TU.Ap1.866,-0.194681746372061
evm.TU.Ap1.875,-0.221831899470489
evm.TU.Ap1.878,0.0186380454040615
evm.TU.Ap1.88,0.137680284556754
evm.TU.Ap1.885,0.00340972911264274
evm.TU.Ap1.886,0.252469858512604
evm.TU.Ap1.887,0.186102124635361
evm.TU.Ap1.890,0.28230518171634
evm.TU.Ap1.892,-0.17665721240563
evm.TU.Ap1.907,-0.116310224008317
evm.TU.Ap1.909,-0.0811743548312464
evm.TU.Ap1.91,0.166428452011833
evm.TU.Ap1.910,0.0212508417660904
evm.TU.Ap1.914,-0.0499841311341052
evm.TU.Ap1.92,0.198459599415764
evm.TU.Ap1.938,-0.205080910150225
evm.TU.Ap1.94,0.00777281708857962
evm.TU.Ap1.942,0.0748077455278128
evm.TU.Ap1.949,-0.162913401614463
evm.TU.Ap1.95,-0.0938742413401174
evm.TU.Ap1.951,-0.172646928367578
evm.TU.Ap1.953,-0.418135509017465
evm.TU.Ap1.957,0.175031089520638
evm.TU.Ap1.958,0.129735275824977
evm.TU.Ap1.959,0.28893407237929
evm.TU.Ap1.96,0.223658356922383
evm.TU.Ap1.961,0.00909616332144592
evm.TU.Ap1.965,0.239533832718617
evm.TU.Ap1.984,-0.0559580973072391
evm.TU.Ap1.991,-0.181168933380837
evm.TU.Ap10.1,0.35658850456587
evm.TU.Ap10.1005,-0.263128811799744
evm.TU.Ap10.102,0.0671522832707003
evm.TU.Ap10.1021,-0.226776377064305
evm.TU.Ap10.1023,-0.182608164151681
evm.TU.Ap10.1027,0.108367260033353
evm.TU.Ap10.1042,-0.0616860693267993
evm.TU.Ap10.1045,0.0140629012924943
evm.TU.Ap10.105,0.110966105897869
evm.TU.Ap10.1050,0.250450299645971
evm.TU.Ap10.1052,0.146163391986474
evm.TU.Ap10.1058,-0.345709043526609
evm.TU.Ap10.1059,-0.382676626619058
evm.TU.Ap10.1065,-0.167195223748411
evm.TU.Ap10.107,0.536651957672802
evm.TU.Ap10.1076,-0.49710051563134
evm.TU.Ap10.109,-0.340274651470048
evm.TU.Ap10.1095,0.279030046173375
evm.TU.Ap10.1101,-0.0380012212055904
evm.TU.Ap10.1103,0.146553813303891
evm.TU.Ap10.1124,-0.19664439509149
evm.TU.Ap10.113,0.426546406164098
evm.TU.Ap10.114,0.234331758322211
evm.TU.Ap10.115,-0.0335666365333148
evm.TU.Ap10.117,-0.446350235441336
evm.TU.Ap10.1175,-0.459508181554865
evm.TU.Ap10.1176,0.259798586161529
evm.TU.Ap10.1177,-0.114276963491152
evm.TU.Ap10.118,-0.146165388369343
evm.TU.Ap10.119,-0.161126925747762
evm.TU.Ap10.1191,0.267359646194251
evm.TU.Ap10.1194,-0.587293395293276
evm.TU.Ap10.1198,0.213215718973092
evm.TU.Ap10.1199,-0.12849759890376
evm.TU.Ap10.120,-0.241352202123311
evm.TU.Ap10.1202,0.0485653861608617
evm.TU.Ap10.1207,-0.132742338182126
evm.TU.Ap10.1210,0.250551171666976
evm.TU.Ap10.1217,0.0911152620559495
evm.TU.Ap10.1218,0.267439424798765
evm.TU.Ap10.122,0.0850978456943694
evm.TU.Ap10.1221,-0.0500945333343919
evm.TU.Ap10.1226,0.443950550389668
evm.TU.Ap10.1227,0.0970486257631418
evm.TU.Ap10.1270,0.0500503332170411
evm.TU.Ap10.1271,-0.0434727270763344
evm.TU.Ap10.1313,0.190908207960423
evm.TU.Ap10.1336,-0.277204542073263
evm.TU.Ap10.1337,-0.414456961142022
evm.TU.Ap10.1342,0.0909579065184376
evm.TU.Ap10.1343,0.451469332231304
evm.TU.Ap10.1376,-0.340709554126631
evm.TU.Ap10.1385,-0.174913417432787
evm.TU.Ap10.1394,-0.0481073186061583
evm.TU.Ap10.1444,0.0470115960994297
evm.TU.Ap10.1448,-0.269377179590988
evm.TU.Ap10.1458,0.0951279090438427
evm.TU.Ap10.1461,-0.111414291550401
evm.TU.Ap10.1462,-0.076435509422641
evm.TU.Ap10.1468,0.055279379768241
evm.TU.Ap10.1469,-0.055468891196021
evm.TU.Ap10.1470,0.025213713175606
evm.TU.Ap10.1483,-0.0602561143211909
evm.TU.Ap10.1484,-0.580934487399198
evm.TU.Ap10.1485,0.0357919883395559
evm.TU.Ap10.1486,-0.0348647056386671
evm.TU.Ap10.1487,-0.0472252504812415
evm.TU.Ap10.1491_evm.TU.Ap10.1502,0.245902056224566
evm.TU.Ap10.15,0.380418750417197
evm.TU.Ap10.1510,-0.252775377662326
evm.TU.Ap10.1530,0.131083400927818
evm.TU.Ap10.1557_evm.TU.Ap10.1544,-0.112269737868881
evm.TU.Ap10.1558,-0.236392656870327
evm.TU.Ap10.1562,0.0695000418935063
evm.TU.Ap10.1564,0.0322844656077528
evm.TU.Ap10.1571,-0.273757503020047
evm.TU.Ap10.1572,-0.216182713966829
evm.TU.Ap10.1573,-0.215503888524127
evm.TU.Ap10.1574,-0.23562780224879
evm.TU.Ap10.1575,-0.255466114980739
evm.TU.Ap10.1579,-0.302918480320097
evm.TU.Ap10.1580,-0.27834791911753
evm.TU.Ap10.1581,-0.125021364407017
evm.TU.Ap10.1583,-0.134864110461103
evm.TU.Ap10.1584,-0.199341771276339
evm.TU.Ap10.16,-0.408343659831301
evm.TU.Ap10.1609,0.205033931812714
evm.TU.Ap10.1610,0.102958409926682
evm.TU.Ap10.1611,0.0305402769668713
evm.TU.Ap10.1618,0.0743676452117838
evm.TU.Ap10.163,0.0796030554999933
evm.TU.Ap10.1630,-0.0657539626639786
evm.TU.Ap10.1634,-0.273011592259716
evm.TU.Ap10.1638,-0.111115088852762
evm.TU.Ap10.1639,0.164863745296985
evm.TU.Ap10.1640,0.0943398268123984
evm.TU.Ap10.1643,0.192896635956371
evm.TU.Ap10.1645,0.0218333357894612
evm.TU.Ap10.1647,0.0932497606213168
evm.TU.Ap10.1648,0.0166024976475218
evm.TU.Ap10.1649,0.144069264558286
evm.TU.Ap10.1659,0.0558210398544728
evm.TU.Ap10.167,0.126853053313102
evm.TU.Ap10.1674,-0.106262640291173
evm.TU.Ap10.1681,-0.206543487985218
evm.TU.Ap10.1684,-0.30031999272347
evm.TU.Ap10.1685,0.0370214754471169
evm.TU.Ap10.1689,-0.245494659260285
evm.TU.Ap10.1690,-0.141094116333736
evm.TU.Ap10.171,-0.340466288619589
evm.TU.Ap10.1720,-0.370744317176672
evm.TU.Ap10.1726_evm.TU.Ap10.1729,-0.290798891587492
evm.TU.Ap10.1738,-0.359098009815808
evm.TU.Ap10.1739,-0.160652442189292
evm.TU.Ap10.1741,-0.00132137646580111
evm.TU.Ap10.1742,-0.0169694676077051
evm.TU.Ap10.1744,0.0395343926406328
evm.TU.Ap10.1745,0.345256192332025
evm.TU.Ap10.1748,-0.258568929213418
evm.TU.Ap10.1752,-0.163652908996131
evm.TU.Ap10.1758,-0.178831667612005
evm.TU.Ap10.1759,0.0476430465176944
evm.TU.Ap10.1760,-0.34819984339768
evm.TU.Ap10.1762,-0.111334624666294
evm.TU.Ap10.1764,-0.482859543038608
evm.TU.Ap10.1767,-0.478205191184374
evm.TU.Ap10.1768,-0.566503188747521
evm.TU.Ap10.1776,-0.532674934236785
evm.TU.Ap10.1777,0.231877112494325
evm.TU.Ap10.1784,-0.235857295930218
evm.TU.Ap10.18,-0.366732183534569
evm.TU.Ap10.1802,0.262048530247198
evm.TU.Ap10.1808,-0.172335086188401
evm.TU.Ap10.1829,-0.0496641804985736
evm.TU.Ap10.1831,0.594718509948657
evm.TU.Ap10.1846,0.600605864884224
evm.TU.Ap10.1848,-0.00803691342606888
evm.TU.Ap10.1849,-0.256391925277404
evm.TU.Ap10.1851,0.0361122511394327
evm.TU.Ap10.1852,-0.060116543573525
evm.TU.Ap10.1856,0.222012232421324
evm.TU.Ap10.1858,-0.123727112805565
evm.TU.Ap10.1862,-0.664326155299499
evm.TU.Ap10.1869,-0.256646350447931
evm.TU.Ap10.1870,0.199003105529944
evm.TU.Ap10.1871,-0.122689611109631
evm.TU.Ap10.1873,0.116484423357757
evm.TU.Ap10.1874,0.0755636356566789
evm.TU.Ap10.1875,0.0579355846255246
evm.TU.Ap10.1878,-0.0156565973587715
evm.TU.Ap10.1879,-0.1418196579958
evm.TU.Ap10.1884,0.344351800839657
evm.TU.Ap10.19,-0.0780742752457407
evm.TU.Ap10.1910,0.399406481470291
evm.TU.Ap10.1911,0.0333746973615156
evm.TU.Ap10.1912,0.281578378848624
evm.TU.Ap10.1913,-0.118745809315826
evm.TU.Ap10.1914,0.00153399191574254
evm.TU.Ap10.1915,0.190810666478404
evm.TU.Ap10.1916,-0.210247595505263
evm.TU.Ap10.1924,0.575853232118408
evm.TU.Ap10.1925,0.633600749376189
evm.TU.Ap10.1926,-0.162560718013584
evm.TU.Ap10.1927,-0.597833943353972
evm.TU.Ap10.1930,0.0289981085238993
evm.TU.Ap10.1931,0.225798493378551
evm.TU.Ap10.1933,0.268776180422967
evm.TU.Ap10.1934,-0.266886892417236
evm.TU.Ap10.1936,0.356140387490148
evm.TU.Ap10.194,-0.0766487257283958
evm.TU.Ap10.1941,0.476220310869354
evm.TU.Ap10.1942,0.023123923513984
evm.TU.Ap10.1945,-0.130827978605402
evm.TU.Ap10.1946,0.102105298351613
evm.TU.Ap10.1948,0.357229087028995
evm.TU.Ap10.195,0.293774489106728
evm.TU.Ap10.1952,0.133960228780109
evm.TU.Ap10.1953,0.147543049616161
evm.TU.Ap10.1954,-0.59759981859137
evm.TU.Ap10.1956,0.160586718583468
evm.TU.Ap10.1958,-0.0250645110973691
evm.TU.Ap10.1959,0.307244587294487
evm.TU.Ap10.1960,0.113419081588129
evm.TU.Ap10.1961,0.184285067080498
evm.TU.Ap10.1962,-0.158479067696911
evm.TU.Ap10.1975,-0.105998138583774
evm.TU.Ap10.1976,0.0455979766455075
evm.TU.Ap10.198,-0.0483741904043959
evm.TU.Ap10.1986,-0.442458510942316
evm.TU.Ap10.1991,-0.432289153217685
evm.TU.Ap10.1992,0.382814603142083
evm.TU.Ap10.1994,0.212715965042467
evm.TU.Ap10.1995,0.107042516223685
evm.TU.Ap10.20,-0.200510407451576
evm.TU.Ap10.2005,0.242617381812682
evm.TU.Ap10.2006,0.503810524222998
evm.TU.Ap10.2007,0.0596578552884729
evm.TU.Ap10.201,-0.555403746542806
evm.TU.Ap10.2011,-0.370535517495715
evm.TU.Ap10.2017,-0.121420768446464
evm.TU.Ap10.2023,0.0216528429413775
evm.TU.Ap10.2024,-0.226318580720259
evm.TU.Ap10.203,-0.53344469055036
evm.TU.Ap10.2030,-0.171289788444663
evm.TU.Ap10.2038,-0.000156862612837181
evm.TU.Ap10.2042,-0.155377973432639
evm.TU.Ap10.2047,0.251895642371535
evm.TU.Ap10.2048,-0.191339204785714
evm.TU.Ap10.205,-0.43431791484114
evm.TU.Ap10.2050,-0.0462041212126348
evm.TU.Ap10.2051,0.0404330216970992
evm.TU.Ap10.2054,0.161493562030333
evm.TU.Ap10.2056,-0.0758853052561906
evm.TU.Ap10.2059,-0.104364364512524
evm.TU.Ap10.2060,-0.127126742046894
evm.TU.Ap10.2061,0.162754000706328
evm.TU.Ap10.2062,0.033064428930637
evm.TU.Ap10.2063,-0.103475416835318
evm.TU.Ap10.2067,-0.703037186821949
evm.TU.Ap10.2068,0.361010488116922
evm.TU.Ap10.2082,0.148768951991816
evm.TU.Ap10.2084,-0.40250028598614
evm.TU.Ap10.2088,0.0330963320781508
evm.TU.Ap10.2089,0.42362958494239
evm.TU.Ap10.2094,0.234435095147619
evm.TU.Ap10.2096,-0.277718467717811
evm.TU.Ap10.21_evm.TU.Ap10.22,-0.287434686314393
evm.TU.Ap10.212,0.182646854381564
evm.TU.Ap10.213,-0.0122918854480496
evm.TU.Ap10.214,0.0601862346531636
evm.TU.Ap10.215,0.0661755624472067
evm.TU.Ap10.216,0.0505076493524488
evm.TU.Ap10.217,0.0739790129535678
evm.TU.Ap10.218,0.174359735185458
evm.TU.Ap10.220,-0.218990393397568
evm.TU.Ap10.227,-0.0226600939956008
evm.TU.Ap10.231,0.0775793145630647
evm.TU.Ap10.232,0.412614158273719
evm.TU.Ap10.235,0.332020986256207
evm.TU.Ap10.249,0.496921491416758
evm.TU.Ap10.254,-0.205226933553514
evm.TU.Ap10.261,-0.253416432473378
evm.TU.Ap10.263,0.23944896308658
evm.TU.Ap10.266,0.218917464065649
evm.TU.Ap10.267,0.476498697378364
evm.TU.Ap10.269,0.0735589749894751
evm.TU.Ap10.28,-0.411813089867196
evm.TU.Ap10.281,-0.112823001671959
evm.TU.Ap10.289,0.114926077912421
evm.TU.Ap10.290,0.517628610830878
evm.TU.Ap10.291,0.504560819213797
evm.TU.Ap10.314,-0.0182488054564767
evm.TU.Ap10.315,0.0192832938489044
evm.TU.Ap10.318,0.584353737848216
evm.TU.Ap10.323,-0.300481460309178
evm.TU.Ap10.326,0.218028717734553
evm.TU.Ap10.327,0.125630388775004
evm.TU.Ap10.328,-0.43954183212257
evm.TU.Ap10.329,0.105207908335655
evm.TU.Ap10.331,-0.289181633136072
evm.TU.Ap10.332,-0.273250396669228
evm.TU.Ap10.333,-0.466789389053242
evm.TU.Ap10.344,0.296971465890923
evm.TU.Ap10.352,-0.171995810517099
evm.TU.Ap10.353,0.488082938695653
evm.TU.Ap10.358,-0.425641505871766
evm.TU.Ap10.36,-0.084146507100545
evm.TU.Ap10.375_evm.TU.Ap10.362,0.0855515786787116
evm.TU.Ap10.377,0.22257098385759
evm.TU.Ap10.378,-0.243839856770616
evm.TU.Ap10.380,-0.0585981857941566
evm.TU.Ap10.381,-0.0920118277788613
evm.TU.Ap10.383,0.166337084963133
evm.TU.Ap10.384,0.0229196152717681
evm.TU.Ap10.385,-0.140491641037414
evm.TU.Ap10.388,0.125770469858429
evm.TU.Ap10.393,0.120763076941742
evm.TU.Ap10.394,-0.120255320839741
evm.TU.Ap10.395,0.177065013773816
evm.TU.Ap10.396,-0.0417721513894746
evm.TU.Ap10.397,0.234910224982151
evm.TU.Ap10.398,-0.0376002681711494
evm.TU.Ap10.41,-0.0862650379312295
evm.TU.Ap10.411,0.175125148832274
evm.TU.Ap10.412,0.291125915365533
evm.TU.Ap10.413,0.286945810755393
evm.TU.Ap10.414,0.203006608611542
evm.TU.Ap10.415,0.31829291893653
evm.TU.Ap10.416,0.0900023227563272
evm.TU.Ap10.417,-0.269824179454511
evm.TU.Ap10.418,0.0311797603521431
evm.TU.Ap10.419,-0.300528674425118
evm.TU.Ap10.423,-0.0363631632788394
evm.TU.Ap10.43,0.00981096736637319
evm.TU.Ap10.44,-0.165544472011477
evm.TU.Ap10.45,0.146029260867173
evm.TU.Ap10.46,0.176869997672864
evm.TU.Ap10.467,-0.0875838185680483
evm.TU.Ap10.469,-0.370471438656528
evm.TU.Ap10.470,-0.331295534155428
evm.TU.Ap10.482,0.0588014463193974
evm.TU.Ap10.486,0.4337274485356
evm.TU.Ap10.487,0.734046527454057
evm.TU.Ap10.488,0.380683086310348
evm.TU.Ap10.49,-0.221103446582329
evm.TU.Ap10.490,-0.349021329064013
evm.TU.Ap10.491,-0.185811882541532
evm.TU.Ap10.492,-0.073902062697657
evm.TU.Ap10.495,0.135291111181319
evm.TU.Ap10.5,-0.00220877981311338
evm.TU.Ap10.501,-0.173070019765213
evm.TU.Ap10.502,-0.213387476938508
evm.TU.Ap10.503,-0.187200967138372
evm.TU.Ap10.510,0.241640741876969
evm.TU.Ap10.514,0.329314224993634
evm.TU.Ap10.516,0.00499286987328694
evm.TU.Ap10.517,0.0579627583764544
evm.TU.Ap10.52,0.266697037403362
evm.TU.Ap10.527,-0.099691926160484
evm.TU.Ap10.531,0.481534136087564
evm.TU.Ap10.55,0.222177113278668
evm.TU.Ap10.573,0.203718714684745
evm.TU.Ap10.576,0.104961796409865
evm.TU.Ap10.578,0.342070166746205
evm.TU.Ap10.580,0.12719149545363
evm.TU.Ap10.581,0.327672783429221
evm.TU.Ap10.583,0.00270786993731679
evm.TU.Ap10.584,0.316896195795165
evm.TU.Ap10.589,-0.236244688958806
evm.TU.Ap10.591,0.13226593903336
evm.TU.Ap10.592,0.135898798022483
evm.TU.Ap10.596,0.0180786699114606
evm.TU.Ap10.601,0.364288008473098
evm.TU.Ap10.602,-0.226888473485616
evm.TU.Ap10.609,0.10199677708488
evm.TU.Ap10.61,-0.0260580670011478
evm.TU.Ap10.610,-0.0972179917262626
evm.TU.Ap10.614,-0.261239955556264
evm.TU.Ap10.615,-0.584096143255555
evm.TU.Ap10.619,0.0938915127516261
evm.TU.Ap10.620,0.111862687031711
evm.TU.Ap10.621,0.3145138527015
evm.TU.Ap10.626,-0.374807825453859
evm.TU.Ap10.635,-0.567935651084886
evm.TU.Ap10.637,0.323688772737056
evm.TU.Ap10.638,0.383610841591662
evm.TU.Ap10.639,-0.168328194874666
evm.TU.Ap10.640,0.486739544111429
evm.TU.Ap10.641,0.00444437856999905
evm.TU.Ap10.642,0.0481325221359393
evm.TU.Ap10.644,-0.074962415398984
evm.TU.Ap10.645,-0.123710370608214
evm.TU.Ap10.648,0.0657461857613801
evm.TU.Ap10.649,-0.00562889997408325
evm.TU.Ap10.650,-0.0465107798924663
evm.TU.Ap10.653,0.221669782463972
evm.TU.Ap10.656,0.322238836747212
evm.TU.Ap10.657,0.231627935137044
evm.TU.Ap10.658,0.132307876275995
evm.TU.Ap10.66,0.00316289318588681
evm.TU.Ap10.668,0.111232198781055
evm.TU.Ap10.670,-0.30469741527499
evm.TU.Ap10.672,-0.0942174018614707
evm.TU.Ap10.676,-0.270302625680804
evm.TU.Ap10.68,0.0238515748108486
evm.TU.Ap10.681,-0.441380331190919
evm.TU.Ap10.683,-0.0583086546424788
evm.TU.Ap10.689,0.0583894162862576
evm.TU.Ap10.692,0.0256679587457244
evm.TU.Ap10.693,-0.00309519127946905
evm.TU.Ap10.696,0.0353292759604794
evm.TU.Ap10.71,0.224719843151705
evm.TU.Ap10.710,-0.251471630691279
evm.TU.Ap10.720,-0.293265636513042
evm.TU.Ap10.73,0.221834111130151
evm.TU.Ap10.738,0.32321187828151
evm.TU.Ap10.739,0.346496627985469
evm.TU.Ap10.740,0.171460753536168
evm.TU.Ap10.741,0.324187592296549
evm.TU.Ap10.742,-0.151808606822094
evm.TU.Ap10.745,-0.492097634364684
evm.TU.Ap10.755,-0.129305160155967
evm.TU.Ap10.756,-0.185950920665959
evm.TU.Ap10.758,-0.349502327974441
evm.TU.Ap10.762,-0.30500170694215
evm.TU.Ap10.765,-0.084863201956534
evm.TU.Ap10.766,-0.344663854675822
evm.TU.Ap10.768,0.0376876083219943
evm.TU.Ap10.769,0.266593054618361
evm.TU.Ap10.773,0.515597692215403
evm.TU.Ap10.774,-0.0330734449167232
evm.TU.Ap10.776,0.0566136012790732
evm.TU.Ap10.78,-0.0700726834103347
evm.TU.Ap10.781,0.240190103077577
evm.TU.Ap10.782,-0.348551063279157
evm.TU.Ap10.783,-0.230946428502573
evm.TU.Ap10.786,0.0266590328573972
evm.TU.Ap10.793,-0.146410131339576
evm.TU.Ap10.80,0.137835758808228
evm.TU.Ap10.801,-0.333428151982445
evm.TU.Ap10.808,0.0639436434208459
evm.TU.Ap10.81,0.0375618142969382
evm.TU.Ap10.811,0.421099968285088
evm.TU.Ap10.812,-0.0460789659960148
evm.TU.Ap10.83,0.196133393934884
evm.TU.Ap10.834,0.0158971993689474
evm.TU.Ap10.837,-0.149913514292453
evm.TU.Ap10.838,-0.16436255937363
evm.TU.Ap10.839,-0.129152178813802
evm.TU.Ap10.84,0.401495550715505
evm.TU.Ap10.842,-0.0164180895904936
evm.TU.Ap10.849,-0.341564803723827
evm.TU.Ap10.85,0.185292065159747
evm.TU.Ap10.850,0.12395565959219
evm.TU.Ap10.853,-0.0339993085601042
evm.TU.Ap10.854,0.16830527915176
evm.TU.Ap10.857,-0.0411401228828486
evm.TU.Ap10.899,0.54365146093314
evm.TU.Ap10.902,0.0703688055914989
evm.TU.Ap10.903,-0.234678990696327
evm.TU.Ap10.907,0.0548380416098723
evm.TU.Ap10.909,0.42068357098295
evm.TU.Ap10.910,0.0496152666256522
evm.TU.Ap10.912,-0.328644769817103
evm.TU.Ap10.914,-0.520439333874147
evm.TU.Ap10.915,-0.256367668753688
evm.TU.Ap10.92,0.314338328555303
evm.TU.Ap10.922,-0.0180798489319627
evm.TU.Ap10.923,0.0268294902445974
evm.TU.Ap10.924,-0.495635096386726
evm.TU.Ap10.93,-0.230620509488108
evm.TU.Ap10.931,-0.265687316563805
evm.TU.Ap10.932,-0.0642008491653882
evm.TU.Ap10.933,-0.476383183402025
evm.TU.Ap10.934,-0.12873967727126
evm.TU.Ap10.94,-0.0943643884643363
evm.TU.Ap10.949,-0.270399928590022
evm.TU.Ap10.95,0.281432804344633
evm.TU.Ap10.954,-0.15973717451766
evm.TU.Ap10.955,-0.237015183756127
evm.TU.Ap10.956,-0.301469451377481
evm.TU.Ap10.957,-0.248773078878502
evm.TU.Ap10.958,0.0130016761379655
evm.TU.Ap10.964,0.0338522565197309
evm.TU.Ap10.966,0.045997399481539
evm.TU.Ap10.969,-0.0796061638533714
evm.TU.Ap10.970,0.0455334325469083
evm.TU.Ap10.976,-0.0116573444008041
evm.TU.Ap10.978,-0.112298001842572
evm.TU.Ap10.981,-0.00701050640071115
evm.TU.Ap10.984,-0.0723445201580249
evm.TU.Ap10.993,-0.236832852606202
evm.TU.Ap10.994,-0.377289101500164
evm.TU.Ap10.995,-0.396502676509325
evm.TU.Ap10.996,-0.406843940555718
evm.TU.Ap10.997,-0.16817707513169
evm.TU.Ap10.998,-0.466136211856488
evm.TU.Ap11.1003_evm.TU.Ap11.1005,-0.274270960853851
evm.TU.Ap11.1010,0.14784183355348
evm.TU.Ap11.1012,-0.127481036693195
evm.TU.Ap11.1021,0.101872227972599
evm.TU.Ap11.1023,0.294409388605106
evm.TU.Ap11.1025,-0.0196676111437325
evm.TU.Ap11.1026,0.30558892056229
evm.TU.Ap11.1027,0.23415974653945
evm.TU.Ap11.1028,0.195313076400052
evm.TU.Ap11.1029,-0.0972556408546435
evm.TU.Ap11.1030,0.0493507198620957
evm.TU.Ap11.1033,-0.617429078153745
evm.TU.Ap11.1035,-0.263856687484977
evm.TU.Ap11.1042,-0.302529217734038
evm.TU.Ap11.1043,0.111976854078127
evm.TU.Ap11.1045,-0.357591819988355
evm.TU.Ap11.1046,0.271638873010098
evm.TU.Ap11.105,-0.209354263262837
evm.TU.Ap11.1052,0.19183109093914
evm.TU.Ap11.1054,-0.0841721177043514
evm.TU.Ap11.1070,-0.109934122909494
evm.TU.Ap11.1071,0.231385493107064
evm.TU.Ap11.1072,-0.252315483404058
evm.TU.Ap11.1087,0.029542251597773
evm.TU.Ap11.1093,-0.101025745471572
evm.TU.Ap11.1094,0.127337878946996
evm.TU.Ap11.1095,-0.0240748907704161
evm.TU.Ap11.1097,-0.386168939680179
evm.TU.Ap11.1099,0.486824209622818
evm.TU.Ap11.1104,0.0593021373155949
evm.TU.Ap11.1105,-0.222017171869331
evm.TU.Ap11.1106,0.433316440392033
evm.TU.Ap11.1108,-0.364020562862878
evm.TU.Ap11.1121,0.0151789821489753
evm.TU.Ap11.1136,-0.493378042654897
evm.TU.Ap11.1137,-0.222769268030716
evm.TU.Ap11.1150,-0.463122929792797
evm.TU.Ap11.1151,-0.225664391843622
evm.TU.Ap11.1159,0.0365129754748614
evm.TU.Ap11.1160,-0.271026265013505
evm.TU.Ap11.1161,0.2310818066837
evm.TU.Ap11.1162,-0.0238875649522121
evm.TU.Ap11.1172,0.190353921372813
evm.TU.Ap11.1177,0.186082706693721
evm.TU.Ap11.1178,0.079102517272143
evm.TU.Ap11.1184,-0.067956549744673
evm.TU.Ap11.1193,-0.0137521946052975
evm.TU.Ap11.1199_evm.TU.Ap11.1201,-0.160050973133749
evm.TU.Ap11.1202,0.104916283207271
evm.TU.Ap11.1210,0.0700582071927618
evm.TU.Ap11.1211,-0.126592271090471
evm.TU.Ap11.1214,-0.0700795111276952
evm.TU.Ap11.1222,0.0460620639246142
evm.TU.Ap11.1223,-0.00690285174867066
evm.TU.Ap11.1230,0.159906085791597
evm.TU.Ap11.1232,-0.353173380331353
evm.TU.Ap11.1238,0.22569694017878
evm.TU.Ap11.1239,-0.387809562898998
evm.TU.Ap11.1241,-0.138978688132269
evm.TU.Ap11.1242,-0.329109407392704
evm.TU.Ap11.1245,0.090695645661348
evm.TU.Ap11.1246,-0.328065859460216
evm.TU.Ap11.1257,-0.304666795181944
evm.TU.Ap11.1260,-0.0902988745121893
evm.TU.Ap11.1261,-0.340220362032928
evm.TU.Ap11.1262,-0.22625953182687
evm.TU.Ap11.1270,0.0338732258858591
evm.TU.Ap11.1271,-0.267778975340319
evm.TU.Ap11.1273,-0.274276644773213
evm.TU.Ap11.1275,-0.54823929034292
evm.TU.Ap11.1276,-0.458059715613619
evm.TU.Ap11.1285,0.178083692902228
evm.TU.Ap11.1287,0.226692499026853
evm.TU.Ap11.1288,0.230933177078052
evm.TU.Ap11.1302,-0.106001787041697
evm.TU.Ap11.1306,-0.0343781398335175
evm.TU.Ap11.1320,0.0728212114192885
evm.TU.Ap11.1336,0.317107319022981
evm.TU.Ap11.134,-0.047347343511385
evm.TU.Ap11.135,0.36889947033661
evm.TU.Ap11.136,-0.17541588261327
evm.TU.Ap11.1366,0.0818839010448594
evm.TU.Ap11.137,-0.268932112321981
evm.TU.Ap11.1379,-0.0726237088888998
evm.TU.Ap11.138,0.401178932227797
evm.TU.Ap11.1386,-0.0833321321083217
evm.TU.Ap11.1394,-0.476404959394944
evm.TU.Ap11.14,-0.360766222546495
evm.TU.Ap11.1405,0.251340943454651
evm.TU.Ap11.1414_evm.TU.Ap11.1407,0.117363914383269
evm.TU.Ap11.1415,0.354803864402972
evm.TU.Ap11.1417,-0.230425770959995
evm.TU.Ap11.1418,0.211286726811217
evm.TU.Ap11.1421,-0.240883120661444
evm.TU.Ap11.1422,0.0313061141488572
evm.TU.Ap11.1424,-0.184147207864468
evm.TU.Ap11.1434,0.21641534774093
evm.TU.Ap11.1435,0.234778442687571
evm.TU.Ap11.1436,0.103362813203918
evm.TU.Ap11.1438,0.189510870067401
evm.TU.Ap11.1443,-0.0557145970511373
evm.TU.Ap11.1449,0.349083119892377
evm.TU.Ap11.1456,-0.268725619186362
evm.TU.Ap11.1458,0.205381177101594
evm.TU.Ap11.1459,0.096163714860904
evm.TU.Ap11.1460,-0.34506580513212
evm.TU.Ap11.1463,0.171340348823974
evm.TU.Ap11.1465,0.553754816226895
evm.TU.Ap11.1466,0.0357718786081305
evm.TU.Ap11.1469,0.0391025440437822
evm.TU.Ap11.1470,-0.179260280469816
evm.TU.Ap11.1471,-0.422392300972631
evm.TU.Ap11.1472,-0.387910027731359
evm.TU.Ap11.1473,0.0150420413038053
evm.TU.Ap11.1474,0.443064142715175
evm.TU.Ap11.1493,0.0849011786076087
evm.TU.Ap11.1497,-0.0862089760083651
evm.TU.Ap11.1498,0.181091204728269
evm.TU.Ap11.15,-0.239507662115936
evm.TU.Ap11.1503,0.453912225126858
evm.TU.Ap11.1504_evm.TU.Ap11.1506,-0.181631980042066
evm.TU.Ap11.1507,0.246458150892979
evm.TU.Ap11.1509,0.0290772690214245
evm.TU.Ap11.1511,0.155911711751768
evm.TU.Ap11.1515,0.0272040302731975
evm.TU.Ap11.1517,-0.320225428872991
evm.TU.Ap11.1518,0.183174108881207
evm.TU.Ap11.1520,0.239998451978
evm.TU.Ap11.1521,0.266682602394626
evm.TU.Ap11.1524,-0.241561142121768
evm.TU.Ap11.1530,-0.448062156301476
evm.TU.Ap11.1535,-0.311732272262072
evm.TU.Ap11.1537,-0.0787412595244056
evm.TU.Ap11.1540,0.214652553889256
evm.TU.Ap11.1541,0.0919751683703434
evm.TU.Ap11.1544,0.000273824722950161
evm.TU.Ap11.1545_evm.TU.Ap11.1567,0.0165531566177562
evm.TU.Ap11.1576,0.226389869225366
evm.TU.Ap11.1579,0.203313172034496
evm.TU.Ap11.1582,0.0186140209237123
evm.TU.Ap11.1584,-0.118252177333602
evm.TU.Ap11.159_evm.TU.Ap11.139_evm.TU.Ap11.140_evm.TU.Ap11.148,-0.278336794730399
evm.TU.Ap11.1594,-0.155739780280027
evm.TU.Ap11.1598,-0.159196185567731
evm.TU.Ap11.1599,0.0486952449909159
evm.TU.Ap11.1600,0.0683414811219031
evm.TU.Ap11.1601,-0.1707378717793
evm.TU.Ap11.1605,0.1433176947698
evm.TU.Ap11.1607,0.26295347607984
evm.TU.Ap11.1609,0.271765049809629
evm.TU.Ap11.1610,0.213603315144668
evm.TU.Ap11.1615,-0.26110057364116
evm.TU.Ap11.1625,-0.242404219242185
evm.TU.Ap11.1627,0.591097136066032
evm.TU.Ap11.1628,-0.266080513320487
evm.TU.Ap11.1629,0.262538550092865
evm.TU.Ap11.1630,0.0630878160013638
evm.TU.Ap11.1634,-0.0088517164669622
evm.TU.Ap11.1635,-0.0871072881242719
evm.TU.Ap11.1636,-0.14445188023951
evm.TU.Ap11.1639,0.108419250052324
evm.TU.Ap11.1640,-0.0424065189603691
evm.TU.Ap11.1641,-0.0814041445525444
evm.TU.Ap11.1647,-0.204586305008133
evm.TU.Ap11.1649,0.522429576796964
evm.TU.Ap11.1654,0.170012492229931
evm.TU.Ap11.1655,0.39000534305277
evm.TU.Ap11.1656,-0.0382589429302543
evm.TU.Ap11.1665,-0.158013890382585
evm.TU.Ap11.1666,-0.134581565018854
evm.TU.Ap11.1667_evm.TU.Ap11.1672,0.176926127682282
evm.TU.Ap11.1674,-0.0825534943916901
evm.TU.Ap11.1676,0.198172675966976
evm.TU.Ap11.1677,0.115234562546891
evm.TU.Ap11.1678,0.619143738495248
evm.TU.Ap11.1680,0.250731038504985
evm.TU.Ap11.1681,0.152706550308351
evm.TU.Ap11.1684,0.18202859366475
evm.TU.Ap11.1687,0.607282542116077
evm.TU.Ap11.1690,-0.0996489503744518
evm.TU.Ap11.1691,0.0353998700772781
evm.TU.Ap11.1694,-0.254683044238244
evm.TU.Ap11.1697,-0.177507057718197
evm.TU.Ap11.1698,0.606973549383999
evm.TU.Ap11.17,-0.259996544797413
evm.TU.Ap11.1702,0.23284001171482
evm.TU.Ap11.1703,0.192678949255092
evm.TU.Ap11.1704,-0.165461236148757
evm.TU.Ap11.1705,-0.479529436999315
evm.TU.Ap11.1706,0.0237681940456127
evm.TU.Ap11.1707,0.00280345725671861
evm.TU.Ap11.1712,0.223556917507592
evm.TU.Ap11.1713,0.275527478172425
evm.TU.Ap11.1725,0.00394207372114936
evm.TU.Ap11.1728,0.166461574932076
evm.TU.Ap11.1729,0.340613871357361
evm.TU.Ap11.1730_evm.TU.Ap11.1731,0.10394110568586
evm.TU.Ap11.1736,0.355374944855976
evm.TU.Ap11.1741,-0.0406449523690317
evm.TU.Ap11.1742,0.139509321531355
evm.TU.Ap11.1746,-0.0124178710921313
evm.TU.Ap11.175,0.071249910344458
evm.TU.Ap11.1751,0.0120440385004969
evm.TU.Ap11.1752,-0.161734216525369
evm.TU.Ap11.1757,0.237625058309407
evm.TU.Ap11.1761,-0.323558330798566
evm.TU.Ap11.1762,-0.106399335045148
evm.TU.Ap11.1764,-0.224682386999544
evm.TU.Ap11.1767,0.0999356035577138
evm.TU.Ap11.1769,0.464129988647615
evm.TU.Ap11.177_evm.TU.Ap11.179,0.0846369241673309
evm.TU.Ap11.1774,-0.066367772596614
evm.TU.Ap11.1776,0.253085644885978
evm.TU.Ap11.1777,-0.292391167552656
evm.TU.Ap11.1780,0.131900941451106
evm.TU.Ap11.1781,0.354699015516316
evm.TU.Ap11.1782,-0.212604742787327
evm.TU.Ap11.1784,0.649791153303793
evm.TU.Ap11.1787_evm.TU.Ap11.1788,-0.26006249161216
evm.TU.Ap11.1789,0.13363161186332
evm.TU.Ap11.1792,-0.0355637776601456
evm.TU.Ap11.1794,-0.395377171873881
evm.TU.Ap11.1796,0.110635492174
evm.TU.Ap11.180,0.338315934980401
evm.TU.Ap11.1800,0.226065267912898
evm.TU.Ap11.1801,0.464221119029759
evm.TU.Ap11.1805,-0.00385272313014521
evm.TU.Ap11.1806,-0.343141719810512
evm.TU.Ap11.1809,-0.387211094748253
evm.TU.Ap11.1820_evm.TU.Ap11.1818,-0.154245308808795
evm.TU.Ap11.1827,-0.0399101092333202
evm.TU.Ap11.1830,-0.182082488178107
evm.TU.Ap11.1831,0.372619794144779
evm.TU.Ap11.1832,-0.222347157453593
evm.TU.Ap11.1837,-0.13354085778592
evm.TU.Ap11.1838,-0.152761795829815
evm.TU.Ap11.1841,-0.275488291431282
evm.TU.Ap11.1842,-0.242557887049925
evm.TU.Ap11.1849,0.331053449789318
evm.TU.Ap11.185,0.152631383527837
evm.TU.Ap11.1850,0.371240770279809
evm.TU.Ap11.1853,-0.149296644319584
evm.TU.Ap11.1855,-0.138508039711639
evm.TU.Ap11.1856,-0.30572131951856
evm.TU.Ap11.186,-0.0177765164993738
evm.TU.Ap11.1860,0.0479901540789768
evm.TU.Ap11.1861,-0.0514563086623817
evm.TU.Ap11.1862,-0.147920387254079
evm.TU.Ap11.1863,0.42810208945462
evm.TU.Ap11.1864,-0.219345883837894
evm.TU.Ap11.1866,0.275695006669828
evm.TU.Ap11.1875,-0.175362236136853
evm.TU.Ap11.1876,-0.252515849838116
evm.TU.Ap11.1877,-0.365092174721057
evm.TU.Ap11.1879,-0.346104913917446
evm.TU.Ap11.188,0.392202330819017
evm.TU.Ap11.1880,0.26457792873676
evm.TU.Ap11.1881,-0.0321747751905233
evm.TU.Ap11.1888,0.148133997962129
evm.TU.Ap11.189,0.269245463498759
evm.TU.Ap11.1891,-0.0454190931439248
evm.TU.Ap11.1894,-0.113634412621653
evm.TU.Ap11.1895,0.0199003085230633
evm.TU.Ap11.1896_evm.TU.Ap11.1897,0.165360786507283
evm.TU.Ap11.1899,0.481068644864942
evm.TU.Ap11.1901,-0.157702690242574
evm.TU.Ap11.1902,-0.0697926378331465
evm.TU.Ap11.1904,-0.206615645069533
evm.TU.Ap11.1906,0.37982230321095
evm.TU.Ap11.1907,0.0494026533407556
evm.TU.Ap11.1909,0.0652550258905401
evm.TU.Ap11.191,-0.233839183371064
evm.TU.Ap11.1910,0.154003407619653
evm.TU.Ap11.197,0.106860187856992
evm.TU.Ap11.2,0.146366776650046
evm.TU.Ap11.201,0.0463941796538106
evm.TU.Ap11.204,0.0744402639629128
evm.TU.Ap11.205,-0.294460099973474
evm.TU.Ap11.206,-0.0548391630990865
evm.TU.Ap11.207,-0.0935665722401932
evm.TU.Ap11.209,0.0601504014038573
evm.TU.Ap11.210,0.355572318535007
evm.TU.Ap11.219,0.214454305556976
evm.TU.Ap11.221,-0.183280741772103
evm.TU.Ap11.222,-0.225838079133519
evm.TU.Ap11.224,-0.123236219012792
evm.TU.Ap11.228,0.325425878803823
evm.TU.Ap11.229,0.0230721987016691
evm.TU.Ap11.233,0.239309811063446
evm.TU.Ap11.234,-0.0521106895540057
evm.TU.Ap11.235,-0.121165436359865
evm.TU.Ap11.236,-0.134886099784249
evm.TU.Ap11.238,-0.32243426625997
evm.TU.Ap11.239,-0.066522546713745
evm.TU.Ap11.240,0.197017797141603
evm.TU.Ap11.241,-0.135399943927047
evm.TU.Ap11.242,0.0648345211728727
evm.TU.Ap11.243,0.117424064579608
evm.TU.Ap11.252,0.445073257754603
evm.TU.Ap11.253,-0.257888968205263
evm.TU.Ap11.258,-0.0129490607314162
evm.TU.Ap11.261,0.122819996806067
evm.TU.Ap11.264,-0.0417117293537929
evm.TU.Ap11.268,-0.169107746163676
evm.TU.Ap11.269,0.0422268992279819
evm.TU.Ap11.270,-0.146349712742583
evm.TU.Ap11.271,0.488621356863649
evm.TU.Ap11.272,-0.168711611570037
evm.TU.Ap11.294,0.125056025273864
evm.TU.Ap11.295,-0.261080933031723
evm.TU.Ap11.296,-0.378134784106928
evm.TU.Ap11.3,-0.165315759242296
evm.TU.Ap11.301,0.0387253171223119
evm.TU.Ap11.303,-0.21619602137072
evm.TU.Ap11.325,-0.236332159062598
evm.TU.Ap11.326,-0.153445514739138
evm.TU.Ap11.327,0.498227463592082
evm.TU.Ap11.335,0.205663434671234
evm.TU.Ap11.340,0.000114372929351149
evm.TU.Ap11.357,0.198303009244561
evm.TU.Ap11.358,-0.124599596550034
evm.TU.Ap11.360,0.0590636728523204
evm.TU.Ap11.369,0.208827404176053
evm.TU.Ap11.372,-0.368609083370603
evm.TU.Ap11.373,0.127394021214398
evm.TU.Ap11.382,0.0909861379591586
evm.TU.Ap11.384,-0.0416133582762492
evm.TU.Ap11.386_evm.TU.Ap11.387,0.291720919545517
evm.TU.Ap11.389,-0.0621046064256058
evm.TU.Ap11.392,-0.105349523736132
evm.TU.Ap11.405,0.288763491422301
evm.TU.Ap11.410,0.0895168387361353
evm.TU.Ap11.414,0.171158490158875
evm.TU.Ap11.416,0.0875860052696179
evm.TU.Ap11.417,-0.045917426056104
evm.TU.Ap11.419,-0.0778740833611198
evm.TU.Ap11.422,-0.124548409395838
evm.TU.Ap11.425,-0.19336630005917
evm.TU.Ap11.43,0.375406115374475
evm.TU.Ap11.44,-0.334895894427148
evm.TU.Ap11.476,-0.282121010051032
evm.TU.Ap11.477,-0.168582037800313
evm.TU.Ap11.5,-0.309591558494568
evm.TU.Ap11.500,0.194279903489454
evm.TU.Ap11.501,0.040768500310187
evm.TU.Ap11.541,-0.304212809306033
evm.TU.Ap11.549,0.0584777291881243
evm.TU.Ap11.553,-0.0104664810917033
evm.TU.Ap11.57,0.0362675076739634
evm.TU.Ap11.586,-0.190354075867533
evm.TU.Ap11.588,-0.370127470169456
evm.TU.Ap11.59,0.16351819888411
evm.TU.Ap11.591,0.272394131796365
evm.TU.Ap11.592,0.428907288214247
evm.TU.Ap11.593_evm.TU.Ap11.597,-0.0760952456281848
evm.TU.Ap11.598,-0.264332443811583
evm.TU.Ap11.599,0.0540607301673685
evm.TU.Ap11.602,0.637158034608214
evm.TU.Ap11.612,-0.225883691874932
evm.TU.Ap11.613,-0.0837468824673307
evm.TU.Ap11.614,-0.348558125269588
evm.TU.Ap11.617,-0.000231781336653395
evm.TU.Ap11.618,0.1303018511127
evm.TU.Ap11.620,-0.061142406101925
evm.TU.Ap11.621,0.244871215829334
evm.TU.Ap11.622,-0.185435366322983
evm.TU.Ap11.642,-0.265327531408438
evm.TU.Ap11.645,0.111604576059756
evm.TU.Ap11.646,-0.246002596886097
evm.TU.Ap11.649,-0.0836848237900868
evm.TU.Ap11.653,0.330915919073195
evm.TU.Ap11.655,-0.0460344686618704
evm.TU.Ap11.658,0.0213053580675347
evm.TU.Ap11.659_evm.TU.Ap11.661,-0.591362057544542
evm.TU.Ap11.662,0.251801563654814
evm.TU.Ap11.664,0.345238713885911
evm.TU.Ap11.665,0.494189522917579
evm.TU.Ap11.67,-0.603685523907556
evm.TU.Ap11.676,0.181908869631061
evm.TU.Ap11.678,0.119020887502213
evm.TU.Ap11.679,-0.110896652864497
evm.TU.Ap11.68,-0.178650924957017
evm.TU.Ap11.680,0.0948917168291797
evm.TU.Ap11.69,-0.352297936974532
evm.TU.Ap11.7,0.180014445384443
evm.TU.Ap11.70,-0.336018623552604
evm.TU.Ap11.703,-0.3800117506156
evm.TU.Ap11.71,-0.349138347936066
evm.TU.Ap11.712,-0.00543237748929666
evm.TU.Ap11.719,-0.0647094944825519
evm.TU.Ap11.72,-0.471588412134416
evm.TU.Ap11.720,0.0394636099340814
evm.TU.Ap11.73,-0.200544095745119
evm.TU.Ap11.731,-0.0415352169681196
evm.TU.Ap11.732,-0.21570159612404
evm.TU.Ap11.748,-0.271948682838713
evm.TU.Ap11.749,-0.00916216910889321
evm.TU.Ap11.75,0.0997868031815194
evm.TU.Ap11.76,-0.278759676616044
evm.TU.Ap11.777,0.0628936691914072
evm.TU.Ap11.778,-0.0349189775399017
evm.TU.Ap11.779,0.301325643153989
evm.TU.Ap11.783,-0.276272682591924
evm.TU.Ap11.784,-0.0409020918374071
evm.TU.Ap11.785,0.132919936842489
evm.TU.Ap11.79,-0.374121800109209
evm.TU.Ap11.791,-0.0521179028471077
evm.TU.Ap11.805,-0.208303474452965
evm.TU.Ap11.806,0.189136692686482
evm.TU.Ap11.81,-0.228309717340865
evm.TU.Ap11.810,0.167629369743584
evm.TU.Ap11.811,-0.214191889163009
evm.TU.Ap11.812,-0.344007124866351
evm.TU.Ap11.816,-0.0465954163382193
evm.TU.Ap11.817,-0.178166426842514
evm.TU.Ap11.829,0.42896651400413
evm.TU.Ap11.832,-0.00929010476912604
evm.TU.Ap11.833,0.0819440465938319
evm.TU.Ap11.835,-0.412319623052121
evm.TU.Ap11.836,0.612811299591104
evm.TU.Ap11.838,-0.49600543709163
evm.TU.Ap11.842,-0.0694660129667637
evm.TU.Ap11.848,-0.154562426242997
evm.TU.Ap11.85,-0.187282818378187
evm.TU.Ap11.853,-0.247807966421274
evm.TU.Ap11.856,0.141899076494438
evm.TU.Ap11.857,0.0331884608216374
evm.TU.Ap11.858,0.0732567523259117
evm.TU.Ap11.859,0.233248387906194
evm.TU.Ap11.86,0.273056808076921
evm.TU.Ap11.860,-0.0240292699329867
evm.TU.Ap11.863,0.0823351890619268
evm.TU.Ap11.867,-0.15764533867786
evm.TU.Ap11.868,-0.213245057242217
evm.TU.Ap11.87,0.286201799306393
evm.TU.Ap11.870,0.0849447736025613
evm.TU.Ap11.875,0.103556709985013
evm.TU.Ap11.876,-0.0715242001636109
evm.TU.Ap11.877,-0.30483026608842
evm.TU.Ap11.878,0.132040257209191
evm.TU.Ap11.887,-0.158738673299938
evm.TU.Ap11.888,-0.241273229630048
evm.TU.Ap11.89,-0.0273917151914469
evm.TU.Ap11.896,0.0919244264558043
evm.TU.Ap11.9,0.369866708010132
evm.TU.Ap11.902,-0.257801096594975
evm.TU.Ap11.904,-0.163487901618883
evm.TU.Ap11.907,-0.0568661655108944
evm.TU.Ap11.91,-0.0768228031235498
evm.TU.Ap11.916,-0.378863198038736
evm.TU.Ap11.92,-0.164068220339058
evm.TU.Ap11.922,-0.376829771584374
evm.TU.Ap11.925,0.121372048294046
evm.TU.Ap11.927,0.130216118122207
evm.TU.Ap11.93,0.106244359782152
evm.TU.Ap11.932,0.283590763392746
evm.TU.Ap11.933,0.483837884581442
evm.TU.Ap11.935,0.435608367146526
evm.TU.Ap11.936,0.378593808444025
evm.TU.Ap11.938,0.0609636897781195
evm.TU.Ap11.939,0.26101251286953
evm.TU.Ap11.941,0.0566035293365039
evm.TU.Ap11.942,0.212854916095337
evm.TU.Ap11.944,0.13300721257164
evm.TU.Ap11.945,0.0727972384617037
evm.TU.Ap11.947,0.299354308467257
evm.TU.Ap11.951,0.136763073395812
evm.TU.Ap11.955,0.100131595057943
evm.TU.Ap11.956,-0.365126479826535
evm.TU.Ap11.958,-0.145873545812462
evm.TU.Ap11.959,0.381230899453732
evm.TU.Ap11.96,0.0366285561394467
evm.TU.Ap11.961,-0.472957338966424
evm.TU.Ap11.962,0.0519047824005574
evm.TU.Ap11.963,-0.208042863491695
evm.TU.Ap11.966,0.0677125466855955
evm.TU.Ap11.967,-0.192125913814833
evm.TU.Ap11.97,0.247119673858513
evm.TU.Ap11.972,-0.0236234120146562
evm.TU.Ap11.976,0.0443120388863603
evm.TU.Ap11.977,-0.036168781294335
evm.TU.Ap11.979,0.232521062303398
evm.TU.Ap11.984,-0.122418693506359
evm.TU.Ap11.987,-0.0068266447395828
evm.TU.Ap11.988,0.138221217850105
evm.TU.Ap11.989,0.00325238739614057
evm.TU.Ap11.991,-0.00673828239652419
evm.TU.Ap12.100,0.106792867042054
evm.TU.Ap12.1000,-0.0849047369257822
evm.TU.Ap12.1002,-0.135146990908814
evm.TU.Ap12.1003,-0.306253059918864
evm.TU.Ap12.1004,-0.181620567209565
evm.TU.Ap12.1005,-0.322598147110215
evm.TU.Ap12.1006,-0.333654101922613
evm.TU.Ap12.1007,0.15149721493485
evm.TU.Ap12.1014,0.0537218370811795
evm.TU.Ap12.102,0.521309302778538
evm.TU.Ap12.1023,0.122280192164209
evm.TU.Ap12.1025,-0.0526141251158189
evm.TU.Ap12.1026,0.0910744223651501
evm.TU.Ap12.1028,0.222069168227609
evm.TU.Ap12.1029,-0.380612983527366
evm.TU.Ap12.1041,-0.137898079267545
evm.TU.Ap12.1045,0.258119483402385
evm.TU.Ap12.1046,0.301389817575526
evm.TU.Ap12.1049,0.259222626294214
evm.TU.Ap12.1050,-0.417320977701983
evm.TU.Ap12.1051,0.331783964816612
evm.TU.Ap12.106,-0.162298617711783
evm.TU.Ap12.1068,0.255067514859647
evm.TU.Ap12.1069,-0.0232304053698015
evm.TU.Ap12.1070,-0.194369185803862
evm.TU.Ap12.1075,-0.46597548304417
evm.TU.Ap12.1076,-0.438768043243128
evm.TU.Ap12.1078,-0.0610229034580453
evm.TU.Ap12.108,-0.0484959027355494
evm.TU.Ap12.1083,-0.0508456071573245
evm.TU.Ap12.1084,-0.00256662828164749
evm.TU.Ap12.1085,-0.0925812336900713
evm.TU.Ap12.1092,-0.518538537561905
evm.TU.Ap12.1094,0.487226358434064
evm.TU.Ap12.1095,0.313476983252718
evm.TU.Ap12.1099,0.297317111875988
evm.TU.Ap12.11,0.24126206032334
evm.TU.Ap12.110,0.260831250494595
evm.TU.Ap12.1100,0.274718917528824
evm.TU.Ap12.1108,0.0535117454590267
evm.TU.Ap12.111,-0.300398556560679
evm.TU.Ap12.1112,0.134974076435585
evm.TU.Ap12.1114,0.33597782166687
evm.TU.Ap12.113,0.00166048875666985
evm.TU.Ap12.1139,0.211766002822473
evm.TU.Ap12.114,0.225316411735156
evm.TU.Ap12.1141,-0.00272246171644213
evm.TU.Ap12.1142,0.0383285181859663
evm.TU.Ap12.1143,0.0088301299516996
evm.TU.Ap12.1147,0.204983288845652
evm.TU.Ap12.115,-0.152629865359253
evm.TU.Ap12.1157,0.233359265275883
evm.TU.Ap12.1158,-0.0856165002549396
evm.TU.Ap12.1162,0.0812431491532419
evm.TU.Ap12.1164,0.179909145441193
evm.TU.Ap12.1166,0.00519162460016311
evm.TU.Ap12.1167,0.604766953034979
evm.TU.Ap12.1168,0.16971777641537
evm.TU.Ap12.1169,-0.19657328321319
evm.TU.Ap12.1175,-0.0604061035903665
evm.TU.Ap12.1176,0.0305544060417405
evm.TU.Ap12.1182,0.165256670301978
evm.TU.Ap12.1186,0.262797840097755
evm.TU.Ap12.1188,-0.0323298082624705
evm.TU.Ap12.1190,0.180318728301018
evm.TU.Ap12.1191,0.266732965758639
evm.TU.Ap12.1193,0.0149403503165317
evm.TU.Ap12.1194_evm.TU.Ap12.1196,0.116117964115365
evm.TU.Ap12.1197,0.179454928819318
evm.TU.Ap12.1198,-0.596919388960556
evm.TU.Ap12.1199,0.0437018727412157
evm.TU.Ap12.12,0.317369768214471
evm.TU.Ap12.1201,0.273259720377979
evm.TU.Ap12.1207,-0.402591747844486
evm.TU.Ap12.1213,0.170326729441372
evm.TU.Ap12.122,-0.019688050414344
evm.TU.Ap12.1225,0.159014985849293
evm.TU.Ap12.1227,-0.0502021673676104
evm.TU.Ap12.1232,-0.0949758102346108
evm.TU.Ap12.1263,-0.126490282646988
evm.TU.Ap12.1265,-0.187818119230809
evm.TU.Ap12.1268,0.239784856035187
evm.TU.Ap12.1270,-0.320370403949418
evm.TU.Ap12.1273,0.0462375984720381
evm.TU.Ap12.1274,-0.197100132330856
evm.TU.Ap12.1281,0.31547700152563
evm.TU.Ap12.129,0.207256822245566
evm.TU.Ap12.1292,-0.00511283181250971
evm.TU.Ap12.1295,-0.469243928731403
evm.TU.Ap12.13,-0.158970973310248
evm.TU.Ap12.130,0.234930106971187
evm.TU.Ap12.1301,0.356455586462137
evm.TU.Ap12.1303,0.229293777962196
evm.TU.Ap12.131,0.1035193680038
evm.TU.Ap12.132,-0.499851676693279
evm.TU.Ap12.133,-0.102496764034795
evm.TU.Ap12.1335,-0.184758945094942
evm.TU.Ap12.1336,0.328070255396786
evm.TU.Ap12.1337,-0.351574359106647
evm.TU.Ap12.1338,0.273681888432825
evm.TU.Ap12.1340,0.184507480715347
evm.TU.Ap12.1342,0.0237686031843875
evm.TU.Ap12.1343,-0.172867003387532
evm.TU.Ap12.1347_evm.TU.Ap12.1355,0.323395187228954
evm.TU.Ap12.135,0.182147767875265
evm.TU.Ap12.1359,0.37689200695596
evm.TU.Ap12.1362,-0.0200229024514584
evm.TU.Ap12.1367,-0.388139476567228
evm.TU.Ap12.1374,0.0184212949936515
evm.TU.Ap12.1376,0.0431384169503963
evm.TU.Ap12.1381,0.183258983814746
evm.TU.Ap12.1384,-0.0503840124901808
evm.TU.Ap12.139,0.0970318648388745
evm.TU.Ap12.1390,-0.0395490863272604
evm.TU.Ap12.1393,0.342655590779904
evm.TU.Ap12.1413,0.553741293159395
evm.TU.Ap12.1414,-0.388917203427056
evm.TU.Ap12.1415,0.287783837550431
evm.TU.Ap12.1417,0.164620435242631
evm.TU.Ap12.1419,-0.154109826130052
evm.TU.Ap12.142,0.238074394863772
evm.TU.Ap12.1420,-0.194148391341917
evm.TU.Ap12.1422,0.289080176686194
evm.TU.Ap12.1424,0.117942875335023
evm.TU.Ap12.1425,-0.283832548344776
evm.TU.Ap12.1432,0.196360468654045
evm.TU.Ap12.1438,0.0378023273779735
evm.TU.Ap12.1440,0.183995727437941
evm.TU.Ap12.1444,-0.124194946299864
evm.TU.Ap12.1445,0.092514366568731
evm.TU.Ap12.1447,0.15022910720687
evm.TU.Ap12.1448,0.275579922386721
evm.TU.Ap12.1449,0.0800767758447827
evm.TU.Ap12.1450,0.0419230831245035
evm.TU.Ap12.1451,-0.190464817570659
evm.TU.Ap12.1456,-0.000468639186455239
evm.TU.Ap12.1460,0.0936544547464949
evm.TU.Ap12.1461,0.165013687884277
evm.TU.Ap12.1468,-0.0686469726991246
evm.TU.Ap12.1469,-0.120138104196468
evm.TU.Ap12.1477,0.160287654182718
evm.TU.Ap12.1482,-0.347938461744708
evm.TU.Ap12.1483,0.205494529622657
evm.TU.Ap12.1488,-0.0610681209927027
evm.TU.Ap12.1489,0.247442609631708
evm.TU.Ap12.1491,0.195475445976031
evm.TU.Ap12.1494,-0.402382678728867
evm.TU.Ap12.1495,-0.190187263975314
evm.TU.Ap12.1501,-0.17581068800825
evm.TU.Ap12.1503,0.377031567452643
evm.TU.Ap12.1504,0.109732769830767
evm.TU.Ap12.1505,0.0822949396492944
evm.TU.Ap12.1507,0.182539967721728
evm.TU.Ap12.1508,0.206683210929939
evm.TU.Ap12.1511,0.1724273092417
evm.TU.Ap12.1513,0.110027598030738
evm.TU.Ap12.1523,-0.070994705082708
evm.TU.Ap12.1525,-0.0620768053117523
evm.TU.Ap12.1526,0.0984826900707965
evm.TU.Ap12.1527,0.268451622805612
evm.TU.Ap12.1528,0.0068741226744911
evm.TU.Ap12.1529,-0.50494531057703
evm.TU.Ap12.1532,-0.13211985984152
evm.TU.Ap12.1535,0.210299056412694
evm.TU.Ap12.1542,-0.493792696179775
evm.TU.Ap12.1543,-0.121661993769512
evm.TU.Ap12.1547,0.0372448916684498
evm.TU.Ap12.1548,-0.088596310002491
evm.TU.Ap12.1551,0.0968346426148457
evm.TU.Ap12.1552,-0.354149280858662
evm.TU.Ap12.1553,-0.247111423187926
evm.TU.Ap12.1565,0.0580547944757228
evm.TU.Ap12.1566,0.497272106288932
evm.TU.Ap12.1573,-0.11288049230625
evm.TU.Ap12.1575,0.111202801223696
evm.TU.Ap12.1576,0.120117274411251
evm.TU.Ap12.1579,0.203792720021211
evm.TU.Ap12.158_evm.TU.Ap12.161,0.0492830246632404
evm.TU.Ap12.1582,0.0753579383604616
evm.TU.Ap12.1583,-0.388896977506367
evm.TU.Ap12.1584,-0.165493137247356
evm.TU.Ap12.1587,0.0905933475786258
evm.TU.Ap12.1593,-0.15632892028827
evm.TU.Ap12.1594,-0.182115221367044
evm.TU.Ap12.1596,0.121996456424445
evm.TU.Ap12.1598,-0.0711315055887512
evm.TU.Ap12.1599,-0.160174741889472
evm.TU.Ap12.1601,0.435668150794367
evm.TU.Ap12.1605,0.407272551537411
evm.TU.Ap12.1609,0.223101302396552
evm.TU.Ap12.1612,-0.11726189725116
evm.TU.Ap12.1618,-0.0698632576261508
evm.TU.Ap12.1621,-0.250824873352613
evm.TU.Ap12.1627,-0.0490672649762329
evm.TU.Ap12.1631,-0.170798014134447
evm.TU.Ap12.1635,-0.154315168173106
evm.TU.Ap12.1639,-0.203422971645034
evm.TU.Ap12.164,0.327275851558369
evm.TU.Ap12.165,0.00137534584489964
evm.TU.Ap12.1653,0.232514327547421
evm.TU.Ap12.1655,-0.0873663632320535
evm.TU.Ap12.1658,0.25815153116685
evm.TU.Ap12.166,0.127610441194983
evm.TU.Ap12.1663,0.0917322354556463
evm.TU.Ap12.1665,-0.135052507306572
evm.TU.Ap12.1667,0.605460974720836
evm.TU.Ap12.1668,0.320010734485578
evm.TU.Ap12.1669,0.089246586875977
evm.TU.Ap12.167,-0.307115163733134
evm.TU.Ap12.1675,-0.0739638188861112
evm.TU.Ap12.1684,-0.363514399802616
evm.TU.Ap12.1685,-0.068627732609983
evm.TU.Ap12.1689,0.0273451798018513
evm.TU.Ap12.1703,0.470134159684813
evm.TU.Ap12.1704,-0.20267268218455
evm.TU.Ap12.1707,-0.0447558660625386
evm.TU.Ap12.1709,0.686482347857681
evm.TU.Ap12.171,-0.224518059338188
evm.TU.Ap12.1710,0.00471239478550223
evm.TU.Ap12.1715,0.0545171477857677
evm.TU.Ap12.1716,0.318919739183547
evm.TU.Ap12.172,0.081850162050247
evm.TU.Ap12.1720,0.410826565548879
evm.TU.Ap12.1722,0.179614257650946
evm.TU.Ap12.1723,0.11539561029489
evm.TU.Ap12.1725,0.210070647017053
evm.TU.Ap12.1732,-0.244757401230553
evm.TU.Ap12.1733,0.0110058999153726
evm.TU.Ap12.1734,-0.308876296495624
evm.TU.Ap12.1735,-0.189080794995242
evm.TU.Ap12.175,0.0936012289451498
evm.TU.Ap12.1750,-0.21726993789874
evm.TU.Ap12.1755,-0.0847384338085847
evm.TU.Ap12.1756,0.0198237832047449
evm.TU.Ap12.1757,0.224292624526747
evm.TU.Ap12.1758,0.155793787936125
evm.TU.Ap12.1763,-0.0911019601426883
evm.TU.Ap12.1764,-0.103604848935676
evm.TU.Ap12.1765,-0.509704015940545
evm.TU.Ap12.1768,-0.150138601190257
evm.TU.Ap12.1769,0.1860107052109
evm.TU.Ap12.1771,0.378418358767332
evm.TU.Ap12.1772,-0.314727189230435
evm.TU.Ap12.178,0.266922752300593
evm.TU.Ap12.1788,0.129487880455682
evm.TU.Ap12.1790,-0.256509746885403
evm.TU.Ap12.1791,-0.0872895970746061
evm.TU.Ap12.1792,-0.0387671356485384
evm.TU.Ap12.1795,0.209555510874529
evm.TU.Ap12.1796_evm.TU.Ap12.1805,-0.028989410119465
evm.TU.Ap12.1811,0.208091692102543
evm.TU.Ap12.1813,-0.375425294572635
evm.TU.Ap12.1814,-0.00818327685237708
evm.TU.Ap12.1817,-0.0620285046348013
evm.TU.Ap12.1821_evm.TU.Ap12.1830,-0.065456657420696
evm.TU.Ap12.1831,-0.463236974895197
evm.TU.Ap12.1832,0.157506530322228
evm.TU.Ap12.1834,-0.282469780694793
evm.TU.Ap12.1837,-0.0474782444788551
evm.TU.Ap12.1841,0.222736578783669
evm.TU.Ap12.1844,0.078846419727484
evm.TU.Ap12.1848,-0.19426464909364
evm.TU.Ap12.1850,-0.277693672926115
evm.TU.Ap12.1854,0.351980625101852
evm.TU.Ap12.1857,0.75842671919043
evm.TU.Ap12.1858,-0.0525899334000449
evm.TU.Ap12.1870,-0.446086995133975
evm.TU.Ap12.1871,-0.54238109485419
evm.TU.Ap12.1872,-0.609085944179056
evm.TU.Ap12.188,-0.109339486419564
evm.TU.Ap12.1888,0.417709119049397
evm.TU.Ap12.1889,0.151378100600167
evm.TU.Ap12.1890,-0.210498134324528
evm.TU.Ap12.1892,-0.0925889565329357
evm.TU.Ap12.1904,0.144273637303284
evm.TU.Ap12.1905,0.063974885607045
evm.TU.Ap12.1920_evm.TU.Ap12.1923,0.222565142637634
evm.TU.Ap12.1924,0.220399778049893
evm.TU.Ap12.1925,-0.103302483859498
evm.TU.Ap12.1928,-0.299684497363516
evm.TU.Ap12.1929,-0.0146707065313305
evm.TU.Ap12.1932,-0.114368112079577
evm.TU.Ap12.1941,-0.0581169790240032
evm.TU.Ap12.1949,0.0916017549771397
evm.TU.Ap12.1950,-0.0158568240341017
evm.TU.Ap12.1958,0.180766350836462
evm.TU.Ap12.1965,0.458892136074724
evm.TU.Ap12.1967,-0.229158489345938
evm.TU.Ap12.1968,0.000611986648754508
evm.TU.Ap12.1974,0.277261594851506
evm.TU.Ap12.1975,0.247419446356199
evm.TU.Ap12.1976,0.52516103423318
evm.TU.Ap12.1977,-0.0873450330311911
evm.TU.Ap12.198,0.0352511122302356
evm.TU.Ap12.1983,0.0624111281650162
evm.TU.Ap12.1985,0.0524908400131929
evm.TU.Ap12.1986,0.00977843797732904
evm.TU.Ap12.1988,-0.0161544018389489
evm.TU.Ap12.199,-0.468727200576437
evm.TU.Ap12.1991,-0.154484795569986
evm.TU.Ap12.2012,-0.287973736128939
evm.TU.Ap12.2013,-0.410254778141229
evm.TU.Ap12.2015,-0.0976558803504585
evm.TU.Ap12.2017,0.38243870110803
evm.TU.Ap12.2019,0.0786310776769582
evm.TU.Ap12.202,-0.365333212134349
evm.TU.Ap12.2020,-0.13476755381584
evm.TU.Ap12.2021,0.0748083213060907
evm.TU.Ap12.2022,0.0969083677583795
evm.TU.Ap12.2023,-0.156033861176282
evm.TU.Ap12.2027,-0.385809147786387
evm.TU.Ap12.203,0.510024362958922
evm.TU.Ap12.205,0.56826221467976
evm.TU.Ap12.2087,-0.0216621187479655
evm.TU.Ap12.2090,-0.145185507346276
evm.TU.Ap12.2091,-0.0696607806555869
evm.TU.Ap12.2092,-0.0962443851815663
evm.TU.Ap12.2093,0.0139926363320809
evm.TU.Ap12.2098,0.195620226201437
evm.TU.Ap12.2099,0.111113934517489
evm.TU.Ap12.2113,-0.00342909171655095
evm.TU.Ap12.2114,-0.178598221763736
evm.TU.Ap12.2115,-0.353077856623153
evm.TU.Ap12.2116,-0.0681590716582402
evm.TU.Ap12.212,0.202343223219648
evm.TU.Ap12.2131,-0.230837454905007
evm.TU.Ap12.2140,-0.276790180893289
evm.TU.Ap12.2141,-0.198619673831232
evm.TU.Ap12.2144_evm.TU.Ap12.2145,-0.0565017320430982
evm.TU.Ap12.2146,-0.313585771309952
evm.TU.Ap12.2151_evm.TU.Ap12.2154,-0.0953932843182567
evm.TU.Ap12.2157,0.504707632710638
evm.TU.Ap12.2158,-0.246537667196835
evm.TU.Ap12.216_evm.TU.Ap12.217_evm.TU.Ap12.219,-0.185152695209065
evm.TU.Ap12.2162,-0.311368735946218
evm.TU.Ap12.2163,0.0409388154403605
evm.TU.Ap12.2164,-0.459065798267496
evm.TU.Ap12.2166,0.366406879781916
evm.TU.Ap12.2167,-0.0289899913939371
evm.TU.Ap12.2168,0.205189596927854
evm.TU.Ap12.2174,0.454345766892658
evm.TU.Ap12.2175,-0.0938578531148836
evm.TU.Ap12.2176,0.389026642095796
evm.TU.Ap12.2177,-0.323481976650445
evm.TU.Ap12.2179,-0.0326749687148926
evm.TU.Ap12.2180,-0.263304993085957
evm.TU.Ap12.2181,-0.0580022660921156
evm.TU.Ap12.2188,-0.240152159019142
evm.TU.Ap12.2189,-0.126124535797616
evm.TU.Ap12.2190,-0.0945466565494388
evm.TU.Ap12.2191,-0.0159321356150587
evm.TU.Ap12.2193,-0.422500324937399
evm.TU.Ap12.2194,-0.230453574603802
evm.TU.Ap12.2195,0.0370411115614911
evm.TU.Ap12.2196,0.0498972112746362
evm.TU.Ap12.2199,0.268380061353511
evm.TU.Ap12.2200,-0.272637634365397
evm.TU.Ap12.2201,0.00534681543590112
evm.TU.Ap12.2210,-0.07908448524394
evm.TU.Ap12.2216,-0.242371258981081
evm.TU.Ap12.2217,-0.293223662714485
evm.TU.Ap12.2218,-0.169411243891817
evm.TU.Ap12.2220,-0.479585721433128
evm.TU.Ap12.2225,-0.187310842890803
evm.TU.Ap12.2228,-0.0577030663870635
evm.TU.Ap12.2230,0.00814345473017539
evm.TU.Ap12.2235,-0.100672289427729
evm.TU.Ap12.2249,-0.0192347546927561
evm.TU.Ap12.2252,-0.667914824403966
evm.TU.Ap12.2254,-0.0759036436184269
evm.TU.Ap12.2255,0.204401813890729
evm.TU.Ap12.2256,0.130313900163381
evm.TU.Ap12.2260,-0.464631665736675
evm.TU.Ap12.2262,-0.134183045038635
evm.TU.Ap12.2263,0.217147052652369
evm.TU.Ap12.2265,0.0154328660264229
evm.TU.Ap12.2268,-0.0791538590029982
evm.TU.Ap12.2269,0.316821565641745
evm.TU.Ap12.2270,0.313265317374176
evm.TU.Ap12.2272,-0.0214003753903548
evm.TU.Ap12.2273,0.106673332645119
evm.TU.Ap12.228,-0.18629866655954
evm.TU.Ap12.2285,-0.263255088664223
evm.TU.Ap12.2290,0.600744994276027
evm.TU.Ap12.2302,-0.595843678831338
evm.TU.Ap12.2304,0.35145765589923
evm.TU.Ap12.2324,-0.153677354209665
evm.TU.Ap12.2331,-0.0503331295752277
evm.TU.Ap12.2332,0.0211044558986198
evm.TU.Ap12.2333,-0.176562292103068
evm.TU.Ap12.2334,-0.200836916061174
evm.TU.Ap12.2335,-0.14239957921579
evm.TU.Ap12.2340,-0.303810149067568
evm.TU.Ap12.2346,-0.137327100358159
evm.TU.Ap12.2347,0.0321816915793198
evm.TU.Ap12.2349,0.306912250097597
evm.TU.Ap12.2351,0.078699099311356
evm.TU.Ap12.2352,0.327315610395564
evm.TU.Ap12.2370,0.213896350188574
evm.TU.Ap12.2375,-0.194227344047582
evm.TU.Ap12.2396,-0.388140618194741
evm.TU.Ap12.2397,0.03256904509047
evm.TU.Ap12.2398,0.0585861906786135
evm.TU.Ap12.240,0.215934278781467
evm.TU.Ap12.2401_evm.TU.Ap12.2399,0.21238065338618
evm.TU.Ap12.2403,0.222656593510143
evm.TU.Ap12.2407,-0.140228295718942
evm.TU.Ap12.2411,0.341304932007524
evm.TU.Ap12.242,0.372069025765678
evm.TU.Ap12.2430,0.283822205617977
evm.TU.Ap12.2434,-0.155695101012677
evm.TU.Ap12.2435,0.197166401525086
evm.TU.Ap12.244,-0.350083675909056
evm.TU.Ap12.2444,-0.0708409515035251
evm.TU.Ap12.2445,0.174312948134813
evm.TU.Ap12.2447,0.0819148756584582
evm.TU.Ap12.2449,0.713092897500805
evm.TU.Ap12.245,-0.274237395059379
evm.TU.Ap12.2450,0.206010813838998
evm.TU.Ap12.2456,-0.00832148818644946
evm.TU.Ap12.2459,0.294172136334906
evm.TU.Ap12.246,-0.0533671396941975
evm.TU.Ap12.2462,-0.220733002524414
evm.TU.Ap12.2465,0.0611622809264246
evm.TU.Ap12.2466,0.0313346891547156
evm.TU.Ap12.2468,-0.234501807858363
evm.TU.Ap12.2469,0.684462426322858
evm.TU.Ap12.247,0.0617063922209993
evm.TU.Ap12.2471,-0.0810246053038232
evm.TU.Ap12.2472,0.493679838892783
evm.TU.Ap12.2473,-0.178085035189536
evm.TU.Ap12.2474,0.555813979105896
evm.TU.Ap12.2475,0.298356406516352
evm.TU.Ap12.2476,-0.306929889654841
evm.TU.Ap12.2477,0.127768219038966
evm.TU.Ap12.2478,0.429457412022094
evm.TU.Ap12.248,-0.171735450016579
evm.TU.Ap12.2484,0.232771220697312
evm.TU.Ap12.2488,-0.171359688085556
evm.TU.Ap12.2504,-0.019373246997738
evm.TU.Ap12.2505,0.0182811444193199
evm.TU.Ap12.2507,0.0605731809351621
evm.TU.Ap12.2509,-0.405873552148442
evm.TU.Ap12.251,-0.1336851388893
evm.TU.Ap12.2510,-0.136994852845283
evm.TU.Ap12.2512,0.131450031002965
evm.TU.Ap12.2513,-0.0871778534216748
evm.TU.Ap12.2516,0.344850623115024
evm.TU.Ap12.2518,-0.208567315974779
evm.TU.Ap12.2520,0.0414518704716705
evm.TU.Ap12.2522,0.367464689870725
evm.TU.Ap12.2523,0.124718552579627
evm.TU.Ap12.2527,0.0286909458618026
evm.TU.Ap12.2528,0.183524564010561
evm.TU.Ap12.2529,-0.264157260079413
evm.TU.Ap12.2531,-0.603609249929661
evm.TU.Ap12.2533,0.213475463260915
evm.TU.Ap12.2538,0.521677149458051
evm.TU.Ap12.2540,0.0201499076682837
evm.TU.Ap12.2541,-0.558806414268881
evm.TU.Ap12.2543,-0.0761872745927979
evm.TU.Ap12.2556,0.027931612979914
evm.TU.Ap12.2557,0.20188626788587
evm.TU.Ap12.2559,0.285250737702802
evm.TU.Ap12.2560,0.204276385684576
evm.TU.Ap12.2568_evm.TU.Ap12.2570,0.239425023480952
evm.TU.Ap12.2571,0.0569413807260995
evm.TU.Ap12.2575,-0.178146763939613
evm.TU.Ap12.2576,-0.194289200167299
evm.TU.Ap12.2578_evm.TU.Ap12.2579,0.0394129179148755
evm.TU.Ap12.2580,0.261354690438129
evm.TU.Ap12.2581,-0.100755741916504
evm.TU.Ap12.2582,0.34583912916144
evm.TU.Ap12.259,0.0408413654249394
evm.TU.Ap12.2593,0.140320853700582
evm.TU.Ap12.2595,0.111678044157647
evm.TU.Ap12.2599,-0.0295745212152147
evm.TU.Ap12.2604,-0.130448712846607
evm.TU.Ap12.2605,0.104357346120973
evm.TU.Ap12.2606,0.307729285552233
evm.TU.Ap12.2608,0.00603060402122287
evm.TU.Ap12.2609,-0.0154607809624266
evm.TU.Ap12.2610,-0.1176663887397
evm.TU.Ap12.2611,0.427653626053825
evm.TU.Ap12.2612,-0.105599534468282
evm.TU.Ap12.2613,0.0458037843082876
evm.TU.Ap12.2615,-0.632392792938139
evm.TU.Ap12.2616,0.0299023599504097
evm.TU.Ap12.2618_evm.TU.Ap12.2619,-0.107319170569411
evm.TU.Ap12.2626,-0.387685635749653
evm.TU.Ap12.2627,-0.00403775876343885
evm.TU.Ap12.2629,-0.0611104372385464
evm.TU.Ap12.2636,0.188470239205821
evm.TU.Ap12.2637,-0.0402449371393397
evm.TU.Ap12.2647,-0.178975592264863
evm.TU.Ap12.2649,-0.00856624775222388
evm.TU.Ap12.2650,-0.4344075681807
evm.TU.Ap12.2651,0.269017005172738
evm.TU.Ap12.2662,0.532842673824127
evm.TU.Ap12.2669,-0.215252888238668
evm.TU.Ap12.2670,0.206777122765221
evm.TU.Ap12.2671,-0.0901176812056053
evm.TU.Ap12.2672,-0.0973823964635595
evm.TU.Ap12.2673,-0.380800874847118
evm.TU.Ap12.2682,-0.161640655734836
evm.TU.Ap12.2697,-0.209387719239531
evm.TU.Ap12.2701,0.113492738933756
evm.TU.Ap12.2713,0.508705991774305
evm.TU.Ap12.2715,0.234005010112826
evm.TU.Ap12.2721,0.0600824852679989
evm.TU.Ap12.2726,-0.0806016182981374
evm.TU.Ap12.2727,0.144570920690102
evm.TU.Ap12.2728,0.0263602746426154
evm.TU.Ap12.2730,0.141394628741975
evm.TU.Ap12.2731,0.0273921908072615
evm.TU.Ap12.2733,-0.111968588219342
evm.TU.Ap12.2735,0.260685399678689
evm.TU.Ap12.2736,0.0473498445577617
evm.TU.Ap12.2738,-0.247742213011718
evm.TU.Ap12.2739,-0.134191754042568
evm.TU.Ap12.2743,-0.386007261282149
evm.TU.Ap12.2744,-0.467478810437738
evm.TU.Ap12.2745,-0.344372759663856
evm.TU.Ap12.2746,-0.348464156581529
evm.TU.Ap12.2747,-0.532786928091909
evm.TU.Ap12.275,-0.336262451050037
evm.TU.Ap12.2751,-0.44540159186364
evm.TU.Ap12.2752,0.0587047480565175
evm.TU.Ap12.2753,-0.202900665510354
evm.TU.Ap12.2755,-0.18207392602454
evm.TU.Ap12.2756,0.399988340142689
evm.TU.Ap12.2759,-0.207645666143151
evm.TU.Ap12.2760,-0.277635136605468
evm.TU.Ap12.2763,0.342864152353665
evm.TU.Ap12.2765,0.0313700903950223
evm.TU.Ap12.2766,-0.170223953445656
evm.TU.Ap12.277,0.471019350776337
evm.TU.Ap12.2771,-0.00684189993338151
evm.TU.Ap12.2777_evm.TU.Ap12.2778,-0.523829663231568
evm.TU.Ap12.2781,-0.398759948023048
evm.TU.Ap12.2782,0.287422558619103
evm.TU.Ap12.2784,-0.109714572791043
evm.TU.Ap12.2785,-0.315201100135727
evm.TU.Ap12.2787,-0.338495517717825
evm.TU.Ap12.2788,-0.00246918886507472
evm.TU.Ap12.2789,-0.0592705598681914
evm.TU.Ap12.2793,-0.0910295994100342
evm.TU.Ap12.2794,-0.108595700619028
evm.TU.Ap12.2795,-0.0925837777474048
evm.TU.Ap12.2796,-0.0637009700184011
evm.TU.Ap12.2797,0.142489030970766
evm.TU.Ap12.2799,-0.171428995744854
evm.TU.Ap12.2801,-0.13701914700219
evm.TU.Ap12.2810,0.137969566314165
evm.TU.Ap12.2816,-0.363366866295568
evm.TU.Ap12.2818,-0.31033363750339
evm.TU.Ap12.2819,-0.00771030672546162
evm.TU.Ap12.2820,0.0733281712380087
evm.TU.Ap12.2828,0.106740231382691
evm.TU.Ap12.284,0.0718327383597562
evm.TU.Ap12.287,0.375501415812274
evm.TU.Ap12.289,-0.456738851335004
evm.TU.Ap12.303,-0.232096494254109
evm.TU.Ap12.335,0.178105493397309
evm.TU.Ap12.340,-0.338804505287371
evm.TU.Ap12.358,0.23474339954197
evm.TU.Ap12.360,0.149140744597466
evm.TU.Ap12.363,-0.268009293083194
evm.TU.Ap12.365,-0.45081012733606
evm.TU.Ap12.367,0.446130072299127
evm.TU.Ap12.369,0.0418654366655097
evm.TU.Ap12.37,0.409016517858303
evm.TU.Ap12.372,0.533469258997148
evm.TU.Ap12.373,0.0478565392848395
evm.TU.Ap12.377,-0.259201293974205
evm.TU.Ap12.378,-0.0253873832067189
evm.TU.Ap12.379,-0.177482349556898
evm.TU.Ap12.38,0.527678628449388
evm.TU.Ap12.380,-0.265690088979897
evm.TU.Ap12.383,0.377081069024154
evm.TU.Ap12.41,0.0966629414824605
evm.TU.Ap12.42,-0.209210261694028
evm.TU.Ap12.428,0.317861325352409
evm.TU.Ap12.430_evm.TU.Ap12.431_evm.TU.Ap12.432,-0.177071449594408
evm.TU.Ap12.438,-0.249186151690525
evm.TU.Ap12.44,0.177630393688821
evm.TU.Ap12.443,-0.267593414622042
evm.TU.Ap12.449,0.327138405608872
evm.TU.Ap12.451,0.0439198462024592
evm.TU.Ap12.452,-0.281820587988056
evm.TU.Ap12.453,-0.296959657316192
evm.TU.Ap12.454,-0.0234579768239188
evm.TU.Ap12.456,-0.306728704434371
evm.TU.Ap12.458,-0.356469023130398
evm.TU.Ap12.459_evm.TU.Ap12.460,0.382056466927777
evm.TU.Ap12.461,0.348099799874495
evm.TU.Ap12.464,0.170561228748103
evm.TU.Ap12.466,0.404810155171081
evm.TU.Ap12.467,-0.177845914923803
evm.TU.Ap12.468,-0.138645638311067
evm.TU.Ap12.472,-0.472471285110953
evm.TU.Ap12.474,0.774890377435154
evm.TU.Ap12.475,-0.403263350019813
evm.TU.Ap12.477,-0.11494625361797
evm.TU.Ap12.479,0.107372478173849
evm.TU.Ap12.480,0.402994864445607
evm.TU.Ap12.481,-0.0821891975940819
evm.TU.Ap12.482,0.0824232890973531
evm.TU.Ap12.484,0.0124366480996038
evm.TU.Ap12.486,-0.251475879523302
evm.TU.Ap12.487,0.0920606415512206
evm.TU.Ap12.492,-0.13736620679171
evm.TU.Ap12.493,0.0829277797333656
evm.TU.Ap12.495,0.172740448807055
evm.TU.Ap12.499,0.18214308220757
evm.TU.Ap12.5,-0.0601503887855787
evm.TU.Ap12.500,0.068777917622249
evm.TU.Ap12.501,-0.20621726778796
evm.TU.Ap12.502,-0.327042158023137
evm.TU.Ap12.503,-0.194523110901816
evm.TU.Ap12.504,-0.0266808051549912
evm.TU.Ap12.505,-0.241472300855961
evm.TU.Ap12.506,-0.0294840388807131
evm.TU.Ap12.509,-0.208630174985093
evm.TU.Ap12.512,-0.226680938063037
evm.TU.Ap12.513,0.412176122389968
evm.TU.Ap12.515,0.181165664886859
evm.TU.Ap12.516,0.174556098740399
evm.TU.Ap12.520,0.120840420308261
evm.TU.Ap12.522,-0.13792565566837
evm.TU.Ap12.523,0.0791319894056344
evm.TU.Ap12.528,0.0394276712656567
evm.TU.Ap12.529,-0.201262787594522
evm.TU.Ap12.53,-0.54139244803502
evm.TU.Ap12.530,0.221867968268077
evm.TU.Ap12.531,-0.155597167934321
evm.TU.Ap12.533,0.164174659666921
evm.TU.Ap12.534,0.289461901899352
evm.TU.Ap12.535,-0.0173630904512368
evm.TU.Ap12.537,0.0216459811412554
evm.TU.Ap12.538,-0.0074212909037272
evm.TU.Ap12.539,0.0669274518820486
evm.TU.Ap12.54,0.00702253997303073
evm.TU.Ap12.542,-0.0276657106887299
evm.TU.Ap12.544,0.0386190441083155
evm.TU.Ap12.548,-0.294637081692596
evm.TU.Ap12.549,-0.385540795351369
evm.TU.Ap12.550,0.0945933741433153
evm.TU.Ap12.551,-0.0534684327868603
evm.TU.Ap12.554,-0.176144515652057
evm.TU.Ap12.555,-0.261588289003033
evm.TU.Ap12.556,0.203740081547975
evm.TU.Ap12.557,0.34463626597166
evm.TU.Ap12.558,-0.0437679105829745
evm.TU.Ap12.559,6.78493066880351e-05
evm.TU.Ap12.566,-0.0974000687409474
evm.TU.Ap12.568,0.309446855127022
evm.TU.Ap12.571,0.140322877257128
evm.TU.Ap12.573,0.0453217196723738
evm.TU.Ap12.58,-0.0818925526654867
evm.TU.Ap12.59,-0.10120441104336
evm.TU.Ap12.596,-0.203859656605274
evm.TU.Ap12.6,0.370454259605912
evm.TU.Ap12.600_evm.TU.Ap12.603_evm.TU.Ap12.607,-0.38932043238153
evm.TU.Ap12.642,0.501539108708812
evm.TU.Ap12.643,0.20001775595399
evm.TU.Ap12.656,-0.0712687437543405
evm.TU.Ap12.660,-0.129288304380436
evm.TU.Ap12.663,0.0828877773550641
evm.TU.Ap12.665,0.14892454122984
evm.TU.Ap12.668,-0.553621476745953
evm.TU.Ap12.670,-0.399048656579731
evm.TU.Ap12.672,-0.0279059684335996
evm.TU.Ap12.673,-0.0779694527307042
evm.TU.Ap12.68,0.240671348715617
evm.TU.Ap12.680,-0.0787676229277494
evm.TU.Ap12.681_evm.TU.Ap12.682,-0.0952595044989228
evm.TU.Ap12.69,0.259466385726348
evm.TU.Ap12.707,0.248621674057967
evm.TU.Ap12.711,0.17204204962827
evm.TU.Ap12.725,0.384712026202224
evm.TU.Ap12.727,-0.338695810685639
evm.TU.Ap12.736,-0.257711160508495
evm.TU.Ap12.737,-0.20522468318037
evm.TU.Ap12.739,-0.33003982705129
evm.TU.Ap12.74,-0.145812086527662
evm.TU.Ap12.759,0.0318869950946738
evm.TU.Ap12.761,-0.275968710491211
evm.TU.Ap12.763,-0.341855111504151
evm.TU.Ap12.764,0.224662818040337
evm.TU.Ap12.770,0.40699569328329
evm.TU.Ap12.772,0.2997016578734
evm.TU.Ap12.773,0.078890649479198
evm.TU.Ap12.775,0.23905869108402
evm.TU.Ap12.777,0.575277317195232
evm.TU.Ap12.779,0.407405989501749
evm.TU.Ap12.780,0.0877760878094938
evm.TU.Ap12.782,0.0207608550860361
evm.TU.Ap12.783,-0.183970121535313
evm.TU.Ap12.785,-0.0899737104329478
evm.TU.Ap12.793,0.0121272864361511
evm.TU.Ap12.796,0.278215890355496
evm.TU.Ap12.8,0.0794994042308337
evm.TU.Ap12.800,0.439452731127807
evm.TU.Ap12.805,0.193099113244149
evm.TU.Ap12.807,-0.112859296826256
evm.TU.Ap12.808,-0.193587503420562
evm.TU.Ap12.810,0.0685994911514726
evm.TU.Ap12.813,0.229603103072224
evm.TU.Ap12.817,0.29212265884941
evm.TU.Ap12.825,-0.0568177069200195
evm.TU.Ap12.83,-0.0626148642068927
evm.TU.Ap12.835,-0.305453390769353
evm.TU.Ap12.836,-0.0745970876540936
evm.TU.Ap12.839,0.10542544834389
evm.TU.Ap12.84,-0.592131950022889
evm.TU.Ap12.840,-0.0728800706265797
evm.TU.Ap12.843,-0.369515774029897
evm.TU.Ap12.86,0.140368961379234
evm.TU.Ap12.869,-0.263487867413628
evm.TU.Ap12.87,-0.119423889766383
evm.TU.Ap12.871,-0.277406890946165
evm.TU.Ap12.872,-0.745138014869586
evm.TU.Ap12.873,0.144048857180701
evm.TU.Ap12.874,0.488610027319132
evm.TU.Ap12.877,-0.133550308680932
evm.TU.Ap12.878,0.254064007085411
evm.TU.Ap12.88_evm.TU.Ap12.89,0.443065881437675
evm.TU.Ap12.882_evm.TU.Ap12.880,-0.458122727294857
evm.TU.Ap12.884,0.104156071206314
evm.TU.Ap12.888,0.0927664515780214
evm.TU.Ap12.889,0.576165616226859
evm.TU.Ap12.890,0.334059264884522
evm.TU.Ap12.891,0.0750752585929267
evm.TU.Ap12.895,0.272297515101993
evm.TU.Ap12.896,-0.00994816006248658
evm.TU.Ap12.90,0.560507094077759
evm.TU.Ap12.902,0.15804015748282
evm.TU.Ap12.907,-0.0140645151815846
evm.TU.Ap12.910,0.436259667674745
evm.TU.Ap12.912,-0.486849367636942
evm.TU.Ap12.919,-0.194955897277396
evm.TU.Ap12.920,0.670926364061911
evm.TU.Ap12.921,0.292814844886583
evm.TU.Ap12.934,-0.198705656916177
evm.TU.Ap12.935,0.085470444478354
evm.TU.Ap12.938,0.322818260630933
evm.TU.Ap12.939,0.230529177590216
evm.TU.Ap12.94_evm.TU.Ap12.95,-0.160072464129803
evm.TU.Ap12.940,-0.202109045468406
evm.TU.Ap12.941,-0.0724901272516145
evm.TU.Ap12.942,0.130043478984788
evm.TU.Ap12.944,-0.324425790009707
evm.TU.Ap12.945,-0.0432982156294431
evm.TU.Ap12.946,-0.223474185525572
evm.TU.Ap12.948,-0.117038056627384
evm.TU.Ap12.953,0.085170426027218
evm.TU.Ap12.96,0.259938243924583
evm.TU.Ap12.965,0.106049907008596
evm.TU.Ap12.968,-0.45863905957249
evm.TU.Ap12.971,-0.175528943430142
evm.TU.Ap12.973,-0.364110650219781
evm.TU.Ap12.974,-0.573810622364021
evm.TU.Ap12.975,0.0526692334791102
evm.TU.Ap12.979,0.0709511664572718
evm.TU.Ap12.98,0.54150104320641
evm.TU.Ap12.99,-0.246188245972486
evm.TU.Ap12.992_evm.TU.Ap12.993,-0.138271530794471
evm.TU.Ap12.995,-0.283410293786595
evm.TU.Ap12.996,0.201298761449395
evm.TU.Ap12.999,-0.359359188467365
evm.TU.Ap13.10,0.157251139996505
evm.TU.Ap13.1003,-0.259785637202159
evm.TU.Ap13.1004,0.151722966402208
evm.TU.Ap13.1013,0.0236932698955493
evm.TU.Ap13.1016,-0.218334646852389
evm.TU.Ap13.1017,0.77823790059728
evm.TU.Ap13.1018,0.589028970295472
evm.TU.Ap13.1019,0.133082480720222
evm.TU.Ap13.104,-0.012787699087136
evm.TU.Ap13.1046,0.0286598375253973
evm.TU.Ap13.1048_evm.TU.Ap13.1047,-0.217082000000255
evm.TU.Ap13.105,-0.276098343607008
evm.TU.Ap13.1052,-0.159919316683041
evm.TU.Ap13.1055,-0.516086286442413
evm.TU.Ap13.107,-0.398595459393693
evm.TU.Ap13.1073,0.334252287748789
evm.TU.Ap13.1075_evm.TU.Ap13.1078,-0.394081399207042
evm.TU.Ap13.1084,0.107787425476615
evm.TU.Ap13.109,0.365137845762241
evm.TU.Ap13.11,-0.0387382491112297
evm.TU.Ap13.1104_evm.TU.Ap13.1106,0.000302928540413807
evm.TU.Ap13.1107_evm.TU.Ap13.1108,-0.412625890093428
evm.TU.Ap13.1109,-0.184586812472395
evm.TU.Ap13.112,-0.375851272532597
evm.TU.Ap13.1131,0.166788783708207
evm.TU.Ap13.1132_evm.TU.Ap13.1133,-0.497312144658859
evm.TU.Ap13.1136,0.0163095243212436
evm.TU.Ap13.1137,0.0413865865227807
evm.TU.Ap13.1138,-0.227097975488076
evm.TU.Ap13.114,-0.241065254407573
evm.TU.Ap13.1140,0.215875610904497
evm.TU.Ap13.1141,0.457704171806987
evm.TU.Ap13.1153,-0.105749396408051
evm.TU.Ap13.1159_evm.TU.Ap13.1156,-0.249165940995889
evm.TU.Ap13.1160,0.038505170078129
evm.TU.Ap13.1161,-0.263830840934816
evm.TU.Ap13.1162,0.122322392793546
evm.TU.Ap13.1163,-0.372690972588854
evm.TU.Ap13.1164,0.196521455412727
evm.TU.Ap13.1166,-0.157021006180589
evm.TU.Ap13.1169,-0.179450834558569
evm.TU.Ap13.1171,-0.505996985654228
evm.TU.Ap13.1173,-0.0101118801782178
evm.TU.Ap13.1175,-0.476658737600486
evm.TU.Ap13.1176,-0.157425936908197
evm.TU.Ap13.1180,0.223110149152917
evm.TU.Ap13.1182,-0.361043256172411
evm.TU.Ap13.1189,-0.249529523593108
evm.TU.Ap13.1190,0.103896621032519
evm.TU.Ap13.1192,0.220874945467745
evm.TU.Ap13.1193,0.573357348885513
evm.TU.Ap13.1194,0.299276337684674
evm.TU.Ap13.1197,-0.156583254899573
evm.TU.Ap13.1199,-0.0661806787302971
evm.TU.Ap13.12,-0.0764489262964495
evm.TU.Ap13.1203,0.0732361463392253
evm.TU.Ap13.1205,0.188027272160597
evm.TU.Ap13.1206,0.0351330824907128
evm.TU.Ap13.1207,-0.0390199237804122
evm.TU.Ap13.1209,0.0502555908058348
evm.TU.Ap13.1210,0.129232779892247
evm.TU.Ap13.1211,0.234028102770101
evm.TU.Ap13.1214,0.439613895732644
evm.TU.Ap13.1215,0.163794937026034
evm.TU.Ap13.1216,0.185531664310728
evm.TU.Ap13.1218,0.0220803228982037
evm.TU.Ap13.1222,0.319892069889369
evm.TU.Ap13.1223,-0.493831192370853
evm.TU.Ap13.1224,-0.0554633458966202
evm.TU.Ap13.1225,-0.0538153446574952
evm.TU.Ap13.1226,-0.183227451607582
evm.TU.Ap13.1227,-0.498032441750884
evm.TU.Ap13.123,-0.329828312273986
evm.TU.Ap13.1231,0.300688937206949
evm.TU.Ap13.1232,0.179400961499645
evm.TU.Ap13.1235,0.0558659791970858
evm.TU.Ap13.1237,-0.139382322304624
evm.TU.Ap13.1244,0.242489209025292
evm.TU.Ap13.1248,-0.298884918994912
evm.TU.Ap13.125,-0.206857886414982
evm.TU.Ap13.1255,-0.0866886721483832
evm.TU.Ap13.1258,-0.196420187277291
evm.TU.Ap13.1270,0.097881935841727
evm.TU.Ap13.1276,0.0402887460309389
evm.TU.Ap13.1278,-0.0696225493023967
evm.TU.Ap13.1289,0.344558561879244
evm.TU.Ap13.1290,-0.475762473313869
evm.TU.Ap13.1291,-0.19620196048892
evm.TU.Ap13.1292,-0.0228214582358852
evm.TU.Ap13.13,0.0120384085413223
evm.TU.Ap13.1302,-0.407005079521742
evm.TU.Ap13.1306,-0.0855058967615448
evm.TU.Ap13.1307,-0.227138014013399
evm.TU.Ap13.131,-0.42389898933355
evm.TU.Ap13.1310,-0.00804319856577596
evm.TU.Ap13.1311,0.013513594269992
evm.TU.Ap13.1312,-0.0980084192910294
evm.TU.Ap13.1313,-0.0763118585775785
evm.TU.Ap13.1314,-0.276118322268982
evm.TU.Ap13.1315,0.0218392421540109
evm.TU.Ap13.1316,-0.683554128312673
evm.TU.Ap13.1320,-0.257287803921622
evm.TU.Ap13.1323,0.445898893925204
evm.TU.Ap13.1325,0.228404606155082
evm.TU.Ap13.1327,0.373488915866568
evm.TU.Ap13.1329,0.150677075607125
evm.TU.Ap13.1330,0.0819666665649912
evm.TU.Ap13.1331,-0.0460972614156239
evm.TU.Ap13.1334,0.263451962520778
evm.TU.Ap13.1335,-0.0678677456305906
evm.TU.Ap13.134,-0.577493998277098
evm.TU.Ap13.1340,-0.36000945543943
evm.TU.Ap13.1342,-0.119456303473872
evm.TU.Ap13.1343,-0.129260655622778
evm.TU.Ap13.1344,0.314668833456489
evm.TU.Ap13.1350,0.165894595591188
evm.TU.Ap13.1352,0.481473612785828
evm.TU.Ap13.1354,0.142393080226714
evm.TU.Ap13.1357,0.417012204704368
evm.TU.Ap13.1359,0.0340240270316816
evm.TU.Ap13.1361,0.108470132425676
evm.TU.Ap13.1362,0.0694848814218873
evm.TU.Ap13.1365,-0.368124285270662
evm.TU.Ap13.138,0.118459430889472
evm.TU.Ap13.1386,0.11155745269474
evm.TU.Ap13.1399,-0.123322407488148
evm.TU.Ap13.140,0.192859710181666
evm.TU.Ap13.1401,0.378103161652426
evm.TU.Ap13.1402,-0.299034231479714
evm.TU.Ap13.1403,0.0564152707201849
evm.TU.Ap13.1407,0.421840612539236
evm.TU.Ap13.1408,-0.0485590283306908
evm.TU.Ap13.1409,0.319038519218289
evm.TU.Ap13.141,0.184953509106542
evm.TU.Ap13.1410,0.165493038253819
evm.TU.Ap13.1411,0.17868159163242
evm.TU.Ap13.1412,0.0198718411465468
evm.TU.Ap13.1417,0.46544142968633
evm.TU.Ap13.142,0.0947272851029611
evm.TU.Ap13.1426,-0.394836364284909
evm.TU.Ap13.1428,-0.52026111962837
evm.TU.Ap13.1431,-0.320373417247137
evm.TU.Ap13.1439,0.208609143405241
evm.TU.Ap13.144,0.196383548706518
evm.TU.Ap13.1441,-0.039272194494132
evm.TU.Ap13.1442,0.38567131768085
evm.TU.Ap13.1443,0.0383310047635319
evm.TU.Ap13.1444,-0.105871027746248
evm.TU.Ap13.1447,0.0111914393385835
evm.TU.Ap13.1456,0.158014905112102
evm.TU.Ap13.1457,0.153095772152108
evm.TU.Ap13.1458,0.0115671332446482
evm.TU.Ap13.1478,0.0163203451935889
evm.TU.Ap13.1491,-0.176115363773511
evm.TU.Ap13.1495,0.199625457743876
evm.TU.Ap13.1496,-0.227787261041616
evm.TU.Ap13.1499,0.11575422332075
evm.TU.Ap13.1500,0.154372672550624
evm.TU.Ap13.1501,0.251470346430181
evm.TU.Ap13.1503,0.0130884872768809
evm.TU.Ap13.1514,0.197565013193645
evm.TU.Ap13.1516,0.38042366676278
evm.TU.Ap13.1517,-0.249152466900764
evm.TU.Ap13.1518,0.279695973997544
evm.TU.Ap13.1519,-0.106943255958398
evm.TU.Ap13.1524,0.18024754000106
evm.TU.Ap13.1529,-0.212907526818365
evm.TU.Ap13.155,-0.228938889841697
evm.TU.Ap13.1555,0.138024170400391
evm.TU.Ap13.1563_evm.TU.Ap13.1564,-0.211740497787581
evm.TU.Ap13.1565,-0.28443948591399
evm.TU.Ap13.157,-0.491357544883799
evm.TU.Ap13.1571,-0.162019973072361
evm.TU.Ap13.1581,-0.00412209478305309
evm.TU.Ap13.1582,-0.0944085986572128
evm.TU.Ap13.1586,0.1854814123744
evm.TU.Ap13.1587,0.202436576853633
evm.TU.Ap13.1588,0.0339273917275872
evm.TU.Ap13.159,-0.266318452335691
evm.TU.Ap13.1590,0.270905572339497
evm.TU.Ap13.1596,0.0591504948659062
evm.TU.Ap13.160,-0.270513772618602
evm.TU.Ap13.1605,-0.176353390805923
evm.TU.Ap13.162_evm.TU.Ap13.164,0.483798858109294
evm.TU.Ap13.1630,0.116032316310247
evm.TU.Ap13.1634_evm.TU.Ap13.1635,-0.252199634828006
evm.TU.Ap13.1636,-0.184130640973808
evm.TU.Ap13.1637,-0.120284690183655
evm.TU.Ap13.1639_evm.TU.Ap13.1640_evm.TU.Ap13.1642_evm.TU.Ap13.1643,-0.210976200888373
evm.TU.Ap13.165,-0.350428181714668
evm.TU.Ap13.1650,-0.289228315538313
evm.TU.Ap13.166,0.71636102791492
evm.TU.Ap13.1669,0.203353777256835
evm.TU.Ap13.167,0.268636038517818
evm.TU.Ap13.1675,-0.187228660621974
evm.TU.Ap13.168,0.263504693884404
evm.TU.Ap13.169,-0.341197974244263
evm.TU.Ap13.1696,-0.0129140102977543
evm.TU.Ap13.1697,-0.317395158975253
evm.TU.Ap13.170_evm.TU.Ap13.171,-0.205154509509407
evm.TU.Ap13.1702,0.0805169682153803
evm.TU.Ap13.1704,-0.171163355430336
evm.TU.Ap13.1711,-0.0246983996937109
evm.TU.Ap13.1714_evm.TU.Ap13.1718,-0.172072960447217
evm.TU.Ap13.1719,0.187591959531106
evm.TU.Ap13.1722,0.360046557941996
evm.TU.Ap13.1725,-0.448461678255138
evm.TU.Ap13.1741,0.051925480750098
evm.TU.Ap13.1744,-0.281287037093842
evm.TU.Ap13.1750,-0.244663129000871
evm.TU.Ap13.1751,-0.209030015263562
evm.TU.Ap13.1752,0.124786556177345
evm.TU.Ap13.1753,0.296778498057368
evm.TU.Ap13.1759_evm.TU.Ap13.1760,-0.250542287750446
evm.TU.Ap13.1761,0.0490937945260818
evm.TU.Ap13.1772,-0.0336463306822371
evm.TU.Ap13.1773,-0.165531306896324
evm.TU.Ap13.178,0.35542870059779
evm.TU.Ap13.1784,-0.0699001166537554
evm.TU.Ap13.1785,0.0041070197705557
evm.TU.Ap13.1796,-0.327065425769726
evm.TU.Ap13.1799,0.145317588669419
evm.TU.Ap13.180,-0.43202784815035
evm.TU.Ap13.1800,0.123548300078955
evm.TU.Ap13.1808,-0.00790379743717894
evm.TU.Ap13.1810,-0.0979862818860797
evm.TU.Ap13.182,-0.526670718119338
evm.TU.Ap13.1821,-0.241850275247093
evm.TU.Ap13.1824,-0.155211513330511
evm.TU.Ap13.1828,0.117288315671015
evm.TU.Ap13.183,-0.0075870659841612
evm.TU.Ap13.1852,-0.122001857595791
evm.TU.Ap13.1854,0.0403017461347404
evm.TU.Ap13.1862,0.0945161003232446
evm.TU.Ap13.1863,-0.0414578620411546
evm.TU.Ap13.1876,0.309992104621482
evm.TU.Ap13.1877,-0.151676231413976
evm.TU.Ap13.1878,-0.0726170534335537
evm.TU.Ap13.1880,0.0490314464532038
evm.TU.Ap13.1881,0.20402120609183
evm.TU.Ap13.1882,-0.0225963326424443
evm.TU.Ap13.1885,0.161119655301694
evm.TU.Ap13.1888,0.234409191526273
evm.TU.Ap13.1889,0.160319375880803
evm.TU.Ap13.1895,0.119268781758796
evm.TU.Ap13.1898,-0.012443700029866
evm.TU.Ap13.1908,0.348501626008086
evm.TU.Ap13.1909,-0.0711828367168962
evm.TU.Ap13.1916,0.114140244105735
evm.TU.Ap13.1917,0.168271957423293
evm.TU.Ap13.1928_evm.TU.Ap13.1922,-0.33956770236377
evm.TU.Ap13.1933,0.460244066074397
evm.TU.Ap13.1934,0.0784492427422259
evm.TU.Ap13.1935,-0.0602286030561375
evm.TU.Ap13.1962,-0.334927410573579
evm.TU.Ap13.1963,0.0988225413402208
evm.TU.Ap13.1976,0.121350156899122
evm.TU.Ap13.1979,-0.287485056457311
evm.TU.Ap13.1980,0.171349818940491
evm.TU.Ap13.1984,-0.306321983638899
evm.TU.Ap13.1987,0.0172451789972146
evm.TU.Ap13.199,-0.0448845395773504
evm.TU.Ap13.1990,-0.226933838997172
evm.TU.Ap13.1993,-0.105008422839011
evm.TU.Ap13.1994,0.0319143596058828
evm.TU.Ap13.1995,-0.0063389496215228
evm.TU.Ap13.1996,0.480201169074791
evm.TU.Ap13.2,-0.374455127933491
evm.TU.Ap13.2000,-0.480867833288775
evm.TU.Ap13.2003,-0.409146676414475
evm.TU.Ap13.2005,-0.257762191708017
evm.TU.Ap13.2008,-0.364444084809241
evm.TU.Ap13.2012,0.0292559632413296
evm.TU.Ap13.202,0.494925509990921
evm.TU.Ap13.2020,0.230525142651118
evm.TU.Ap13.2023,-0.259766892815556
evm.TU.Ap13.2034,0.346775514634583
evm.TU.Ap13.2037,0.696986437886049
evm.TU.Ap13.2038,0.438949408499163
evm.TU.Ap13.2039,-0.44604233331236
evm.TU.Ap13.2040,-0.313005947260953
evm.TU.Ap13.2041,-0.30914727930047
evm.TU.Ap13.2045,-0.216141041155179
evm.TU.Ap13.205,0.0910221795865873
evm.TU.Ap13.2050,-0.339191482934475
evm.TU.Ap13.206,0.538145718651356
evm.TU.Ap13.2061,-0.35199705928599
evm.TU.Ap13.2062,-0.507114624907271
evm.TU.Ap13.2063,-0.520429964420033
evm.TU.Ap13.2068,-0.103394546550785
evm.TU.Ap13.207,0.408287815342284
evm.TU.Ap13.2072,-0.321872826170332
evm.TU.Ap13.2073,-0.463905614795107
evm.TU.Ap13.2082,-0.482342896805807
evm.TU.Ap13.2088,-0.188247929319347
evm.TU.Ap13.2094,-0.225221219379537
evm.TU.Ap13.210,0.212802540331013
evm.TU.Ap13.2120,-0.0244371471000291
evm.TU.Ap13.2121,0.0391699701871567
evm.TU.Ap13.2122,0.401744754812309
evm.TU.Ap13.2123,-0.117072208342236
evm.TU.Ap13.2124,-0.014365055738381
evm.TU.Ap13.2125,0.11419901169907
evm.TU.Ap13.2126,0.198580699681172
evm.TU.Ap13.2127,-0.181085750015336
evm.TU.Ap13.214,-0.196704951828412
evm.TU.Ap13.2147,0.115693914271992
evm.TU.Ap13.2149,0.235779854390989
evm.TU.Ap13.2163,-0.557335645986713
evm.TU.Ap13.2171,0.243560255905296
evm.TU.Ap13.2172,-0.395015545381449
evm.TU.Ap13.2173,-0.510364646460741
evm.TU.Ap13.2176,-0.218411443166502
evm.TU.Ap13.218,0.166530037374347
evm.TU.Ap13.2183,0.170826525567859
evm.TU.Ap13.2184,-0.0753168032966141
evm.TU.Ap13.2185,-0.114605284207667
evm.TU.Ap13.2187,0.142806908996059
evm.TU.Ap13.2188,-0.243485328138617
evm.TU.Ap13.2190,-0.0756834614842687
evm.TU.Ap13.2191,-0.119855726751628
evm.TU.Ap13.220,0.148653491893693
evm.TU.Ap13.2201_evm.TU.Ap13.2213,-0.156778063824541
evm.TU.Ap13.2227,-0.018041675665597
evm.TU.Ap13.2229,-0.329113114288656
evm.TU.Ap13.224,0.54031461579939
evm.TU.Ap13.2243,-0.430784839547823
evm.TU.Ap13.2244,-0.0440492311882201
evm.TU.Ap13.2258,-0.301145077736708
evm.TU.Ap13.226,-0.178780214357743
evm.TU.Ap13.2265,-0.500587951315064
evm.TU.Ap13.227,-0.0190077500726891
evm.TU.Ap13.2272,-0.184659046948488
evm.TU.Ap13.2273,-0.093598369772928
evm.TU.Ap13.2276,0.046050069481804
evm.TU.Ap13.2277,0.178330536451611
evm.TU.Ap13.2281,-0.08004217941273
evm.TU.Ap13.2282,0.0785704770220827
evm.TU.Ap13.2283,0.330390178344127
evm.TU.Ap13.2284,0.308518759037611
evm.TU.Ap13.2285,0.0939206212092771
evm.TU.Ap13.2288_evm.TU.Ap13.2301,-0.244413577732114
evm.TU.Ap13.229,-0.0462394113628899
evm.TU.Ap13.230_evm.TU.Ap13.231,3.9346945103837e-05
evm.TU.Ap13.2302_evm.TU.Ap13.2307,-0.126365388160858
evm.TU.Ap13.2319,0.21204617880117
evm.TU.Ap13.2325,0.265177167896187
evm.TU.Ap13.2329,0.358156665458278
evm.TU.Ap13.2331,0.166991994773379
evm.TU.Ap13.2333,-0.225800505184013
evm.TU.Ap13.2334,-0.109666556088407
evm.TU.Ap13.2335,0.255315528032001
evm.TU.Ap13.2336,0.0099324364202219
evm.TU.Ap13.2338,-0.264711400481024
evm.TU.Ap13.2344,-0.447169795113069
evm.TU.Ap13.2354,-0.181454340941287
evm.TU.Ap13.236,-0.334790594892501
evm.TU.Ap13.2361,0.124048879184768
evm.TU.Ap13.2363,-0.149185422206503
evm.TU.Ap13.238,0.0466066492559421
evm.TU.Ap13.2383,-0.028116288381921
evm.TU.Ap13.2386,0.0286759663713305
evm.TU.Ap13.2387,0.0435043215556485
evm.TU.Ap13.2388,-0.0479984192517028
evm.TU.Ap13.2389,0.354846385731588
evm.TU.Ap13.2394,0.015035649840851
evm.TU.Ap13.2396,-0.242191565385951
evm.TU.Ap13.2398,-0.0937794016309459
evm.TU.Ap13.2403,0.00254786670912278
evm.TU.Ap13.2407,-0.334162203939888
evm.TU.Ap13.2419,0.114790427585456
evm.TU.Ap13.242,-0.0725779031181343
evm.TU.Ap13.2421,-0.227882016865411
evm.TU.Ap13.2422,0.0930133213865817
evm.TU.Ap13.2423,0.382927971239096
evm.TU.Ap13.2444,0.24392014644516
evm.TU.Ap13.2445,-0.245973758081846
evm.TU.Ap13.2450,-0.480893054727703
evm.TU.Ap13.2457,-0.487912473383494
evm.TU.Ap13.2459,0.209915500179605
evm.TU.Ap13.2460,0.538187575897993
evm.TU.Ap13.2462,0.131372898846153
evm.TU.Ap13.247,-0.473466006165181
evm.TU.Ap13.2471,-0.182549484881165
evm.TU.Ap13.2472,0.525923554188881
evm.TU.Ap13.2474,0.276699339633525
evm.TU.Ap13.2475,0.242295917261191
evm.TU.Ap13.2479,0.138614353498019
evm.TU.Ap13.2480,0.187513666994941
evm.TU.Ap13.2481,0.3504514626417
evm.TU.Ap13.2482,0.398396023653862
evm.TU.Ap13.2484,-0.199820155732784
evm.TU.Ap13.2493,0.219722282558722
evm.TU.Ap13.2494,-0.108920780261712
evm.TU.Ap13.2497,0.432089081820792
evm.TU.Ap13.2501,0.0507126140077399
evm.TU.Ap13.2502,-0.311735526693236
evm.TU.Ap13.2510,-0.2766459847351
evm.TU.Ap13.2526,-0.2226313765782
evm.TU.Ap13.2528,0.133955763434692
evm.TU.Ap13.2531,0.318863516466578
evm.TU.Ap13.254,-0.466144526727463
evm.TU.Ap13.2562,0.239353162854176
evm.TU.Ap13.2565,0.416858457073274
evm.TU.Ap13.2566,0.246774217684741
evm.TU.Ap13.2584,-0.242163728704983
evm.TU.Ap13.2585,-0.0110411145923921
evm.TU.Ap13.2599_evm.TU.Ap13.2590,0.483247340813766
evm.TU.Ap13.2603,0.255756379411854
evm.TU.Ap13.2630_evm.TU.Ap13.2632,-0.178660843728903
evm.TU.Ap13.2634,0.227663077355476
evm.TU.Ap13.2636,-0.00906996163820594
evm.TU.Ap13.2637,0.114725285274388
evm.TU.Ap13.2640_evm.TU.Ap13.2651_evm.TU.Ap13.2638,-0.342019651499699
evm.TU.Ap13.2652,0.0862901751121173
evm.TU.Ap13.2674,-0.103128570514044
evm.TU.Ap13.2676_evm.TU.Ap13.2695,-0.167194449768786
evm.TU.Ap13.2696,-0.117775619181805
evm.TU.Ap13.2704,-0.198950334809441
evm.TU.Ap13.2716,-0.186832293022046
evm.TU.Ap13.2717,0.110529274079648
evm.TU.Ap13.2718,0.0819762328180291
evm.TU.Ap13.272,0.477479624006014
evm.TU.Ap13.2723,0.460083249325256
evm.TU.Ap13.2725,0.138309092518637
evm.TU.Ap13.2728,-0.149796682004213
evm.TU.Ap13.2730,0.0329793861925592
evm.TU.Ap13.2732,0.240538695460066
evm.TU.Ap13.2733,0.0833417139111124
evm.TU.Ap13.2739,0.00360681486031189
evm.TU.Ap13.275,0.110629661197763
evm.TU.Ap13.2750,-0.224311858042759
evm.TU.Ap13.2752,-0.167985885087654
evm.TU.Ap13.2759,0.0816702432046057
evm.TU.Ap13.276,0.540333485117928
evm.TU.Ap13.2765,-0.392997361166293
evm.TU.Ap13.2766,-0.129708400934474
evm.TU.Ap13.2775,0.0129185002736127
evm.TU.Ap13.2776,0.135804413607907
evm.TU.Ap13.2778,0.262101480840311
evm.TU.Ap13.2779,0.271112195581796
evm.TU.Ap13.278,0.20179974677179
evm.TU.Ap13.2782,0.0629013279339647
evm.TU.Ap13.279,0.224086293361931
evm.TU.Ap13.2794,-0.0872266323206036
evm.TU.Ap13.2795,-0.00201026020805086
evm.TU.Ap13.2797,-0.115503541315852
evm.TU.Ap13.280,-0.155747672748974
evm.TU.Ap13.2810,0.0665563034088174
evm.TU.Ap13.2818,0.589051821094295
evm.TU.Ap13.2843,0.355218946536995
evm.TU.Ap13.2846,0.123483951740493
evm.TU.Ap13.2849_evm.TU.Ap13.2850,-0.0956887824560288
evm.TU.Ap13.2852,0.0587512118081205
evm.TU.Ap13.2853,0.0888737211692663
evm.TU.Ap13.2854,0.290413336070447
evm.TU.Ap13.2857,0.160020161322824
evm.TU.Ap13.2858,-0.130908300236386
evm.TU.Ap13.2859,-0.498453143437527
evm.TU.Ap13.2860,0.182056465817991
evm.TU.Ap13.2863,0.426478785440665
evm.TU.Ap13.2877,0.189317901310765
evm.TU.Ap13.2878,0.365484912192242
evm.TU.Ap13.2893,-0.417827087381904
evm.TU.Ap13.2896,-0.0888076308237289
evm.TU.Ap13.2898,0.0558214943620323
evm.TU.Ap13.2900,0.330818836607943
evm.TU.Ap13.2902,-0.301926505372114
evm.TU.Ap13.2907,0.15861255203666
evm.TU.Ap13.2908,0.181428179256353
evm.TU.Ap13.2916,0.356465491071543
evm.TU.Ap13.2917,0.325554695381195
evm.TU.Ap13.2921,-0.231471590364078
evm.TU.Ap13.2922,-0.0392247608602806
evm.TU.Ap13.2927,0.273533715533831
evm.TU.Ap13.2930,-0.0509370243859925
evm.TU.Ap13.2931,0.167238111984219
evm.TU.Ap13.2932,0.00430795413436381
evm.TU.Ap13.2935,0.182574805713548
evm.TU.Ap13.2937,-0.0585887612930721
evm.TU.Ap13.2939,0.368257285738994
evm.TU.Ap13.2941,0.286268907667477
evm.TU.Ap13.2948,0.24708588267853
evm.TU.Ap13.2969,0.164187793293467
evm.TU.Ap13.2970,-0.216190492600773
evm.TU.Ap13.2972,0.176996526085167
evm.TU.Ap13.2975,-0.330321162949507
evm.TU.Ap13.2986,0.0354169684520207
evm.TU.Ap13.2988,0.261780979755377
evm.TU.Ap13.2989,0.532499644853016
evm.TU.Ap13.2990,0.096289549493729
evm.TU.Ap13.2993,-0.271423384101986
evm.TU.Ap13.2997,0.108328549942901
evm.TU.Ap13.2998,-0.394046573316273
evm.TU.Ap13.2999,0.25687915943852
evm.TU.Ap13.3,0.204752869182714
evm.TU.Ap13.3000,0.412655746651068
evm.TU.Ap13.3001,0.00332363096376868
evm.TU.Ap13.3009,-0.109409659685393
evm.TU.Ap13.3015,0.0194780906183569
evm.TU.Ap13.3017,0.00704775263782842
evm.TU.Ap13.3019,0.139001511900486
evm.TU.Ap13.3021,0.14534030734321
evm.TU.Ap13.3026,0.404025744774057
evm.TU.Ap13.3027,0.333321048673296
evm.TU.Ap13.3040,0.173716879549893
evm.TU.Ap13.3042,-0.123421992503469
evm.TU.Ap13.3044,-0.188856653685992
evm.TU.Ap13.3045,-0.38999910125117
evm.TU.Ap13.3048,0.356705084156409
evm.TU.Ap13.3050,-0.0830466572752332
evm.TU.Ap13.3051,0.151351185790024
evm.TU.Ap13.3053,0.527343027279053
evm.TU.Ap13.3060,-0.245872336472298
evm.TU.Ap13.3061,0.217709180064112
evm.TU.Ap13.3064,0.138084936754205
evm.TU.Ap13.3065,-0.355629180871094
evm.TU.Ap13.3076,0.107078647785716
evm.TU.Ap13.3077,0.123315780764864
evm.TU.Ap13.3078,0.140079917622944
evm.TU.Ap13.3079,-0.0742206729707741
evm.TU.Ap13.3084,0.373799944188882
evm.TU.Ap13.3085,0.30307402851455
evm.TU.Ap13.3090,-0.115897207902754
evm.TU.Ap13.3092,0.140331418408139
evm.TU.Ap13.3093,0.175507456378233
evm.TU.Ap13.3098,0.00711243802103156
evm.TU.Ap13.3101,0.0400181584261975
evm.TU.Ap13.3102,-0.163560373181821
evm.TU.Ap13.3103_evm.TU.Ap13.3104,0.304906281354571
evm.TU.Ap13.3106,0.401651769074797
evm.TU.Ap13.3108,0.264373379345653
evm.TU.Ap13.311,-0.115762058328462
evm.TU.Ap13.3113,0.200140462579289
evm.TU.Ap13.3122,0.413025156759458
evm.TU.Ap13.3123,0.147064290024654
evm.TU.Ap13.3127,0.00913264486339865
evm.TU.Ap13.3128,0.299160951458361
evm.TU.Ap13.3129,0.432071014214275
evm.TU.Ap13.3131,-0.156622169142367
evm.TU.Ap13.3136,-0.12099534102143
evm.TU.Ap13.3139,0.0217219556964074
evm.TU.Ap13.3142,0.198351796728441
evm.TU.Ap13.3144,0.326571523677216
evm.TU.Ap13.3147,-0.290231137739589
evm.TU.Ap13.315,-0.221412614628926
evm.TU.Ap13.3150,-0.140247227514042
evm.TU.Ap13.3151,0.155683872412938
evm.TU.Ap13.3152,-0.140668436835925
evm.TU.Ap13.3157,0.401827405341665
evm.TU.Ap13.3158,0.345281205961937
evm.TU.Ap13.3159,0.118298156582957
evm.TU.Ap13.3160,0.0800247959608261
evm.TU.Ap13.3161,-0.29002518862284
evm.TU.Ap13.3163,0.0844647738599733
evm.TU.Ap13.3165,0.0754212637891425
evm.TU.Ap13.3168,0.0211674757264327
evm.TU.Ap13.3174,0.00646373576856202
evm.TU.Ap13.3175,-0.237488927628631
evm.TU.Ap13.3179,-0.0458837632478129
evm.TU.Ap13.318,0.147285789764067
evm.TU.Ap13.3180,-0.166291800852243
evm.TU.Ap13.32,0.13407685299385
evm.TU.Ap13.323,0.0601791458667295
evm.TU.Ap13.324,-0.327544328188952
evm.TU.Ap13.325,-0.214841703838291
evm.TU.Ap13.329,-0.0881985556756481
evm.TU.Ap13.337,-0.0168600645917643
evm.TU.Ap13.339,0.182698091152363
evm.TU.Ap13.341,0.291616393658524
evm.TU.Ap13.349,-0.259218737887181
evm.TU.Ap13.355,0.59267745459851
evm.TU.Ap13.357,0.000512577474963095
evm.TU.Ap13.363,-0.281005058492018
evm.TU.Ap13.365,0.162607503376657
evm.TU.Ap13.370,-0.512059339369369
evm.TU.Ap13.371,-0.528981153670587
evm.TU.Ap13.372,-0.456379722184105
evm.TU.Ap13.375,-0.532422934985371
evm.TU.Ap13.380,-0.369566574733553
evm.TU.Ap13.381,-0.0500295097837107
evm.TU.Ap13.382,-0.127097260964845
evm.TU.Ap13.387,-0.525404234316733
evm.TU.Ap13.389,0.435585942480149
evm.TU.Ap13.393,-0.126446245659791
evm.TU.Ap13.397,0.373197846571109
evm.TU.Ap13.4,-0.36606121243406
evm.TU.Ap13.40,-0.135706908168843
evm.TU.Ap13.400,0.0864929131646596
evm.TU.Ap13.401,0.0484621611258039
evm.TU.Ap13.402,0.156977162562675
evm.TU.Ap13.408,0.335794960929897
evm.TU.Ap13.412,0.138270469300139
evm.TU.Ap13.424,-0.382926218186018
evm.TU.Ap13.430,0.0290358050979661
evm.TU.Ap13.432,0.00798962912797339
evm.TU.Ap13.435,0.263940625734529
evm.TU.Ap13.436,-0.0804195862680448
evm.TU.Ap13.439,0.105865648894619
evm.TU.Ap13.44,-0.0311022655483252
evm.TU.Ap13.442,0.223550607410089
evm.TU.Ap13.444,0.135606944470137
evm.TU.Ap13.446,0.156657887002315
evm.TU.Ap13.447,-0.0113973410908806
evm.TU.Ap13.45,-0.203768169034619
evm.TU.Ap13.46,-0.0612928575974883
evm.TU.Ap13.462,-0.0444369317415232
evm.TU.Ap13.463,-0.150072877160302
evm.TU.Ap13.470,-0.0420089670853577
evm.TU.Ap13.473,-0.22255192300545
evm.TU.Ap13.484,-0.150058430603132
evm.TU.Ap13.496,0.183471415001716
evm.TU.Ap13.501,0.443730400650479
evm.TU.Ap13.502,-0.0811115560393024
evm.TU.Ap13.503,0.0533604580912179
evm.TU.Ap13.504,0.36609886859217
evm.TU.Ap13.505,0.596970400318991
evm.TU.Ap13.506,0.159553534419421
evm.TU.Ap13.508_evm.TU.Ap13.510,-0.065391236533478
evm.TU.Ap13.521_evm.TU.Ap13.512,0.39856312420404
evm.TU.Ap13.528,0.0368403357293365
evm.TU.Ap13.534,-0.250456639728455
evm.TU.Ap13.539,-0.148356806821399
evm.TU.Ap13.543,-0.0912208436760151
evm.TU.Ap13.546,-0.238354190852281
evm.TU.Ap13.548,-0.224736797929583
evm.TU.Ap13.550,0.0766134922180539
evm.TU.Ap13.552,0.467697246109266
evm.TU.Ap13.553,0.29564717244214
evm.TU.Ap13.555,0.211793910539113
evm.TU.Ap13.556,0.272640012652443
evm.TU.Ap13.59,-0.364450613751151
evm.TU.Ap13.60,0.0161901337996306
evm.TU.Ap13.601,0.00734406651769731
evm.TU.Ap13.615,-0.4896723462762
evm.TU.Ap13.617,-0.137990522690151
evm.TU.Ap13.634,0.798715228320213
evm.TU.Ap13.638_evm.TU.Ap13.636,0.322581662214828
evm.TU.Ap13.64,-0.243504350276419
evm.TU.Ap13.645,-0.154837765404545
evm.TU.Ap13.648,-0.316004235066896
evm.TU.Ap13.649_evm.TU.Ap13.650,-0.0618613119840746
evm.TU.Ap13.651,-0.088695801724547
evm.TU.Ap13.655,0.388943472697144
evm.TU.Ap13.656,-0.178956723988525
evm.TU.Ap13.66,-0.2800582314031
evm.TU.Ap13.660,0.0860630684758102
evm.TU.Ap13.664,-0.233895290659959
evm.TU.Ap13.666,0.206075985530171
evm.TU.Ap13.668,0.157205749609059
evm.TU.Ap13.669,0.232154860105069
evm.TU.Ap13.680,0.225929154396167
evm.TU.Ap13.685,0.283545837140208
evm.TU.Ap13.688,0.149195280844987
evm.TU.Ap13.69,0.0525993831785678
evm.TU.Ap13.692,0.304234293392798
evm.TU.Ap13.693,0.0460463260199643
evm.TU.Ap13.695,-0.0533048860135569
evm.TU.Ap13.70,-0.0884309511160149
evm.TU.Ap13.71,-0.388490862035989
evm.TU.Ap13.711,-0.100511684471686
evm.TU.Ap13.713,-0.0731679449565145
evm.TU.Ap13.715,-0.0149493742250847
evm.TU.Ap13.72,0.0538419688656713
evm.TU.Ap13.727,-0.145110034544361
evm.TU.Ap13.73,-0.364371841897699
evm.TU.Ap13.737,0.153394071668706
evm.TU.Ap13.742,0.324520575100044
evm.TU.Ap13.744,-0.203918681015782
evm.TU.Ap13.75,-0.448526079780895
evm.TU.Ap13.752,-0.226449867804617
evm.TU.Ap13.76,-0.228245582748142
evm.TU.Ap13.763,0.245594743644252
evm.TU.Ap13.769,-0.0894762849963105
evm.TU.Ap13.774,0.0068436416159047
evm.TU.Ap13.778,0.125556724494861
evm.TU.Ap13.779,-0.236208051662474
evm.TU.Ap13.782,0.627306437111383
evm.TU.Ap13.788,0.106383104859009
evm.TU.Ap13.789,0.431903622431463
evm.TU.Ap13.790,-0.377597848240946
evm.TU.Ap13.791,-0.376875295487375
evm.TU.Ap13.793_evm.TU.Ap13.794,-0.141361760402686
evm.TU.Ap13.795,-0.0525581225855101
evm.TU.Ap13.796,-0.00457210778648636
evm.TU.Ap13.799,0.15284186895335
evm.TU.Ap13.805,-0.318072447237636
evm.TU.Ap13.810,0.0374772580748881
evm.TU.Ap13.817,0.129721998169821
evm.TU.Ap13.818,0.0739941623829058
evm.TU.Ap13.824,-0.10911849118552
evm.TU.Ap13.827,-0.341424586184889
evm.TU.Ap13.83,0.174002084763693
evm.TU.Ap13.830,0.395699594020091
evm.TU.Ap13.831,0.222080594012597
evm.TU.Ap13.85,-0.339432917482119
evm.TU.Ap13.86,-0.0801993200986659
evm.TU.Ap13.87,0.403714214643569
evm.TU.Ap13.870,0.00500226660681095
evm.TU.Ap13.882,-0.260648541348957
evm.TU.Ap13.884,0.0208470902864978
evm.TU.Ap13.885,-0.216219754514276
evm.TU.Ap13.886,-0.222674050931369
evm.TU.Ap13.888,0.0398289908195289
evm.TU.Ap13.893,0.165317823887231
evm.TU.Ap13.9,0.225451876737147
evm.TU.Ap13.901,-0.166647608122124
evm.TU.Ap13.902,0.134062164798666
evm.TU.Ap13.903,-0.48548300345337
evm.TU.Ap13.906,-0.481150257626865
evm.TU.Ap13.908,-0.00339697242324848
evm.TU.Ap13.909,0.177293752589771
evm.TU.Ap13.92,0.0680797918119207
evm.TU.Ap13.922,-0.184884080323326
evm.TU.Ap13.923,0.383650574547932
evm.TU.Ap13.924,-0.0154416513970154
evm.TU.Ap13.933,-0.630970807708487
evm.TU.Ap13.934,0.118451485513092
evm.TU.Ap13.937,-0.0867357765092662
evm.TU.Ap13.938,-0.332806727472028
evm.TU.Ap13.939,0.111725504299764
evm.TU.Ap13.948,0.180668134659782
evm.TU.Ap13.956,0.385535938410497
evm.TU.Ap13.959,0.139460350054038
evm.TU.Ap13.968,0.455182614709389
evm.TU.Ap13.971,0.16422965321506
evm.TU.Ap13.975,0.131580018069106
evm.TU.Ap13.981,0.141583307261042
evm.TU.Ap13.985,0.276975400413602
evm.TU.Ap13.987,-0.566243342044525
evm.TU.Ap13.990,0.374382390745951
evm.TU.Ap13.996,-0.203308832251124
evm.TU.Ap13.997,-0.282459541587616
evm.TU.Ap14.1005,-0.183581878843512
evm.TU.Ap14.1011,0.0642310484580934
evm.TU.Ap14.1015,-0.324782393617203
evm.TU.Ap14.102,0.5305153732531
evm.TU.Ap14.1022,-0.394267766805623
evm.TU.Ap14.1023,0.233609702830782
evm.TU.Ap14.1024,-0.174510869620304
evm.TU.Ap14.1029,0.143227468567892
evm.TU.Ap14.1031,-0.273228527684538
evm.TU.Ap14.1034,0.238097655824273
evm.TU.Ap14.1035,0.377527673831908
evm.TU.Ap14.1036,-0.218652581547754
evm.TU.Ap14.1057,0.160800304003313
evm.TU.Ap14.106,-0.0241467450594087
evm.TU.Ap14.1062,0.0952892599325348
evm.TU.Ap14.1068,-0.691616640366532
evm.TU.Ap14.1071,-0.295278330865326
evm.TU.Ap14.1085,-0.0592031396642765
evm.TU.Ap14.1091,-0.174094828715921
evm.TU.Ap14.110,0.286806902995047
evm.TU.Ap14.1101,0.0252908636761762
evm.TU.Ap14.1106,-0.0505997054556332
evm.TU.Ap14.1111,-0.36457958703956
evm.TU.Ap14.1116,-0.123894480448763
evm.TU.Ap14.1119,0.0654634215260247
evm.TU.Ap14.112,-0.191668150610358
evm.TU.Ap14.1123,-0.331132744249542
evm.TU.Ap14.1124,0.167850356097011
evm.TU.Ap14.1125,-0.015517733275866
evm.TU.Ap14.1126,-0.0809211678209491
evm.TU.Ap14.1127,0.274782291120015
evm.TU.Ap14.1128,-0.171421728110154
evm.TU.Ap14.1129,-0.124781534788053
evm.TU.Ap14.1133,0.324843301014286
evm.TU.Ap14.1135,0.00724211862279258
evm.TU.Ap14.1136,-0.150390685286411
evm.TU.Ap14.1140,-0.381748549974712
evm.TU.Ap14.1142,-0.407717232049089
evm.TU.Ap14.1147,-0.387867888294777
evm.TU.Ap14.1157,-0.407719586562
evm.TU.Ap14.1159,0.00523362624124864
evm.TU.Ap14.116,-0.480194555948385
evm.TU.Ap14.1160,0.270635139079822
evm.TU.Ap14.1162,-0.157162109569758
evm.TU.Ap14.1172,-0.218363741923123
evm.TU.Ap14.121,-0.270916639390696
evm.TU.Ap14.1225,-0.109609996454645
evm.TU.Ap14.1227,-0.215036431038346
evm.TU.Ap14.1228_evm.TU.Ap14.1229,-0.329923367316499
evm.TU.Ap14.1230,0.307181337346212
evm.TU.Ap14.1232,0.062120043589004
evm.TU.Ap14.1233,0.173674266694955
evm.TU.Ap14.1234,0.422584347337448
evm.TU.Ap14.1237,-0.164947510285054
evm.TU.Ap14.124,-0.267531783437589
evm.TU.Ap14.1243,0.0422991221730519
evm.TU.Ap14.1245,0.0885555909078431
evm.TU.Ap14.1251,-0.0231105894252547
evm.TU.Ap14.1254,-0.275358666476401
evm.TU.Ap14.1255,-0.144937954219377
evm.TU.Ap14.1257,0.211141274047509
evm.TU.Ap14.1261,-0.176708225624361
evm.TU.Ap14.1262,-0.665398550899778
evm.TU.Ap14.1274,0.220289172137681
evm.TU.Ap14.1275,-0.218739009683302
evm.TU.Ap14.1276,-0.109890830686194
evm.TU.Ap14.1278,-0.0655457005445336
evm.TU.Ap14.1282,-0.0889841561032892
evm.TU.Ap14.1289,-0.113527891343737
evm.TU.Ap14.1295,-0.461207667729329
evm.TU.Ap14.1296,0.339453920861742
evm.TU.Ap14.13,-0.00156963456307846
evm.TU.Ap14.1300,-0.142291673816679
evm.TU.Ap14.1301,-0.154128972138354
evm.TU.Ap14.1302,-0.301526579338406
evm.TU.Ap14.1303,0.407737838429163
evm.TU.Ap14.1307,0.136205176088435
evm.TU.Ap14.1319,-0.240260142851981
evm.TU.Ap14.133_evm.TU.Ap14.134,-0.342664562793484
evm.TU.Ap14.1355,0.386806452919833
evm.TU.Ap14.1356,-0.490693792415692
evm.TU.Ap14.1357,0.171288359815577
evm.TU.Ap14.1361,0.166894599922652
evm.TU.Ap14.1365,-0.207237873216076
evm.TU.Ap14.1366,0.13590285614231
evm.TU.Ap14.137,0.273238941234135
evm.TU.Ap14.1385,0.14906459802076
evm.TU.Ap14.1390,0.0952753213923178
evm.TU.Ap14.1398,0.120618025124302
evm.TU.Ap14.140,-0.148067258749452
evm.TU.Ap14.1406,-0.240715714808895
evm.TU.Ap14.141,-0.175222296376528
evm.TU.Ap14.142,-0.064075275310349
evm.TU.Ap14.1423,-0.454174944547905
evm.TU.Ap14.1426,0.454425137134393
evm.TU.Ap14.1433,0.20391329976805
evm.TU.Ap14.1434,-0.133591878298865
evm.TU.Ap14.1444,-0.176589673545259
evm.TU.Ap14.145,0.171008759371711
evm.TU.Ap14.1452,0.325348492320021
evm.TU.Ap14.1454,-0.348905746387674
evm.TU.Ap14.1458,-0.24827679754026
evm.TU.Ap14.1463,0.122955449760148
evm.TU.Ap14.1470,0.30430440789886
evm.TU.Ap14.1486,0.386727753090714
evm.TU.Ap14.1489,0.206969033888725
evm.TU.Ap14.1491,-0.182008585722639
evm.TU.Ap14.1494,-0.0818599941892294
evm.TU.Ap14.1495,-0.170219046783614
evm.TU.Ap14.1496,0.597868923875387
evm.TU.Ap14.1498,-0.0159904008408126
evm.TU.Ap14.150,-0.139765730533247
evm.TU.Ap14.1500,-0.0339903114531168
evm.TU.Ap14.1501,0.275661888300594
evm.TU.Ap14.1502,-0.275330222658099
evm.TU.Ap14.1510,-0.255385281871745
evm.TU.Ap14.1525,0.177086882360972
evm.TU.Ap14.1530,0.135687584265188
evm.TU.Ap14.1533,-0.145028857038794
evm.TU.Ap14.1544,-0.484938143098034
evm.TU.Ap14.1545,-0.175880888052602
evm.TU.Ap14.1546,-0.0645859527703536
evm.TU.Ap14.155,-0.109328213524775
evm.TU.Ap14.1559,-0.156374079808494
evm.TU.Ap14.156,-0.313019571767814
evm.TU.Ap14.157,-0.0819271502668504
evm.TU.Ap14.1575,0.101520324961074
evm.TU.Ap14.1583,0.517819027491995
evm.TU.Ap14.1586,0.354894696620575
evm.TU.Ap14.159,-0.275493297787452
evm.TU.Ap14.1595,0.0183646256144785
evm.TU.Ap14.1597,0.0615352733683963
evm.TU.Ap14.1598,0.239374272579144
evm.TU.Ap14.1599,0.13690676690533
evm.TU.Ap14.160,-0.349984288263792
evm.TU.Ap14.1604,0.404281958411934
evm.TU.Ap14.1606,-0.083543406664733
evm.TU.Ap14.1608,-0.104820137869662
evm.TU.Ap14.1612,-0.27306912666605
evm.TU.Ap14.1614,0.237276639810202
evm.TU.Ap14.1617,-0.0568255326764238
evm.TU.Ap14.1619,0.0487280121699123
evm.TU.Ap14.1623,0.092780665131713
evm.TU.Ap14.1625,0.326894504248487
evm.TU.Ap14.1628,-0.0534114913593497
evm.TU.Ap14.1629,0.271661399088623
evm.TU.Ap14.1630,0.166322527957247
evm.TU.Ap14.1635,0.0693565735781088
evm.TU.Ap14.1636,-0.128671607177343
evm.TU.Ap14.1637,0.0496229860657322
evm.TU.Ap14.1640,0.0278408857828943
evm.TU.Ap14.1646_evm.TU.Ap14.1645,-0.0284559032103528
evm.TU.Ap14.1649,0.00977050756360591
evm.TU.Ap14.1651,-0.0542510392547022
evm.TU.Ap14.1658,-0.478556683781778
evm.TU.Ap14.1659,0.15646426405141
evm.TU.Ap14.1666,0.168169782389246
evm.TU.Ap14.1676,-0.362119903557247
evm.TU.Ap14.1677,0.0822002101908665
evm.TU.Ap14.1682,0.0950012507971583
evm.TU.Ap14.1683,0.338219797297226
evm.TU.Ap14.1685,0.202078259521955
evm.TU.Ap14.1686,-0.0139801575898909
evm.TU.Ap14.1690,-0.35362085098622
evm.TU.Ap14.1692,-0.0409132505986344
evm.TU.Ap14.1696,0.312889975986682
evm.TU.Ap14.17,-0.205849851595737
evm.TU.Ap14.1702,0.172687725837855
evm.TU.Ap14.1703,0.156249162519533
evm.TU.Ap14.1704,0.146283811304885
evm.TU.Ap14.1707,0.0420778150861837
evm.TU.Ap14.1717,0.0699548224473353
evm.TU.Ap14.1718,-0.146368200192629
evm.TU.Ap14.1719,-0.0264085445903418
evm.TU.Ap14.1720,0.067954555682254
evm.TU.Ap14.1722_evm.TU.Ap14.1743,-0.203820631311337
evm.TU.Ap14.174,0.126046184750297
evm.TU.Ap14.1747,-0.0337595977616623
evm.TU.Ap14.1751,0.128554454086097
evm.TU.Ap14.1755,0.15700392730908
evm.TU.Ap14.1757,0.0443077583974053
evm.TU.Ap14.1758,-0.188365305008928
evm.TU.Ap14.1759,0.185709221618259
evm.TU.Ap14.1764,-0.0396994605449691
evm.TU.Ap14.1765,0.265788551812748
evm.TU.Ap14.1766,0.0613390136019403
evm.TU.Ap14.1778,-0.460808824481788
evm.TU.Ap14.178,-0.131869322348333
evm.TU.Ap14.1786,-0.198885273071074
evm.TU.Ap14.1787,-0.184675737594727
evm.TU.Ap14.179,-0.0887038913985517
evm.TU.Ap14.1790,0.460039855907132
evm.TU.Ap14.1794,-0.267857721658559
evm.TU.Ap14.1796,0.0572953715525353
evm.TU.Ap14.18,-0.276635304368
evm.TU.Ap14.1806,-0.219602541404837
evm.TU.Ap14.1807,-0.334869771232895
evm.TU.Ap14.1808,-0.318857552155819
evm.TU.Ap14.181,-0.183326097366035
evm.TU.Ap14.1812,-0.0633258495535148
evm.TU.Ap14.1815,0.336553879444061
evm.TU.Ap14.1818,-0.0951294901149349
evm.TU.Ap14.182,-0.134209008097848
evm.TU.Ap14.185,-0.0675524600954815
evm.TU.Ap14.1851,-0.00860098501525371
evm.TU.Ap14.1858,0.0535983413928865
evm.TU.Ap14.186,0.0200761350516041
evm.TU.Ap14.1861,0.0229149531187918
evm.TU.Ap14.1866,-0.276515765799688
evm.TU.Ap14.1868,-0.158549165895809
evm.TU.Ap14.1870,0.129915377138299
evm.TU.Ap14.1877,-0.277826932289046
evm.TU.Ap14.1878,-0.295571187856863
evm.TU.Ap14.1879,0.052481073930238
evm.TU.Ap14.1882,-0.461996686605637
evm.TU.Ap14.1883,-0.377074577797914
evm.TU.Ap14.1887,-0.334058551169677
evm.TU.Ap14.1889,-0.260379461383615
evm.TU.Ap14.189,-0.143571106526246
evm.TU.Ap14.1890,-0.210087551515726
evm.TU.Ap14.1891,-0.130541341385173
evm.TU.Ap14.1896,0.155654462439418
evm.TU.Ap14.1897,-0.175612056115178
evm.TU.Ap14.19,0.101240062037521
evm.TU.Ap14.190,-0.031544631347286
evm.TU.Ap14.1900,0.0892202642008196
evm.TU.Ap14.1904,-0.186551204099063
evm.TU.Ap14.1917,-0.315611416717503
evm.TU.Ap14.1918,0.134679674874919
evm.TU.Ap14.1922,0.270911429063412
evm.TU.Ap14.1923,0.342164501922198
evm.TU.Ap14.1925,-0.138910351514171
evm.TU.Ap14.1928,-0.0877056767792654
evm.TU.Ap14.1929,-0.201596586202222
evm.TU.Ap14.1930,-0.0802485339647919
evm.TU.Ap14.1933,0.0982967948373586
evm.TU.Ap14.1944,0.269841815117612
evm.TU.Ap14.1947,0.0913602506154936
evm.TU.Ap14.1949,-0.164693567142597
evm.TU.Ap14.1950,0.0177865606035681
evm.TU.Ap14.1951,-0.244502808675383
evm.TU.Ap14.1952,-0.136540798408998
evm.TU.Ap14.1953,-0.0563297667211813
evm.TU.Ap14.1963,0.117036406473527
evm.TU.Ap14.1968,-0.227611480237661
evm.TU.Ap14.1969,0.322654546976557
evm.TU.Ap14.1971,0.0436067890541861
evm.TU.Ap14.1973,0.248019429052987
evm.TU.Ap14.1984,-0.214520042708469
evm.TU.Ap14.1985,-0.285045455693011
evm.TU.Ap14.1989,-0.159988901174453
evm.TU.Ap14.1996,-0.0325003181599518
evm.TU.Ap14.2003,-0.10464869289041
evm.TU.Ap14.2006,-0.126146438312895
evm.TU.Ap14.2008,-0.108138316585733
evm.TU.Ap14.2012,0.29568819513563
evm.TU.Ap14.2013,0.14519802542619
evm.TU.Ap14.2017,-0.141149263265243
evm.TU.Ap14.2019,0.162731792942249
evm.TU.Ap14.202,5.28671607053594e-05
evm.TU.Ap14.2023,0.207748181950926
evm.TU.Ap14.2025,0.554617852802924
evm.TU.Ap14.2026,0.167914459149765
evm.TU.Ap14.2027,-0.0775236548655849
evm.TU.Ap14.2028,0.212157782339312
evm.TU.Ap14.2030,-0.309346653984609
evm.TU.Ap14.2039,-0.142262127261756
evm.TU.Ap14.2041,-0.398822053613166
evm.TU.Ap14.2044,0.0857264084379176
evm.TU.Ap14.205,0.0247370872048247
evm.TU.Ap14.2050,-0.0805430704380897
evm.TU.Ap14.2051,0.200272127717027
evm.TU.Ap14.2053,0.136118967447364
evm.TU.Ap14.2066,-0.362799469450196
evm.TU.Ap14.2074,-0.000136315145620413
evm.TU.Ap14.208,0.109405165836631
evm.TU.Ap14.210,-0.0048093243734354
evm.TU.Ap14.211,-0.363328144792036
evm.TU.Ap14.212,-0.43923819182913
evm.TU.Ap14.213,-0.285155319587736
evm.TU.Ap14.215,0.0461062519343533
evm.TU.Ap14.216,0.230836963461925
evm.TU.Ap14.217,0.157683566638313
evm.TU.Ap14.222,-0.19322535781176
evm.TU.Ap14.225,-0.107300450714748
evm.TU.Ap14.226,0.110924970796014
evm.TU.Ap14.230,0.0495694267020303
evm.TU.Ap14.237,-0.270789362948092
evm.TU.Ap14.238,-0.279423680816709
evm.TU.Ap14.242,-0.305747627441257
evm.TU.Ap14.243,-0.0608476484155062
evm.TU.Ap14.247,0.497518213574204
evm.TU.Ap14.252,0.312657188659418
evm.TU.Ap14.254,-0.246309531917404
evm.TU.Ap14.258,-0.0710570732229083
evm.TU.Ap14.259,-0.0175514685225015
evm.TU.Ap14.26,-0.487435288704347
evm.TU.Ap14.268,-0.41892337356801
evm.TU.Ap14.270,0.61027170477528
evm.TU.Ap14.277,0.00308174795400388
evm.TU.Ap14.281,0.0587320862985904
evm.TU.Ap14.29,0.325392734037106
evm.TU.Ap14.295,-0.151210324810037
evm.TU.Ap14.296,-0.41277692522452
evm.TU.Ap14.298,-0.0472662764502129
evm.TU.Ap14.299,-0.423708196261564
evm.TU.Ap14.3,0.128736938612391
evm.TU.Ap14.304,0.164481334130927
evm.TU.Ap14.305,0.120332564515049
evm.TU.Ap14.306,0.0620787080064171
evm.TU.Ap14.310,0.253422317055705
evm.TU.Ap14.311,0.215487569024732
evm.TU.Ap14.322,-0.133090883731496
evm.TU.Ap14.323,0.19665325640553
evm.TU.Ap14.325,0.27196142008083
evm.TU.Ap14.326,0.294699217907841
evm.TU.Ap14.328,0.39980455523107
evm.TU.Ap14.329,0.199558475361306
evm.TU.Ap14.331,0.293935884501967
evm.TU.Ap14.334,-0.0999853139982559
evm.TU.Ap14.335,-0.090492150017849
evm.TU.Ap14.337,-0.0440375315681171
evm.TU.Ap14.338,0.0611607116060008
evm.TU.Ap14.339,-0.00631740698163427
evm.TU.Ap14.345,-0.148256128895425
evm.TU.Ap14.346,-0.0326530097505372
evm.TU.Ap14.347,-0.0177802189560996
evm.TU.Ap14.356,-0.049813076716385
evm.TU.Ap14.357,0.325749181553084
evm.TU.Ap14.358,-0.0284647761345283
evm.TU.Ap14.359,0.404640148302826
evm.TU.Ap14.368,-0.172350278553242
evm.TU.Ap14.380,-0.521402684121558
evm.TU.Ap14.381,-0.207690983124096
evm.TU.Ap14.384,-0.273594989183521
evm.TU.Ap14.385,0.242754140539121
evm.TU.Ap14.386,0.0841518670003458
evm.TU.Ap14.387,0.202127558175916
evm.TU.Ap14.390,-0.135628263933555
evm.TU.Ap14.393,-0.215472431803727
evm.TU.Ap14.396,-0.404724237117174
evm.TU.Ap14.4,0.723286664964017
evm.TU.Ap14.401,0.12117664925854
evm.TU.Ap14.419,-0.265810208123199
evm.TU.Ap14.426,0.378267271859373
evm.TU.Ap14.428,0.292103824165456
evm.TU.Ap14.429,0.0369379698881185
evm.TU.Ap14.430,0.105855344016542
evm.TU.Ap14.431,0.0387729193095432
evm.TU.Ap14.432,-0.126792103414449
evm.TU.Ap14.433,-0.0100035470208325
evm.TU.Ap14.435,-0.288705858113025
evm.TU.Ap14.436,-0.129492166522139
evm.TU.Ap14.437,0.285185046959846
evm.TU.Ap14.440,0.228793763543089
evm.TU.Ap14.441,-0.374719639685494
evm.TU.Ap14.444,0.166282728488162
evm.TU.Ap14.445,0.0508622704432983
evm.TU.Ap14.446,0.246584412009062
evm.TU.Ap14.45,-0.206850986998816
evm.TU.Ap14.451,-0.436643002726633
evm.TU.Ap14.457,0.00635221101889653
evm.TU.Ap14.464,0.27493097771394
evm.TU.Ap14.466,0.132001846235854
evm.TU.Ap14.467,-0.624518245016673
evm.TU.Ap14.468,0.172874541442953
evm.TU.Ap14.470,-0.0627972902666526
evm.TU.Ap14.472,0.420290861664351
evm.TU.Ap14.475,-0.173678288021398
evm.TU.Ap14.491,0.210510253457683
evm.TU.Ap14.497,-0.40050463027412
evm.TU.Ap14.498,-0.195144502821541
evm.TU.Ap14.50,-0.152815366462124
evm.TU.Ap14.500,0.0937772671666689
evm.TU.Ap14.501,-0.0245420342236842
evm.TU.Ap14.502,-0.210827449805767
evm.TU.Ap14.503,-0.317502145853158
evm.TU.Ap14.504,-0.0692276664321474
evm.TU.Ap14.506,-0.297068040980492
evm.TU.Ap14.509,0.220786737614052
evm.TU.Ap14.51,-0.230797126388093
evm.TU.Ap14.514,-0.220102778750122
evm.TU.Ap14.516,0.0629876838685866
evm.TU.Ap14.522,-0.578426197870376
evm.TU.Ap14.53,-0.249433353956922
evm.TU.Ap14.539,0.0288342299397408
evm.TU.Ap14.552_evm.TU.Ap14.553,-0.0663503786532422
evm.TU.Ap14.56,-0.295300383905235
evm.TU.Ap14.560,-0.276998292218536
evm.TU.Ap14.565,-0.00839293102944671
evm.TU.Ap14.573,0.0138721506758655
evm.TU.Ap14.577,-0.21278621993816
evm.TU.Ap14.579,-0.236753222328128
evm.TU.Ap14.58,-0.520894122189823
evm.TU.Ap14.580,-0.149532968139238
evm.TU.Ap14.581,-0.0507358920280416
evm.TU.Ap14.585,-0.0642583776485016
evm.TU.Ap14.592,0.0432962222567107
evm.TU.Ap14.6,-0.203845361655715
evm.TU.Ap14.60,-0.0137401452790911
evm.TU.Ap14.604,-0.30614268492019
evm.TU.Ap14.609,0.00336052437062785
evm.TU.Ap14.623,0.0576260574068798
evm.TU.Ap14.624,0.0411292603311076
evm.TU.Ap14.63,0.184343565242034
evm.TU.Ap14.64,-0.0292726261936267
evm.TU.Ap14.66,-0.175626132578089
evm.TU.Ap14.666,-0.408946229701611
evm.TU.Ap14.679,-0.336383245398065
evm.TU.Ap14.68,0.312524123883203
evm.TU.Ap14.694,-0.250850737334957
evm.TU.Ap14.699,0.179714980489259
evm.TU.Ap14.7,0.415864715810818
evm.TU.Ap14.70,-0.196150935343159
evm.TU.Ap14.700,-0.146361070839808
evm.TU.Ap14.702,0.14797382598245
evm.TU.Ap14.703,0.211097667023014
evm.TU.Ap14.705,0.153160407483169
evm.TU.Ap14.706,0.00414702093090457
evm.TU.Ap14.711,0.305629843867976
evm.TU.Ap14.713,0.0444038894707339
evm.TU.Ap14.714,0.323109124802008
evm.TU.Ap14.715,-0.326177572392205
evm.TU.Ap14.722,-0.0984464845311492
evm.TU.Ap14.724,0.305118621563915
evm.TU.Ap14.725,-0.192933196717937
evm.TU.Ap14.727,0.158463833988062
evm.TU.Ap14.732,-0.200405960191831
evm.TU.Ap14.733,0.19456873858849
evm.TU.Ap14.737,-0.107080315456423
evm.TU.Ap14.740,-0.336445052602337
evm.TU.Ap14.741,0.555131043403187
evm.TU.Ap14.746,0.121616378163674
evm.TU.Ap14.749,0.236932234429474
evm.TU.Ap14.750,-0.30683463098719
evm.TU.Ap14.752,-0.0252666135076551
evm.TU.Ap14.754,0.339367290171577
evm.TU.Ap14.755,-0.214909262193755
evm.TU.Ap14.765,-0.0554114821767138
evm.TU.Ap14.768_evm.TU.Ap14.780,-0.0582578265764493
evm.TU.Ap14.77,-0.401633864356598
evm.TU.Ap14.78,0.152591948171963
evm.TU.Ap14.783,0.122079450119244
evm.TU.Ap14.785,-0.4379959554259
evm.TU.Ap14.787,-0.324584105349128
evm.TU.Ap14.789,-0.272525975725257
evm.TU.Ap14.791,-0.118504525845973
evm.TU.Ap14.793,-0.213436533102815
evm.TU.Ap14.797,0.0862685951364803
evm.TU.Ap14.8,-0.22309673807778
evm.TU.Ap14.808,0.0577508433765263
evm.TU.Ap14.809,-0.0335351489564807
evm.TU.Ap14.814,0.252938495846841
evm.TU.Ap14.815,0.0664271790920513
evm.TU.Ap14.817,-0.324726630401133
evm.TU.Ap14.818,-0.16990596618882
evm.TU.Ap14.819,0.0428740164815155
evm.TU.Ap14.82,-0.020604635528834
evm.TU.Ap14.829,-0.0981114308397955
evm.TU.Ap14.830,-0.212205342234036
evm.TU.Ap14.836,0.0927880838688063
evm.TU.Ap14.842,-0.308077772921119
evm.TU.Ap14.845,-0.25140942029676
evm.TU.Ap14.846,-0.165487247947185
evm.TU.Ap14.847,-0.132937524469298
evm.TU.Ap14.85,0.0570652293172338
evm.TU.Ap14.855,-0.210102237708517
evm.TU.Ap14.857,0.327946316682602
evm.TU.Ap14.867,0.0830796516430624
evm.TU.Ap14.869,0.136908453527352
evm.TU.Ap14.87,-0.097133520323856
evm.TU.Ap14.871,-0.08498652480734
evm.TU.Ap14.874,-0.151641150160008
evm.TU.Ap14.88,-0.140847572545962
evm.TU.Ap14.89,-0.256175317750085
evm.TU.Ap14.891,-0.00911246460130169
evm.TU.Ap14.892,0.676439918357664
evm.TU.Ap14.895,0.147876649640591
evm.TU.Ap14.896,0.341165358790391
evm.TU.Ap14.9,0.391198628229942
evm.TU.Ap14.90,-0.0828420329789889
evm.TU.Ap14.908,0.165800222092032
evm.TU.Ap14.909,0.259054828875423
evm.TU.Ap14.912,-0.140611365438348
evm.TU.Ap14.914,-0.434260812023085
evm.TU.Ap14.922,0.134790395552662
evm.TU.Ap14.923,-0.159187820787148
evm.TU.Ap14.924,0.0217497433885285
evm.TU.Ap14.927,0.619685708303681
evm.TU.Ap14.931,-0.241094028791297
evm.TU.Ap14.933,-0.324196768990886
evm.TU.Ap14.934,-0.315060206288963
evm.TU.Ap14.947,0.360119188315083
evm.TU.Ap14.951,0.633409480940002
evm.TU.Ap14.954,0.14114666149499
evm.TU.Ap14.956,0.101257560379921
evm.TU.Ap14.96,0.343981603553762
evm.TU.Ap14.964,-0.270027595160969
evm.TU.Ap14.97,0.302704626880956
evm.TU.Ap14.970,0.285258304341652
evm.TU.Ap14.972,0.30056001247253
evm.TU.Ap14.973,-0.0861910943150416
evm.TU.Ap14.974,-0.302695879794071
evm.TU.Ap14.976,0.160752220673413
evm.TU.Ap14.977,0.273264751024968
evm.TU.Ap14.979,-0.200643264219739
evm.TU.Ap14.98,-0.0941380974759097
evm.TU.Ap14.985,-0.223315295367824
evm.TU.Ap14.988,-0.00121027400971123
evm.TU.Ap14.993,0.143126134885292
evm.TU.Ap14.995,0.15424414782863
evm.TU.Ap2.1,-0.11511245517676
evm.TU.Ap2.10,0.4187724858027
evm.TU.Ap2.1000,0.0862215464701866
evm.TU.Ap2.1004,-0.379284757994246
evm.TU.Ap2.1005,-0.343694117007289
evm.TU.Ap2.1033,0.354729628702659
evm.TU.Ap2.1035,0.478833771495527
evm.TU.Ap2.1038,0.444299579603441
evm.TU.Ap2.1039,0.0140522306969751
evm.TU.Ap2.1040,0.0908144156022432
evm.TU.Ap2.1042,0.0883648734228932
evm.TU.Ap2.1043,0.24030124883581
evm.TU.Ap2.1046,0.0776800503306035
evm.TU.Ap2.1047,0.337320422050441
evm.TU.Ap2.1056,-0.295962171251062
evm.TU.Ap2.1057,-0.209953743192546
evm.TU.Ap2.1071_evm.TU.Ap2.1061,0.0801637068199306
evm.TU.Ap2.1072_evm.TU.Ap2.1076,-0.251835594883848
evm.TU.Ap2.1079,-0.195547409026726
evm.TU.Ap2.1080,-0.169860648867294
evm.TU.Ap2.1087,-0.13008293394763
evm.TU.Ap2.1095,0.112036523800997
evm.TU.Ap2.1096,-0.101679143676369
evm.TU.Ap2.11,0.0428739637202843
evm.TU.Ap2.1100,-0.126219576864365
evm.TU.Ap2.1105,-0.0922540298583388
evm.TU.Ap2.1109,0.205191287847926
evm.TU.Ap2.111,0.131801405942454
evm.TU.Ap2.1121,-0.185210685022642
evm.TU.Ap2.113,0.261122936227084
evm.TU.Ap2.1135,0.112324857231537
evm.TU.Ap2.1136,0.287639443139269
evm.TU.Ap2.1137,-0.300038443861052
evm.TU.Ap2.1139,-0.248020783159061
evm.TU.Ap2.1140,0.413987432898231
evm.TU.Ap2.1141,-0.707826864920759
evm.TU.Ap2.1143,0.0656975095829304
evm.TU.Ap2.1146,-0.0392673854718279
evm.TU.Ap2.1148,0.344648936347185
evm.TU.Ap2.1149,0.418942655586785
evm.TU.Ap2.1151,-0.0600783793598562
evm.TU.Ap2.1154,-0.308372245952998
evm.TU.Ap2.1165,-0.364814510522744
evm.TU.Ap2.1166,-0.136349891685199
evm.TU.Ap2.1171,-0.388833373488879
evm.TU.Ap2.1180,-0.0127054331352774
evm.TU.Ap2.1190,-0.307946281017067
evm.TU.Ap2.1191,0.223718853030431
evm.TU.Ap2.1192,-0.183548428685634
evm.TU.Ap2.1193,-0.0155293756521664
evm.TU.Ap2.1194,0.11840240744293
evm.TU.Ap2.1196,0.128411037645222
evm.TU.Ap2.1197,0.0212767885515789
evm.TU.Ap2.1198,0.131520077082327
evm.TU.Ap2.1199,0.334392631685059
evm.TU.Ap2.1203,0.228712170850133
evm.TU.Ap2.1204,0.351330436576248
evm.TU.Ap2.1210,-0.188488221239642
evm.TU.Ap2.1214,0.201669958329003
evm.TU.Ap2.1215,-0.128866530428987
evm.TU.Ap2.1219,0.175646737751628
evm.TU.Ap2.1221,0.0822898109080766
evm.TU.Ap2.1230,-0.206584278032056
evm.TU.Ap2.1232,-0.341799575999867
evm.TU.Ap2.1233,0.584610792413746
evm.TU.Ap2.1235,-0.235585397447931
evm.TU.Ap2.1236,0.320834328284791
evm.TU.Ap2.1237,0.0595802958235135
evm.TU.Ap2.1238,-0.200481422884548
evm.TU.Ap2.1239,0.275708537237344
evm.TU.Ap2.1240,0.305725863054492
evm.TU.Ap2.1245,0.0835684906851452
evm.TU.Ap2.1246,-0.100586020878602
evm.TU.Ap2.1256,-0.240429458836243
evm.TU.Ap2.1258,-0.063139242142419
evm.TU.Ap2.1275,-0.368711869343636
evm.TU.Ap2.1276,-0.100163968465937
evm.TU.Ap2.1277,-0.232838508200092
evm.TU.Ap2.1281,0.0928990292125524
evm.TU.Ap2.1282,0.0369465738656918
evm.TU.Ap2.1320,0.180330705191555
evm.TU.Ap2.1328,-0.0833725155059653
evm.TU.Ap2.135,0.272517595266947
evm.TU.Ap2.1351,-0.0222787489081363
evm.TU.Ap2.1356,-0.404758007006197
evm.TU.Ap2.139,-0.540238546838936
evm.TU.Ap2.1390,-0.262071024133059
evm.TU.Ap2.1392,-0.0466589756970548
evm.TU.Ap2.1394,-0.173705781670076
evm.TU.Ap2.1397,-0.429091787860268
evm.TU.Ap2.1399,-0.109211974879873
evm.TU.Ap2.1400,0.180544807296206
evm.TU.Ap2.141,-0.122824686264003
evm.TU.Ap2.1410,-0.383524741789086
evm.TU.Ap2.1412,-0.0697013882057654
evm.TU.Ap2.1415,-0.150302893081484
evm.TU.Ap2.1416,-0.0471794193230082
evm.TU.Ap2.1417,-0.0265248262677426
evm.TU.Ap2.1419,-0.251333678549693
evm.TU.Ap2.1427,-0.337750866401567
evm.TU.Ap2.1429,0.382497387487217
evm.TU.Ap2.1431,0.20661900593845
evm.TU.Ap2.1433,0.255838291751308
evm.TU.Ap2.1435,0.180534349673759
evm.TU.Ap2.1436,0.0318570647038031
evm.TU.Ap2.1438,-0.0658130548627659
evm.TU.Ap2.144,0.00595385901949746
evm.TU.Ap2.1442,0.335671865609972
evm.TU.Ap2.1445,0.0488943612945647
evm.TU.Ap2.1446,-0.223503632081341
evm.TU.Ap2.1447,0.429098588266372
evm.TU.Ap2.145,-0.0716959255997217
evm.TU.Ap2.1450,-0.0903237806991217
evm.TU.Ap2.1451,-0.00802652921923871
evm.TU.Ap2.1453,-0.0712710059548489
evm.TU.Ap2.1454_evm.TU.Ap2.1456,-0.14865620103898
evm.TU.Ap2.1457,-0.210775497709292
evm.TU.Ap2.1458,-0.446050924012652
evm.TU.Ap2.1459,0.0419555975916871
evm.TU.Ap2.1460,-0.48301799525748
evm.TU.Ap2.1461,0.0343142975188929
evm.TU.Ap2.1464,0.394104657503414
evm.TU.Ap2.1474,0.0251541112265401
evm.TU.Ap2.1475,-0.0109357039726271
evm.TU.Ap2.1476,-0.159836410978415
evm.TU.Ap2.1477,0.46156955675883
evm.TU.Ap2.1478,0.413860537958423
evm.TU.Ap2.1479,-0.392859973317928
evm.TU.Ap2.1480,0.497928531332203
evm.TU.Ap2.1481,-0.000518271734478125
evm.TU.Ap2.1482,-0.0684353492867251
evm.TU.Ap2.1484,-0.339751533363143
evm.TU.Ap2.1488,-0.134947050370706
evm.TU.Ap2.1491,-0.168606341764457
evm.TU.Ap2.1492,-0.161212937166257
evm.TU.Ap2.1495,0.0713170330503625
evm.TU.Ap2.1507,-0.484619254111925
evm.TU.Ap2.1508,-0.0257367783625905
evm.TU.Ap2.1510,-0.290180334700844
evm.TU.Ap2.1513,-0.150354014541829
evm.TU.Ap2.1514,0.179165076761764
evm.TU.Ap2.1515,-0.0785712231542577
evm.TU.Ap2.1519,0.241711862657694
evm.TU.Ap2.1524,0.747228054573754
evm.TU.Ap2.1525_evm.TU.Ap2.1530,0.126136553220265
evm.TU.Ap2.153,0.148462584595967
evm.TU.Ap2.1533,0.471060485878728
evm.TU.Ap2.1535,-0.257436027346909
evm.TU.Ap2.1537,0.107887095877796
evm.TU.Ap2.1539,-0.221654283283468
evm.TU.Ap2.154,0.30103529040767
evm.TU.Ap2.1542,-0.0484314599454375
evm.TU.Ap2.1543,-0.0123466130436196
evm.TU.Ap2.1556,0.274437967310096
evm.TU.Ap2.1557,0.207598616651002
evm.TU.Ap2.1561,-0.0331135510373416
evm.TU.Ap2.1563,0.0296587101305303
evm.TU.Ap2.1566,0.0427869101703346
evm.TU.Ap2.1570,0.209360362317508
evm.TU.Ap2.1572,0.379208183061517
evm.TU.Ap2.1573,0.122786356382166
evm.TU.Ap2.1574,0.188396196223785
evm.TU.Ap2.1575,-0.00707278477272732
evm.TU.Ap2.1580,0.110203361524853
evm.TU.Ap2.1592,0.155722582247108
evm.TU.Ap2.1601,0.161895123419124
evm.TU.Ap2.1612,0.235433175775873
evm.TU.Ap2.1616,0.0350424029703899
evm.TU.Ap2.1618,-0.0125871113501086
evm.TU.Ap2.1623,-0.332177148948172
evm.TU.Ap2.1625,0.260024026975232
evm.TU.Ap2.1626,0.129619752451357
evm.TU.Ap2.1627,0.0138517155100567
evm.TU.Ap2.1629,0.00461283232553778
evm.TU.Ap2.1631,0.384531416278948
evm.TU.Ap2.1638,0.103120026246358
evm.TU.Ap2.1639,0.464106271122695
evm.TU.Ap2.1640,-0.329400664928722
evm.TU.Ap2.1641,-0.287224810566289
evm.TU.Ap2.1644,-0.369723244912228
evm.TU.Ap2.1648,-0.0816411572701636
evm.TU.Ap2.1649,-0.272924973541557
evm.TU.Ap2.1651,-0.316441924628163
evm.TU.Ap2.1662,-0.326651313042081
evm.TU.Ap2.1663,0.564743096176983
evm.TU.Ap2.1667,-0.0411708126836025
evm.TU.Ap2.1668,0.0358540137229094
evm.TU.Ap2.1692_evm.TU.Ap2.1694,-0.269672483959775
evm.TU.Ap2.1697,-0.011220199281078
evm.TU.Ap2.1699,-0.278030389210979
evm.TU.Ap2.17,-0.183292773883921
evm.TU.Ap2.1700,0.739307707761292
evm.TU.Ap2.1701,0.619930261144484
evm.TU.Ap2.1703,0.157671914042282
evm.TU.Ap2.1706,-0.292785384780017
evm.TU.Ap2.1707,0.246957765374463
evm.TU.Ap2.1709,0.343539822878323
evm.TU.Ap2.1765,0.0036726241908473
evm.TU.Ap2.1775,0.0225649519533841
evm.TU.Ap2.1778,0.0681416663517289
evm.TU.Ap2.1780,0.16476504399156
evm.TU.Ap2.1781,-0.000882587586663083
evm.TU.Ap2.1783,0.0328119671424886
evm.TU.Ap2.1786,0.0242388306282521
evm.TU.Ap2.1787,-0.0159730692247698
evm.TU.Ap2.1788,0.158494672386257
evm.TU.Ap2.179,-0.362412838550371
evm.TU.Ap2.1791,0.0881665627796584
evm.TU.Ap2.1794,-0.281470718793316
evm.TU.Ap2.1795,-0.380671053568264
evm.TU.Ap2.1797,-0.142478373204235
evm.TU.Ap2.1798,-0.320956609732355
evm.TU.Ap2.18,0.0284265325043869
evm.TU.Ap2.1800_evm.TU.Ap2.1799,-0.204281167862843
evm.TU.Ap2.1802,-0.125310443652388
evm.TU.Ap2.1803,-0.0781493110237835
evm.TU.Ap2.1805,0.137265755965943
evm.TU.Ap2.1810,-0.212683897557611
evm.TU.Ap2.1814,0.0225993235640563
evm.TU.Ap2.1815,0.125372732995937
evm.TU.Ap2.1818,0.280925592583426
evm.TU.Ap2.1820,-0.0906862990434051
evm.TU.Ap2.1822,-0.387389010396079
evm.TU.Ap2.1824,-0.134185021446039
evm.TU.Ap2.1825,0.373530041074476
evm.TU.Ap2.1826,-0.341638464204668
evm.TU.Ap2.1827,0.0231753015697136
evm.TU.Ap2.1834,-0.0931502143326632
evm.TU.Ap2.1838,0.595324620325582
evm.TU.Ap2.1839,0.281321533535334
evm.TU.Ap2.184,-0.492274286308183
evm.TU.Ap2.1844,0.00638166870146222
evm.TU.Ap2.1846,0.213081469529604
evm.TU.Ap2.185,0.730061018423037
evm.TU.Ap2.1851,0.0411521708433665
evm.TU.Ap2.1854,0.789332737397778
evm.TU.Ap2.1855,0.0558928385783668
evm.TU.Ap2.1865,-0.284779563308296
evm.TU.Ap2.1868,-0.377896378770565
evm.TU.Ap2.1878,-0.282375325707089
evm.TU.Ap2.1890,0.36244166360238
evm.TU.Ap2.1891,0.0913196303113937
evm.TU.Ap2.1892,0.0953193366680206
evm.TU.Ap2.1895,0.260386014903993
evm.TU.Ap2.1896,-0.0786415211432257
evm.TU.Ap2.1897,-0.000286216959870443
evm.TU.Ap2.1902,0.0122312011349367
evm.TU.Ap2.1906,0.375766762034629
evm.TU.Ap2.1910,0.441275400447074
evm.TU.Ap2.1911,-0.0146873932731541
evm.TU.Ap2.1914,0.22152982400505
evm.TU.Ap2.1919,0.343667141880162
evm.TU.Ap2.1922,-0.305423563327795
evm.TU.Ap2.1928,0.432783419924907
evm.TU.Ap2.1930,0.214803707347236
evm.TU.Ap2.1931_evm.TU.Ap2.1932,-0.172576396787339
evm.TU.Ap2.1935,-0.161574934213343
evm.TU.Ap2.194,-0.0469643844914186
evm.TU.Ap2.1944,0.136409766695999
evm.TU.Ap2.1948,0.106106005376242
evm.TU.Ap2.1951,-0.129916511819198
evm.TU.Ap2.1952,0.035767529866059
evm.TU.Ap2.1954,-0.0446265818180419
evm.TU.Ap2.1958,0.0690670441022345
evm.TU.Ap2.1959,0.0623859543686576
evm.TU.Ap2.1961,0.152957728879328
evm.TU.Ap2.1962_evm.TU.Ap2.1963,0.268324830088709
evm.TU.Ap2.1966,0.127096076124979
evm.TU.Ap2.1967,-0.338527249293165
evm.TU.Ap2.1972,0.101026838097319
evm.TU.Ap2.1975,-0.130829174327153
evm.TU.Ap2.1976,0.0683501905618699
evm.TU.Ap2.1977,-0.0825275264849515
evm.TU.Ap2.1978,-0.249552117935645
evm.TU.Ap2.1982,0.0246430407197268
evm.TU.Ap2.1983,0.129025583612492
evm.TU.Ap2.1984,-0.0467183226883711
evm.TU.Ap2.1986,0.0831282675349571
evm.TU.Ap2.1987,0.100183509418223
evm.TU.Ap2.199,-0.0213566917693497
evm.TU.Ap2.1991,0.163913653837573
evm.TU.Ap2.1993,-0.182830631657897
evm.TU.Ap2.1996,0.22077379355447
evm.TU.Ap2.1997,0.325210978772004
evm.TU.Ap2.200,-0.578479322891929
evm.TU.Ap2.201,-0.474761575347745
evm.TU.Ap2.2025,0.429705916812586
evm.TU.Ap2.2027,-0.0632233471875907
evm.TU.Ap2.2028,0.0951251421355856
evm.TU.Ap2.2030,0.299458306387265
evm.TU.Ap2.2031,-0.285108961423582
evm.TU.Ap2.2037,0.119038501450353
evm.TU.Ap2.2038,0.147140660528385
evm.TU.Ap2.2039,-0.245701951326623
evm.TU.Ap2.2040,-0.123909977676072
evm.TU.Ap2.2042,0.501779005593729
evm.TU.Ap2.2044,0.0683123625707273
evm.TU.Ap2.2045,-0.116276844642699
evm.TU.Ap2.2046,0.449480828142618
evm.TU.Ap2.2047,0.531094630945931
evm.TU.Ap2.2050,0.456759805023106
evm.TU.Ap2.2051,0.130296586030526
evm.TU.Ap2.2053,-0.435790146869122
evm.TU.Ap2.2054,-0.0546744981471209
evm.TU.Ap2.2055,0.107054923481498
evm.TU.Ap2.2056,0.0282866366176059
evm.TU.Ap2.2057,0.0231705264840439
evm.TU.Ap2.2088,0.054185233031795
evm.TU.Ap2.2090,-0.185634782768051
evm.TU.Ap2.210,0.360089172500295
evm.TU.Ap2.2107,0.260200633912645
evm.TU.Ap2.2108,0.153526708523924
evm.TU.Ap2.2116,0.0627601302208977
evm.TU.Ap2.2127,-0.225385995894809
evm.TU.Ap2.2135,0.135407712081568
evm.TU.Ap2.2137,0.175696861539448
evm.TU.Ap2.2138,-0.444434908792495
evm.TU.Ap2.2141,0.205108881458265
evm.TU.Ap2.2142,0.141015930128988
evm.TU.Ap2.2151,-0.060447485016496
evm.TU.Ap2.2154,0.6244403951571
evm.TU.Ap2.2162,0.8556463560416
evm.TU.Ap2.2163,0.313994865775224
evm.TU.Ap2.2165,-0.163597032674901
evm.TU.Ap2.2166,-0.330655808324014
evm.TU.Ap2.2167,-0.494542956064153
evm.TU.Ap2.217,0.273770204273006
evm.TU.Ap2.2175,-0.333404544624271
evm.TU.Ap2.218,0.17938439248482
evm.TU.Ap2.2182,0.391859016752415
evm.TU.Ap2.2183,-0.483171170036526
evm.TU.Ap2.2184,-0.0380293621691759
evm.TU.Ap2.2185,-0.0693213355715165
evm.TU.Ap2.2187,-0.264168446019394
evm.TU.Ap2.219,0.0129131168719172
evm.TU.Ap2.2192,0.0563761424975495
evm.TU.Ap2.2195,-0.20328075887791
evm.TU.Ap2.2196,-0.200214440320183
evm.TU.Ap2.220,0.0494875342859223
evm.TU.Ap2.2201,-0.419601232948855
evm.TU.Ap2.2202,-0.10725304038049
evm.TU.Ap2.2205,0.321635026233245
evm.TU.Ap2.2206,-0.188273045772953
evm.TU.Ap2.221,0.2680743622355
evm.TU.Ap2.2214,0.153491936140434
evm.TU.Ap2.2217,-0.0137386636855917
evm.TU.Ap2.2218,0.128457768935383
evm.TU.Ap2.2224,0.0228582082190646
evm.TU.Ap2.2225,-0.316690667756903
evm.TU.Ap2.2227,-0.243894110712377
evm.TU.Ap2.2229,0.217048798111049
evm.TU.Ap2.2230,-0.312461667686936
evm.TU.Ap2.2248,-0.11064369211398
evm.TU.Ap2.225,-0.00932044403762297
evm.TU.Ap2.2256,-0.0105764001148278
evm.TU.Ap2.2259,0.527287217645403
evm.TU.Ap2.226,0.173740222699421
evm.TU.Ap2.2263,-0.103613095330213
evm.TU.Ap2.2287,0.483001305248435
evm.TU.Ap2.2290,-0.128624465286228
evm.TU.Ap2.2296,-0.331705432036034
evm.TU.Ap2.2302,0.182678128317492
evm.TU.Ap2.2303,-0.223871180115643
evm.TU.Ap2.2304,-0.0138118166286126
evm.TU.Ap2.2306,-0.456781351328109
evm.TU.Ap2.2308,-0.281701389793679
evm.TU.Ap2.2313,0.286225852405327
evm.TU.Ap2.2315,0.373662483172147
evm.TU.Ap2.2318,-0.164021183899277
evm.TU.Ap2.235,0.266374096479497
evm.TU.Ap2.2351,-0.402848887707999
evm.TU.Ap2.2352,-0.049479074144293
evm.TU.Ap2.2355,0.158219883193171
evm.TU.Ap2.2356,0.0246755697970197
evm.TU.Ap2.2357,-0.0286734215613364
evm.TU.Ap2.2358,0.00249732600991705
evm.TU.Ap2.236,-0.125810048773975
evm.TU.Ap2.2360,-0.0042310441899768
evm.TU.Ap2.2361,0.17391909399392
evm.TU.Ap2.2363,0.124920761641202
evm.TU.Ap2.2377,-0.117430552325836
evm.TU.Ap2.2379,-0.128890704732673
evm.TU.Ap2.2380,0.0679847075941159
evm.TU.Ap2.2381,-0.262598756283435
evm.TU.Ap2.2382,0.0184333315879143
evm.TU.Ap2.2386,-0.125833524370052
evm.TU.Ap2.2400,-0.0526128868876789
evm.TU.Ap2.241,-0.240718556659276
evm.TU.Ap2.2411,-0.188432969000736
evm.TU.Ap2.2419,-0.367944974508234
evm.TU.Ap2.2420,-0.472100303476098
evm.TU.Ap2.2425,-0.483570584334619
evm.TU.Ap2.2430,-0.165982392684619
evm.TU.Ap2.2432,-0.39816878207847
evm.TU.Ap2.2433,-0.449887307878733
evm.TU.Ap2.2439_evm.TU.Ap2.2441,0.0545005036402677
evm.TU.Ap2.244,-0.326773104315589
evm.TU.Ap2.2446_evm.TU.Ap2.2447,-0.128680996734576
evm.TU.Ap2.2452,-0.082116856353851
evm.TU.Ap2.2455,-0.428471811755011
evm.TU.Ap2.2460,-0.243274680823453
evm.TU.Ap2.2462,0.109341475316068
evm.TU.Ap2.2466,-0.0349070157178766
evm.TU.Ap2.2468,0.0905656638698363
evm.TU.Ap2.2479,0.061729773419437
evm.TU.Ap2.2482,0.0111151772504818
evm.TU.Ap2.2485,0.17394168035169
evm.TU.Ap2.2488,-0.161988280273619
evm.TU.Ap2.2489,0.178275625232487
evm.TU.Ap2.2491,-0.0379367344325834
evm.TU.Ap2.25,-0.0284358792825825
evm.TU.Ap2.2500,-0.0866265153210425
evm.TU.Ap2.2501,-0.372314112253086
evm.TU.Ap2.2502,0.410955815045659
evm.TU.Ap2.2504,-0.193694323597712
evm.TU.Ap2.2505,-0.259525530989287
evm.TU.Ap2.2506,-0.171173594826621
evm.TU.Ap2.2516,-0.0312847346159041
evm.TU.Ap2.252,0.0627150759633878
evm.TU.Ap2.2527,-0.0868949224872496
evm.TU.Ap2.2530,-0.541865935461367
evm.TU.Ap2.254,-0.0778597250145835
evm.TU.Ap2.255,-0.131658833559012
evm.TU.Ap2.2551,0.16674870430237
evm.TU.Ap2.2556,0.0359847707498577
evm.TU.Ap2.2568,0.0848894230338903
evm.TU.Ap2.2569,-0.501308306259749
evm.TU.Ap2.2570,-0.061186427715196
evm.TU.Ap2.2571,-0.311985258611174
evm.TU.Ap2.2578,0.0901406514035114
evm.TU.Ap2.2579,-0.364624329490487
evm.TU.Ap2.2584,0.291065003774094
evm.TU.Ap2.2589,0.185172767061304
evm.TU.Ap2.2593,-0.0378833691521203
evm.TU.Ap2.2604,-0.0824364086363338
evm.TU.Ap2.2605,-0.232502852654493
evm.TU.Ap2.2608,0.181833815642893
evm.TU.Ap2.2609,-0.153728080541222
evm.TU.Ap2.2610,-0.310381007698704
evm.TU.Ap2.2614,-0.117512525147284
evm.TU.Ap2.2615,-0.416189896934517
evm.TU.Ap2.2622,-0.288078157663821
evm.TU.Ap2.2625,0.0283889490612163
evm.TU.Ap2.263,-0.461445265184609
evm.TU.Ap2.2633,-0.463073104367405
evm.TU.Ap2.2634,-0.38960965727124
evm.TU.Ap2.2635,0.345201103923306
evm.TU.Ap2.2644,-0.233867199765738
evm.TU.Ap2.2645,0.109966014470074
evm.TU.Ap2.2646,-0.0792618584730384
evm.TU.Ap2.2650,-0.394759301156076
evm.TU.Ap2.2653,0.206673702459843
evm.TU.Ap2.2656,-0.17893639928064
evm.TU.Ap2.2657,-0.0878523786794193
evm.TU.Ap2.266,0.250632581013307
evm.TU.Ap2.2660,0.062547816354943
evm.TU.Ap2.2662_evm.TU.Ap2.2664,0.299952839753407
evm.TU.Ap2.2667,0.0323106490821971
evm.TU.Ap2.2671,-0.124965396057645
evm.TU.Ap2.2672,-0.456440836985079
evm.TU.Ap2.2673,-0.434610308919734
evm.TU.Ap2.2676,-0.108794375774592
evm.TU.Ap2.2677,0.1785594142469
evm.TU.Ap2.2678,-0.0654903415693425
evm.TU.Ap2.2680,0.234770387440333
evm.TU.Ap2.2682,-0.0411466491546343
evm.TU.Ap2.269_evm.TU.Ap2.270_evm.TU.Ap2.271,-0.254510839739239
evm.TU.Ap2.2692,-0.296728251810679
evm.TU.Ap2.2706,0.152620899919927
evm.TU.Ap2.2715,-0.0951940646368617
evm.TU.Ap2.2725,-0.395368737015264
evm.TU.Ap2.2726,-0.53442592598313
evm.TU.Ap2.273,0.118672964249927
evm.TU.Ap2.2753,0.112992260375894
evm.TU.Ap2.2757,-0.31143415504184
evm.TU.Ap2.2759,-0.291729710367122
evm.TU.Ap2.2761,-0.346977629981698
evm.TU.Ap2.2766,0.1268121170377
evm.TU.Ap2.2767,0.105939171443219
evm.TU.Ap2.2775,0.470571163354467
evm.TU.Ap2.2777,0.311955152812957
evm.TU.Ap2.2781,0.275707284120846
evm.TU.Ap2.2782,0.430032456023061
evm.TU.Ap2.2783,0.0687539843404404
evm.TU.Ap2.2787,-0.0909245482826428
evm.TU.Ap2.2788,-0.129301468373353
evm.TU.Ap2.2799,-0.312361956739889
evm.TU.Ap2.28,0.370727670169948
evm.TU.Ap2.2808,-0.178433092883598
evm.TU.Ap2.2809,-0.5043612340933
evm.TU.Ap2.2810,-0.462102204552018
evm.TU.Ap2.2811,-0.44482901357414
evm.TU.Ap2.2813,0.142594859711019
evm.TU.Ap2.2816,0.288405194981302
evm.TU.Ap2.2819,0.343137790319963
evm.TU.Ap2.282,-0.435172096908411
evm.TU.Ap2.2823,0.050371143758737
evm.TU.Ap2.2825,-0.050997753391941
evm.TU.Ap2.2828,0.0555201592540353
evm.TU.Ap2.2831,0.123823128742164
evm.TU.Ap2.2832,0.250763857055766
evm.TU.Ap2.2834,-0.242324109116231
evm.TU.Ap2.2837,-0.256691010160473
evm.TU.Ap2.2840,0.352923522114727
evm.TU.Ap2.2841,-0.0329441062882977
evm.TU.Ap2.2846,0.434213981701622
evm.TU.Ap2.2847,-0.505046922606507
evm.TU.Ap2.2850,0.347097832401533
evm.TU.Ap2.2852,-0.325172250166053
evm.TU.Ap2.2853,0.08884509437838
evm.TU.Ap2.2887,0.309894325539544
evm.TU.Ap2.2891,0.399004342511564
evm.TU.Ap2.2893,-0.149492927607207
evm.TU.Ap2.2895,-0.0703584251491966
evm.TU.Ap2.2900,0.31357169569671
evm.TU.Ap2.2901,0.308877702991528
evm.TU.Ap2.2902,-0.374832803956512
evm.TU.Ap2.2903,-0.238506208246371
evm.TU.Ap2.2905,-0.24539186244895
evm.TU.Ap2.2906,-0.0411396661668242
evm.TU.Ap2.2907,-0.249864052017206
evm.TU.Ap2.291,-0.0761323503020856
evm.TU.Ap2.2918,-0.360346695234188
evm.TU.Ap2.292,-0.261774086269227
evm.TU.Ap2.2927,0.480697288650861
evm.TU.Ap2.293,0.168979503700264
evm.TU.Ap2.2930,-0.0716241243417091
evm.TU.Ap2.2931,-0.176985260013524
evm.TU.Ap2.2937,0.0378311911371029
evm.TU.Ap2.2940,0.0597603541158588
evm.TU.Ap2.2945,0.0868818137020147
evm.TU.Ap2.2947,-0.502448666080096
evm.TU.Ap2.2948,-0.00286183503000856
evm.TU.Ap2.2949,-0.121983152106628
evm.TU.Ap2.2953,0.0566859678624326
evm.TU.Ap2.2957,0.174829151299985
evm.TU.Ap2.2988,-0.190077386642456
evm.TU.Ap2.299,-0.436695827600946
evm.TU.Ap2.3002,0.239867075965893
evm.TU.Ap2.3005,-0.23738840658856
evm.TU.Ap2.3007,-0.476399151541661
evm.TU.Ap2.3008,-0.522470583260554
evm.TU.Ap2.3009,0.331058835440249
evm.TU.Ap2.3010,0.00102240206781978
evm.TU.Ap2.3011,-0.286261165326057
evm.TU.Ap2.3012,0.230240664199404
evm.TU.Ap2.3013,-0.0821820838541814
evm.TU.Ap2.3018,0.0474118958304204
evm.TU.Ap2.3019,-0.473637833766071
evm.TU.Ap2.3020,-0.497713944035191
evm.TU.Ap2.3021,-0.461291124571704
evm.TU.Ap2.3022,-0.487790111092406
evm.TU.Ap2.3023,-0.458666705068042
evm.TU.Ap2.3024,-0.491471576209749
evm.TU.Ap2.3027,-0.105556946608052
evm.TU.Ap2.3028,-0.0265447515122707
evm.TU.Ap2.3030,0.0259391642872092
evm.TU.Ap2.3031,-0.539440489687814
evm.TU.Ap2.3032,-0.412982791211007
evm.TU.Ap2.3035,-0.237638601776758
evm.TU.Ap2.3037,-0.124187756055724
evm.TU.Ap2.3041,0.0219527415625503
evm.TU.Ap2.306,-0.0340681513697371
evm.TU.Ap2.3068,-0.0485133067599814
evm.TU.Ap2.3070,-0.33024401560473
evm.TU.Ap2.3076,-0.0863217227510477
evm.TU.Ap2.3078,0.30571875024133
evm.TU.Ap2.308,-0.320636058031818
evm.TU.Ap2.3083,-0.447782912788434
evm.TU.Ap2.3084,-0.367586352006054
evm.TU.Ap2.3086,-0.39069318211853
evm.TU.Ap2.3093,0.113303724348187
evm.TU.Ap2.3095,-0.363495575005993
evm.TU.Ap2.3096,0.429015387227756
evm.TU.Ap2.3098,0.282208096380549
evm.TU.Ap2.3100,-0.102440078417195
evm.TU.Ap2.3101,0.367249269684936
evm.TU.Ap2.3102_evm.TU.Ap2.3103,-0.404581303724324
evm.TU.Ap2.3105,0.167675566607568
evm.TU.Ap2.3106,-0.18305504557319
evm.TU.Ap2.3107_evm.TU.Ap2.3108,-0.468495478286888
evm.TU.Ap2.3109,-0.295020043119289
evm.TU.Ap2.3113,-0.151127196201688
evm.TU.Ap2.3114,0.398602330596736
evm.TU.Ap2.312,-0.391441840077251
evm.TU.Ap2.3125,-0.202005488330247
evm.TU.Ap2.3130,-0.398283683226757
evm.TU.Ap2.3131,0.376210687051071
evm.TU.Ap2.3133,-0.0150368570626559
evm.TU.Ap2.3134,-0.255345457322028
evm.TU.Ap2.3135,0.0825685376155844
evm.TU.Ap2.3145,-0.0816242429655174
evm.TU.Ap2.3146,-0.0431408327588915
evm.TU.Ap2.3147,-0.0601417095897336
evm.TU.Ap2.3148,-0.0610242361848576
evm.TU.Ap2.315,0.00365025878447976
evm.TU.Ap2.3150,0.0645296753322713
evm.TU.Ap2.3151,-0.0085148733045627
evm.TU.Ap2.3152,-0.168912331947964
evm.TU.Ap2.3159,0.111207193792605
evm.TU.Ap2.3160,-0.327967646625499
evm.TU.Ap2.3163,-0.581066187863195
evm.TU.Ap2.3169,0.286262871298771
evm.TU.Ap2.317,-0.0300387543219306
evm.TU.Ap2.3173,-0.349740732835657
evm.TU.Ap2.3174,0.131982796782712
evm.TU.Ap2.3176,0.188811499866733
evm.TU.Ap2.3181,0.306600747731976
evm.TU.Ap2.3182,0.458205746003663
evm.TU.Ap2.3183,0.134629793068854
evm.TU.Ap2.3184,0.484086038555034
evm.TU.Ap2.3187,0.396866720747902
evm.TU.Ap2.3192,0.272608175363565
evm.TU.Ap2.3193,0.328760350426678
evm.TU.Ap2.3199,0.315586707672297
evm.TU.Ap2.3203,0.228137093444016
evm.TU.Ap2.3206,-0.297356291064616
evm.TU.Ap2.3207,0.0580402344108002
evm.TU.Ap2.3208,0.205268995082174
evm.TU.Ap2.3215,0.0163772053395508
evm.TU.Ap2.3217,-0.234358077274378
evm.TU.Ap2.3219,0.0797840725430892
evm.TU.Ap2.3225,0.157168146393463
evm.TU.Ap2.3227,-0.443660020352826
evm.TU.Ap2.3229,-0.14628097787277
evm.TU.Ap2.323,-0.138523158963826
evm.TU.Ap2.3231,-0.149185217239467
evm.TU.Ap2.3232,0.330879173705772
evm.TU.Ap2.3235,-0.105519597079824
evm.TU.Ap2.3236,0.0441864540090628
evm.TU.Ap2.3246,-0.530228904076568
evm.TU.Ap2.3255,-0.0723982552678348
evm.TU.Ap2.3256,-0.0246678516047113
evm.TU.Ap2.3258,-0.0874791890922445
evm.TU.Ap2.3259,-0.0195815925064422
evm.TU.Ap2.3260,-0.251601740956479
evm.TU.Ap2.3266,-0.35709074429215
evm.TU.Ap2.3269,-0.454518689835012
evm.TU.Ap2.3270,-0.478473130677767
evm.TU.Ap2.3273,-0.184622062209594
evm.TU.Ap2.3274,-0.290414329434715
evm.TU.Ap2.3281,-0.536650352447312
evm.TU.Ap2.3282,-0.537486730032007
evm.TU.Ap2.3287,-0.2742010352535
evm.TU.Ap2.3291,-0.194062760170027
evm.TU.Ap2.3292,0.19973265058618
evm.TU.Ap2.3300,-0.125271869699005
evm.TU.Ap2.3301,-0.282453524406594
evm.TU.Ap2.3303,0.41537528120222
evm.TU.Ap2.3307,-0.267846119929753
evm.TU.Ap2.3308_evm.TU.Ap2.3309,0.149323393912658
evm.TU.Ap2.3310,0.498206544798755
evm.TU.Ap2.3312,-0.1208385688511
evm.TU.Ap2.3316,-0.428547155551079
evm.TU.Ap2.3320,-0.194554893959647
evm.TU.Ap2.3321,-0.355956277553014
evm.TU.Ap2.3324,0.105159645311081
evm.TU.Ap2.333,-0.22578382987244
evm.TU.Ap2.3339,-0.381923324468976
evm.TU.Ap2.3340,-0.451100132999377
evm.TU.Ap2.3341,-0.0213375428051309
evm.TU.Ap2.3344,0.139715439122294
evm.TU.Ap2.3345_evm.TU.Ap2.3347,0.0145960509600864
evm.TU.Ap2.3348,0.103132981004176
evm.TU.Ap2.3353,-0.182239490424233
evm.TU.Ap2.3355,-0.249659610591171
evm.TU.Ap2.3357,-0.133994797767443
evm.TU.Ap2.3358,0.192962887383628
evm.TU.Ap2.336,0.469216897293109
evm.TU.Ap2.338,-0.147854384730015
evm.TU.Ap2.3389,-0.379471005917094
evm.TU.Ap2.339,0.0945378709328612
evm.TU.Ap2.3395,0.0460329711801178
evm.TU.Ap2.3404,0.304593499967792
evm.TU.Ap2.3422,-0.240760684585429
evm.TU.Ap2.3423,0.181429541130726
evm.TU.Ap2.3424,-0.0535863420337202
evm.TU.Ap2.3425,-0.0447285453748504
evm.TU.Ap2.3426,-0.1667967355172
evm.TU.Ap2.3428,0.24636686920505
evm.TU.Ap2.3429,0.051359105452057
evm.TU.Ap2.3431,-0.120919384369331
evm.TU.Ap2.3432,-0.181143326991321
evm.TU.Ap2.3439_evm.TU.Ap2.3445,-0.247177913640337
evm.TU.Ap2.3450,-0.25561107851837
evm.TU.Ap2.3454,-0.10228904272928
evm.TU.Ap2.3455,-0.000921256565844497
evm.TU.Ap2.3461,-0.351741623229664
evm.TU.Ap2.3462,-0.269411647555334
evm.TU.Ap2.3463,0.0514527234163287
evm.TU.Ap2.3464,0.12780455021146
evm.TU.Ap2.3471,-0.178650969765824
evm.TU.Ap2.349_evm.TU.Ap2.350,-0.0901647248070581
evm.TU.Ap2.351,0.42694696676141
evm.TU.Ap2.352,0.048575282570263
evm.TU.Ap2.3522_evm.TU.Ap2.3503,-0.117884128879964
evm.TU.Ap2.3526,0.46275737617072
evm.TU.Ap2.3527,0.672123417147758
evm.TU.Ap2.353,0.560334808766474
evm.TU.Ap2.3530,0.128680767019405
evm.TU.Ap2.3531,-0.157687263881445
evm.TU.Ap2.3532,-0.00268226326662992
evm.TU.Ap2.3533,-0.0144409124324859
evm.TU.Ap2.3535,0.225480030030516
evm.TU.Ap2.3542,-0.598053166074469
evm.TU.Ap2.3543,-0.496041339573318
evm.TU.Ap2.3544,-0.50333243753961
evm.TU.Ap2.3548,-0.246514702764523
evm.TU.Ap2.3549,0.316847653974184
evm.TU.Ap2.355,-0.544234586714949
evm.TU.Ap2.3551,0.234727293800876
evm.TU.Ap2.3552,0.250057200140235
evm.TU.Ap2.3553,0.243705873724761
evm.TU.Ap2.3556,-0.0706847766954994
evm.TU.Ap2.3559,0.217401102779162
evm.TU.Ap2.356,0.065538502027992
evm.TU.Ap2.3560,-0.105738656034999
evm.TU.Ap2.3562,-0.154962862862762
evm.TU.Ap2.3566,0.316268736690813
evm.TU.Ap2.3567,0.183672474397636
evm.TU.Ap2.357,0.0738921984186402
evm.TU.Ap2.3571,0.0909595007160312
evm.TU.Ap2.3585,-0.0498258698988166
evm.TU.Ap2.3586,0.179715212148311
evm.TU.Ap2.3587,-0.0124383548640535
evm.TU.Ap2.3590,-0.263941629723101
evm.TU.Ap2.3599,0.089193677581079
evm.TU.Ap2.3600,-0.0800801417197229
evm.TU.Ap2.3601,-0.191624571510156
evm.TU.Ap2.3602,-0.0983631742252232
evm.TU.Ap2.3606,0.280843026552684
evm.TU.Ap2.3608,0.219661559285288
evm.TU.Ap2.3613,-0.198168380720262
evm.TU.Ap2.3614,0.00614193214395249
evm.TU.Ap2.3615,0.374952855721392
evm.TU.Ap2.3629,-0.205163859216214
evm.TU.Ap2.3630,0.429812130771355
evm.TU.Ap2.3631,-0.244887785134191
evm.TU.Ap2.3636,-0.461287307225934
evm.TU.Ap2.3639,-0.283244245835291
evm.TU.Ap2.3643,-0.0936850613023675
evm.TU.Ap2.3651,0.496125331760631
evm.TU.Ap2.3656,0.0675346442372812
evm.TU.Ap2.3663,0.516064525802257
evm.TU.Ap2.3668,-0.133617400091956
evm.TU.Ap2.3670,-0.453292437402087
evm.TU.Ap2.3671,-0.11218174554963
evm.TU.Ap2.3674,0.0871401425796333
evm.TU.Ap2.3675,0.171400327090985
evm.TU.Ap2.3678,-0.208082845313338
evm.TU.Ap2.368,-0.0489112996360494
evm.TU.Ap2.3680,-0.185651536518213
evm.TU.Ap2.3684,-0.29361733885044
evm.TU.Ap2.3685,-0.169116994563831
evm.TU.Ap2.3686,-0.359753690387906
evm.TU.Ap2.3688,0.286506939410791
evm.TU.Ap2.369,0.0883454854131349
evm.TU.Ap2.3691,0.418953869894384
evm.TU.Ap2.3692,0.217125732122043
evm.TU.Ap2.3693,-0.374248279762354
evm.TU.Ap2.3694,-0.032264611194278
evm.TU.Ap2.3695,-0.109257031612194
evm.TU.Ap2.370,-0.17682834272862
evm.TU.Ap2.3703,-0.263223128329201
evm.TU.Ap2.3705,-0.146336842700308
evm.TU.Ap2.3708,-0.365317519697472
evm.TU.Ap2.3709,0.052675983903654
evm.TU.Ap2.3712,0.198529547259536
evm.TU.Ap2.3716_evm.TU.Ap2.3714,0.272871290680691
evm.TU.Ap2.372,-0.423468185750758
evm.TU.Ap2.3720,0.213384677549639
evm.TU.Ap2.3722,-0.540246201508971
evm.TU.Ap2.3723,0.1215590327684
evm.TU.Ap2.3724,-0.159208930307003
evm.TU.Ap2.3726,-0.031080228269973
evm.TU.Ap2.3729,-0.262860707709256
evm.TU.Ap2.373,-0.121824188297489
evm.TU.Ap2.3731,-0.0993725172293969
evm.TU.Ap2.3736,-0.170264054578878
evm.TU.Ap2.3747,-0.517280098537368
evm.TU.Ap2.3749,-0.559785243365317
evm.TU.Ap2.3753,0.0263241269804875
evm.TU.Ap2.3755,-0.186427834090456
evm.TU.Ap2.3765,0.0448489567240511
evm.TU.Ap2.3775,0.0610128984877518
evm.TU.Ap2.3780,0.179558750712039
evm.TU.Ap2.3781,0.195283330159099
evm.TU.Ap2.3783,-0.0120803481340763
evm.TU.Ap2.3784,0.0125728068054708
evm.TU.Ap2.3785,-0.302823536329457
evm.TU.Ap2.3786,0.379009819374726
evm.TU.Ap2.3787,-0.477934738193683
evm.TU.Ap2.3788,-0.338090121263835
evm.TU.Ap2.3789,0.000867488708464512
evm.TU.Ap2.3791,-0.0326404301764165
evm.TU.Ap2.3792,0.102986112229053
evm.TU.Ap2.3797,-0.138820628022565
evm.TU.Ap2.3802,0.14801257049073
evm.TU.Ap2.3805,0.17901866748431
evm.TU.Ap2.3806,0.072862567378691
evm.TU.Ap2.3811,-0.104495016110526
evm.TU.Ap2.3817,0.340659552931295
evm.TU.Ap2.3818,-0.00986262023160115
evm.TU.Ap2.382,-0.000923936262559225
evm.TU.Ap2.3820,-0.560753761902513
evm.TU.Ap2.3821,0.0783903576951335
evm.TU.Ap2.3822,-0.194171487702407
evm.TU.Ap2.3824,-0.543746379800342
evm.TU.Ap2.3825,-0.421299418649198
evm.TU.Ap2.383,-0.0313546763227111
evm.TU.Ap2.3832,0.0630961111418553
evm.TU.Ap2.3834,-0.153686893672477
evm.TU.Ap2.3842,0.51469677147722
evm.TU.Ap2.385,0.139333545846126
evm.TU.Ap2.3859,-0.122027214642045
evm.TU.Ap2.3860,0.240209009781469
evm.TU.Ap2.3861,-0.514112568847214
evm.TU.Ap2.3862,-0.117165760878159
evm.TU.Ap2.3866,-0.387355187056771
evm.TU.Ap2.3867,-0.116380593040419
evm.TU.Ap2.3880,-0.128065834759054
evm.TU.Ap2.3881,0.0579740712239169
evm.TU.Ap2.3882,0.197816122141474
evm.TU.Ap2.3883,0.168130231180652
evm.TU.Ap2.3885,-0.424518650059521
evm.TU.Ap2.3893,-0.39746668907911
evm.TU.Ap2.3895,-0.132855190614181
evm.TU.Ap2.3896,-0.112307464182052
evm.TU.Ap2.3897,-0.391348318922417
evm.TU.Ap2.3898,0.0129297205896727
evm.TU.Ap2.3899,0.086631350352452
evm.TU.Ap2.3903,-0.343565810150668
evm.TU.Ap2.3905,0.0977527875494035
evm.TU.Ap2.3910,-0.041077337770176
evm.TU.Ap2.3911,0.140406083033782
evm.TU.Ap2.3915,0.282957222788902
evm.TU.Ap2.3920,-0.360345699162564
evm.TU.Ap2.3921,0.613487011807876
evm.TU.Ap2.3923,0.100741102219609
evm.TU.Ap2.3928,-0.53210701562182
evm.TU.Ap2.3929,-0.478991790209953
evm.TU.Ap2.3930,-0.532319370706952
evm.TU.Ap2.3934,-0.643552758911536
evm.TU.Ap2.3935,-0.662651993809915
evm.TU.Ap2.3942,0.0622075296386867
evm.TU.Ap2.3944,-0.227721007373583
evm.TU.Ap2.3945,-0.107044756674836
evm.TU.Ap2.3948,-0.37146741367888
evm.TU.Ap2.3949,-0.328450551381787
evm.TU.Ap2.395,0.0379496383809662
evm.TU.Ap2.3951,-0.259280585172711
evm.TU.Ap2.3954,-0.275259916181895
evm.TU.Ap2.3959,-0.273680760155682
evm.TU.Ap2.396,0.234338916604266
evm.TU.Ap2.3986,-0.223634887471888
evm.TU.Ap2.3988,-0.277029467388638
evm.TU.Ap2.3989,-0.141557271831453
evm.TU.Ap2.3994,0.0465357144858393
evm.TU.Ap2.3995,-0.0284050597868046
evm.TU.Ap2.3996,0.0755752781633026
evm.TU.Ap2.4002,0.0253983873042275
evm.TU.Ap2.4008,0.156200651381855
evm.TU.Ap2.4009,0.0679817113388257
evm.TU.Ap2.401,0.137895636489566
evm.TU.Ap2.4013,-0.277876011505206
evm.TU.Ap2.4017,-0.456755555798441
evm.TU.Ap2.4018,0.00336434954843865
evm.TU.Ap2.4020,-0.077016080699328
evm.TU.Ap2.4021,0.0761813982343065
evm.TU.Ap2.4025,-0.267038109678865
evm.TU.Ap2.4041,0.610316031201929
evm.TU.Ap2.4043,0.0152126973778407
evm.TU.Ap2.4045,0.0820164777114162
evm.TU.Ap2.4046,-0.279243089614905
evm.TU.Ap2.405,-0.206248263183518
evm.TU.Ap2.4050,-0.291638100035204
evm.TU.Ap2.4052,0.0304378374634946
evm.TU.Ap2.4053,-0.137790340687981
evm.TU.Ap2.4055,-0.0226168848061135
evm.TU.Ap2.4056,0.405351701611019
evm.TU.Ap2.4057,0.275205031013679
evm.TU.Ap2.4058,-0.0598653832677545
evm.TU.Ap2.4059,-0.436173595133529
evm.TU.Ap2.406,0.0683675499838634
evm.TU.Ap2.4061,-0.452071401178903
evm.TU.Ap2.4062,0.310660861227959
evm.TU.Ap2.408,0.0644816563427591
evm.TU.Ap2.4086,-0.182577027258708
evm.TU.Ap2.4087,-0.486200344338338
evm.TU.Ap2.4097,0.0809306045343004
evm.TU.Ap2.4098,0.0662115802987934
evm.TU.Ap2.4099,-0.524233137273942
evm.TU.Ap2.4106,-0.172448487118273
evm.TU.Ap2.4107,-0.137896746814091
evm.TU.Ap2.4108,-0.628648334441374
evm.TU.Ap2.4110,-0.508229235550718
evm.TU.Ap2.4112,0.0951099891552381
evm.TU.Ap2.4117,-0.163803329307556
evm.TU.Ap2.4119,-0.0636679644357624
evm.TU.Ap2.4121,0.280162487356895
evm.TU.Ap2.4124,-0.0398004727280815
evm.TU.Ap2.4128,0.0103408148341962
evm.TU.Ap2.413,-0.252161031051612
evm.TU.Ap2.4134,-0.576785752575658
evm.TU.Ap2.4137,-0.178086946066155
evm.TU.Ap2.4138,0.102848544160432
evm.TU.Ap2.4139,0.236711010214528
evm.TU.Ap2.414,-0.292735786300251
evm.TU.Ap2.4140,-0.191735368367979
evm.TU.Ap2.4141,-0.559682780143767
evm.TU.Ap2.4142,-0.297294414453436
evm.TU.Ap2.415_evm.TU.Ap2.424,0.166525740998573
evm.TU.Ap2.425,0.593891448208645
evm.TU.Ap2.426,-0.145313547812768
evm.TU.Ap2.430,0.168746655011267
evm.TU.Ap2.439,0.174994137235578
evm.TU.Ap2.441,-0.190062692656919
evm.TU.Ap2.443,-0.217442326435529
evm.TU.Ap2.447,0.144243624515935
evm.TU.Ap2.459,-0.12228026628384
evm.TU.Ap2.466,-0.0725958421330447
evm.TU.Ap2.470,0.201423684472186
evm.TU.Ap2.473,-0.456173607681289
evm.TU.Ap2.478,-0.113046016291145
evm.TU.Ap2.479,-0.0818585107214903
evm.TU.Ap2.482,0.0132941956130722
evm.TU.Ap2.483,0.132531551803246
evm.TU.Ap2.484,0.240584856765425
evm.TU.Ap2.485,-0.252866101875284
evm.TU.Ap2.486,-0.0947424630296574
evm.TU.Ap2.488,-0.250464770056632
evm.TU.Ap2.489,-0.188493227520776
evm.TU.Ap2.491,0.283544828874272
evm.TU.Ap2.492,-0.150573154581866
evm.TU.Ap2.497,0.282546248226456
evm.TU.Ap2.498,0.105365237083616
evm.TU.Ap2.499,-0.362919825945726
evm.TU.Ap2.5,0.0298090136632522
evm.TU.Ap2.500,-0.336556574228006
evm.TU.Ap2.502,0.0357830090667033
evm.TU.Ap2.503,0.207451171595073
evm.TU.Ap2.624,-0.0827200394416275
evm.TU.Ap2.629,-0.15442903784234
evm.TU.Ap2.631,0.0211133651350268
evm.TU.Ap2.637,0.0571805084439345
evm.TU.Ap2.645,-0.31634188621704
evm.TU.Ap2.646,0.350748469946311
evm.TU.Ap2.647,0.237341947663799
evm.TU.Ap2.648,-0.54297685546936
evm.TU.Ap2.657,-0.0214948049783837
evm.TU.Ap2.658,-0.427076029596877
evm.TU.Ap2.660,0.0186533884889014
evm.TU.Ap2.664,0.0719210776113638
evm.TU.Ap2.669,0.108635343143334
evm.TU.Ap2.671,-0.34681837675619
evm.TU.Ap2.673,-0.107590876188833
evm.TU.Ap2.675,-0.457455758297788
evm.TU.Ap2.678,0.342696784955882
evm.TU.Ap2.680,0.28154828768151
evm.TU.Ap2.681,-0.0947692724766506
evm.TU.Ap2.693,0.231120975484086
evm.TU.Ap2.7,0.171286162902796
evm.TU.Ap2.715,-0.0183415679959625
evm.TU.Ap2.722,-0.0701596374232979
evm.TU.Ap2.728,-0.0224894117725433
evm.TU.Ap2.739,-0.174909577102404
evm.TU.Ap2.741,0.330145298269065
evm.TU.Ap2.744,-0.36848805804657
evm.TU.Ap2.750,0.578742542942295
evm.TU.Ap2.751,0.645152680062043
evm.TU.Ap2.753,-0.027306910908935
evm.TU.Ap2.754,-0.0232575092971575
evm.TU.Ap2.756,0.0221341282989712
evm.TU.Ap2.764,-0.0748842857531918
evm.TU.Ap2.765,-0.231634813508266
evm.TU.Ap2.771,-0.337453750379375
evm.TU.Ap2.786,-0.00643885511105674
evm.TU.Ap2.792,-0.269410719535374
evm.TU.Ap2.794,-0.0904552398607563
evm.TU.Ap2.795,-0.300074267607127
evm.TU.Ap2.8,-0.128476395259232
evm.TU.Ap2.80,0.573374804627741
evm.TU.Ap2.805,-0.204891691179191
evm.TU.Ap2.811,-0.387413452503791
evm.TU.Ap2.822,0.0115891695702175
evm.TU.Ap2.831,0.107719609859995
evm.TU.Ap2.832,-0.264720777903859
evm.TU.Ap2.835,-0.281069434055562
evm.TU.Ap2.837,-0.112356589074556
evm.TU.Ap2.846,0.568311612493538
evm.TU.Ap2.85,-0.0361023659767727
evm.TU.Ap2.850,0.292120329058688
evm.TU.Ap2.851,0.279510380046078
evm.TU.Ap2.854,0.153182396955868
evm.TU.Ap2.855,0.634640266482199
evm.TU.Ap2.86,0.213497108394837
evm.TU.Ap2.881,-0.0554151099644368
evm.TU.Ap2.883,-0.176994493449563
evm.TU.Ap2.90,0.0511789378008286
evm.TU.Ap2.901,0.356943534031104
evm.TU.Ap2.902,0.38159889873724
evm.TU.Ap2.904,0.530921310557949
evm.TU.Ap2.905,0.315480947776239
evm.TU.Ap2.910,0.133299875932191
evm.TU.Ap2.914,0.189896410417912
evm.TU.Ap2.917,-0.0864065092411066
evm.TU.Ap2.919,0.0138695802610002
evm.TU.Ap2.920,-0.19090817511209
evm.TU.Ap2.921,0.0137535333268022
evm.TU.Ap2.923,-0.446656007226855
evm.TU.Ap2.924,-0.579200572965843
evm.TU.Ap2.925,-0.461852964515413
evm.TU.Ap2.929,0.223450026424556
evm.TU.Ap2.930,0.213546865818435
evm.TU.Ap2.931,0.184547375756608
evm.TU.Ap2.932,0.210328674659849
evm.TU.Ap2.94,-0.358875455537051
evm.TU.Ap2.957,0.146181709430263
evm.TU.Ap2.960,0.123001371944791
evm.TU.Ap2.975,-0.377406981136295
evm.TU.Ap2.976,-0.189154617167479
evm.TU.Ap2.977,-0.129740266603093
evm.TU.Ap2.983,-0.243191095848961
evm.TU.Ap2.985,-0.258255336477938
evm.TU.Ap2.986,0.219235814580387
evm.TU.Ap2.99,-0.0307954526774045
evm.TU.Ap2.991,-0.411270460398101
evm.TU.Ap2.994,-0.387514504528794
evm.TU.Ap2.995,-0.572422987710948
evm.TU.Ap2.998,-0.402117598971084
evm.TU.Ap3.1001,0.203591256548141
evm.TU.Ap3.1003,0.0215964928493852
evm.TU.Ap3.1007,0.00289128054807091
evm.TU.Ap3.1008,-0.0290941788372244
evm.TU.Ap3.1010,-0.112033662565455
evm.TU.Ap3.1013,0.293248841818121
evm.TU.Ap3.1016,-0.20611878180005
evm.TU.Ap3.1017,0.0100066720091704
evm.TU.Ap3.102,0.59965120621553
evm.TU.Ap3.1020,0.0808163575845655
evm.TU.Ap3.1023,-0.124291383440834
evm.TU.Ap3.103,0.311727245575433
evm.TU.Ap3.1033,0.145588122818775
evm.TU.Ap3.1034,-0.0786116374432311
evm.TU.Ap3.104,-0.0273231948330782
evm.TU.Ap3.1047,0.066061422243519
evm.TU.Ap3.1048,-0.126497568809453
evm.TU.Ap3.106,0.236409729528936
evm.TU.Ap3.1063,0.0462451461093537
evm.TU.Ap3.1064,0.269054163723285
evm.TU.Ap3.1067,0.0131926884111554
evm.TU.Ap3.1070,0.0540038172799991
evm.TU.Ap3.1073,0.118895161923122
evm.TU.Ap3.1075,-0.197006731084658
evm.TU.Ap3.1078,-0.30233401386228
evm.TU.Ap3.1082,0.0374639973672575
evm.TU.Ap3.109,-0.0470161392429274
evm.TU.Ap3.1091,0.345742343336098
evm.TU.Ap3.1092,0.0985209173542206
evm.TU.Ap3.1093,-0.0497141479054678
evm.TU.Ap3.1095,-0.322658326999861
evm.TU.Ap3.1096,-0.048098917548546
evm.TU.Ap3.1097,-0.21360963433799
evm.TU.Ap3.1100,-0.293656066509312
evm.TU.Ap3.1101,-0.483401341890642
evm.TU.Ap3.1105,-0.42138159832186
evm.TU.Ap3.1106,-0.107659405707838
evm.TU.Ap3.1107,0.483743902134594
evm.TU.Ap3.1109,0.0210887799221417
evm.TU.Ap3.1122,0.120949873315403
evm.TU.Ap3.1127,-0.0293063225786387
evm.TU.Ap3.1128,0.0911577242399418
evm.TU.Ap3.1129,-0.0180104725158512
evm.TU.Ap3.1130,-0.286566988981687
evm.TU.Ap3.1131,-0.0750306620501892
evm.TU.Ap3.1134,0.195262413370859
evm.TU.Ap3.1147,0.451586161982839
evm.TU.Ap3.1152,-0.102580488571969
evm.TU.Ap3.1162,-0.430892292102339
evm.TU.Ap3.1163,-0.0942887551743673
evm.TU.Ap3.1170,0.33726782348447
evm.TU.Ap3.1176,0.230128495658102
evm.TU.Ap3.1180,0.12469121333791
evm.TU.Ap3.1182,-0.243536589440927
evm.TU.Ap3.1183_evm.TU.Ap3.1185,-0.427312299811268
evm.TU.Ap3.1186,-0.416940803494835
evm.TU.Ap3.119,0.301512360925838
evm.TU.Ap3.1190,-0.090471233585541
evm.TU.Ap3.1192,0.157600785923514
evm.TU.Ap3.1195,0.079832547057841
evm.TU.Ap3.12,-0.150458993253174
evm.TU.Ap3.1204,0.00342070069604977
evm.TU.Ap3.1205,0.385933478380091
evm.TU.Ap3.1210,0.409050042195929
evm.TU.Ap3.1211,0.0701115334275985
evm.TU.Ap3.1216,0.058832741924579
evm.TU.Ap3.1217,-0.45768707652549
evm.TU.Ap3.1219,-0.423152735236088
evm.TU.Ap3.1221,-0.277909742082362
evm.TU.Ap3.1224,0.0343626473423251
evm.TU.Ap3.1229,0.144255156237701
evm.TU.Ap3.123,-0.236844211932748
evm.TU.Ap3.1231,0.565821378328625
evm.TU.Ap3.1232,0.381190617853465
evm.TU.Ap3.1234,-0.0176130785871548
evm.TU.Ap3.1236,-0.00540546460067805
evm.TU.Ap3.1237,-0.186937373016122
evm.TU.Ap3.1238,-0.0982651912247126
evm.TU.Ap3.1239,0.146577156357687
evm.TU.Ap3.1241,0.285562470678623
evm.TU.Ap3.1244,0.115792771270172
evm.TU.Ap3.1245,-0.0830441643091601
evm.TU.Ap3.1247_evm.TU.Ap3.1249,-0.103287425607757
evm.TU.Ap3.1250_evm.TU.Ap3.1253,-0.374930999081425
evm.TU.Ap3.1254,-0.350473674974461
evm.TU.Ap3.1255,-0.341000860894182
evm.TU.Ap3.1261,0.0157102598945948
evm.TU.Ap3.1266,-0.178170049223622
evm.TU.Ap3.1268,-0.127870306304541
evm.TU.Ap3.127,-0.13294464066429
evm.TU.Ap3.1275,0.0143301194339805
evm.TU.Ap3.1276_evm.TU.Ap3.1281,0.121031101258521
evm.TU.Ap3.128,-0.18710708525037
evm.TU.Ap3.1282,0.225047298765621
evm.TU.Ap3.1283,0.112896736684538
evm.TU.Ap3.1289,0.162041722591546
evm.TU.Ap3.1290,0.0129929426519289
evm.TU.Ap3.1292,0.276128374355218
evm.TU.Ap3.1293,0.0954204856858688
evm.TU.Ap3.1295,-0.159102602725609
evm.TU.Ap3.1296,-0.0706103917381047
evm.TU.Ap3.1297,-0.0529523676619192
evm.TU.Ap3.1298,-0.0291757596367
evm.TU.Ap3.1299,0.232230656248276
evm.TU.Ap3.1300,0.141199589639473
evm.TU.Ap3.1303,0.185623133685358
evm.TU.Ap3.1304,0.433885125598653
evm.TU.Ap3.1309,-0.0719974672166949
evm.TU.Ap3.131,-0.0546185203580708
evm.TU.Ap3.1310,0.412057974283974
evm.TU.Ap3.1311,0.375967469113348
evm.TU.Ap3.1314,0.102065004741989
evm.TU.Ap3.1315,0.519094442677756
evm.TU.Ap3.1317,0.0387610658304184
evm.TU.Ap3.1318,0.0913440649078878
evm.TU.Ap3.1320,0.0948784878636543
evm.TU.Ap3.1321,0.0019678860542623
evm.TU.Ap3.1323,-0.302383501618502
evm.TU.Ap3.1324,0.515070159993161
evm.TU.Ap3.1329,0.323303828772259
evm.TU.Ap3.133,-0.392612162745146
evm.TU.Ap3.1335,0.0808825574663991
evm.TU.Ap3.1336,0.11767824698007
evm.TU.Ap3.1337,-0.0176438803890112
evm.TU.Ap3.1339,0.268027240574358
evm.TU.Ap3.1341,-0.441569730520361
evm.TU.Ap3.1342,0.0411456017015151
evm.TU.Ap3.1343,-0.00990045298069822
evm.TU.Ap3.1346,0.275363269233488
evm.TU.Ap3.1351,-0.274370850305812
evm.TU.Ap3.1369,-0.124445074174828
evm.TU.Ap3.1370_evm.TU.Ap3.1371,0.0589136197463274
evm.TU.Ap3.1377,-0.212489159709766
evm.TU.Ap3.1379,-0.141502907211454
evm.TU.Ap3.138,0.338192929379003
evm.TU.Ap3.1380,0.175435192951183
evm.TU.Ap3.1385,0.0401541699683845
evm.TU.Ap3.1386,0.471155449440047
evm.TU.Ap3.1387,0.0326003336191207
evm.TU.Ap3.1394,0.254482660363599
evm.TU.Ap3.1395,-0.149136444047083
evm.TU.Ap3.1399,-0.0861686442118482
evm.TU.Ap3.14,-0.130617010720753
evm.TU.Ap3.1400,0.250614190769122
evm.TU.Ap3.1401,-0.0694225808503963
evm.TU.Ap3.1402,-0.0164447486962441
evm.TU.Ap3.1403,0.120518554612028
evm.TU.Ap3.1406,0.467151881340044
evm.TU.Ap3.1408,0.234162401665171
evm.TU.Ap3.1409,-0.0512988417001286
evm.TU.Ap3.141,0.0652657381462363
evm.TU.Ap3.1410,-0.0288821849754217
evm.TU.Ap3.1415,-0.177666455110269
evm.TU.Ap3.1417,-0.439837518371373
evm.TU.Ap3.1418,-0.349645986515233
evm.TU.Ap3.1419,0.216048692979816
evm.TU.Ap3.1420,0.19070436203546
evm.TU.Ap3.1422,0.197122025191279
evm.TU.Ap3.1423_evm.TU.Ap3.1431,-0.0758672174464881
evm.TU.Ap3.143,0.221381388523104
evm.TU.Ap3.1432,0.193678532811691
evm.TU.Ap3.1435,-0.151599498911367
evm.TU.Ap3.144,-0.0650412915118746
evm.TU.Ap3.1445,0.0441305672586666
evm.TU.Ap3.1448,0.370659284414361
evm.TU.Ap3.1449,-0.0153196181027614
evm.TU.Ap3.145,0.377374604452436
evm.TU.Ap3.1467,0.104097789854908
evm.TU.Ap3.1469,-0.427770871113816
evm.TU.Ap3.1470,-0.0935840279911183
evm.TU.Ap3.1471,-0.409552303997375
evm.TU.Ap3.1474,0.150452245304766
evm.TU.Ap3.1477,-0.109191812552822
evm.TU.Ap3.148,0.587978360092323
evm.TU.Ap3.1484,-0.105971914097958
evm.TU.Ap3.1485_evm.TU.Ap3.1487,0.575779627344756
evm.TU.Ap3.1491,-0.195712547055109
evm.TU.Ap3.1497,-0.16926876098568
evm.TU.Ap3.15,-0.238846293347658
evm.TU.Ap3.1504,0.209621520172927
evm.TU.Ap3.1507,0.0967122540382543
evm.TU.Ap3.151,0.276474423258749
evm.TU.Ap3.152,0.211123834091102
evm.TU.Ap3.1531,0.303337991934204
evm.TU.Ap3.1536,-0.318148673256268
evm.TU.Ap3.1537,-0.428912255455652
evm.TU.Ap3.1538,-0.10849645457734
evm.TU.Ap3.1539,0.317029973371312
evm.TU.Ap3.1540,-0.477705891409285
evm.TU.Ap3.1542,-0.276525980073116
evm.TU.Ap3.1546,0.63293826179563
evm.TU.Ap3.155,0.28445677355024
evm.TU.Ap3.1551,-0.115806977797843
evm.TU.Ap3.1552,0.107163027595115
evm.TU.Ap3.1568,-0.110727267912883
evm.TU.Ap3.1580,0.261778388550495
evm.TU.Ap3.1581,0.433282864896717
evm.TU.Ap3.1587,-0.326348266642655
evm.TU.Ap3.1591,-0.268745706526293
evm.TU.Ap3.1592,-0.212116258937245
evm.TU.Ap3.1593,0.00745657658613328
evm.TU.Ap3.1594,-0.151491303819877
evm.TU.Ap3.1598,-0.0294652163558856
evm.TU.Ap3.1599_evm.TU.Ap3.1600,0.00621166698826748
evm.TU.Ap3.16,0.203372170213567
evm.TU.Ap3.1601,0.23327068557666
evm.TU.Ap3.1602,0.13896685737354
evm.TU.Ap3.1603,0.255196526418428
evm.TU.Ap3.1604,0.212753878121414
evm.TU.Ap3.1605,-0.452145478992388
evm.TU.Ap3.1613,-0.120930729420732
evm.TU.Ap3.1615,-0.064397213606214
evm.TU.Ap3.1619,-0.0734391752911608
evm.TU.Ap3.1620,-0.163841031263502
evm.TU.Ap3.1622,-0.28162751680905
evm.TU.Ap3.1625,0.113385067716259
evm.TU.Ap3.1630,0.280398764685553
evm.TU.Ap3.1631,0.0905822584781407
evm.TU.Ap3.1637,-0.203996791412886
evm.TU.Ap3.1638,0.125269343533697
evm.TU.Ap3.1642,-0.272233301765966
evm.TU.Ap3.1643,-0.0344075825304308
evm.TU.Ap3.165,0.493587572285587
evm.TU.Ap3.1656,-0.0383749540937594
evm.TU.Ap3.1658,-0.091763538815106
evm.TU.Ap3.166,-0.06587094330068
evm.TU.Ap3.1660,0.146583126054556
evm.TU.Ap3.1661,0.242893015937736
evm.TU.Ap3.1662,-0.0515297769055247
evm.TU.Ap3.168,0.13591660264791
evm.TU.Ap3.17,0.13029150013767
evm.TU.Ap3.170,0.0751283708194266
evm.TU.Ap3.1712,0.107563894422462
evm.TU.Ap3.172,0.320310802831401
evm.TU.Ap3.1728,-0.277535030183074
evm.TU.Ap3.173,-0.328232923956434
evm.TU.Ap3.1743,0.151678665291193
evm.TU.Ap3.1746,0.0865088281233897
evm.TU.Ap3.1751,-0.243262912048596
evm.TU.Ap3.1752,-0.12392704666771
evm.TU.Ap3.1754,0.0760922804889911
evm.TU.Ap3.1755,-0.0205418609377545
evm.TU.Ap3.1762,0.311985852071173
evm.TU.Ap3.1764,-0.186885435710556
evm.TU.Ap3.1773,0.185830578853916
evm.TU.Ap3.1781,-0.0461907328696048
evm.TU.Ap3.180,0.288594064970723
evm.TU.Ap3.1805,-0.180505014186042
evm.TU.Ap3.1806,-0.0764186459324613
evm.TU.Ap3.1807,0.329434377369065
evm.TU.Ap3.1809,0.0877004484357831
evm.TU.Ap3.182,0.0767014753656677
evm.TU.Ap3.1823_evm.TU.Ap3.1821,-0.145555550674846
evm.TU.Ap3.1824,0.393671066429704
evm.TU.Ap3.1825,0.58168483353189
evm.TU.Ap3.1830,-0.278698075290458
evm.TU.Ap3.1831,-0.169187596964268
evm.TU.Ap3.1832,0.624517529922204
evm.TU.Ap3.1833_evm.TU.Ap3.1835,0.307870877121068
evm.TU.Ap3.1838,-0.348911456196672
evm.TU.Ap3.1839,0.18234520503384
evm.TU.Ap3.184,0.344272268537611
evm.TU.Ap3.1840,0.27112605444389
evm.TU.Ap3.1844,-0.193629610043988
evm.TU.Ap3.1845,-0.171792541610005
evm.TU.Ap3.1846,0.206143416437582
evm.TU.Ap3.1849,0.105485806975414
evm.TU.Ap3.185,0.067932835079755
evm.TU.Ap3.1854,0.0904775283574672
evm.TU.Ap3.1855,0.20528604089383
evm.TU.Ap3.1859,-0.170277570382826
evm.TU.Ap3.186,0.103039551177368
evm.TU.Ap3.1862,-0.256715525430626
evm.TU.Ap3.1866,-0.0305639746930652
evm.TU.Ap3.187,0.035114420513805
evm.TU.Ap3.1871,-0.185090641691241
evm.TU.Ap3.1872,-0.0262737220522397
evm.TU.Ap3.1877,-0.00641229851793004
evm.TU.Ap3.1878,0.561786503014522
evm.TU.Ap3.188,-0.179417595907166
evm.TU.Ap3.1882,-0.107116254309719
evm.TU.Ap3.189,0.0956032787193248
evm.TU.Ap3.1897,0.063300602688494
evm.TU.Ap3.19,-0.178605887862359
evm.TU.Ap3.1900,0.236882120957447
evm.TU.Ap3.1903,0.249087484521759
evm.TU.Ap3.1904,0.114154976855915
evm.TU.Ap3.1905,0.284617461879865
evm.TU.Ap3.1910,-0.147984441227527
evm.TU.Ap3.1911,0.0593478514564525
evm.TU.Ap3.1914,-0.139673718904873
evm.TU.Ap3.1919,0.138400161143545
evm.TU.Ap3.192,-0.300983746049154
evm.TU.Ap3.1920,-0.30843819921594
evm.TU.Ap3.1925,-0.190422438511637
evm.TU.Ap3.1926,0.0416828368602397
evm.TU.Ap3.1927,0.344540028770688
evm.TU.Ap3.1932,0.0339219905473882
evm.TU.Ap3.1933,0.538009998105506
evm.TU.Ap3.1934,0.186937996924337
evm.TU.Ap3.1935,0.0393010959299601
evm.TU.Ap3.1938,-0.065438226693798
evm.TU.Ap3.1941,-0.117980598168804
evm.TU.Ap3.1942,-0.440977370352092
evm.TU.Ap3.1944,-0.680195894493407
evm.TU.Ap3.1946,-0.603763118159337
evm.TU.Ap3.1947,-0.557008832166118
evm.TU.Ap3.1948,-0.00312259705599427
evm.TU.Ap3.1949,0.0815699459961229
evm.TU.Ap3.195,-0.49915665528028
evm.TU.Ap3.1952,-0.401148159400299
evm.TU.Ap3.1953,-0.00964284501592335
evm.TU.Ap3.1954,-0.102946019598046
evm.TU.Ap3.1957,-0.0685461748846499
evm.TU.Ap3.1961,-0.19356991534687
evm.TU.Ap3.1962,0.00579024423978723
evm.TU.Ap3.1964,-0.140478799756894
evm.TU.Ap3.1969,0.076811249826572
evm.TU.Ap3.197,-0.471852487979264
evm.TU.Ap3.1970,0.00573481078727927
evm.TU.Ap3.1971,-0.276411579585449
evm.TU.Ap3.1972,-0.442329533508696
evm.TU.Ap3.1973,-0.414965185086211
evm.TU.Ap3.1992,-0.345321162503813
evm.TU.Ap3.1993,-0.287368694914957
evm.TU.Ap3.1994,-0.413397455597326
evm.TU.Ap3.1997,-0.276504450106316
evm.TU.Ap3.2000,-0.210371731315977
evm.TU.Ap3.2001,0.264042319325657
evm.TU.Ap3.2002,0.317210021855111
evm.TU.Ap3.2006,0.356557698688284
evm.TU.Ap3.2007,0.277936621792157
evm.TU.Ap3.2009,0.158595044924784
evm.TU.Ap3.201,0.0708398424737638
evm.TU.Ap3.2011,-0.190051414958773
evm.TU.Ap3.2014,-0.106463337965245
evm.TU.Ap3.2022_evm.TU.Ap3.2023,-0.151504948003725
evm.TU.Ap3.2024,0.258763426331521
evm.TU.Ap3.2026,-0.243356205161995
evm.TU.Ap3.203,0.0481061775585598
evm.TU.Ap3.2030,0.327900463575778
evm.TU.Ap3.2031,-0.220042991139912
evm.TU.Ap3.2032,0.573315922853556
evm.TU.Ap3.2034,0.0757734673097368
evm.TU.Ap3.2039,0.148781771912744
evm.TU.Ap3.2041,-0.0513104054250216
evm.TU.Ap3.2042,0.187663391780198
evm.TU.Ap3.2043,-0.263327419776869
evm.TU.Ap3.2045,-0.206246824229315
evm.TU.Ap3.2051,0.188996919694238
evm.TU.Ap3.2052,0.201298750229125
evm.TU.Ap3.2053,0.00612484116889577
evm.TU.Ap3.2056,0.0719842472534337
evm.TU.Ap3.2057,0.715622237568764
evm.TU.Ap3.2058,0.00247853346241097
evm.TU.Ap3.2059,0.376066053052556
evm.TU.Ap3.206,-0.206810311386636
evm.TU.Ap3.2061,0.369751135629188
evm.TU.Ap3.2062,-0.079661222212787
evm.TU.Ap3.2063,0.100819344123074
evm.TU.Ap3.2068,-0.20733319326438
evm.TU.Ap3.2070,-0.0354177997699862
evm.TU.Ap3.2073,0.227211569593282
evm.TU.Ap3.2075,0.15256065048572
evm.TU.Ap3.2076,0.296094095394332
evm.TU.Ap3.208,0.0775989958306264
evm.TU.Ap3.2080,-0.0849128324461382
evm.TU.Ap3.2084,-0.0536464615950678
evm.TU.Ap3.2089,-0.0245533783831791
evm.TU.Ap3.2093,0.364672205334973
evm.TU.Ap3.2101,-0.167876523662261
evm.TU.Ap3.2102,0.122340759335826
evm.TU.Ap3.2103,0.206046497503992
evm.TU.Ap3.2106,0.164966503573085
evm.TU.Ap3.2107,0.265160680230972
evm.TU.Ap3.2108,0.242262405986185
evm.TU.Ap3.2109,0.13613610908601
evm.TU.Ap3.2111,-0.135311694850365
evm.TU.Ap3.2113,0.319258845843496
evm.TU.Ap3.2114,0.374566775228229
evm.TU.Ap3.2115,-0.519373416470707
evm.TU.Ap3.2116,0.0636523471915672
evm.TU.Ap3.2118,-0.219272818349759
evm.TU.Ap3.2121,-0.0177873185577881
evm.TU.Ap3.2129,0.142619927372497
evm.TU.Ap3.2130,-0.0238944586372561
evm.TU.Ap3.2136,0.512801716041582
evm.TU.Ap3.2137,0.440663092673164
evm.TU.Ap3.2144,0.0734120106264556
evm.TU.Ap3.2146,0.0385576386915074
evm.TU.Ap3.2149,0.446562515494212
evm.TU.Ap3.215,0.566845128863834
evm.TU.Ap3.2150,-0.329592713242074
evm.TU.Ap3.2153,0.249223701366167
evm.TU.Ap3.2154,-0.0207075566026291
evm.TU.Ap3.2155,0.407467324520457
evm.TU.Ap3.2157,0.0481655744187862
evm.TU.Ap3.2158,-0.100221301807041
evm.TU.Ap3.216,-0.295975406798473
evm.TU.Ap3.2160,-0.217720665326611
evm.TU.Ap3.2161,0.417493200298539
evm.TU.Ap3.2162,0.317367122734201
evm.TU.Ap3.2164,-0.11672451194859
evm.TU.Ap3.217,-0.267983518059103
evm.TU.Ap3.2172,-0.406772649920463
evm.TU.Ap3.2173,0.190116407926616
evm.TU.Ap3.2174,0.237753790152636
evm.TU.Ap3.2185,0.346784109750864
evm.TU.Ap3.219,-0.259828303180107
evm.TU.Ap3.220,0.116736920621621
evm.TU.Ap3.2202,0.430762862257591
evm.TU.Ap3.2205,0.119221581811322
evm.TU.Ap3.2206,-0.203324983088536
evm.TU.Ap3.2207,0.0746921205764872
evm.TU.Ap3.2208,-0.502128773809399
evm.TU.Ap3.2217,-0.368727040340343
evm.TU.Ap3.2219,-0.503247790932644
evm.TU.Ap3.2221,-0.293806674787592
evm.TU.Ap3.2224,-0.282799017959877
evm.TU.Ap3.2233,0.37032389578151
evm.TU.Ap3.2234,0.154944803069564
evm.TU.Ap3.2235,0.462098865451896
evm.TU.Ap3.2236,-0.0760750728912654
evm.TU.Ap3.2237,0.271595291501301
evm.TU.Ap3.224,0.148767033176358
evm.TU.Ap3.2240,-0.145067715070154
evm.TU.Ap3.2247,-0.204530963639308
evm.TU.Ap3.2249,0.0685033440696843
evm.TU.Ap3.2262,0.0815053615451662
evm.TU.Ap3.2265,-0.0715617187728567
evm.TU.Ap3.2267,0.00460648949940214
evm.TU.Ap3.227,-0.00998475073976801
evm.TU.Ap3.2270,0.395266416307694
evm.TU.Ap3.228,0.0448860091832267
evm.TU.Ap3.2298,0.203830364304052
evm.TU.Ap3.231,0.348451755639233
evm.TU.Ap3.2314,0.279122389628752
evm.TU.Ap3.2319,0.158178105104905
evm.TU.Ap3.232,-0.274397338109345
evm.TU.Ap3.2320,0.165512016637776
evm.TU.Ap3.2322,-0.0076442436722805
evm.TU.Ap3.2324,0.1095949100921
evm.TU.Ap3.2325,-0.00277235723948282
evm.TU.Ap3.2326,-0.0105069866689476
evm.TU.Ap3.2329,-0.164818844852441
evm.TU.Ap3.233,-0.0150338448093745
evm.TU.Ap3.2331,-0.104057810161777
evm.TU.Ap3.2337,0.27749929254305
evm.TU.Ap3.2339,-0.261564166026143
evm.TU.Ap3.234,-0.0353729242722089
evm.TU.Ap3.2341,0.0121616417997128
evm.TU.Ap3.2350,-0.221817658361861
evm.TU.Ap3.2354,-0.35764965272474
evm.TU.Ap3.2358,0.281177293744988
evm.TU.Ap3.2360,-0.486666360462994
evm.TU.Ap3.2361,-0.0705203003745311
evm.TU.Ap3.2362,0.00968918917196207
evm.TU.Ap3.2363,0.50766356761218
evm.TU.Ap3.2364,0.545349191200692
evm.TU.Ap3.2367,-0.0268087820890172
evm.TU.Ap3.2371,0.0478956703742243
evm.TU.Ap3.2375_evm.TU.Ap3.2376_evm.TU.Ap3.2377_evm.TU.Ap3.2378,-0.252066463232896
evm.TU.Ap3.2379,-0.107077699747269
evm.TU.Ap3.238,-0.112082245908643
evm.TU.Ap3.2381,0.227773518633568
evm.TU.Ap3.2382,0.269666649841863
evm.TU.Ap3.2383_evm.TU.Ap3.2384,0.0639707061696726
evm.TU.Ap3.239,0.00416619540897107
evm.TU.Ap3.2391,0.62293563600601
evm.TU.Ap3.2392,0.0918713325923505
evm.TU.Ap3.24,-0.07650024528434
evm.TU.Ap3.2401,-0.00595161530749141
evm.TU.Ap3.2403,-0.453440509083261
evm.TU.Ap3.2404,0.24159144643228
evm.TU.Ap3.241,-0.186511351009553
evm.TU.Ap3.2412,0.0555682528311424
evm.TU.Ap3.2413,0.360484949306784
evm.TU.Ap3.2415,-0.0442116270760026
evm.TU.Ap3.2418,0.0648572117737234
evm.TU.Ap3.2419,0.553493985276873
evm.TU.Ap3.2420,-0.109234463871231
evm.TU.Ap3.2422,0.0852843746540216
evm.TU.Ap3.2423,-0.0572290781835172
evm.TU.Ap3.2428,-0.461584239947866
evm.TU.Ap3.243,-0.0207589677853047
evm.TU.Ap3.2430,0.0100358966185801
evm.TU.Ap3.2431,-0.496743752110331
evm.TU.Ap3.2432,-0.0369811947601969
evm.TU.Ap3.2436,-0.0136542992162364
evm.TU.Ap3.2438,0.626171958680152
evm.TU.Ap3.2439,-0.0277570865570592
evm.TU.Ap3.2440,0.40965230422613
evm.TU.Ap3.2443,0.550270741114753
evm.TU.Ap3.2444,-0.0310821403057737
evm.TU.Ap3.2451,0.058827800344865
evm.TU.Ap3.2452,0.112436702723493
evm.TU.Ap3.2456,-0.132668920547773
evm.TU.Ap3.2457,-0.207803778588862
evm.TU.Ap3.2459,0.268043002025271
evm.TU.Ap3.2460,-0.334600006559819
evm.TU.Ap3.2462,0.727712275691083
evm.TU.Ap3.2465,-0.365887332428892
evm.TU.Ap3.2469,0.415541307251733
evm.TU.Ap3.2471,-0.18637385203501
evm.TU.Ap3.2475,0.018673934567572
evm.TU.Ap3.2477,0.674462792009093
evm.TU.Ap3.2483,-0.328144015280244
evm.TU.Ap3.2486,0.188094769150297
evm.TU.Ap3.2487,0.0787662564047353
evm.TU.Ap3.249,0.0381016178629636
evm.TU.Ap3.2493,0.35188900877702
evm.TU.Ap3.2498,-0.226723054162338
evm.TU.Ap3.2499,-0.194706231820208
evm.TU.Ap3.25,0.307247333319519
evm.TU.Ap3.2502,0.240285519642554
evm.TU.Ap3.2503,0.207253295521766
evm.TU.Ap3.2504,-0.0539370710677822
evm.TU.Ap3.2505,0.431490495289731
evm.TU.Ap3.2507,-0.0228840486198196
evm.TU.Ap3.2508_evm.TU.Ap3.2509,-0.259468070952958
evm.TU.Ap3.251,-0.213590709521694
evm.TU.Ap3.2510,-0.0242550594135882
evm.TU.Ap3.2512,-0.144450749548263
evm.TU.Ap3.2514,0.147895886073203
evm.TU.Ap3.2515,-0.262956752386462
evm.TU.Ap3.252,-0.0931878248267402
evm.TU.Ap3.257,0.21110473499381
evm.TU.Ap3.259,-0.440045910897252
evm.TU.Ap3.261,0.13558031188058
evm.TU.Ap3.262,-0.29347604067101
evm.TU.Ap3.268,-0.384102530991599
evm.TU.Ap3.269,-0.173769828751842
evm.TU.Ap3.270,0.240759724666282
evm.TU.Ap3.273,0.246960199783309
evm.TU.Ap3.274,-0.154522657646051
evm.TU.Ap3.275,0.121881639544361
evm.TU.Ap3.281,0.16733084284046
evm.TU.Ap3.286,0.296911843556214
evm.TU.Ap3.287,0.257842345590706
evm.TU.Ap3.288,0.021458597244767
evm.TU.Ap3.289,-0.102553134876344
evm.TU.Ap3.29,0.246937862046357
evm.TU.Ap3.296,-0.173925738191274
evm.TU.Ap3.299,-0.559877567215772
evm.TU.Ap3.30,-0.0545307171866806
evm.TU.Ap3.302,-0.069159183013836
evm.TU.Ap3.31,-0.258442928127777
evm.TU.Ap3.313,-0.452303654136472
evm.TU.Ap3.323,0.262691700308748
evm.TU.Ap3.324,-0.0408205752692106
evm.TU.Ap3.328,0.160861482662345
evm.TU.Ap3.329,0.145918568356103
evm.TU.Ap3.33,0.0697277980030045
evm.TU.Ap3.330,0.314947582474453
evm.TU.Ap3.331,0.0134416097192192
evm.TU.Ap3.333,0.0788574006466195
evm.TU.Ap3.339_evm.TU.Ap3.340,-0.414010479414786
evm.TU.Ap3.34,-0.334646653887866
evm.TU.Ap3.341,-0.21122956254752
evm.TU.Ap3.35,-0.524578146110512
evm.TU.Ap3.354_evm.TU.Ap3.342,-0.124205702886924
evm.TU.Ap3.358,-0.0950708376801664
evm.TU.Ap3.36,0.358396492482616
evm.TU.Ap3.360,-0.224057123782179
evm.TU.Ap3.361,0.276663986712996
evm.TU.Ap3.362,0.0487319655888098
evm.TU.Ap3.364,0.0412328934576098
evm.TU.Ap3.367,-0.20177140758788
evm.TU.Ap3.369,-0.134565636783171
evm.TU.Ap3.37,0.0133133851804497
evm.TU.Ap3.371,-0.325419087745902
evm.TU.Ap3.374,0.257882080344716
evm.TU.Ap3.385,-0.279218240266099
evm.TU.Ap3.396,0.237931196684008
evm.TU.Ap3.398,-0.204848137735277
evm.TU.Ap3.40,-0.0133488882244261
evm.TU.Ap3.41,-0.08933063789209
evm.TU.Ap3.42,0.434636609518027
evm.TU.Ap3.43,-0.128135250189029
evm.TU.Ap3.444,-0.397690499014232
evm.TU.Ap3.445,-0.167043676021867
evm.TU.Ap3.446,0.319905848571855
evm.TU.Ap3.451,-0.0765407428893232
evm.TU.Ap3.452,0.319038676147817
evm.TU.Ap3.453,0.358173613043067
evm.TU.Ap3.456,0.141193383763526
evm.TU.Ap3.457,0.289035943538653
evm.TU.Ap3.458,0.108742794279057
evm.TU.Ap3.461,0.0703072160795642
evm.TU.Ap3.462,0.256800768605331
evm.TU.Ap3.463,0.538217508475861
evm.TU.Ap3.464,0.0812648223199288
evm.TU.Ap3.465,0.16024157183962
evm.TU.Ap3.466,0.150084916476261
evm.TU.Ap3.467,0.200669907073412
evm.TU.Ap3.468,-0.519204436002179
evm.TU.Ap3.469,-0.632968752529374
evm.TU.Ap3.474,-0.151395533285745
evm.TU.Ap3.477,-0.113464775867876
evm.TU.Ap3.478,-0.621725952978366
evm.TU.Ap3.487,-0.297420325359524
evm.TU.Ap3.49,0.609765716277696
evm.TU.Ap3.491,0.38135411252708
evm.TU.Ap3.493,-0.191491310443454
evm.TU.Ap3.494,0.539907803081887
evm.TU.Ap3.495,-0.0118684278665037
evm.TU.Ap3.499,0.144650149732319
evm.TU.Ap3.5,0.22858036414509
evm.TU.Ap3.500,0.221610940280502
evm.TU.Ap3.501,0.367216474830485
evm.TU.Ap3.503,-0.189364989839828
evm.TU.Ap3.516,0.112932335006059
evm.TU.Ap3.520,-0.386729819482936
evm.TU.Ap3.521,-0.421350877107643
evm.TU.Ap3.528,0.0577222211756218
evm.TU.Ap3.529,0.177209793158948
evm.TU.Ap3.53,-0.129150059611105
evm.TU.Ap3.532,-0.0480016711519202
evm.TU.Ap3.541,0.383923125049553
evm.TU.Ap3.542,0.238453588713247
evm.TU.Ap3.544,0.387019087596381
evm.TU.Ap3.545,0.00250228882757597
evm.TU.Ap3.55,0.208103618373975
evm.TU.Ap3.56,0.337417413228808
evm.TU.Ap3.561,0.506862006006123
evm.TU.Ap3.562,0.0536005594430509
evm.TU.Ap3.568,0.18843212460402
evm.TU.Ap3.570,0.460235334100011
evm.TU.Ap3.571,-0.124250807390826
evm.TU.Ap3.572,-0.0935499521399382
evm.TU.Ap3.575,-0.189474333367237
evm.TU.Ap3.577,0.21158559734312
evm.TU.Ap3.579,-0.471367095047816
evm.TU.Ap3.582,-0.249019434559043
evm.TU.Ap3.594,-0.460201288928472
evm.TU.Ap3.596,-0.553538236297743
evm.TU.Ap3.599,-0.41271163714432
evm.TU.Ap3.60,-0.353531001684395
evm.TU.Ap3.602,0.0301727074952035
evm.TU.Ap3.603,0.0618894730585474
evm.TU.Ap3.613,0.199845741675121
evm.TU.Ap3.615,0.0383164860809488
evm.TU.Ap3.616,0.0525858816199131
evm.TU.Ap3.620,-0.0311358285535901
evm.TU.Ap3.621,-0.49627502758515
evm.TU.Ap3.624,0.102726634602555
evm.TU.Ap3.626,-0.0157717329963618
evm.TU.Ap3.627,0.488546240068941
evm.TU.Ap3.629,-0.253284777794336
evm.TU.Ap3.63,0.357606297567052
evm.TU.Ap3.634,-0.0846816798508585
evm.TU.Ap3.641,-0.0308357847061657
evm.TU.Ap3.642,0.152266120185913
evm.TU.Ap3.644,0.0523251182996436
evm.TU.Ap3.645,0.0908497746483197
evm.TU.Ap3.65,0.2672884684553
evm.TU.Ap3.650,0.0371973437909677
evm.TU.Ap3.653,-0.0815591799533175
evm.TU.Ap3.66,-0.186230133239419
evm.TU.Ap3.661,-0.0746843217980409
evm.TU.Ap3.662,-0.0146175217608565
evm.TU.Ap3.665,0.0162521876495099
evm.TU.Ap3.667,-0.0432762890476535
evm.TU.Ap3.668,0.0728757396452768
evm.TU.Ap3.669,0.128281212128602
evm.TU.Ap3.67,0.124982540828846
evm.TU.Ap3.677,0.211972202030603
evm.TU.Ap3.678,0.057109887975505
evm.TU.Ap3.68,0.0206079552941904
evm.TU.Ap3.685,-0.298570020601025
evm.TU.Ap3.687,-0.550195614640071
evm.TU.Ap3.689,-0.123817114117829
evm.TU.Ap3.690,0.284173663749865
evm.TU.Ap3.700,0.078188792465586
evm.TU.Ap3.701,-0.0187197048278447
evm.TU.Ap3.702,0.193454388220999
evm.TU.Ap3.703,-0.228895871278616
evm.TU.Ap3.708,-0.0922046592721025
evm.TU.Ap3.709,-0.0267333964048871
evm.TU.Ap3.71,0.285072863453888
evm.TU.Ap3.710,-0.168984419741669
evm.TU.Ap3.712,0.375252614914107
evm.TU.Ap3.715,-0.0989352765596345
evm.TU.Ap3.718,0.0911631781568024
evm.TU.Ap3.72,0.111574097479596
evm.TU.Ap3.727,0.0769121912103022
evm.TU.Ap3.729,0.404498621954968
evm.TU.Ap3.73,-0.3744435800897
evm.TU.Ap3.730,-0.266039192604281
evm.TU.Ap3.732,0.054249404878117
evm.TU.Ap3.733,-0.21835490990773
evm.TU.Ap3.737,0.332864123650059
evm.TU.Ap3.74,0.132657777921954
evm.TU.Ap3.746,0.461190720073371
evm.TU.Ap3.747,0.0720621036101663
evm.TU.Ap3.748,0.169076060366122
evm.TU.Ap3.749,0.387090404618856
evm.TU.Ap3.750,0.369264607614241
evm.TU.Ap3.756,-0.518993303662165
evm.TU.Ap3.757,0.233233914957058
evm.TU.Ap3.760,0.260526066276905
evm.TU.Ap3.764,0.18347430112937
evm.TU.Ap3.769,-0.0348460066936899
evm.TU.Ap3.775,0.158290922395384
evm.TU.Ap3.776,-0.409905082873999
evm.TU.Ap3.783,0.168340061828464
evm.TU.Ap3.784,0.0633201094075638
evm.TU.Ap3.785,-0.140506400386543
evm.TU.Ap3.791,-0.242787816371273
evm.TU.Ap3.792,-0.345459902832805
evm.TU.Ap3.797,-0.0797770257347385
evm.TU.Ap3.799,-0.223660639364347
evm.TU.Ap3.8,0.0841921401702995
evm.TU.Ap3.802,-0.312283209595581
evm.TU.Ap3.808,0.00488487817585327
evm.TU.Ap3.819,-0.245454796275629
evm.TU.Ap3.820,0.0733472789211251
evm.TU.Ap3.821,0.185225895607554
evm.TU.Ap3.822,0.220265775414703
evm.TU.Ap3.824,0.290421815047838
evm.TU.Ap3.825,0.0859151472797547
evm.TU.Ap3.826,0.138928929136019
evm.TU.Ap3.827,-0.183881803644414
evm.TU.Ap3.830,-0.00153143751626922
evm.TU.Ap3.834,0.458386162793964
evm.TU.Ap3.836,-0.126011692999718
evm.TU.Ap3.838,-0.101746348684471
evm.TU.Ap3.839,-0.279761217333689
evm.TU.Ap3.84,-0.429648758362421
evm.TU.Ap3.842,-0.000507897923777305
evm.TU.Ap3.849,0.0150765429321023
evm.TU.Ap3.852,0.28371791709878
evm.TU.Ap3.853,-0.0344344955781842
evm.TU.Ap3.854,0.0216725923321916
evm.TU.Ap3.858,-0.0513702787545888
evm.TU.Ap3.861,0.169434958354781
evm.TU.Ap3.862,-0.0429882634709136
evm.TU.Ap3.87,-0.13280278770543
evm.TU.Ap3.878,0.381592484701134
evm.TU.Ap3.879,0.226226819516474
evm.TU.Ap3.882,-0.381460209777282
evm.TU.Ap3.883,0.0123631766928693
evm.TU.Ap3.884,0.185494944727361
evm.TU.Ap3.886_evm.TU.Ap3.887,-0.243089024622379
evm.TU.Ap3.89,-0.0872716407865466
evm.TU.Ap3.899,-0.242327192238166
evm.TU.Ap3.90,-0.0470261741901969
evm.TU.Ap3.900,0.152130606816182
evm.TU.Ap3.901,-0.00185911268101755
evm.TU.Ap3.903,0.0165586999719008
evm.TU.Ap3.906_evm.TU.Ap3.914,-0.195931559172177
evm.TU.Ap3.919,0.0825667854366645
evm.TU.Ap3.927,-0.271716314350518
evm.TU.Ap3.928,-0.198936828462485
evm.TU.Ap3.929,0.049825432730781
evm.TU.Ap3.935,0.100504700888796
evm.TU.Ap3.936,-0.148539534792319
evm.TU.Ap3.937,-0.312528103857664
evm.TU.Ap3.939,-0.215192082051305
evm.TU.Ap3.942,0.111642170503561
evm.TU.Ap3.944,-0.102332854661441
evm.TU.Ap3.945,0.126812264517487
evm.TU.Ap3.95,0.370026194585088
evm.TU.Ap3.96,-0.468521100186884
evm.TU.Ap3.960,0.0998158161737113
evm.TU.Ap3.962,0.180952585363892
evm.TU.Ap3.963,-0.254681545529922
evm.TU.Ap3.965,-0.184775802709014
evm.TU.Ap3.972,0.137569695264093
evm.TU.Ap3.974,0.186470282333583
evm.TU.Ap3.975,-0.0924071350221758
evm.TU.Ap3.977,0.0532659798443372
evm.TU.Ap3.98,0.0373571847164063
evm.TU.Ap3.983,0.291288748533967
evm.TU.Ap3.985,0.00254884790862066
evm.TU.Ap3.992,0.0704789439129926
evm.TU.Ap3.993_evm.TU.Ap3.994,0.0840707600462731
evm.TU.Ap3.998,0.123989122447777
evm.TU.Ap3.999,0.091889645731588
evm.TU.Ap4.1,-0.121334474107519
evm.TU.Ap4.1002,-0.0319041092087417
evm.TU.Ap4.102,-0.0689129264098386
evm.TU.Ap4.1023,-0.408577812441934
evm.TU.Ap4.1025,-0.546570938405719
evm.TU.Ap4.1026,-0.237969972076688
evm.TU.Ap4.1027,0.0800582316747681
evm.TU.Ap4.1028,-0.109326267997348
evm.TU.Ap4.1029,0.328010390578261
evm.TU.Ap4.103,-0.131119660395098
evm.TU.Ap4.1030,0.115816182575478
evm.TU.Ap4.104,-0.434043507627626
evm.TU.Ap4.1040,-0.0709620652807002
evm.TU.Ap4.105,-0.250379014396272
evm.TU.Ap4.1062,0.518767964517987
evm.TU.Ap4.107,-0.295348088603588
evm.TU.Ap4.1077,-0.0161867707396687
evm.TU.Ap4.108,-0.492215292818032
evm.TU.Ap4.1081,-0.0841158563213584
evm.TU.Ap4.1084,-0.0272399867177618
evm.TU.Ap4.109,-0.236304989852671
evm.TU.Ap4.11,0.162397172233583
evm.TU.Ap4.1107,-0.302523667583808
evm.TU.Ap4.111,-0.293569287586137
evm.TU.Ap4.1119,-0.277567230386121
evm.TU.Ap4.1122,-0.1682683267484
evm.TU.Ap4.1126,0.0640969441095134
evm.TU.Ap4.1132,-0.426738636435327
evm.TU.Ap4.1133,-0.379100823297782
evm.TU.Ap4.1136,-0.16703223482474
evm.TU.Ap4.1137,0.202457852709513
evm.TU.Ap4.114,-0.392893415382547
evm.TU.Ap4.1147,-0.378543567956488
evm.TU.Ap4.1152,0.330761286122467
evm.TU.Ap4.1153,0.187223190427268
evm.TU.Ap4.1155,0.0743477855751829
evm.TU.Ap4.1178,0.334733635771423
evm.TU.Ap4.1179,0.0954477915717906
evm.TU.Ap4.1182,-0.0562098080088809
evm.TU.Ap4.1195,0.112768163540703
evm.TU.Ap4.1200,-0.131042000642237
evm.TU.Ap4.122,-0.293479859805594
evm.TU.Ap4.1228,-0.0857719558137867
evm.TU.Ap4.1229,-0.0649736549718923
evm.TU.Ap4.1232,-0.0882002789165173
evm.TU.Ap4.1236,-0.150599079496156
evm.TU.Ap4.1238,-0.0124888078112754
evm.TU.Ap4.1239,-0.133853950838003
evm.TU.Ap4.1240,-0.240361710586781
evm.TU.Ap4.1243,-0.202834573252789
evm.TU.Ap4.1247,0.143397939849697
evm.TU.Ap4.1248,-0.100654081732164
evm.TU.Ap4.1255,0.140447744808783
evm.TU.Ap4.1262,-0.244929477934819
evm.TU.Ap4.1263,0.00416536544311433
evm.TU.Ap4.1266,-0.296563807786865
evm.TU.Ap4.1267,-0.285802286216127
evm.TU.Ap4.1268,-0.406240880285074
evm.TU.Ap4.1269,-0.0938969937785641
evm.TU.Ap4.1270,0.0521661014701218
evm.TU.Ap4.1271,0.103854635488741
evm.TU.Ap4.1279,0.119769807346943
evm.TU.Ap4.1280,0.16567352368964
evm.TU.Ap4.1281,-0.0226850802522893
evm.TU.Ap4.1283,0.292233359336799
evm.TU.Ap4.1284,0.464153518931155
evm.TU.Ap4.1287,0.574892465835722
evm.TU.Ap4.1288,-0.00679981375888009
evm.TU.Ap4.129,-0.116934426937898
evm.TU.Ap4.1290,-0.0274431230372576
evm.TU.Ap4.1291,0.145076930806864
evm.TU.Ap4.1293,-0.15161150446796
evm.TU.Ap4.1295,0.00885787793510578
evm.TU.Ap4.1296,-0.334750170892725
evm.TU.Ap4.13,-0.434720101038974
evm.TU.Ap4.1300,-0.429217976786544
evm.TU.Ap4.131,-0.299795219676222
evm.TU.Ap4.1313,0.249511911277888
evm.TU.Ap4.132,-0.111483751492317
evm.TU.Ap4.1329,0.0428366868155978
evm.TU.Ap4.1331,0.0890129565124574
evm.TU.Ap4.1335,-0.0853328825442506
evm.TU.Ap4.1336,0.130114758071295
evm.TU.Ap4.1338,0.322241858941791
evm.TU.Ap4.1339,-0.137491185082277
evm.TU.Ap4.1340,-0.182515854115321
evm.TU.Ap4.1342,0.468942999154476
evm.TU.Ap4.1344,-0.0242336249390091
evm.TU.Ap4.135,-0.0245972850072442
evm.TU.Ap4.1350,0.0831082668082481
evm.TU.Ap4.1351,-0.138906080293837
evm.TU.Ap4.1354,-0.135690696141578
evm.TU.Ap4.1356,-0.333004967011239
evm.TU.Ap4.1359_evm.TU.Ap4.1363,0.063405895357449
evm.TU.Ap4.1364,-0.230140324787836
evm.TU.Ap4.1367,-0.153486439321252
evm.TU.Ap4.1368,-0.0776611571076661
evm.TU.Ap4.1369,-0.175666685269778
evm.TU.Ap4.1372,0.26700231823937
evm.TU.Ap4.1384,0.0916106542484339
evm.TU.Ap4.1385,-0.120016190450823
evm.TU.Ap4.1395,-0.0403662730878
evm.TU.Ap4.1399,-0.0623775117074164
evm.TU.Ap4.1403,-0.101251606655453
evm.TU.Ap4.1405,0.367816460076591
evm.TU.Ap4.1406,0.303428875151042
evm.TU.Ap4.1407,-0.148718672384964
evm.TU.Ap4.1413,-0.0199591340307934
evm.TU.Ap4.1418,0.136493922882071
evm.TU.Ap4.1419,0.0771136907312104
evm.TU.Ap4.142,-0.193480580740875
evm.TU.Ap4.1421,0.134259969940704
evm.TU.Ap4.144,0.0966653667639773
evm.TU.Ap4.1451,0.0652246706828849
evm.TU.Ap4.1475,0.167739635168574
evm.TU.Ap4.1485,-0.150866206804886
evm.TU.Ap4.1487,-0.145340827206305
evm.TU.Ap4.1498,-0.627000700339277
evm.TU.Ap4.1499,0.0380996201640929
evm.TU.Ap4.1500,-0.163751185674084
evm.TU.Ap4.1505,-0.260609889348206
evm.TU.Ap4.1507,-0.0267354555567271
evm.TU.Ap4.1509,0.157881271840718
evm.TU.Ap4.1512,-0.484887866913594
evm.TU.Ap4.1513,0.255953778594781
evm.TU.Ap4.1514,-0.245325150855246
evm.TU.Ap4.1520,-0.345054758856426
evm.TU.Ap4.1523,-0.256924221021413
evm.TU.Ap4.1524,-0.0387490090588556
evm.TU.Ap4.1525,0.0324624421260103
evm.TU.Ap4.1526,0.285582996867502
evm.TU.Ap4.1527,-0.502329304720325
evm.TU.Ap4.153,0.050660793191784
evm.TU.Ap4.1532,0.216980960808083
evm.TU.Ap4.1537,0.168149832439089
evm.TU.Ap4.1549,-0.208609287239333
evm.TU.Ap4.1551,-0.111200076788742
evm.TU.Ap4.1553,-0.289240672056605
evm.TU.Ap4.1562,-0.334045539555137
evm.TU.Ap4.1565,0.177145479572684
evm.TU.Ap4.1567,0.600839069201948
evm.TU.Ap4.157,-0.124200161355145
evm.TU.Ap4.1572,0.236329937092072
evm.TU.Ap4.16,0.190470768762678
evm.TU.Ap4.1620,0.0075952390368711
evm.TU.Ap4.1654_evm.TU.Ap4.1655,0.228007637513502
evm.TU.Ap4.1656,-0.0410239465631023
evm.TU.Ap4.168,0.134031788709175
evm.TU.Ap4.1686,0.128912831284081
evm.TU.Ap4.1689,-0.223546199340232
evm.TU.Ap4.1690,0.0844177067883277
evm.TU.Ap4.1691,-0.281458334593083
evm.TU.Ap4.1694,-0.192011311016373
evm.TU.Ap4.1695,-0.254466782278506
evm.TU.Ap4.1713,-0.12141021567434
evm.TU.Ap4.1714,0.405233608797819
evm.TU.Ap4.1717,-0.111230457478523
evm.TU.Ap4.1722,-0.0066333211701431
evm.TU.Ap4.1723,-0.138489078430824
evm.TU.Ap4.1734,-0.267080534688768
evm.TU.Ap4.1736,-0.143562492025994
evm.TU.Ap4.1737,0.464311905041478
evm.TU.Ap4.1739,-0.131526481315932
evm.TU.Ap4.174,0.099119962716627
evm.TU.Ap4.1743,-0.0235212202947832
evm.TU.Ap4.1760,-0.299176026904369
evm.TU.Ap4.1763,0.0462202626319622
evm.TU.Ap4.1769,0.0154668396595781
evm.TU.Ap4.177,0.449797803734271
evm.TU.Ap4.1770,-0.101514479323042
evm.TU.Ap4.1779,-0.120236446189187
evm.TU.Ap4.178,-0.163286336504077
evm.TU.Ap4.1783,-0.0306357786250042
evm.TU.Ap4.1791,-0.231585860706212
evm.TU.Ap4.1796,-0.329350151287449
evm.TU.Ap4.180,-0.302381424557155
evm.TU.Ap4.1806,-0.231282598674433
evm.TU.Ap4.1807,-0.0490931979608455
evm.TU.Ap4.181,0.101462531809643
evm.TU.Ap4.1810,0.285588520436203
evm.TU.Ap4.182,0.0382088369913009
evm.TU.Ap4.1821,-0.311371977037992
evm.TU.Ap4.185,0.0681124348649511
evm.TU.Ap4.1855,0.212445580401598
evm.TU.Ap4.186,0.185523215377503
evm.TU.Ap4.1866,-0.0227952798238836
evm.TU.Ap4.1872,0.41225550097622
evm.TU.Ap4.1875,0.166900406176217
evm.TU.Ap4.1906,-0.0418157770441977
evm.TU.Ap4.1915,0.023922307487479
evm.TU.Ap4.192,-0.0609598974706925
evm.TU.Ap4.1957,-0.0495892615151231
evm.TU.Ap4.1960,-0.224892216467621
evm.TU.Ap4.1984,0.276532162035921
evm.TU.Ap4.199,0.0544562918783788
evm.TU.Ap4.1997,0.107002394455366
evm.TU.Ap4.20,-0.0846269528448067
evm.TU.Ap4.2044,0.211359036054974
evm.TU.Ap4.21,-0.250456570997623
evm.TU.Ap4.2117,0.219312002747142
evm.TU.Ap4.2129,0.332924977765665
evm.TU.Ap4.2166,0.179960169416009
evm.TU.Ap4.217,0.298694603088748
evm.TU.Ap4.2171,-0.0429838729661648
evm.TU.Ap4.2191,0.140727678492924
evm.TU.Ap4.2193,0.174700646279815
evm.TU.Ap4.2291,0.200414200443148
evm.TU.Ap4.23,-0.397834912431028
evm.TU.Ap4.2314,0.240551110530319
evm.TU.Ap4.2315,0.104169480325029
evm.TU.Ap4.2351,-0.0370689811621324
evm.TU.Ap4.2370,0.0847790051347952
evm.TU.Ap4.24,-0.39593476643265
evm.TU.Ap4.2409,0.140587831174194
evm.TU.Ap4.2442,0.292341852820132
evm.TU.Ap4.2453,0.141803158269168
evm.TU.Ap4.2478,0.348131328749626
evm.TU.Ap4.2495,0.244053069622258
evm.TU.Ap4.2504,0.242776545222866
evm.TU.Ap4.2558,0.225361050617915
evm.TU.Ap4.2560,0.116028261034537
evm.TU.Ap4.2570,0.0658918150020247
evm.TU.Ap4.259,-0.339855399276772
evm.TU.Ap4.2606,0.397493847270387
evm.TU.Ap4.262,0.433319711269174
evm.TU.Ap4.2658,0.155884924381414
evm.TU.Ap4.268,-0.159093114054246
evm.TU.Ap4.2687,0.0207089899880433
evm.TU.Ap4.2691,0.054392721269838
evm.TU.Ap4.2712,0.171854834818084
evm.TU.Ap4.2730,0.211779462706732
evm.TU.Ap4.2735,0.458679617315545
evm.TU.Ap4.2742,0.473198276056782
evm.TU.Ap4.2743,0.245595894542671
evm.TU.Ap4.277,-0.0724775822756675
evm.TU.Ap4.2788,-0.0418196892866521
evm.TU.Ap4.2789,0.0517491712300774
evm.TU.Ap4.2832,0.156959519259628
evm.TU.Ap4.2839,0.212779946296229
evm.TU.Ap4.2894,0.036744455802159
evm.TU.Ap4.2898,0.103712370473215
evm.TU.Ap4.29,-0.271492319616786
evm.TU.Ap4.2905,0.0339911792961917
evm.TU.Ap4.2918,0.124532718278405
evm.TU.Ap4.2968,0.423495057132155
evm.TU.Ap4.302,-0.236472636177881
evm.TU.Ap4.3028,0.305988614315752
evm.TU.Ap4.3029,0.33268479358301
evm.TU.Ap4.303,0.433808849711342
evm.TU.Ap4.3037,0.23166267192138
evm.TU.Ap4.3055,0.0730908107380909
evm.TU.Ap4.3062,0.347519913217884
evm.TU.Ap4.3082,0.11173955814584
evm.TU.Ap4.3083,0.0363975314737191
evm.TU.Ap4.3103,0.223631146641464
evm.TU.Ap4.311,0.226602474205702
evm.TU.Ap4.3110,0.058641644460441
evm.TU.Ap4.3113,-0.136669170646824
evm.TU.Ap4.3114,0.0101837126040144
evm.TU.Ap4.3125,0.0846805205910728
evm.TU.Ap4.3128,0.0537259289835208
evm.TU.Ap4.316,-0.305787068789642
evm.TU.Ap4.3162,0.270190127140351
evm.TU.Ap4.3166,0.0930928914863714
evm.TU.Ap4.3169,0.0888076229526995
evm.TU.Ap4.3170,0.0173914513909941
evm.TU.Ap4.319,0.178929653815458
evm.TU.Ap4.3195,0.0511889719061646
evm.TU.Ap4.3197,-0.193924484978808
evm.TU.Ap4.3199,0.1203031091023
evm.TU.Ap4.320,-0.145906053767675
evm.TU.Ap4.3208,0.282543140862325
evm.TU.Ap4.3232,0.352445544770091
evm.TU.Ap4.3236,-0.0210171292515501
evm.TU.Ap4.3238,0.169119454100522
evm.TU.Ap4.3242,0.341515363102539
evm.TU.Ap4.325,0.242975379440818
evm.TU.Ap4.326,0.000794833323830434
evm.TU.Ap4.328,-0.248410369557828
evm.TU.Ap4.330,-0.346439939784971
evm.TU.Ap4.331,-0.334426379027329
evm.TU.Ap4.3341,0.280829495661469
evm.TU.Ap4.3343,0.275421645351896
evm.TU.Ap4.3388,0.270766491065471
evm.TU.Ap4.3396,0.224995234192058
evm.TU.Ap4.3426,0.23535849674357
evm.TU.Ap4.3428,0.185273261421765
evm.TU.Ap4.3433,0.243976803254836
evm.TU.Ap4.3456,0.273576643263717
evm.TU.Ap4.3475,0.235755673312889
evm.TU.Ap4.3492,0.0839948015844801
evm.TU.Ap4.3499,-0.0171385337655155
evm.TU.Ap4.3500,-0.0823716859081672
evm.TU.Ap4.3522,0.459265980809128
evm.TU.Ap4.3573,0.185290889228382
evm.TU.Ap4.3607,-0.120754103283474
evm.TU.Ap4.3697,0.317281412572255
evm.TU.Ap4.3698,0.294207706971897
evm.TU.Ap4.37,-0.287251457297262
evm.TU.Ap4.3739,-0.0408266190918817
evm.TU.Ap4.3741,-0.0617673583311818
evm.TU.Ap4.3742,-0.150387436744975
evm.TU.Ap4.3772,0.424763709211635
evm.TU.Ap4.3775,0.12625128555726
evm.TU.Ap4.3777,0.316978844549615
evm.TU.Ap4.3780,0.188623978806094
evm.TU.Ap4.3790,0.164739699438768
evm.TU.Ap4.3795,0.124529692524067
evm.TU.Ap4.383,-0.15564001382462
evm.TU.Ap4.3858,0.124123284263269
evm.TU.Ap4.388,0.142695222453665
evm.TU.Ap4.3889,0.081550934029845
evm.TU.Ap4.3891,0.055285111408398
evm.TU.Ap4.39_evm.TU.Ap4.40,-0.198771981845388
evm.TU.Ap4.3905,0.0637665819624757
evm.TU.Ap4.3921,0.19084632872519
evm.TU.Ap4.396,0.253250785830452
evm.TU.Ap4.3962,0.127948987470581
evm.TU.Ap4.3965,0.117166963886374
evm.TU.Ap4.398,0.162417299202489
evm.TU.Ap4.4009,0.190311942663007
evm.TU.Ap4.4010,0.183380067353153
evm.TU.Ap4.4012,0.243942662211518
evm.TU.Ap4.4014,0.189151536692155
evm.TU.Ap4.4015,0.267769009486856
evm.TU.Ap4.404,-0.126264651998798
evm.TU.Ap4.4057,0.441211474871983
evm.TU.Ap4.406,-0.0359154992303225
evm.TU.Ap4.4080,0.260344078644655
evm.TU.Ap4.4083,0.189433973561021
evm.TU.Ap4.4094,0.0347431791730561
evm.TU.Ap4.410,-0.400935466966009
evm.TU.Ap4.411,0.511284009565356
evm.TU.Ap4.4112,-0.0734470682125403
evm.TU.Ap4.412,0.185032432715011
evm.TU.Ap4.4120,0.228290432750394
evm.TU.Ap4.4133,-0.0187546573646757
evm.TU.Ap4.415,-0.37863804677676
evm.TU.Ap4.4151,-0.0503868997377791
evm.TU.Ap4.418,-0.491748275939514
evm.TU.Ap4.4213,0.260998024944162
evm.TU.Ap4.4220,0.282511383638048
evm.TU.Ap4.426,-0.178158738067859
evm.TU.Ap4.4265,0.0380811473597566
evm.TU.Ap4.428,0.0342993639067685
evm.TU.Ap4.429,-0.162088073289815
evm.TU.Ap4.4294,-0.0122963410140169
evm.TU.Ap4.430,0.347424192560252
evm.TU.Ap4.4301,0.069151191103216
evm.TU.Ap4.4302,-0.0123764380700794
evm.TU.Ap4.431,-0.425902501213213
evm.TU.Ap4.4363,0.129461419241026
evm.TU.Ap4.4368,0.221762793460825
evm.TU.Ap4.437,0.246003708146096
evm.TU.Ap4.4371,-0.220888555988455
evm.TU.Ap4.4386,0.00329155870410367
evm.TU.Ap4.443,-0.215954860631103
evm.TU.Ap4.4447,-0.142488104596357
evm.TU.Ap4.4451,0.0423608997229436
evm.TU.Ap4.446,-0.380347814877442
evm.TU.Ap4.4475,0.409852000618348
evm.TU.Ap4.4477,0.277328003186562
evm.TU.Ap4.448,-0.194094773280293
evm.TU.Ap4.4485,0.311793474265168
evm.TU.Ap4.452,-0.481347746279008
evm.TU.Ap4.4528,-0.0472171128927774
evm.TU.Ap4.453,-0.232249115521917
evm.TU.Ap4.4531,0.141260803751794
evm.TU.Ap4.455,-0.230628097878473
evm.TU.Ap4.4558,0.426615546977947
evm.TU.Ap4.456,0.0259271106030568
evm.TU.Ap4.457,-0.315958500002376
evm.TU.Ap4.4598,0.112607009643441
evm.TU.Ap4.4599,0.156606540911734
evm.TU.Ap4.460,-0.377419472670142
evm.TU.Ap4.4618,0.368593343907918
evm.TU.Ap4.463,0.126014626113755
evm.TU.Ap4.4648,0.205274057454544
evm.TU.Ap4.465,-0.527252028784006
evm.TU.Ap4.4651,0.161543322257835
evm.TU.Ap4.47,-0.0806946866945907
evm.TU.Ap4.4718,-0.611070434598533
evm.TU.Ap4.4719,-0.276413126252042
evm.TU.Ap4.4723,0.0374254914342708
evm.TU.Ap4.4725,-0.314847570289619
evm.TU.Ap4.4726,0.403999989130433
evm.TU.Ap4.4727,-0.276715903361808
evm.TU.Ap4.4737,0.00649173086781993
evm.TU.Ap4.4738,-0.0533820091480153
evm.TU.Ap4.4744,-0.124596075891082
evm.TU.Ap4.4745,-0.00845902343447098
evm.TU.Ap4.4750,-0.128079453858113
evm.TU.Ap4.4754,-0.206386265189779
evm.TU.Ap4.4756,-0.0866224662947692
evm.TU.Ap4.4759,0.295148333617907
evm.TU.Ap4.4761,-0.0525022497515355
evm.TU.Ap4.4764,0.51755880961189
evm.TU.Ap4.4765,0.280111142454896
evm.TU.Ap4.478,-0.29486727067426
evm.TU.Ap4.4780,0.315286325237778
evm.TU.Ap4.4792,0.0901014425023236
evm.TU.Ap4.4793,-0.0350952012182758
evm.TU.Ap4.48,-0.220380947148162
evm.TU.Ap4.480,-0.277242692776299
evm.TU.Ap4.4808_evm.TU.Ap4.4811,0.0351692732530543
evm.TU.Ap4.4814,0.0815386513085828
evm.TU.Ap4.4845,-0.123085094602975
evm.TU.Ap4.485,0.306439951534873
evm.TU.Ap4.4865,0.0767167332851473
evm.TU.Ap4.487,-0.083544435339914
evm.TU.Ap4.488,-0.129279155748493
evm.TU.Ap4.4880,-0.0368085952003522
evm.TU.Ap4.4891,-0.073681961098909
evm.TU.Ap4.4895,0.0309653392516917
evm.TU.Ap4.490,0.332864445031831
evm.TU.Ap4.4903,-0.0532496902352456
evm.TU.Ap4.491,0.168175689082971
evm.TU.Ap4.4934,-0.0261585582842892
evm.TU.Ap4.4935,-0.00769607509983823
evm.TU.Ap4.4961,-0.00136760081516821
evm.TU.Ap4.4962,0.21213039506026
evm.TU.Ap4.4963,0.0311877257085512
evm.TU.Ap4.4964,0.537849157496459
evm.TU.Ap4.497,0.131910863533033
evm.TU.Ap4.4970,-0.0854977594176268
evm.TU.Ap4.4972,-0.15645890940014
evm.TU.Ap4.4973,0.138147918322871
evm.TU.Ap4.4974,-0.0339831864162039
evm.TU.Ap4.4975,-0.0726633496800126
evm.TU.Ap4.4978,-0.0153870423898764
evm.TU.Ap4.498,-0.0843807096635406
evm.TU.Ap4.500,0.336127957353134
evm.TU.Ap4.5010,0.0827715149235508
evm.TU.Ap4.5012,0.286952802086275
evm.TU.Ap4.5016,0.197969087655673
evm.TU.Ap4.5037,-0.169639388735841
evm.TU.Ap4.5038,0.126904316010462
evm.TU.Ap4.5052,0.346017078773468
evm.TU.Ap4.5054,0.126902470159519
evm.TU.Ap4.5055,-0.0836220673961029
evm.TU.Ap4.5062,-0.160727339850846
evm.TU.Ap4.5063,0.0903364623022705
evm.TU.Ap4.5064,-0.171470339954459
evm.TU.Ap4.5065,-0.0794858279881631
evm.TU.Ap4.5068_evm.TU.Ap4.5070,0.207434449441458
evm.TU.Ap4.5078,-0.261541933032866
evm.TU.Ap4.5079,-0.176802159083874
evm.TU.Ap4.508,-0.282877090814967
evm.TU.Ap4.5084,0.146233370018826
evm.TU.Ap4.5087,0.192369473350599
evm.TU.Ap4.5088_evm.TU.Ap4.5091,0.278131497812886
evm.TU.Ap4.5092,0.19345029485901
evm.TU.Ap4.5093,0.132086399268181
evm.TU.Ap4.5095,-0.129299258635201
evm.TU.Ap4.5096,-0.124627472946182
evm.TU.Ap4.5097,-0.157208800210226
evm.TU.Ap4.5098,0.05589186311209
evm.TU.Ap4.5099,-0.301134796628462
evm.TU.Ap4.510,-0.167016144421701
evm.TU.Ap4.5100,0.263465984762809
evm.TU.Ap4.5101,-0.319632065055499
evm.TU.Ap4.5103,0.568698592583091
evm.TU.Ap4.5106,-0.36886535413524
evm.TU.Ap4.5107,0.21953918046698
evm.TU.Ap4.511,0.0582627354133569
evm.TU.Ap4.5113,0.0378774273301262
evm.TU.Ap4.5114,0.0573776361373742
evm.TU.Ap4.5119,-0.221437567792442
evm.TU.Ap4.513,0.338910782895725
evm.TU.Ap4.516,0.334477271815149
evm.TU.Ap4.5162,-0.160054752708831
evm.TU.Ap4.5163,0.124527352878877
evm.TU.Ap4.5166,0.0399428520413038
evm.TU.Ap4.5168,0.210989860260527
evm.TU.Ap4.517,-0.0458793238664956
evm.TU.Ap4.5186,-0.040246960905096
evm.TU.Ap4.52,-0.523572428679121
evm.TU.Ap4.520,0.167699527642214
evm.TU.Ap4.5205,-0.104622100383166
evm.TU.Ap4.5208,-0.188580783704594
evm.TU.Ap4.521,0.174143792617336
evm.TU.Ap4.5211,0.108999247267756
evm.TU.Ap4.5213,-0.596282767637679
evm.TU.Ap4.5217,0.371424168371111
evm.TU.Ap4.522,0.101091775023086
evm.TU.Ap4.5223,-0.0200218395970916
evm.TU.Ap4.5224,0.168673715659779
evm.TU.Ap4.5225,0.138316591279611
evm.TU.Ap4.5228,-0.0591235632406104
evm.TU.Ap4.5229,-0.0243687109989411
evm.TU.Ap4.5237,-0.0600047721531943
evm.TU.Ap4.524,0.477581467381524
evm.TU.Ap4.525,-0.146463229024343
evm.TU.Ap4.5251,-0.0334907360966928
evm.TU.Ap4.5259,0.0452593364307224
evm.TU.Ap4.5260,-0.0862342452455992
evm.TU.Ap4.5261,0.012685691310415
evm.TU.Ap4.5262,-0.341428627891935
evm.TU.Ap4.5264,-0.00954407807341355
evm.TU.Ap4.5269,0.10771532289205
evm.TU.Ap4.5270,0.211564006485441
evm.TU.Ap4.5278,0.00946445817154593
evm.TU.Ap4.5280,0.133546375705513
evm.TU.Ap4.5283,-0.374173139766867
evm.TU.Ap4.5286,0.398075438493225
evm.TU.Ap4.5287,-0.438276172058545
evm.TU.Ap4.5288,-0.441895928925018
evm.TU.Ap4.529,-0.421383698543966
evm.TU.Ap4.5290,-0.418371058806187
evm.TU.Ap4.5294,-0.162035809505582
evm.TU.Ap4.5295,0.19831761633415
evm.TU.Ap4.53,0.310273883006388
evm.TU.Ap4.530,-0.385218073605596
evm.TU.Ap4.5300,0.0261921441142064
evm.TU.Ap4.5303,0.338076879550525
evm.TU.Ap4.5306,0.0396590923732282
evm.TU.Ap4.5307,-0.474319134098997
evm.TU.Ap4.5316,0.00844630386530993
evm.TU.Ap4.5319,0.0735654769487136
evm.TU.Ap4.5320,-0.0203457903063976
evm.TU.Ap4.533,-0.209034639171136
evm.TU.Ap4.5338,0.00136969424484804
evm.TU.Ap4.534,-0.436475384894647
evm.TU.Ap4.5340,-0.355944010968466
evm.TU.Ap4.5341,-0.384295170718794
evm.TU.Ap4.5346_evm.TU.Ap4.5348,0.115552526421529
evm.TU.Ap4.535,-0.474715550836506
evm.TU.Ap4.5352,0.422568119880193
evm.TU.Ap4.5357,0.815000844922632
evm.TU.Ap4.5359,-0.17257387989812
evm.TU.Ap4.5360,0.171192955914696
evm.TU.Ap4.5361,-0.0426756576400747
evm.TU.Ap4.5365,-0.0132212134895776
evm.TU.Ap4.5366,0.033209987126524
evm.TU.Ap4.5368_evm.TU.Ap4.5386,-0.142125759439331
evm.TU.Ap4.538,0.161607652283378
evm.TU.Ap4.539,0.0714268643910947
evm.TU.Ap4.5392,-0.208716426267949
evm.TU.Ap4.5394,0.104971620906478
evm.TU.Ap4.54,0.261621201485951
evm.TU.Ap4.540,-0.103372194326382
evm.TU.Ap4.5401,0.528020770242124
evm.TU.Ap4.5402,0.0568237590475221
evm.TU.Ap4.5403,0.255739405699539
evm.TU.Ap4.5404,0.0927629776711247
evm.TU.Ap4.5409,-0.0228821935653564
evm.TU.Ap4.541,0.183666327156537
evm.TU.Ap4.5413,0.0397257542151436
evm.TU.Ap4.5414,-0.0520583238720207
evm.TU.Ap4.5416,-0.00491673797212627
evm.TU.Ap4.5417,-0.121552343052407
evm.TU.Ap4.5419,0.457946752956588
evm.TU.Ap4.5420,-0.136541438832335
evm.TU.Ap4.5423,0.0107795756511339
evm.TU.Ap4.5424,0.169257105961752
evm.TU.Ap4.5425,0.134237420038714
evm.TU.Ap4.5426,0.17952659325463
evm.TU.Ap4.543,0.0447232529520798
evm.TU.Ap4.5435,-0.00217663524335065
evm.TU.Ap4.5436,0.0431580901977048
evm.TU.Ap4.544,0.115603458326259
evm.TU.Ap4.5442,0.0332088843167445
evm.TU.Ap4.5443,0.0372049407700565
evm.TU.Ap4.545,-0.0753344154173111
evm.TU.Ap4.5466,0.144427857554017
evm.TU.Ap4.5469,-0.28558074973528
evm.TU.Ap4.5470,0.552679218561357
evm.TU.Ap4.5471,-0.0504393997284262
evm.TU.Ap4.5472,-0.366390821234349
evm.TU.Ap4.5475,0.0383119208333377
evm.TU.Ap4.548,-0.353862486684794
evm.TU.Ap4.5482,-0.162343932394032
evm.TU.Ap4.5483,-0.1253402556083
evm.TU.Ap4.5484,0.0253966500486217
evm.TU.Ap4.5487,-0.0331371125410861
evm.TU.Ap4.5488,-0.293163466886395
evm.TU.Ap4.5489,-0.312738103048182
evm.TU.Ap4.5490,-0.181670199771141
evm.TU.Ap4.5492,-0.036377834758087
evm.TU.Ap4.5493,-0.152720044814691
evm.TU.Ap4.5494,0.122290686014354
evm.TU.Ap4.5496,0.493268740245978
evm.TU.Ap4.5497,0.0217015448260982
evm.TU.Ap4.55,0.0577624707650146
evm.TU.Ap4.550,-0.195436490614445
evm.TU.Ap4.5500,-0.156963796211965
evm.TU.Ap4.5501,-0.69380731680231
evm.TU.Ap4.5502,-0.646789692447608
evm.TU.Ap4.5504,-0.417150534090796
evm.TU.Ap4.5505,-0.112595153186028
evm.TU.Ap4.5508,-0.245984991962914
evm.TU.Ap4.5509,-0.17877939728588
evm.TU.Ap4.5512,0.302950539614245
evm.TU.Ap4.5514,-0.177801349424574
evm.TU.Ap4.5517,0.0855166880834287
evm.TU.Ap4.552,-0.100079132472597
evm.TU.Ap4.5521,-0.00259232934535629
evm.TU.Ap4.5530,-0.24496299512567
evm.TU.Ap4.5535,0.168479981395723
evm.TU.Ap4.556,0.10916579283267
evm.TU.Ap4.558,0.322840669968716
evm.TU.Ap4.5599,-0.0539386026566563
evm.TU.Ap4.5602,-0.152996811609518
evm.TU.Ap4.5603,-0.0250017907559813
evm.TU.Ap4.5605,0.400259192809707
evm.TU.Ap4.5608,-0.266643640190436
evm.TU.Ap4.5609,0.380616150330617
evm.TU.Ap4.5610,-0.0898329198254109
evm.TU.Ap4.5611,0.151224232446771
evm.TU.Ap4.5623,-0.382001048483851
evm.TU.Ap4.5625,-0.432980222015265
evm.TU.Ap4.563,-0.314421890012353
evm.TU.Ap4.5636,-0.0075529286431788
evm.TU.Ap4.5637,0.329466935941997
evm.TU.Ap4.5639,-0.245398508619653
evm.TU.Ap4.564,0.493407796545135
evm.TU.Ap4.5640,0.22167282969644
evm.TU.Ap4.5641,-0.264370846346032
evm.TU.Ap4.5643,0.218420089955065
evm.TU.Ap4.5646,0.117377916961555
evm.TU.Ap4.5647,0.189583810660276
evm.TU.Ap4.5649,0.353037928873765
evm.TU.Ap4.565,0.243477376652998
evm.TU.Ap4.5650,-0.127280715159237
evm.TU.Ap4.5651,0.261091226983265
evm.TU.Ap4.5653,0.156442851391521
evm.TU.Ap4.5654,-0.0780286153244561
evm.TU.Ap4.5656,-0.09501572954362
evm.TU.Ap4.5658,-0.091164003461381
evm.TU.Ap4.5660,-0.133440695792437
evm.TU.Ap4.5661,0.0310484632791857
evm.TU.Ap4.5662,0.313935295269958
evm.TU.Ap4.5666,0.173849545130784
evm.TU.Ap4.5667_evm.TU.Ap4.5670,-0.379672779929552
evm.TU.Ap4.5672,-0.0021578889593514
evm.TU.Ap4.5673,-0.234080174992675
evm.TU.Ap4.5678,0.0221293866335446
evm.TU.Ap4.5688,-0.126664025368234
evm.TU.Ap4.5690,-0.0201733831789872
evm.TU.Ap4.5691_evm.TU.Ap4.5692,-0.0519110319685139
evm.TU.Ap4.5693,0.101890191135527
evm.TU.Ap4.5695,0.200567258392672
evm.TU.Ap4.5698,-0.01715404138961
evm.TU.Ap4.57,0.127721236698737
evm.TU.Ap4.570,-0.0530327622512883
evm.TU.Ap4.5700,0.140977189923827
evm.TU.Ap4.5701,0.0399952788671142
evm.TU.Ap4.5708,-0.341128824996791
evm.TU.Ap4.5723,-0.0898146355274254
evm.TU.Ap4.5724,0.232550769580938
evm.TU.Ap4.574,0.0940056751143504
evm.TU.Ap4.5740,0.0678328479994634
evm.TU.Ap4.5759,0.0106174013006328
evm.TU.Ap4.5761,-0.147533638197055
evm.TU.Ap4.5763,-0.288711052567725
evm.TU.Ap4.5773,-0.132421579207216
evm.TU.Ap4.5774,-0.269462923723296
evm.TU.Ap4.5777,0.552105607481831
evm.TU.Ap4.5783,-0.507752915390583
evm.TU.Ap4.5789,-0.175549168760501
evm.TU.Ap4.5792,0.174157006854516
evm.TU.Ap4.5799,-0.270608680808993
evm.TU.Ap4.5800,0.0791203913708419
evm.TU.Ap4.5803,-0.151617964217592
evm.TU.Ap4.5804,0.169193216253264
evm.TU.Ap4.5805,0.282805823932747
evm.TU.Ap4.5819,-0.193169036135497
evm.TU.Ap4.583,-0.41869092495326
evm.TU.Ap4.5834,-0.292820906406486
evm.TU.Ap4.5835,-0.0994475748570041
evm.TU.Ap4.5848,0.573848631150105
evm.TU.Ap4.585,0.259813170324226
evm.TU.Ap4.5852,-0.216476118976986
evm.TU.Ap4.5857,-0.0547035109424765
evm.TU.Ap4.5860,0.142107035084335
evm.TU.Ap4.5862,0.117669099867276
evm.TU.Ap4.5863,0.259392520033752
evm.TU.Ap4.5868,0.125401251548787
evm.TU.Ap4.5869,0.195224376790732
evm.TU.Ap4.587,-0.136812585731519
evm.TU.Ap4.5870,-0.312647431156878
evm.TU.Ap4.5872,0.100566519698875
evm.TU.Ap4.5874,-0.0173360285947221
evm.TU.Ap4.5875,0.119716328357336
evm.TU.Ap4.5878,0.354469641593072
evm.TU.Ap4.588,0.0738534395810051
evm.TU.Ap4.5880,0.075934952616052
evm.TU.Ap4.5881,-0.0380459953487658
evm.TU.Ap4.5884,0.257750423612577
evm.TU.Ap4.5885,0.176869560264153
evm.TU.Ap4.5887,-0.13531117624272
evm.TU.Ap4.5891,0.1658988759658
evm.TU.Ap4.59,-0.120097328771816
evm.TU.Ap4.5906,-0.173221270174826
evm.TU.Ap4.5908,-0.22076067737584
evm.TU.Ap4.5909,0.0236948016654788
evm.TU.Ap4.591,0.283753800004983
evm.TU.Ap4.5910,-0.054694810358572
evm.TU.Ap4.5913,-0.374125365373659
evm.TU.Ap4.5914,-0.390996063732832
evm.TU.Ap4.5915,0.101410170673437
evm.TU.Ap4.5916,-0.540184088779495
evm.TU.Ap4.5917,-0.456917799591028
evm.TU.Ap4.5920,-0.178166840388757
evm.TU.Ap4.5929,-0.182304641973502
evm.TU.Ap4.5933,-0.00088986555275573
evm.TU.Ap4.5937,-0.160209842240461
evm.TU.Ap4.5938,0.243328683132133
evm.TU.Ap4.5942,-0.258590499703431
evm.TU.Ap4.5944,-0.321172082695245
evm.TU.Ap4.5945,-0.0169020191336207
evm.TU.Ap4.5949,0.113129341248609
evm.TU.Ap4.595,-0.213980220651971
evm.TU.Ap4.5951,-0.532993912122586
evm.TU.Ap4.5954,0.0184450547895198
evm.TU.Ap4.5956,0.082652943142808
evm.TU.Ap4.5958,0.346022745711562
evm.TU.Ap4.5961,0.0947767117440588
evm.TU.Ap4.5968_evm.TU.Ap4.5971,0.0368759396306603
evm.TU.Ap4.5972,0.115995795175236
evm.TU.Ap4.5979,0.0634333499277618
evm.TU.Ap4.5985,-0.0616875825988442
evm.TU.Ap4.5987,-0.393933991778117
evm.TU.Ap4.599,0.77539551965639
evm.TU.Ap4.5990,-0.215844466641162
evm.TU.Ap4.5991,0.402413478937403
evm.TU.Ap4.5999,-0.187948609176073
evm.TU.Ap4.60,0.632165223601024
evm.TU.Ap4.6007,-0.0942152959909609
evm.TU.Ap4.602,-0.172118481324407
evm.TU.Ap4.6025,-0.158033248479796
evm.TU.Ap4.6030,0.137382090699238
evm.TU.Ap4.6032,-0.443293471410419
evm.TU.Ap4.6049,0.10046331846817
evm.TU.Ap4.6058,-0.296582109594341
evm.TU.Ap4.6059,0.209724615405263
evm.TU.Ap4.6083,0.144349797177159
evm.TU.Ap4.6084,0.148147002013064
evm.TU.Ap4.6087_evm.TU.Ap4.6088,0.167393748075691
evm.TU.Ap4.6089,0.0367933985400781
evm.TU.Ap4.6090,0.382171621857076
evm.TU.Ap4.6091,-0.0144494182876362
evm.TU.Ap4.6094,-0.232076265667871
evm.TU.Ap4.6098,-0.132741110861539
evm.TU.Ap4.61,0.648036282773903
evm.TU.Ap4.6101,-0.162195943872743
evm.TU.Ap4.6102,0.154773562012167
evm.TU.Ap4.6105,0.0039810182782622
evm.TU.Ap4.6107,-0.160248496430636
evm.TU.Ap4.6112,0.0278218018117434
evm.TU.Ap4.6114,-0.278091528638012
evm.TU.Ap4.6116,-0.176995866031362
evm.TU.Ap4.6117,-0.482800164399999
evm.TU.Ap4.6121,-0.0172924750907829
evm.TU.Ap4.6124,-0.0894009526633265
evm.TU.Ap4.6127,0.476615232671934
evm.TU.Ap4.6128,-0.127552884005735
evm.TU.Ap4.6129,0.706435379454777
evm.TU.Ap4.6132,0.258137645638601
evm.TU.Ap4.6140,0.191836993912794
evm.TU.Ap4.6141,0.299418416304086
evm.TU.Ap4.6142,0.0838918319292945
evm.TU.Ap4.6144,-0.391995780805188
evm.TU.Ap4.6145,0.249888618391257
evm.TU.Ap4.6160,0.0982341694756012
evm.TU.Ap4.6165,-0.0733450541211251
evm.TU.Ap4.6173,-0.644246784315757
evm.TU.Ap4.6174,-0.219346278065863
evm.TU.Ap4.6186,0.201097545019415
evm.TU.Ap4.6187,0.30546372462729
evm.TU.Ap4.6192,-0.402447726709446
evm.TU.Ap4.6193,-0.0601463627634888
evm.TU.Ap4.6196,0.28829882110847
evm.TU.Ap4.6198,0.129637317219433
evm.TU.Ap4.6199,0.226081345134717
evm.TU.Ap4.62,0.151733303162357
evm.TU.Ap4.6207,-0.234301147341696
evm.TU.Ap4.6217,-0.377864626545887
evm.TU.Ap4.6233,-0.378611692448001
evm.TU.Ap4.6234,-0.449164272818719
evm.TU.Ap4.6236,-0.00480909061301118
evm.TU.Ap4.6239,0.351710915193635
evm.TU.Ap4.6257,-0.0314777193187051
evm.TU.Ap4.6258,-0.635520680076631
evm.TU.Ap4.6259,-0.248811360287739
evm.TU.Ap4.6260,-0.381693928816142
evm.TU.Ap4.6261,0.272866435548252
evm.TU.Ap4.6265,-0.391903636032541
evm.TU.Ap4.6269,-0.560959741870946
evm.TU.Ap4.6273,-0.285712306154806
evm.TU.Ap4.6274,0.132401040888692
evm.TU.Ap4.6276,0.0175515916978998
evm.TU.Ap4.6277,-0.479744255202027
evm.TU.Ap4.6278,-0.176505598935239
evm.TU.Ap4.6279,-0.10182426584856
evm.TU.Ap4.6280,0.0706178666243866
evm.TU.Ap4.6281,0.364647384233683
evm.TU.Ap4.6284,-0.444151361574629
evm.TU.Ap4.6285_evm.TU.Ap4.6286,-0.134669589102037
evm.TU.Ap4.6287,-0.0086624762755369
evm.TU.Ap4.6288,-0.00853421346640178
evm.TU.Ap4.629,-0.171916432310553
evm.TU.Ap4.6290,0.00270285887881478
evm.TU.Ap4.6295,-0.11275711351172
evm.TU.Ap4.6298,0.0469933643635067
evm.TU.Ap4.6299,-0.141643041459072
evm.TU.Ap4.6301,-0.200333543535992
evm.TU.Ap4.6303,-0.0220298612615591
evm.TU.Ap4.6304,-0.121137141493525
evm.TU.Ap4.631,-0.048147814869048
evm.TU.Ap4.6310,0.126268558976801
evm.TU.Ap4.6313,-0.106977765209552
evm.TU.Ap4.6317,-0.196950916528369
evm.TU.Ap4.6318,-0.0547859836188628
evm.TU.Ap4.6319,-0.102162316614636
evm.TU.Ap4.632,0.0457975554327806
evm.TU.Ap4.633,-0.139069127271182
evm.TU.Ap4.6336,-0.00552676930437518
evm.TU.Ap4.6343,-0.178966286860769
evm.TU.Ap4.635,0.100095878845464
evm.TU.Ap4.6355,-0.147941590548886
evm.TU.Ap4.6356,-0.12751853285223
evm.TU.Ap4.6359,0.113942166496601
evm.TU.Ap4.6367,0.00200663382893632
evm.TU.Ap4.6368,0.000468361472063738
evm.TU.Ap4.6369,0.216924448081385
evm.TU.Ap4.637,0.291556747655595
evm.TU.Ap4.6371,0.212053270570954
evm.TU.Ap4.6372,0.145516774633466
evm.TU.Ap4.6373,-0.432946775673641
evm.TU.Ap4.638,-0.382799936700236
evm.TU.Ap4.6381,-0.391863805816191
evm.TU.Ap4.6382,0.349356432903289
evm.TU.Ap4.6383,0.0460582642311671
evm.TU.Ap4.6389,0.238625073426117
evm.TU.Ap4.639,-0.0485973946804006
evm.TU.Ap4.64,-0.231951541502423
evm.TU.Ap4.6400,-0.021750212352479
evm.TU.Ap4.6401,-0.191334311526474
evm.TU.Ap4.6402,0.167625625769684
evm.TU.Ap4.6403,0.315471726887749
evm.TU.Ap4.6404,-0.0571201731363577
evm.TU.Ap4.6406,-0.117360716918166
evm.TU.Ap4.6407,-0.303249466424201
evm.TU.Ap4.6424,-0.270779110158289
evm.TU.Ap4.6426,0.200954570128893
evm.TU.Ap4.6428,-0.139410788039604
evm.TU.Ap4.644,-0.333365187320647
evm.TU.Ap4.645,-0.124817375050263
evm.TU.Ap4.6459,0.396715105888097
evm.TU.Ap4.646,-0.082288694999721
evm.TU.Ap4.6461,-0.235965123796897
evm.TU.Ap4.6466,-0.29284531330003
evm.TU.Ap4.6468,-0.35507457680361
evm.TU.Ap4.6479,0.179589932749427
evm.TU.Ap4.649,-0.171198999306938
evm.TU.Ap4.6496,-0.417334653486083
evm.TU.Ap4.6497,0.521268783497671
evm.TU.Ap4.6499,0.424243970862628
evm.TU.Ap4.6500,-0.192255164602113
evm.TU.Ap4.6503,-0.172833276246384
evm.TU.Ap4.6507,-0.174414378970789
evm.TU.Ap4.6509,0.0338784644762091
evm.TU.Ap4.651,-0.360557818537502
evm.TU.Ap4.6523,-0.0365895329146957
evm.TU.Ap4.6525,0.341648388834437
evm.TU.Ap4.6529,0.183508470849213
evm.TU.Ap4.6530,-0.00912242350651836
evm.TU.Ap4.6531,0.0635385403228237
evm.TU.Ap4.6532,0.230137730446133
evm.TU.Ap4.6534,-0.0440641414096037
evm.TU.Ap4.6536,-0.452404063281969
evm.TU.Ap4.6537,0.0640235647675926
evm.TU.Ap4.6559,0.162981708741763
evm.TU.Ap4.6560,0.504710388124616
evm.TU.Ap4.6562,0.345848391989542
evm.TU.Ap4.6563,-0.0678113216032418
evm.TU.Ap4.6567,0.436958210006635
evm.TU.Ap4.6573,0.500873575669297
evm.TU.Ap4.6574,-0.0265422049765756
evm.TU.Ap4.6577,-0.482109411105597
evm.TU.Ap4.6578,-0.128793030018464
evm.TU.Ap4.6580,-0.374698192768684
evm.TU.Ap4.6581,0.051080002762038
evm.TU.Ap4.6582,-0.705774554926682
evm.TU.Ap4.6585,0.24847466289816
evm.TU.Ap4.6586,0.143901879087837
evm.TU.Ap4.6590,0.40042965747601
evm.TU.Ap4.6594,0.0718354965822998
evm.TU.Ap4.6596,0.035058788048303
evm.TU.Ap4.6597,0.109359959630391
evm.TU.Ap4.660,-0.221080974438473
evm.TU.Ap4.6600,0.138998162057236
evm.TU.Ap4.6601,-0.0846537806620525
evm.TU.Ap4.6602,0.326469162711354
evm.TU.Ap4.6605,0.198975977730388
evm.TU.Ap4.6609,0.0313725065820279
evm.TU.Ap4.661,0.0451588805087348
evm.TU.Ap4.6620,-0.0631022146972578
evm.TU.Ap4.6621,0.569916875987048
evm.TU.Ap4.6622,-0.133230110083006
evm.TU.Ap4.6623,0.0659845980289952
evm.TU.Ap4.6626,0.0352877362036927
evm.TU.Ap4.6629,0.0864821765561604
evm.TU.Ap4.6632,0.462475041296868
evm.TU.Ap4.6634,-0.00046973295194231
evm.TU.Ap4.6636,-0.320720106258365
evm.TU.Ap4.664,-0.029998792801087
evm.TU.Ap4.6642,0.575820816846224
evm.TU.Ap4.6645,0.0487446604629282
evm.TU.Ap4.6647,0.105074842197972
evm.TU.Ap4.6652,-0.522821280859042
evm.TU.Ap4.6656,0.164415151008155
evm.TU.Ap4.6657,-0.387315318737719
evm.TU.Ap4.6658,0.341747512438132
evm.TU.Ap4.6659,0.0171788227932086
evm.TU.Ap4.6665,-0.127467910339256
evm.TU.Ap4.667,-0.205434137648636
evm.TU.Ap4.6673,0.223676549390978
evm.TU.Ap4.6675,0.490252938070794
evm.TU.Ap4.668,0.0208705900791023
evm.TU.Ap4.669,0.256736918886552
evm.TU.Ap4.6695,-0.0497296512319297
evm.TU.Ap4.6696,-0.469886321372486
evm.TU.Ap4.6736,0.0531681663952877
evm.TU.Ap4.6737,-0.0776533925341379
evm.TU.Ap4.6738,0.489260272571311
evm.TU.Ap4.6739,0.177998181812558
evm.TU.Ap4.6740,0.152378389938625
evm.TU.Ap4.6741,0.0946313418754284
evm.TU.Ap4.6745,-0.371375806778127
evm.TU.Ap4.6747,-0.0158748627205417
evm.TU.Ap4.6757,-0.269620571072003
evm.TU.Ap4.6759,-0.0278654322245388
evm.TU.Ap4.6760,0.0419440228172993
evm.TU.Ap4.6761,0.0996588896153538
evm.TU.Ap4.6763,0.080331926243075
evm.TU.Ap4.6767,0.274612313078799
evm.TU.Ap4.677,0.190453736853919
evm.TU.Ap4.6771,-0.38991677422549
evm.TU.Ap4.6778,0.012627419728931
evm.TU.Ap4.6779,0.429811153209371
evm.TU.Ap4.678,0.0542075912732915
evm.TU.Ap4.6785,0.270199410395581
evm.TU.Ap4.679,0.28830278683457
evm.TU.Ap4.6794,0.139031521575206
evm.TU.Ap4.6797,0.549240180970901
evm.TU.Ap4.6799,-0.113484254597513
evm.TU.Ap4.68,-0.42489750477452
evm.TU.Ap4.680,-0.116440517546855
evm.TU.Ap4.6801,-0.364170514614696
evm.TU.Ap4.6805,-0.284521215924641
evm.TU.Ap4.681,-0.0528091651382766
evm.TU.Ap4.6811,-0.434520926744692
evm.TU.Ap4.6812,-0.273649375252239
evm.TU.Ap4.6813,-0.208024448112248
evm.TU.Ap4.6814,-0.0786241740099196
evm.TU.Ap4.6819,-0.243516114089905
evm.TU.Ap4.6829,0.380668070286073
evm.TU.Ap4.6833_evm.TU.Ap4.6834,0.230217666174608
evm.TU.Ap4.6836,0.45652578502069
evm.TU.Ap4.6837,0.425607668502905
evm.TU.Ap4.6838,-0.263516207339179
evm.TU.Ap4.684,0.111732125990139
evm.TU.Ap4.6846,0.267157111404715
evm.TU.Ap4.6847,0.164808342511735
evm.TU.Ap4.6849,0.218695812164851
evm.TU.Ap4.6851,0.134712693815869
evm.TU.Ap4.6853,0.0396376313434106
evm.TU.Ap4.6855,-0.0717688598621551
evm.TU.Ap4.6858,0.153430258077983
evm.TU.Ap4.6860,-0.0282590826678142
evm.TU.Ap4.6862,0.150519379145751
evm.TU.Ap4.6863,-0.104994764129112
evm.TU.Ap4.6864,-0.0947845922630734
evm.TU.Ap4.687,-0.0692455821719464
evm.TU.Ap4.6872,0.132130079385598
evm.TU.Ap4.6873,0.135837105471626
evm.TU.Ap4.6874,0.302958330739123
evm.TU.Ap4.6878,-0.204312998637139
evm.TU.Ap4.6882,-0.337299813251412
evm.TU.Ap4.6883,-0.116973707750498
evm.TU.Ap4.6889,-0.225639215215702
evm.TU.Ap4.689,-0.191378112057916
evm.TU.Ap4.6894,-0.141932423430144
evm.TU.Ap4.6896,-0.0574238269392546
evm.TU.Ap4.69,-0.13937097384307
evm.TU.Ap4.6901,-0.202884072739664
evm.TU.Ap4.6905,-0.174792035507277
evm.TU.Ap4.6923,-0.332587127598068
evm.TU.Ap4.6926,0.452735762628267
evm.TU.Ap4.6927,0.0258648955037307
evm.TU.Ap4.6928,0.177122578595897
evm.TU.Ap4.6929,-0.27053142539961
evm.TU.Ap4.6930,-0.139233332444684
evm.TU.Ap4.6931,-0.236265045180327
evm.TU.Ap4.6932,0.0118434555183133
evm.TU.Ap4.6933,-0.00894696820650723
evm.TU.Ap4.6938,-0.0983821716548039
evm.TU.Ap4.6940,0.267812007100867
evm.TU.Ap4.6941,-0.200874835148288
evm.TU.Ap4.6944_evm.TU.Ap4.6946,0.0156009433435786
evm.TU.Ap4.695,-0.00332288814808052
evm.TU.Ap4.6951,-0.00496625270695599
evm.TU.Ap4.6952,0.10403190875411
evm.TU.Ap4.6953,-0.00197742423105461
evm.TU.Ap4.6958,-0.0708575419139626
evm.TU.Ap4.696,0.283828207629855
evm.TU.Ap4.6960_evm.TU.Ap4.6961,-0.00171612596209666
evm.TU.Ap4.6963,0.086851905426428
evm.TU.Ap4.6964,-0.0768579684964906
evm.TU.Ap4.6976,-0.261639086299408
evm.TU.Ap4.6977,0.412251635457332
evm.TU.Ap4.6979,-0.170726483524032
evm.TU.Ap4.6982,0.307704278156897
evm.TU.Ap4.6983,0.0483195625968723
evm.TU.Ap4.6984,0.0781197325162348
evm.TU.Ap4.6985,0.0247191780667373
evm.TU.Ap4.6986,0.226541857881624
evm.TU.Ap4.6987,0.289075380006514
evm.TU.Ap4.6992,0.0724469629202144
evm.TU.Ap4.6999,0.0400706249918838
evm.TU.Ap4.7000,-0.0696340083893837
evm.TU.Ap4.7001,-0.0150266516910775
evm.TU.Ap4.7005,-0.246648030482496
evm.TU.Ap4.7009,-0.163012804711004
evm.TU.Ap4.7010,0.26858469018864
evm.TU.Ap4.7011,-0.323175976680404
evm.TU.Ap4.7012,-0.174166708775599
evm.TU.Ap4.7014,-0.106147482540656
evm.TU.Ap4.7015,0.144183640088302
evm.TU.Ap4.7016,0.209852899354682
evm.TU.Ap4.7017,0.610339775643425
evm.TU.Ap4.7018,0.20512308215936
evm.TU.Ap4.7019,-0.374577444781514
evm.TU.Ap4.7023,0.0292940076976515
evm.TU.Ap4.7029,-0.223848222164845
evm.TU.Ap4.7037,0.217297058486827
evm.TU.Ap4.7040,0.567430280223161
evm.TU.Ap4.7045,0.222443146611843
evm.TU.Ap4.7046,0.107811405148407
evm.TU.Ap4.7050,-0.135783561606056
evm.TU.Ap4.7052,0.223795711478278
evm.TU.Ap4.7053,0.224442781017527
evm.TU.Ap4.7054,-0.0327981255322757
evm.TU.Ap4.7059,-0.278337632138055
evm.TU.Ap4.7067,-0.223277127522776
evm.TU.Ap4.7069,0.25132939878751
evm.TU.Ap4.7070,0.225668505998992
evm.TU.Ap4.7071,-0.147223798485101
evm.TU.Ap4.7072,0.310301196672185
evm.TU.Ap4.7075,-0.312658945573633
evm.TU.Ap4.7077,0.201110935970071
evm.TU.Ap4.7081,-0.0435553455583141
evm.TU.Ap4.7087,-0.00212720055038832
evm.TU.Ap4.7092,0.396419536422926
evm.TU.Ap4.7096,0.260224779910328
evm.TU.Ap4.7097,-0.0954393433488327
evm.TU.Ap4.7101,0.0687017682498815
evm.TU.Ap4.7105,-0.0178122985471142
evm.TU.Ap4.7108,-0.48341678647399
evm.TU.Ap4.7116,-0.2195139611578
evm.TU.Ap4.7121,-0.273067618224239
evm.TU.Ap4.7122,-0.0225374559172818
evm.TU.Ap4.7125,-0.240440376571402
evm.TU.Ap4.7127,-0.261079172753548
evm.TU.Ap4.7129,-0.380986460259019
evm.TU.Ap4.7130,-0.438877385379501
evm.TU.Ap4.7133,-0.402406123889513
evm.TU.Ap4.7134,-0.580032317725726
evm.TU.Ap4.7137,-0.400935010810213
evm.TU.Ap4.7139,0.0693752380551761
evm.TU.Ap4.7143,-0.103744212156465
evm.TU.Ap4.7144,-0.171481174538486
evm.TU.Ap4.7145,-0.410695536848795
evm.TU.Ap4.7156,-0.346775358205264
evm.TU.Ap4.7157,0.12723440293338
evm.TU.Ap4.7162,-0.0306079691399978
evm.TU.Ap4.7164,0.0166879007279499
evm.TU.Ap4.7165,-0.0630179091874954
evm.TU.Ap4.7167,0.150512212529891
evm.TU.Ap4.7168,0.168097380702005
evm.TU.Ap4.7170,-0.0928698002017425
evm.TU.Ap4.7177,-0.194518291969974
evm.TU.Ap4.7178,0.10769983325746
evm.TU.Ap4.7180,0.054937842982278
evm.TU.Ap4.7184,-0.079757533147072
evm.TU.Ap4.7186,0.0105794224118206
evm.TU.Ap4.7191,-0.217071012287541
evm.TU.Ap4.7193,0.0439175523941346
evm.TU.Ap4.7198,-0.160371459454548
evm.TU.Ap4.7214,-0.123992024227031
evm.TU.Ap4.7215,-0.101826193370542
evm.TU.Ap4.7216,-0.143908334435601
evm.TU.Ap4.7217,-0.18296040175232
evm.TU.Ap4.7219,-0.206579811035882
evm.TU.Ap4.7220,-0.136570599283016
evm.TU.Ap4.7222,-0.0914866236813397
evm.TU.Ap4.7224,0.74679205029174
evm.TU.Ap4.7226,-0.0683819003177384
evm.TU.Ap4.7233,0.143960156713068
evm.TU.Ap4.7242,-0.160700106863389
evm.TU.Ap4.7244,0.279284627301935
evm.TU.Ap4.7247,0.0829250072962478
evm.TU.Ap4.7248,0.123462909156216
evm.TU.Ap4.7249,-0.048242839457302
evm.TU.Ap4.7250,-0.296420022753893
evm.TU.Ap4.7257,-0.177534320326956
evm.TU.Ap4.7261,-0.522604258536012
evm.TU.Ap4.7265,-0.448583299460498
evm.TU.Ap4.7266,-0.229809186836338
evm.TU.Ap4.7268,0.00482569011182279
evm.TU.Ap4.7269,0.0296237494792288
evm.TU.Ap4.7270,0.310034083166535
evm.TU.Ap4.7275,0.419099175610342
evm.TU.Ap4.7278,-0.360253044858375
evm.TU.Ap4.7280,-0.497485966805118
evm.TU.Ap4.7281,0.498407285110105
evm.TU.Ap4.7283,0.168650689491924
evm.TU.Ap4.7284,0.293488924612646
evm.TU.Ap4.7286,0.153062763757565
evm.TU.Ap4.7288,-0.145465287474547
evm.TU.Ap4.7298,-0.445763136927646
evm.TU.Ap4.7299,0.419577491703838
evm.TU.Ap4.730,0.152655265590905
evm.TU.Ap4.7302,-0.160300928440226
evm.TU.Ap4.7305,0.238979317082655
evm.TU.Ap4.7306,0.18130438442622
evm.TU.Ap4.7307,0.152437539684333
evm.TU.Ap4.7308,-0.132678773683199
evm.TU.Ap4.7309,-0.0159481616802837
evm.TU.Ap4.731,0.0159311340679501
evm.TU.Ap4.7311,0.0560161231498143
evm.TU.Ap4.7317,0.175596198685303
evm.TU.Ap4.7318,0.391784604619831
evm.TU.Ap4.7319,-0.0974107120051818
evm.TU.Ap4.7322,0.0362911732395607
evm.TU.Ap4.7324,0.15003633430679
evm.TU.Ap4.7325,-0.237794123941869
evm.TU.Ap4.7328,0.0115983582087007
evm.TU.Ap4.7329,0.318809631042362
evm.TU.Ap4.733,0.177638369102587
evm.TU.Ap4.7330,0.309559154830915
evm.TU.Ap4.7331,-0.165450515738829
evm.TU.Ap4.7333,0.122057110731291
evm.TU.Ap4.7335,0.424087819589801
evm.TU.Ap4.7338,-0.0766326050585369
evm.TU.Ap4.7343,-0.276236175745753
evm.TU.Ap4.736,-0.501236014420644
evm.TU.Ap4.7360,-0.259286859338251
evm.TU.Ap4.7363,0.0401480480636099
evm.TU.Ap4.748,-0.371555108694034
evm.TU.Ap4.751,0.109096061652287
evm.TU.Ap4.759,-0.392118594046438
evm.TU.Ap4.763,-0.038501057336611
evm.TU.Ap4.764,-0.0403645585467667
evm.TU.Ap4.767,-0.360004802271481
evm.TU.Ap4.768,-0.351216465324151
evm.TU.Ap4.769,-0.561417269276194
evm.TU.Ap4.777,0.329734925901334
evm.TU.Ap4.783,0.100754691699929
evm.TU.Ap4.784,0.273296435485601
evm.TU.Ap4.785,0.119868844050426
evm.TU.Ap4.787,-0.00614668459059572
evm.TU.Ap4.788,0.103994820384655
evm.TU.Ap4.789,0.335141124804083
evm.TU.Ap4.790,-0.0368171500849962
evm.TU.Ap4.791,-0.0701380819237985
evm.TU.Ap4.797,-0.0989078533630861
evm.TU.Ap4.814,0.0885474351790856
evm.TU.Ap4.815,0.288233823633819
evm.TU.Ap4.821,0.403490910601708
evm.TU.Ap4.822,-0.13255577648983
evm.TU.Ap4.825,0.0425954557582228
evm.TU.Ap4.827,0.202754814746184
evm.TU.Ap4.828,-0.13980623715925
evm.TU.Ap4.829,-0.102697584903098
evm.TU.Ap4.830,-0.134218285268348
evm.TU.Ap4.831,0.32040748325191
evm.TU.Ap4.834,0.16080949041545
evm.TU.Ap4.835,0.32508517054565
evm.TU.Ap4.839_evm.TU.Ap4.840_evm.TU.Ap4.841,-0.288096241845705
evm.TU.Ap4.848,-0.0788270832541269
evm.TU.Ap4.858,-0.255408538451503
evm.TU.Ap4.859,0.30428180578495
evm.TU.Ap4.862,0.0597520891711349
evm.TU.Ap4.863,-0.157709940461455
evm.TU.Ap4.864,-0.0606083101397032
evm.TU.Ap4.865,-0.240384980134359
evm.TU.Ap4.869,-0.266442467505204
evm.TU.Ap4.875,0.312002998093188
evm.TU.Ap4.876,0.10844103448056
evm.TU.Ap4.879,0.0246584139998354
evm.TU.Ap4.881,-0.108817148516101
evm.TU.Ap4.882,-0.188235829845599
evm.TU.Ap4.884,-0.0107048399635614
evm.TU.Ap4.887,-0.347772102730373
evm.TU.Ap4.890,0.103744150938364
evm.TU.Ap4.893,0.0794384562236679
evm.TU.Ap4.895,-0.0310977190336576
evm.TU.Ap4.901,0.355782498249495
evm.TU.Ap4.909,-0.487700405584409
evm.TU.Ap4.914,-0.403472152880008
evm.TU.Ap4.917,-0.46588199609255
evm.TU.Ap4.922,0.0973451765749218
evm.TU.Ap4.93,0.315693639587628
evm.TU.Ap4.938,0.0149458586991707
evm.TU.Ap4.941,-0.286534164215746
evm.TU.Ap4.942,-0.116285666673567
evm.TU.Ap4.943,0.184075548854621
evm.TU.Ap4.944,0.257385342638296
evm.TU.Ap4.946,0.17838823436037
evm.TU.Ap4.947,0.434677839124266
evm.TU.Ap4.949,-0.380845169139723
evm.TU.Ap4.951,0.054589161541513
evm.TU.Ap4.952,-0.177616049574285
evm.TU.Ap4.953,-0.0258009970959328
evm.TU.Ap4.955,0.116382048845086
evm.TU.Ap4.961,-0.311955290399176
evm.TU.Ap4.962,0.130432788365164
evm.TU.Ap4.99,-0.376944588227082
evm.TU.Ap5.100,0.276317812881758
evm.TU.Ap5.1000,0.100436196025058
evm.TU.Ap5.1002,0.2622827691904
evm.TU.Ap5.1003,0.254852711094674
evm.TU.Ap5.1004,0.304588395642948
evm.TU.Ap5.1006,0.467519534265423
evm.TU.Ap5.1008,-0.356822583245537
evm.TU.Ap5.101,0.0171892329825068
evm.TU.Ap5.1010,-0.423491484228317
evm.TU.Ap5.1016,-0.279548928340138
evm.TU.Ap5.1017,-0.213264975923648
evm.TU.Ap5.1019,-0.301909448274966
evm.TU.Ap5.102,0.0644406953273582
evm.TU.Ap5.1021,0.514619524693817
evm.TU.Ap5.1023,-0.21340832189163
evm.TU.Ap5.1024,0.3915308554425
evm.TU.Ap5.1025,0.207450307562989
evm.TU.Ap5.1027,0.192748926590992
evm.TU.Ap5.103,-0.194367838217833
evm.TU.Ap5.1033,0.145059967997807
evm.TU.Ap5.1034,0.0359119692779388
evm.TU.Ap5.104,0.157191228763863
evm.TU.Ap5.1041,0.0109650540484598
evm.TU.Ap5.1042,-0.389890605052783
evm.TU.Ap5.1043,-0.328961262248578
evm.TU.Ap5.1044,-0.192007639941198
evm.TU.Ap5.1045,0.0890259302538646
evm.TU.Ap5.1049,0.110990724125139
evm.TU.Ap5.1050,-0.0512395949377072
evm.TU.Ap5.1054,0.191466922606256
evm.TU.Ap5.1062,-0.102859222400628
evm.TU.Ap5.1064,-0.216989544041884
evm.TU.Ap5.1086_evm.TU.Ap5.1088,0.20385850826111
evm.TU.Ap5.1089,-0.116208655030309
evm.TU.Ap5.1097,-0.124851963449087
evm.TU.Ap5.1098,-0.363330880386685
evm.TU.Ap5.11,0.134059312178123
evm.TU.Ap5.1100,-0.394121015001598
evm.TU.Ap5.1104,-0.278046525046105
evm.TU.Ap5.1105,-0.224169594715594
evm.TU.Ap5.1106,0.165413757400517
evm.TU.Ap5.1108,0.108595817078485
evm.TU.Ap5.1109,0.25806880779207
evm.TU.Ap5.111,-0.582034511702638
evm.TU.Ap5.1110,0.592116279821696
evm.TU.Ap5.1111,0.12099871917886
evm.TU.Ap5.1112,-0.504355026273502
evm.TU.Ap5.1113,-0.0480148488538824
evm.TU.Ap5.1114,0.347531089625905
evm.TU.Ap5.1115,0.280664629376648
evm.TU.Ap5.1120,0.466758734518031
evm.TU.Ap5.1124,0.677177712233719
evm.TU.Ap5.1125,0.175752658433724
evm.TU.Ap5.1126,-0.271068636990667
evm.TU.Ap5.1127,0.171877652773034
evm.TU.Ap5.1128,-0.394848106247802
evm.TU.Ap5.113,-0.619575785314505
evm.TU.Ap5.1131,-0.0278053568963356
evm.TU.Ap5.1132,0.0338366452989069
evm.TU.Ap5.1133,0.234940518134017
evm.TU.Ap5.1135,-0.0622142874618258
evm.TU.Ap5.1136,-0.433989302920351
evm.TU.Ap5.1137,-0.0987138260809012
evm.TU.Ap5.114,-0.179846833506641
evm.TU.Ap5.1141,-0.373234734353168
evm.TU.Ap5.1142,-0.193287057359847
evm.TU.Ap5.1145,-0.233610383249761
evm.TU.Ap5.1147,-0.0120875248140664
evm.TU.Ap5.1151,0.375178556977299
evm.TU.Ap5.1155,-0.397213829859352
evm.TU.Ap5.1156_evm.TU.Ap5.1161,0.181859462094087
evm.TU.Ap5.116,-0.161776194620936
evm.TU.Ap5.117,0.0988369093014049
evm.TU.Ap5.1175,0.194916211817897
evm.TU.Ap5.118,-0.241147961840838
evm.TU.Ap5.1185,-0.244249075082783
evm.TU.Ap5.1189,-0.297447561296725
evm.TU.Ap5.1190,-0.0314057841827937
evm.TU.Ap5.1192,0.031436655815117
evm.TU.Ap5.1195,0.264419705241678
evm.TU.Ap5.1196,-0.333684892419964
evm.TU.Ap5.1201,0.102824665813537
evm.TU.Ap5.1204,-0.12339482898774
evm.TU.Ap5.1205,0.0699593797293187
evm.TU.Ap5.1206,0.0399245657673625
evm.TU.Ap5.1208,0.0606943424134236
evm.TU.Ap5.121,-0.125587986312196
evm.TU.Ap5.1216,-0.364532164403224
evm.TU.Ap5.1217,-0.242543037728917
evm.TU.Ap5.1218,0.0523521272784368
evm.TU.Ap5.1219,0.0789197246589359
evm.TU.Ap5.1220,-0.146011122298792
evm.TU.Ap5.1223_evm.TU.Ap5.1224,-0.262281788659003
evm.TU.Ap5.1233,-0.155172721942901
evm.TU.Ap5.1242,0.277023283164095
evm.TU.Ap5.1245,-0.0156461910471784
evm.TU.Ap5.1246,0.0861442096896385
evm.TU.Ap5.1247,0.56173210822704
evm.TU.Ap5.1255,-0.320571147343376
evm.TU.Ap5.1262,-0.145766130912256
evm.TU.Ap5.1264,0.431623406553872
evm.TU.Ap5.1266,-0.605711715988793
evm.TU.Ap5.1270,-0.0386936567702804
evm.TU.Ap5.1271,-0.0738300754121481
evm.TU.Ap5.1273,-0.364527843116285
evm.TU.Ap5.1280,-0.245697816103406
evm.TU.Ap5.1281,-0.0149742668730885
evm.TU.Ap5.1286,-0.119098023131802
evm.TU.Ap5.1289,-0.205988580973776
evm.TU.Ap5.1292,0.0898249843986313
evm.TU.Ap5.13,-0.0830895289898902
evm.TU.Ap5.1315,-0.0513926325838529
evm.TU.Ap5.1316,0.0540164403276195
evm.TU.Ap5.1319,0.217094552889127
evm.TU.Ap5.132,-0.255661780345797
evm.TU.Ap5.1320,0.698150888645039
evm.TU.Ap5.1324,0.43973732999013
evm.TU.Ap5.1326,-0.390491440156154
evm.TU.Ap5.1327,0.082128712069886
evm.TU.Ap5.1329,-0.399664450246018
evm.TU.Ap5.133,0.311049978862806
evm.TU.Ap5.1334,0.164868955466665
evm.TU.Ap5.1335,-0.239172221688117
evm.TU.Ap5.1336,0.498721390407142
evm.TU.Ap5.1337,-0.216550942922178
evm.TU.Ap5.134,-0.0903550145820039
evm.TU.Ap5.1340,0.0914715814773461
evm.TU.Ap5.1341,-0.220109921767487
evm.TU.Ap5.1342,-0.215135109228762
evm.TU.Ap5.1343,-0.413047659681091
evm.TU.Ap5.1345,-0.621341595137696
evm.TU.Ap5.1348,-0.184546488739774
evm.TU.Ap5.1349,0.182651207069564
evm.TU.Ap5.1352,0.243981502190459
evm.TU.Ap5.1356,0.0235245888167976
evm.TU.Ap5.1359,0.0752500170747138
evm.TU.Ap5.1360,0.170644616697634
evm.TU.Ap5.137_evm.TU.Ap5.140,0.0395717995216485
evm.TU.Ap5.1383,0.157285204142407
evm.TU.Ap5.1385,0.3692883267007
evm.TU.Ap5.1386,-0.222746093500231
evm.TU.Ap5.1395,0.115969056956106
evm.TU.Ap5.14,0.133179127200916
evm.TU.Ap5.1408,0.149768553765126
evm.TU.Ap5.1409,0.130532623170016
evm.TU.Ap5.1410,0.285542404439068
evm.TU.Ap5.1412,-0.0477858911725006
evm.TU.Ap5.1417,0.293959391343666
evm.TU.Ap5.142,-0.458724223356573
evm.TU.Ap5.1433,-0.295184608451114
evm.TU.Ap5.1452,-0.184327701422624
evm.TU.Ap5.1457,-0.202380286461053
evm.TU.Ap5.1461,0.0824397749306753
evm.TU.Ap5.1472,-0.0561276840931176
evm.TU.Ap5.1473,-0.126170885785231
evm.TU.Ap5.1475,-0.301031134297775
evm.TU.Ap5.1477,-0.0268063094097073
evm.TU.Ap5.1478,0.00474978233436432
evm.TU.Ap5.1479,-0.176906307697405
evm.TU.Ap5.1480,-0.0232106373265081
evm.TU.Ap5.1483,-0.264134029502037
evm.TU.Ap5.1485,-0.410448106886777
evm.TU.Ap5.1486,-0.263539391292582
evm.TU.Ap5.1487,-0.0221136747215475
evm.TU.Ap5.1488,0.253376510496104
evm.TU.Ap5.149,-0.516284346253138
evm.TU.Ap5.1493,-0.109810027772393
evm.TU.Ap5.1494,0.109813348383832
evm.TU.Ap5.15,0.271979044320294
evm.TU.Ap5.1508,-0.202877164769139
evm.TU.Ap5.151,-0.375909141373409
evm.TU.Ap5.1510,-0.121288756853684
evm.TU.Ap5.1524,-0.27081882821555
evm.TU.Ap5.1525,-0.0232931497095574
evm.TU.Ap5.1533,0.0224647274489762
evm.TU.Ap5.1534,0.5318150312717
evm.TU.Ap5.1535,-0.0467936692048672
evm.TU.Ap5.154,-0.469660851123605
evm.TU.Ap5.1541,0.0298968057154772
evm.TU.Ap5.1546,-0.0427547849911383
evm.TU.Ap5.155,-0.436157083779598
evm.TU.Ap5.1552,0.350381535686588
evm.TU.Ap5.1553,0.344022377268741
evm.TU.Ap5.159,-0.310893513914435
evm.TU.Ap5.1591,-0.289186311311805
evm.TU.Ap5.1594,-0.191521166546706
evm.TU.Ap5.1595,0.0425508548146297
evm.TU.Ap5.16,-0.103699782278042
evm.TU.Ap5.160,-0.101755266034291
evm.TU.Ap5.1602,0.46556524534698
evm.TU.Ap5.1609,0.383981860262359
evm.TU.Ap5.1610,0.137307880164245
evm.TU.Ap5.1611,-0.110618166271496
evm.TU.Ap5.1612,-0.179180000637793
evm.TU.Ap5.1614,-0.023701485427837
evm.TU.Ap5.1615,0.194219092543649
evm.TU.Ap5.1617,-0.0924356828595177
evm.TU.Ap5.1621,-0.227474297945885
evm.TU.Ap5.1639,-0.278707060495663
evm.TU.Ap5.1641,-0.355343086136591
evm.TU.Ap5.1642,-0.029461873234182
evm.TU.Ap5.1643,0.0732874041352941
evm.TU.Ap5.1646,0.115936340858741
evm.TU.Ap5.1650,-0.214764291041563
evm.TU.Ap5.1651,0.614766421123871
evm.TU.Ap5.1652,0.306071325995967
evm.TU.Ap5.1654,-0.0069676253069341
evm.TU.Ap5.1661,-0.160339543106973
evm.TU.Ap5.1663,-0.229813728032409
evm.TU.Ap5.1669,-0.140851191700535
evm.TU.Ap5.1672,-0.0956540982629123
evm.TU.Ap5.1676,-0.0639477012015754
evm.TU.Ap5.1679,-0.255746594927924
evm.TU.Ap5.168,-0.462231834497215
evm.TU.Ap5.17,0.207657593993867
evm.TU.Ap5.1706,-0.0549515224682822
evm.TU.Ap5.1707,0.432095401974888
evm.TU.Ap5.1710,-0.0620121076341014
evm.TU.Ap5.1712,-0.0930120305549235
evm.TU.Ap5.1713,-0.219182398646438
evm.TU.Ap5.1718_evm.TU.Ap5.1714,-0.0863764784260762
evm.TU.Ap5.1728,-0.139233575564625
evm.TU.Ap5.1729,-0.136405630135903
evm.TU.Ap5.173,-0.0908495769503491
evm.TU.Ap5.1730,0.0586524092647511
evm.TU.Ap5.1734,-0.0915872600904792
evm.TU.Ap5.1735,-0.138023756224082
evm.TU.Ap5.1737,-0.162173980209256
evm.TU.Ap5.1748,-0.371001415504175
evm.TU.Ap5.1753,0.483634598541388
evm.TU.Ap5.1760,-0.0262705883107135
evm.TU.Ap5.1762,0.455176285431072
evm.TU.Ap5.1764,-0.140581507014407
evm.TU.Ap5.1772,-0.18605000372161
evm.TU.Ap5.179,-0.170450256260777
evm.TU.Ap5.1791,0.218986464609378
evm.TU.Ap5.1793,-0.372542425193951
evm.TU.Ap5.1795,-0.0244972710168562
evm.TU.Ap5.1798,0.24222565712451
evm.TU.Ap5.18,-0.344813403113291
evm.TU.Ap5.180,-0.143542997557444
evm.TU.Ap5.182,-0.317771353910775
evm.TU.Ap5.1842,0.00760812554361871
evm.TU.Ap5.185,-0.263974509822428
evm.TU.Ap5.186,-0.162649688496317
evm.TU.Ap5.1865,-0.0921975180032599
evm.TU.Ap5.1867,-0.0785735576753124
evm.TU.Ap5.1868,-0.219163328395894
evm.TU.Ap5.1871,-0.0107656454807079
evm.TU.Ap5.1872,-0.112137917993677
evm.TU.Ap5.1873,-0.0427005371074165
evm.TU.Ap5.1874,0.125969671022653
evm.TU.Ap5.1890,-0.240444096466211
evm.TU.Ap5.1891,0.122548474494621
evm.TU.Ap5.1897,0.566927603748276
evm.TU.Ap5.1898,0.537222486655955
evm.TU.Ap5.1899,0.15213148435378
evm.TU.Ap5.19,-0.274860345159304
evm.TU.Ap5.1901,-0.210103870671636
evm.TU.Ap5.1902,0.113773016697678
evm.TU.Ap5.1916,0.585957501509918
evm.TU.Ap5.1917,0.287449387341145
evm.TU.Ap5.1918,-0.411216454532835
evm.TU.Ap5.193,-0.240017475072467
evm.TU.Ap5.1939,-0.0297425267306623
evm.TU.Ap5.194,0.106761848605847
evm.TU.Ap5.1946,-0.0897216937754389
evm.TU.Ap5.1947,0.292091913327192
evm.TU.Ap5.1948,0.0287328177355391
evm.TU.Ap5.1949,-0.0582892996436613
evm.TU.Ap5.196,0.0920062330949617
evm.TU.Ap5.197,0.291209267382362
evm.TU.Ap5.1977,0.109006718611841
evm.TU.Ap5.1978,0.33236091884255
evm.TU.Ap5.198,0.552584820708987
evm.TU.Ap5.1980,0.204597583924558
evm.TU.Ap5.1984,0.411323147902346
evm.TU.Ap5.1985,0.149131018871909
evm.TU.Ap5.20,-0.365873035666828
evm.TU.Ap5.200,0.104373202613721
evm.TU.Ap5.202,0.28937578947598
evm.TU.Ap5.203,-0.199992198143033
evm.TU.Ap5.2043,0.488046379092086
evm.TU.Ap5.205,0.299645082329623
evm.TU.Ap5.206,-0.433955739985116
evm.TU.Ap5.2060,-0.0854371494628311
evm.TU.Ap5.2063,-0.0935193448355491
evm.TU.Ap5.2067,-0.249127153795896
evm.TU.Ap5.207,0.398125219339067
evm.TU.Ap5.2071,-0.177750068115632
evm.TU.Ap5.208,-0.0284092088333889
evm.TU.Ap5.2087,-0.208931725422929
evm.TU.Ap5.2091,-0.183816893381135
evm.TU.Ap5.2092,-0.436402182950498
evm.TU.Ap5.2098,-0.0803036487174289
evm.TU.Ap5.2099,-0.272411463517285
evm.TU.Ap5.2105,0.183153647686754
evm.TU.Ap5.2106,0.193285873323457
evm.TU.Ap5.211,-0.0232368837565647
evm.TU.Ap5.2110_evm.TU.Ap5.2111_evm.TU.Ap5.2120,-0.41248113813255
evm.TU.Ap5.2122,-0.114283562910869
evm.TU.Ap5.2123,-0.279899953656624
evm.TU.Ap5.2138,0.193668072323337
evm.TU.Ap5.2139,0.0962868749909617
evm.TU.Ap5.2140_evm.TU.Ap5.2142,0.0938856048725493
evm.TU.Ap5.2143,0.212989992173592
evm.TU.Ap5.2144,-0.171906560220084
evm.TU.Ap5.2145,-0.231752840974742
evm.TU.Ap5.2146,0.561227506669291
evm.TU.Ap5.2162,0.345866405289054
evm.TU.Ap5.2164,-0.257469280288406
evm.TU.Ap5.2166,0.124116478514272
evm.TU.Ap5.2167_evm.TU.Ap5.2177,0.0194982595295334
evm.TU.Ap5.219,-0.0955217029649144
evm.TU.Ap5.2198,-0.0454450177029476
evm.TU.Ap5.22,-0.130816846978057
evm.TU.Ap5.2206,-0.128387329298949
evm.TU.Ap5.2208,-0.081111889753928
evm.TU.Ap5.2211,0.170562838717638
evm.TU.Ap5.2214,0.0065177584237482
evm.TU.Ap5.2215,0.144185723548865
evm.TU.Ap5.2218,-0.108902294568385
evm.TU.Ap5.2219,-0.0106377210787873
evm.TU.Ap5.2223,0.231756201130815
evm.TU.Ap5.2224,-0.0549820600811489
evm.TU.Ap5.2238,0.676828476497514
evm.TU.Ap5.2239,-0.105984332203038
evm.TU.Ap5.2244,0.130737428014238
evm.TU.Ap5.2245,0.498897965466581
evm.TU.Ap5.2246,-0.0206505447671532
evm.TU.Ap5.2248,-0.0685683014327067
evm.TU.Ap5.2249,0.005675682230696
evm.TU.Ap5.2250,0.0988642818514595
evm.TU.Ap5.2258,0.137214483654412
evm.TU.Ap5.2260,0.13251584030925
evm.TU.Ap5.2269,0.223244981121092
evm.TU.Ap5.2275,0.306449688582312
evm.TU.Ap5.2276,0.442369736527737
evm.TU.Ap5.2277,0.0382040522527488
evm.TU.Ap5.2281,0.131308173275798
evm.TU.Ap5.2282,0.212781368334049
evm.TU.Ap5.23,0.256887817276004
evm.TU.Ap5.231,0.0347316653452355
evm.TU.Ap5.2319,0.0188934596733221
evm.TU.Ap5.232,0.125487439827861
evm.TU.Ap5.2323,-0.103807838888201
evm.TU.Ap5.2324,0.128166078695989
evm.TU.Ap5.2325,-0.424418558360416
evm.TU.Ap5.2326,0.165797749623567
evm.TU.Ap5.2327,0.179631055627997
evm.TU.Ap5.2329,-0.381125679579701
evm.TU.Ap5.2330,0.267695961259253
evm.TU.Ap5.2335,0.167264504207902
evm.TU.Ap5.2338,-0.116930061391485
evm.TU.Ap5.2340,-0.339767245950361
evm.TU.Ap5.2344,0.088980531394876
evm.TU.Ap5.2353,0.464416899152112
evm.TU.Ap5.2354,0.285896610744963
evm.TU.Ap5.2356,0.19768708407953
evm.TU.Ap5.2358,0.00939897799522276
evm.TU.Ap5.2360,-0.0743941367334667
evm.TU.Ap5.2361,-0.373119491218719
evm.TU.Ap5.2364,-0.222892330701814
evm.TU.Ap5.2366,0.280976293273592
evm.TU.Ap5.2373,0.186528734079895
evm.TU.Ap5.2379,0.346418564150093
evm.TU.Ap5.2381,0.035506668659257
evm.TU.Ap5.2382,0.101653098072901
evm.TU.Ap5.2384,0.281019412463755
evm.TU.Ap5.2385,0.147215644766194
evm.TU.Ap5.2386,0.358138462203002
evm.TU.Ap5.2387,0.0345931723450829
evm.TU.Ap5.2389,0.225109212419751
evm.TU.Ap5.2390,0.145528182010654
evm.TU.Ap5.2393,0.0727229479466521
evm.TU.Ap5.2394,0.0636236516576424
evm.TU.Ap5.2396,-0.230363584172623
evm.TU.Ap5.2397,-0.102697900055949
evm.TU.Ap5.24,0.366223411925318
evm.TU.Ap5.240,0.2620188013063
evm.TU.Ap5.2407,0.363383375036496
evm.TU.Ap5.241,0.492473159580711
evm.TU.Ap5.2411,0.480803592672776
evm.TU.Ap5.2412,0.152666338608554
evm.TU.Ap5.2413,0.639513585190882
evm.TU.Ap5.242,0.259318040217954
evm.TU.Ap5.243,-0.12338630241358
evm.TU.Ap5.244,-0.15614266617249
evm.TU.Ap5.2448,-0.550087332341676
evm.TU.Ap5.2450,0.574808314337015
evm.TU.Ap5.2451,0.109887530548925
evm.TU.Ap5.2454,0.223986867651351
evm.TU.Ap5.2456,0.230133131101037
evm.TU.Ap5.2459,0.0223748097274152
evm.TU.Ap5.246,-0.278984144744937
evm.TU.Ap5.247,0.0383611119820672
evm.TU.Ap5.2471,-0.316972811678155
evm.TU.Ap5.2473,-0.0807283503927029
evm.TU.Ap5.2522,-0.0977435578011036
evm.TU.Ap5.2531,0.296337764996875
evm.TU.Ap5.2539,-0.207272749111548
evm.TU.Ap5.2541,0.136829082681343
evm.TU.Ap5.2567,0.076656965625286
evm.TU.Ap5.257,-0.0939563372548637
evm.TU.Ap5.2577,0.155293483936084
evm.TU.Ap5.2578,0.121319386920775
evm.TU.Ap5.2579,0.168403528292011
evm.TU.Ap5.2583,0.194570237597877
evm.TU.Ap5.259,-0.481686203351999
evm.TU.Ap5.2591,0.223520919223561
evm.TU.Ap5.2592,-0.376963746192746
evm.TU.Ap5.2593,-0.413230443109118
evm.TU.Ap5.260,0.425483606555935
evm.TU.Ap5.2605,0.209355596380056
evm.TU.Ap5.2606,0.12009136116075
evm.TU.Ap5.2607,0.174552142925538
evm.TU.Ap5.2608,0.115539424950227
evm.TU.Ap5.261,-0.0243641507797216
evm.TU.Ap5.2611,-0.378241958699386
evm.TU.Ap5.2612,0.265467601396393
evm.TU.Ap5.2613,0.375758404594964
evm.TU.Ap5.2619,0.363189656558748
evm.TU.Ap5.2629,0.437564812259903
evm.TU.Ap5.263,0.113968502402916
evm.TU.Ap5.2639,0.031230343700592
evm.TU.Ap5.2641,0.0481001615033547
evm.TU.Ap5.2642,-0.0593169233044773
evm.TU.Ap5.2648,-0.169473668227825
evm.TU.Ap5.2649,-0.0896699411971048
evm.TU.Ap5.2650,0.0240025969729735
evm.TU.Ap5.2651,0.488115130772069
evm.TU.Ap5.2657,0.348061904717641
evm.TU.Ap5.2664,0.0771897113280043
evm.TU.Ap5.2670,-0.0332568471929549
evm.TU.Ap5.2677,0.326361037155986
evm.TU.Ap5.27,-0.077678948931835
evm.TU.Ap5.271,-0.213148406851252
evm.TU.Ap5.2719,0.177766256216063
evm.TU.Ap5.2722,-0.0899390073925283
evm.TU.Ap5.2725,-0.198016131818453
evm.TU.Ap5.2726,0.140962555363064
evm.TU.Ap5.2727,0.129521633067616
evm.TU.Ap5.2728,-0.595740660204643
evm.TU.Ap5.2732,-0.461102193762652
evm.TU.Ap5.2734,0.198465054126766
evm.TU.Ap5.2735,-0.211759353396367
evm.TU.Ap5.2738,-0.000883796318403389
evm.TU.Ap5.2741,-0.329411108418372
evm.TU.Ap5.2748,-0.279712023914639
evm.TU.Ap5.2759,0.215104557165401
evm.TU.Ap5.2770,0.0629399410411898
evm.TU.Ap5.2771,-0.175554284331939
evm.TU.Ap5.2772,0.180788015912929
evm.TU.Ap5.2774,0.0496339762234073
evm.TU.Ap5.2776,-0.420982120359982
evm.TU.Ap5.2779,0.465387163170375
evm.TU.Ap5.2781,-0.0673455492172228
evm.TU.Ap5.2789,0.165566335750377
evm.TU.Ap5.2792,-0.562211991857891
evm.TU.Ap5.28,-0.114071229346284
evm.TU.Ap5.2802,0.0530175846344079
evm.TU.Ap5.2803,-0.0880174265049955
evm.TU.Ap5.2804,-0.578713412672166
evm.TU.Ap5.2806,-0.333594411575005
evm.TU.Ap5.2807,-0.0283747346455437
evm.TU.Ap5.2810,0.137569870410513
evm.TU.Ap5.2816,0.447147980216188
evm.TU.Ap5.2817,0.293328874609232
evm.TU.Ap5.2818,0.0953214945187787
evm.TU.Ap5.2819,-0.213916126576686
evm.TU.Ap5.2820,0.191410315504651
evm.TU.Ap5.2822,0.243155858749279
evm.TU.Ap5.2823,-0.0527660579901965
evm.TU.Ap5.2825,-0.121997685648348
evm.TU.Ap5.283,-0.0227035843021405
evm.TU.Ap5.2831,0.0321390511729218
evm.TU.Ap5.2833,0.0729763196664503
evm.TU.Ap5.284,0.188648469281194
evm.TU.Ap5.2841,-0.0758780068652228
evm.TU.Ap5.2842,0.0740013343585202
evm.TU.Ap5.2853,-0.00848780356283989
evm.TU.Ap5.2855_evm.TU.Ap5.2857,-0.382221214481447
evm.TU.Ap5.2858,-0.0284611639050861
evm.TU.Ap5.2859,-0.481089016875606
evm.TU.Ap5.2860,-0.0257937509897282
evm.TU.Ap5.2861,0.0333125235437634
evm.TU.Ap5.2863,-0.636961076617301
evm.TU.Ap5.2871,0.161758065872511
evm.TU.Ap5.2873,-0.0560942774242775
evm.TU.Ap5.2875,-0.345745715915989
evm.TU.Ap5.2879,-0.353638089755132
evm.TU.Ap5.288,0.117841280453128
evm.TU.Ap5.2882,-0.197458716782464
evm.TU.Ap5.2885,-0.179738697636488
evm.TU.Ap5.2886,-0.252677544628847
evm.TU.Ap5.2887,-0.0760452581992983
evm.TU.Ap5.2888,0.0183023820714457
evm.TU.Ap5.2889,-0.157734157040018
evm.TU.Ap5.289,0.0998824493654551
evm.TU.Ap5.2891,-0.100480844192084
evm.TU.Ap5.2892,0.228394765559652
evm.TU.Ap5.2893,-0.208729664817331
evm.TU.Ap5.2896,-0.477521631535652
evm.TU.Ap5.2897,-0.612391714500898
evm.TU.Ap5.2899,-0.497024559088348
evm.TU.Ap5.29,0.164545645293657
evm.TU.Ap5.2900,-0.528335057050152
evm.TU.Ap5.2901,-0.429474523944521
evm.TU.Ap5.2902,-0.556776860463441
evm.TU.Ap5.2903,-0.19128038817761
evm.TU.Ap5.2907,0.727267953624258
evm.TU.Ap5.2908,-0.301581942634321
evm.TU.Ap5.291,0.294269075249227
evm.TU.Ap5.2910,-0.529193652411301
evm.TU.Ap5.2911,-0.429132663949616
evm.TU.Ap5.2913,0.116647143876648
evm.TU.Ap5.2921,-0.0658250424022027
evm.TU.Ap5.2922,0.0254943991183094
evm.TU.Ap5.2924,0.125421398672069
evm.TU.Ap5.2926,0.154950063814418
evm.TU.Ap5.2928,0.259685266658988
evm.TU.Ap5.2929,0.251988014861758
evm.TU.Ap5.293,0.426530905541814
evm.TU.Ap5.2930,-0.0599029452960353
evm.TU.Ap5.2931,-0.597553853589928
evm.TU.Ap5.2933,-0.510877680240935
evm.TU.Ap5.2934,-0.288302859197481
evm.TU.Ap5.2936,0.288498166217397
evm.TU.Ap5.2937,0.103401502891153
evm.TU.Ap5.2939,0.436696033713113
evm.TU.Ap5.2940,0.483106896631664
evm.TU.Ap5.2941,-0.179509659578229
evm.TU.Ap5.2942_evm.TU.Ap5.2944,-0.014356711190442
evm.TU.Ap5.2945,0.169873573632533
evm.TU.Ap5.2949,0.107975518689385
evm.TU.Ap5.2950,0.320053339998484
evm.TU.Ap5.2952,-0.234702241732058
evm.TU.Ap5.2955,0.134394048913499
evm.TU.Ap5.2956,-0.0140853003538033
evm.TU.Ap5.2959,0.329379770986169
evm.TU.Ap5.296,0.190998402474837
evm.TU.Ap5.297,-0.24753139876556
evm.TU.Ap5.298,-0.255412296177682
evm.TU.Ap5.299,0.347021581495711
evm.TU.Ap5.300,0.37005310469414
evm.TU.Ap5.316,0.0372781199790215
evm.TU.Ap5.319,0.0149303924572492
evm.TU.Ap5.327,0.431818584514448
evm.TU.Ap5.329,-0.174044115063787
evm.TU.Ap5.333,0.00154284165205559
evm.TU.Ap5.34,-0.0361114073363689
evm.TU.Ap5.340,0.632793855626719
evm.TU.Ap5.35,-0.635303039408159
evm.TU.Ap5.351,-0.282405461622665
evm.TU.Ap5.352,-0.343671559175104
evm.TU.Ap5.353,-0.500823066484448
evm.TU.Ap5.354,-0.454670178816118
evm.TU.Ap5.359,-0.0696969088200757
evm.TU.Ap5.36,0.278501001404908
evm.TU.Ap5.360,-0.28705998644329
evm.TU.Ap5.363,0.0743157116672004
evm.TU.Ap5.364,-0.00038432632649053
evm.TU.Ap5.37,0.0862321061739698
evm.TU.Ap5.380,-0.0327523036083406
evm.TU.Ap5.385,0.0438435070594995
evm.TU.Ap5.390,-0.22554521711166
evm.TU.Ap5.398,-0.269886096026943
evm.TU.Ap5.400,0.0912459898825863
evm.TU.Ap5.430_evm.TU.Ap5.431_evm.TU.Ap5.434,-0.358091425119962
evm.TU.Ap5.44,0.195362022036453
evm.TU.Ap5.441,-0.178680400075292
evm.TU.Ap5.444,0.134798036220292
evm.TU.Ap5.467,0.0772421293221962
evm.TU.Ap5.47,-0.234714195592202
evm.TU.Ap5.470,-0.0743240017105907
evm.TU.Ap5.48,0.0527362083618733
evm.TU.Ap5.488,-0.195579535802581
evm.TU.Ap5.489,-0.283755409309802
evm.TU.Ap5.490,-0.281210030517696
evm.TU.Ap5.491,-0.132024483784468
evm.TU.Ap5.492,-0.0795700213980371
evm.TU.Ap5.493,-0.140688884003776
evm.TU.Ap5.499,0.157753842983183
evm.TU.Ap5.50,-0.274821500743256
evm.TU.Ap5.500,0.0465646653793456
evm.TU.Ap5.502,-0.445738527679783
evm.TU.Ap5.503,-0.191842347680233
evm.TU.Ap5.516,0.0132604864427147
evm.TU.Ap5.52,0.234403564243109
evm.TU.Ap5.520,0.0871525019683489
evm.TU.Ap5.532,0.224049315530291
evm.TU.Ap5.533,0.652992046646285
evm.TU.Ap5.534,-0.12621139527969
evm.TU.Ap5.535,-0.527652494086233
evm.TU.Ap5.537,0.165417986447918
evm.TU.Ap5.538,0.104560400787547
evm.TU.Ap5.539,-0.0299858300980922
evm.TU.Ap5.543,-0.0254316193553219
evm.TU.Ap5.544,0.232901268617467
evm.TU.Ap5.545,0.414377049105469
evm.TU.Ap5.546,-0.0266062471641575
evm.TU.Ap5.547,0.303322935890931
evm.TU.Ap5.549,0.441063844192412
evm.TU.Ap5.55,0.632389212084318
evm.TU.Ap5.554,0.124849219601202
evm.TU.Ap5.556,0.360276803864275
evm.TU.Ap5.557,-0.0528181197923792
evm.TU.Ap5.560,-0.143810959470502
evm.TU.Ap5.562,0.517250220384237
evm.TU.Ap5.563,-0.507377142561979
evm.TU.Ap5.564,-0.0983255768591211
evm.TU.Ap5.568,-0.161609411527755
evm.TU.Ap5.58,-0.261016960213444
evm.TU.Ap5.580,-0.336532981065691
evm.TU.Ap5.584,-0.411935252741677
evm.TU.Ap5.598,0.493628763423169
evm.TU.Ap5.60,0.210088463528935
evm.TU.Ap5.603,0.335542644162283
evm.TU.Ap5.606,0.516852898650646
evm.TU.Ap5.608,0.490084617203846
evm.TU.Ap5.609,0.263247723511186
evm.TU.Ap5.61,0.310773100022208
evm.TU.Ap5.610,0.139344908830801
evm.TU.Ap5.611,-0.240363493433139
evm.TU.Ap5.621,0.224778573183876
evm.TU.Ap5.635,0.0988178305522044
evm.TU.Ap5.637,0.168472284976571
evm.TU.Ap5.638,0.0739888540730525
evm.TU.Ap5.639,-0.204171536108194
evm.TU.Ap5.640,0.267756420639912
evm.TU.Ap5.643,0.297284346652493
evm.TU.Ap5.653,-0.517533238010769
evm.TU.Ap5.654,-0.2283792904941
evm.TU.Ap5.655,0.614350271238663
evm.TU.Ap5.659_evm.TU.Ap5.657,-0.0114744446057844
evm.TU.Ap5.678,-0.328608836999626
evm.TU.Ap5.679,-0.262775561121518
evm.TU.Ap5.681,0.0280833121152546
evm.TU.Ap5.682,0.266739460379919
evm.TU.Ap5.689,0.0492666302358243
evm.TU.Ap5.690,-0.417114689616043
evm.TU.Ap5.692,-0.0702370758835557
evm.TU.Ap5.695,0.283695071415888
evm.TU.Ap5.70,-0.562710275035279
evm.TU.Ap5.702,-0.172205287035192
evm.TU.Ap5.704,-0.180250545816969
evm.TU.Ap5.705,0.221391992224861
evm.TU.Ap5.706,-0.302593710993837
evm.TU.Ap5.707,0.275862418380351
evm.TU.Ap5.708,0.361893998225153
evm.TU.Ap5.709,0.186002244649994
evm.TU.Ap5.72,0.0106810661578578
evm.TU.Ap5.728,0.186999239814756
evm.TU.Ap5.729,-0.133624279035928
evm.TU.Ap5.730,-0.267790257001084
evm.TU.Ap5.733,0.240521259222512
evm.TU.Ap5.735,-0.0946004906475803
evm.TU.Ap5.744,-0.200054476316415
evm.TU.Ap5.746,-0.142966396488563
evm.TU.Ap5.774,-0.111953981109416
evm.TU.Ap5.775,-0.028965466034587
evm.TU.Ap5.777,0.366442351597578
evm.TU.Ap5.779,-0.112134777809476
evm.TU.Ap5.78,-0.147741657803036
evm.TU.Ap5.780,-0.122879567093869
evm.TU.Ap5.789,-0.104221118894138
evm.TU.Ap5.79,-0.429842731573924
evm.TU.Ap5.798,-0.251382042015297
evm.TU.Ap5.799,-0.232253994641669
evm.TU.Ap5.804,-0.338774996528776
evm.TU.Ap5.81,-0.363021800088641
evm.TU.Ap5.815,0.0717912916408821
evm.TU.Ap5.829,-0.154407967959042
evm.TU.Ap5.831,-0.0499435290561194
evm.TU.Ap5.832,0.363701389131361
evm.TU.Ap5.84,-0.30589922069469
evm.TU.Ap5.842,0.0907774318498892
evm.TU.Ap5.844,0.0270890098910515
evm.TU.Ap5.846,0.211682991774159
evm.TU.Ap5.847,0.223274109899916
evm.TU.Ap5.848,0.0761826738756156
evm.TU.Ap5.849,-0.105881277576691
evm.TU.Ap5.85,-0.317014825287544
evm.TU.Ap5.851,0.426397967806542
evm.TU.Ap5.856,0.0511938972106773
evm.TU.Ap5.857,0.301961795570041
evm.TU.Ap5.859,0.0409344394588477
evm.TU.Ap5.862,0.3706415184392
evm.TU.Ap5.863,-0.0101753006428101
evm.TU.Ap5.864,0.333174702037807
evm.TU.Ap5.866,-0.244834535742021
evm.TU.Ap5.868,-0.0542284507291695
evm.TU.Ap5.87,-0.398411937788127
evm.TU.Ap5.871,0.0445246623287383
evm.TU.Ap5.872,0.22104669303858
evm.TU.Ap5.874,-0.0396701134252204
evm.TU.Ap5.876,0.0987814705871391
evm.TU.Ap5.878,-0.355224549859039
evm.TU.Ap5.879,-0.412079389280297
evm.TU.Ap5.88,-0.307867123427429
evm.TU.Ap5.880,-0.0552257881442389
evm.TU.Ap5.881,-0.149284418393946
evm.TU.Ap5.885,0.123351450035888
evm.TU.Ap5.887,-0.152644520149136
evm.TU.Ap5.888,-0.000460892980366844
evm.TU.Ap5.89,-0.382329269360637
evm.TU.Ap5.890,-0.38853507594116
evm.TU.Ap5.892,-0.389564937926666
evm.TU.Ap5.897,0.353215907733457
evm.TU.Ap5.899,-0.0446238899214921
evm.TU.Ap5.9,0.461866211700506
evm.TU.Ap5.903,-0.0261590236090544
evm.TU.Ap5.904,-0.525594229370624
evm.TU.Ap5.907,-0.170559712205352
evm.TU.Ap5.920,-0.382462040744026
evm.TU.Ap5.923,0.255980009687306
evm.TU.Ap5.928,0.141677023052621
evm.TU.Ap5.930,0.592815568458766
evm.TU.Ap5.931,0.582016148278045
evm.TU.Ap5.932,0.106612335209939
evm.TU.Ap5.934,0.16678518785199
evm.TU.Ap5.935,-0.124761458633584
evm.TU.Ap5.936,0.389280147070435
evm.TU.Ap5.937,-0.0700379875453642
evm.TU.Ap5.938,-0.00104526340856892
evm.TU.Ap5.939,-0.123129613768877
evm.TU.Ap5.94,-0.28372024337691
evm.TU.Ap5.941,-0.165498457079068
evm.TU.Ap5.943,0.280055897124174
evm.TU.Ap5.944,-0.0900084970918516
evm.TU.Ap5.949,0.0287091660189416
evm.TU.Ap5.95,-0.508346074001269
evm.TU.Ap5.950,0.0978130810048245
evm.TU.Ap5.951,0.37735188592002
evm.TU.Ap5.956,0.140402172024395
evm.TU.Ap5.96,-0.282819269024664
evm.TU.Ap5.967,-0.402044055913221
evm.TU.Ap5.969,0.524076383630704
evm.TU.Ap5.97,-0.434565434100874
evm.TU.Ap5.972,0.232291397229527
evm.TU.Ap5.973,0.51597384894041
evm.TU.Ap5.982,-0.0827158931931982
evm.TU.Ap5.984,-0.158986695926301
evm.TU.Ap5.99,-0.123948861277474
evm.TU.Ap5.991,0.745581573358476
evm.TU.Ap5.993,-0.102654575538064
evm.TU.Ap5.994,0.00880116787596707
evm.TU.Ap5.997,-0.120549507989281
evm.TU.Ap6.10,0.204021417016898
evm.TU.Ap6.100,0.024790846105616
evm.TU.Ap6.1014,0.000873706045163351
evm.TU.Ap6.1015,-0.058151486323871
evm.TU.Ap6.1016,0.234416628024893
evm.TU.Ap6.103,0.0492539152203377
evm.TU.Ap6.1039,-0.0390573167844
evm.TU.Ap6.1046,-0.241018573569677
evm.TU.Ap6.1056_evm.TU.Ap6.1057,-0.264563434381244
evm.TU.Ap6.108,0.0210972366552348
evm.TU.Ap6.1086_evm.TU.Ap6.1082,0.0702886239814913
evm.TU.Ap6.1088,-0.344894705621913
evm.TU.Ap6.109,0.00273949430162765
evm.TU.Ap6.1090,-0.0460765084223148
evm.TU.Ap6.11,0.121829648534597
evm.TU.Ap6.1109,-0.0593711795757551
evm.TU.Ap6.111,0.166851668384819
evm.TU.Ap6.1118,-0.00193421551180167
evm.TU.Ap6.1130,0.157384649351144
evm.TU.Ap6.1136,-0.311367772725373
evm.TU.Ap6.1137,0.0468123822305768
evm.TU.Ap6.114,-0.114878301699682
evm.TU.Ap6.1140,-0.0652160651331474
evm.TU.Ap6.1143,0.310265049042913
evm.TU.Ap6.1161,-0.292422271109906
evm.TU.Ap6.117,-0.463080820050979
evm.TU.Ap6.1188,-0.312147463082767
evm.TU.Ap6.1190,-0.492551366551464
evm.TU.Ap6.1197,0.165373445193333
evm.TU.Ap6.120,-0.505704037204633
evm.TU.Ap6.1203,-0.066249037895339
evm.TU.Ap6.1207,-0.19215001328094
evm.TU.Ap6.1213,-0.248452245427228
evm.TU.Ap6.1214,-0.37067175922927
evm.TU.Ap6.1216,-0.141834933815989
evm.TU.Ap6.1217,-0.0678151078433784
evm.TU.Ap6.122,-0.240054261003371
evm.TU.Ap6.1220,-0.243545641090429
evm.TU.Ap6.1224,0.255409328986607
evm.TU.Ap6.1230,0.0686086749702187
evm.TU.Ap6.1234,-0.105858547750961
evm.TU.Ap6.1237,0.153212499763388
evm.TU.Ap6.1239,-0.222768061713936
evm.TU.Ap6.1240,-0.280538642134707
evm.TU.Ap6.1246,-0.428608631628371
evm.TU.Ap6.1248,0.137735825628917
evm.TU.Ap6.1259,-0.207902598646449
evm.TU.Ap6.1260,0.362833714630782
evm.TU.Ap6.1261,0.299426318733925
evm.TU.Ap6.1262,0.00371113937731716
evm.TU.Ap6.1263,0.123454881736404
evm.TU.Ap6.1265,-0.0612484797806611
evm.TU.Ap6.1266,0.451829122916415
evm.TU.Ap6.1267,0.323404553173174
evm.TU.Ap6.1269,-0.0123800622468288
evm.TU.Ap6.127,-0.283865057149959
evm.TU.Ap6.1273,0.148989599925252
evm.TU.Ap6.1276,-0.294915671536021
evm.TU.Ap6.1277,0.644159927235855
evm.TU.Ap6.128,-0.533130132573891
evm.TU.Ap6.1280,0.539249201390481
evm.TU.Ap6.1281,0.227961981464542
evm.TU.Ap6.1283,0.246663260259327
evm.TU.Ap6.1288,0.153981044162057
evm.TU.Ap6.1289,-0.252543603060309
evm.TU.Ap6.129,-0.213102345473041
evm.TU.Ap6.1293,-0.245298095381051
evm.TU.Ap6.1294,-0.330088178025971
evm.TU.Ap6.1295,0.0746191223862469
evm.TU.Ap6.1296,0.284151805784544
evm.TU.Ap6.130,-0.221195848458893
evm.TU.Ap6.1303,-0.103469361290205
evm.TU.Ap6.1305,-0.0016617088294147
evm.TU.Ap6.1306,-0.0163259606739796
evm.TU.Ap6.1307,-0.296422887140949
evm.TU.Ap6.1308,-0.258388552265548
evm.TU.Ap6.1309,0.0650341166977679
evm.TU.Ap6.1312,-0.0642089209595984
evm.TU.Ap6.1317,-0.440533007371918
evm.TU.Ap6.1327,-0.00403210833852585
evm.TU.Ap6.1330,-0.0371075119530111
evm.TU.Ap6.1334,-0.0478731831542841
evm.TU.Ap6.1335,-0.0147506763113271
evm.TU.Ap6.1343,-0.176921705320977
evm.TU.Ap6.1344,-0.133809319184112
evm.TU.Ap6.1346,-0.00802307801005758
evm.TU.Ap6.1347,-0.321169465928542
evm.TU.Ap6.1351,-0.172219987322752
evm.TU.Ap6.1352,-0.225954880690903
evm.TU.Ap6.1354,-0.11265331192203
evm.TU.Ap6.137,-0.150254229768909
evm.TU.Ap6.1370,0.244776512214258
evm.TU.Ap6.1373,0.359273928292886
evm.TU.Ap6.1376,0.0020596678784786
evm.TU.Ap6.1377,-0.0313803390832335
evm.TU.Ap6.138,-0.489292926902531
evm.TU.Ap6.1391,-0.0733265679476093
evm.TU.Ap6.1392,-0.507488203927984
evm.TU.Ap6.1394,0.0129196646967929
evm.TU.Ap6.1395,0.11617237484837
evm.TU.Ap6.1396,0.127936439539183
evm.TU.Ap6.1397,0.243848046847546
evm.TU.Ap6.1399,0.125162830134546
evm.TU.Ap6.14,0.42916222937468
evm.TU.Ap6.1400,-0.391499487554909
evm.TU.Ap6.141,-0.0527311337554865
evm.TU.Ap6.1417,0.120894149134618
evm.TU.Ap6.1432,0.0939662566345735
evm.TU.Ap6.1434,-0.242464841841963
evm.TU.Ap6.1436,-0.107363944616997
evm.TU.Ap6.1437,-0.49615198518925
evm.TU.Ap6.1447,0.233199239096126
evm.TU.Ap6.145,-0.519463818441638
evm.TU.Ap6.1450,-0.0462051754898253
evm.TU.Ap6.1451,-0.00118772307573425
evm.TU.Ap6.1452,-0.23371851246505
evm.TU.Ap6.1453,-0.345162298402465
evm.TU.Ap6.146,0.433844487093027
evm.TU.Ap6.1460,0.323565670878464
evm.TU.Ap6.1462,-0.159050160084964
evm.TU.Ap6.1465,-0.25069133986934
evm.TU.Ap6.1466,0.339183137444755
evm.TU.Ap6.1467,0.0754299735834021
evm.TU.Ap6.1471,-0.0730718334224623
evm.TU.Ap6.148,0.530046218254101
evm.TU.Ap6.1482,0.0157402310931921
evm.TU.Ap6.1484,0.308000798119071
evm.TU.Ap6.1488,0.195983557439144
evm.TU.Ap6.1498,-0.316990878442121
evm.TU.Ap6.1499,-0.512545211639087
evm.TU.Ap6.15,0.140542226125247
evm.TU.Ap6.150,-0.171103985480524
evm.TU.Ap6.1500,-0.0847151048468524
evm.TU.Ap6.1501,0.193186143343218
evm.TU.Ap6.1504,-0.0963645326179301
evm.TU.Ap6.1505,-0.0705901973074217
evm.TU.Ap6.1508,-0.0765438879475733
evm.TU.Ap6.1514,-0.243751626417077
evm.TU.Ap6.1522,-0.334012722438891
evm.TU.Ap6.1525,-0.247891650861146
evm.TU.Ap6.1526,-0.055692867082482
evm.TU.Ap6.1528,-0.171201141322079
evm.TU.Ap6.153,-0.0698304503673182
evm.TU.Ap6.1530,0.0826386702570873
evm.TU.Ap6.1531,0.0519780164561913
evm.TU.Ap6.1532,0.027207528975941
evm.TU.Ap6.1533,-0.0431583537922279
evm.TU.Ap6.1534_evm.TU.Ap6.1537,0.447944081854297
evm.TU.Ap6.1539,-0.59590153729897
evm.TU.Ap6.1552,-0.409387250091349
evm.TU.Ap6.156,0.33789012106299
evm.TU.Ap6.1569,-0.522063851952937
evm.TU.Ap6.157,-0.143884709047526
evm.TU.Ap6.1573,-0.317841343799162
evm.TU.Ap6.1574,-0.180443786406595
evm.TU.Ap6.1575,0.0316761225042689
evm.TU.Ap6.1576,0.0123820795656634
evm.TU.Ap6.1577,0.129305167298935
evm.TU.Ap6.1579,-0.0985396601090882
evm.TU.Ap6.1581,-0.571040743931877
evm.TU.Ap6.1585,-0.134311312494599
evm.TU.Ap6.1586,0.14688446315284
evm.TU.Ap6.1588,0.766170681475678
evm.TU.Ap6.1589,-0.0486058303446726
evm.TU.Ap6.159,0.177974975076534
evm.TU.Ap6.1596,-0.134883430687279
evm.TU.Ap6.1598,-0.0769774106197894
evm.TU.Ap6.1599,-0.228657080017183
evm.TU.Ap6.16,0.357732028744967
evm.TU.Ap6.1609,-0.183980160722589
evm.TU.Ap6.1610,0.177535714045073
evm.TU.Ap6.1611,0.546696562003326
evm.TU.Ap6.1612,0.065256396649667
evm.TU.Ap6.1615,-0.513648838148636
evm.TU.Ap6.1627,-0.575809232205342
evm.TU.Ap6.1638,-0.24161427779727
evm.TU.Ap6.165,0.247597660279234
evm.TU.Ap6.1653,-0.281013640016842
evm.TU.Ap6.1654,0.189620695621147
evm.TU.Ap6.1656,-0.0952073632456298
evm.TU.Ap6.1658,-0.0938131414459015
evm.TU.Ap6.1659,-0.369864479071037
evm.TU.Ap6.1663,0.11223462677621
evm.TU.Ap6.1664,0.244126424418087
evm.TU.Ap6.1675,-0.0604862995250966
evm.TU.Ap6.1682,0.159705526734956
evm.TU.Ap6.1685,-0.133106358378583
evm.TU.Ap6.1686,-0.0771286543220997
evm.TU.Ap6.1688,-0.136541909951494
evm.TU.Ap6.1692,0.199806687862111
evm.TU.Ap6.170,-0.136212054252824
evm.TU.Ap6.1701,0.203850395958018
evm.TU.Ap6.171,-0.350935615250326
evm.TU.Ap6.1717,0.135531510005927
evm.TU.Ap6.1719,-0.0827757419774252
evm.TU.Ap6.1721,-0.142724287433873
evm.TU.Ap6.1731,-0.182468728809774
evm.TU.Ap6.1737,0.252329780468921
evm.TU.Ap6.1740,0.579695487897359
evm.TU.Ap6.1741,0.234215380492879
evm.TU.Ap6.1742,0.142117403582668
evm.TU.Ap6.1743,-0.219246684184202
evm.TU.Ap6.1745,-0.427842463782682
evm.TU.Ap6.1747,0.0525232729929238
evm.TU.Ap6.1750_evm.TU.Ap6.1753,-0.0300655917536731
evm.TU.Ap6.1756,0.113429970848202
evm.TU.Ap6.1764,-0.430934443010729
evm.TU.Ap6.1765,-0.0286507849275038
evm.TU.Ap6.1768,-0.513643484396378
evm.TU.Ap6.1787,-0.498992077058734
evm.TU.Ap6.1792,-0.15695463374509
evm.TU.Ap6.1793,-0.0445803673742445
evm.TU.Ap6.1796,-0.335750257808591
evm.TU.Ap6.1806,-0.173590296036879
evm.TU.Ap6.1807,0.200158525507089
evm.TU.Ap6.181,0.20778538195569
evm.TU.Ap6.1813,0.0232085023680447
evm.TU.Ap6.1814,-0.0592656107584812
evm.TU.Ap6.1815,0.0403284232029173
evm.TU.Ap6.1816,-0.536130788279668
evm.TU.Ap6.1832,-0.20859980726854
evm.TU.Ap6.1833,-0.082902257173547
evm.TU.Ap6.1838,0.0926382087311045
evm.TU.Ap6.1848,0.362687363504226
evm.TU.Ap6.1849,0.358951594431986
evm.TU.Ap6.1850,0.289954205993078
evm.TU.Ap6.1854,-0.166938753457907
evm.TU.Ap6.1858,0.151516844017407
evm.TU.Ap6.186,-0.0756800804959663
evm.TU.Ap6.1865,0.366156399667667
evm.TU.Ap6.1876,-0.20360053618346
evm.TU.Ap6.1877,0.148923125337413
evm.TU.Ap6.1878,0.144673975386014
evm.TU.Ap6.1880,0.215044439382643
evm.TU.Ap6.1881,0.147274109382295
evm.TU.Ap6.1882,0.264852158585491
evm.TU.Ap6.1883,-0.0348552256620959
evm.TU.Ap6.1889,-0.084996125165625
evm.TU.Ap6.1890,-0.335692184376361
evm.TU.Ap6.1891,-0.168806721926866
evm.TU.Ap6.1899,-0.300306440876788
evm.TU.Ap6.19,-0.232449248043389
evm.TU.Ap6.190,0.075956512871754
evm.TU.Ap6.1903,-0.0685397573916757
evm.TU.Ap6.1904,-0.0561526815172655
evm.TU.Ap6.1919,0.293970588178478
evm.TU.Ap6.1920,0.434546679135697
evm.TU.Ap6.1923,-0.117999912574573
evm.TU.Ap6.1924,-0.155174855896399
evm.TU.Ap6.194,-0.0708147236292244
evm.TU.Ap6.1954,-0.152636003018881
evm.TU.Ap6.1960,-0.0883437718491507
evm.TU.Ap6.1961,0.148448463546028
evm.TU.Ap6.1974,-0.606234672623245
evm.TU.Ap6.1975,0.320057501467067
evm.TU.Ap6.1976,-0.00818676768798367
evm.TU.Ap6.198,0.339258829298569
evm.TU.Ap6.1983,-0.062601528866945
evm.TU.Ap6.1984,0.0330033951308988
evm.TU.Ap6.1989,0.188510706663073
evm.TU.Ap6.199,-0.249533974417024
evm.TU.Ap6.1991,-0.0816578928776138
evm.TU.Ap6.20,0.121545534591307
evm.TU.Ap6.2002,-0.388859387677085
evm.TU.Ap6.201,0.0373386723439058
evm.TU.Ap6.2012,0.26142228221119
evm.TU.Ap6.2013_evm.TU.Ap6.2014_evm.TU.Ap6.2015_evm.TU.Ap6.2016,0.261881941493938
evm.TU.Ap6.202,0.368507240301141
evm.TU.Ap6.203,-0.0233839483593125
evm.TU.Ap6.2031,0.157442295198898
evm.TU.Ap6.2033,0.0700806055354109
evm.TU.Ap6.2035,0.171708481735203
evm.TU.Ap6.2036,0.360392883694367
evm.TU.Ap6.2040,0.165081183803054
evm.TU.Ap6.2042,-0.307928474850103
evm.TU.Ap6.2045,-0.652057776341131
evm.TU.Ap6.2046,-0.354442712373848
evm.TU.Ap6.2047,-0.477521335538537
evm.TU.Ap6.2048,-0.218859056581392
evm.TU.Ap6.2054,-0.439465441413205
evm.TU.Ap6.2061,0.0518911449775188
evm.TU.Ap6.2062,-0.0697700463142168
evm.TU.Ap6.2063,0.0830601516634857
evm.TU.Ap6.2098,0.0681647929371616
evm.TU.Ap6.2102,-0.286802467087127
evm.TU.Ap6.2103,0.126969280559768
evm.TU.Ap6.2113,0.0266569496144268
evm.TU.Ap6.2125,0.0639649238942319
evm.TU.Ap6.2127,0.149675859467272
evm.TU.Ap6.2137,0.00822210597083335
evm.TU.Ap6.2138,-0.305546543620346
evm.TU.Ap6.2139,0.00404138347172984
evm.TU.Ap6.2140,0.0842665499866232
evm.TU.Ap6.2142,-0.18203490246041
evm.TU.Ap6.2144,0.190271992470524
evm.TU.Ap6.2145,0.303935843741001
evm.TU.Ap6.2147,0.351724731321975
evm.TU.Ap6.2148,-0.0649173474035034
evm.TU.Ap6.2164,0.176760036395146
evm.TU.Ap6.2172,-0.140140059543506
evm.TU.Ap6.2173,-0.277924788899073
evm.TU.Ap6.2174,-0.120075653613241
evm.TU.Ap6.2176,0.0645827128054485
evm.TU.Ap6.2177,0.254699274567845
evm.TU.Ap6.2178,0.781811059293052
evm.TU.Ap6.2179,0.148050184385052
evm.TU.Ap6.2180,0.0224730795595226
evm.TU.Ap6.2183,-0.344412393908063
evm.TU.Ap6.2192_evm.TU.Ap6.2188,-0.357371235144478
evm.TU.Ap6.2194,0.347290371601582
evm.TU.Ap6.2195,0.080376165034588
evm.TU.Ap6.2199,0.221496434067216
evm.TU.Ap6.22,0.203818327309033
evm.TU.Ap6.221,-0.0707797659322212
evm.TU.Ap6.2213,-0.467223465103434
evm.TU.Ap6.2214,-0.01721808445608
evm.TU.Ap6.2217,-0.138581756440983
evm.TU.Ap6.2219,0.0338306706429954
evm.TU.Ap6.2220,0.206084755343466
evm.TU.Ap6.2221,0.0342970590020799
evm.TU.Ap6.224,-0.0362976008184243
evm.TU.Ap6.2276,-0.165534551275397
evm.TU.Ap6.2279,0.149009094794542
evm.TU.Ap6.2280,0.30677896131075
evm.TU.Ap6.2281,-0.0473965317209852
evm.TU.Ap6.2284,-0.502459646068076
evm.TU.Ap6.2285,-0.312054534163237
evm.TU.Ap6.2286,0.732502270579896
evm.TU.Ap6.2287,0.106453126723374
evm.TU.Ap6.2289,-0.585873819662662
evm.TU.Ap6.2291,-0.0869322981036224
evm.TU.Ap6.2293,0.165560577000995
evm.TU.Ap6.2294,-0.0787715985250507
evm.TU.Ap6.2299,0.41245188241653
evm.TU.Ap6.2301,0.0660466438811378
evm.TU.Ap6.2303,0.159162490476288
evm.TU.Ap6.2311,-0.0100340386426695
evm.TU.Ap6.2313,0.261787414376912
evm.TU.Ap6.2315,-0.0621227757179304
evm.TU.Ap6.2316,-0.153850891215878
evm.TU.Ap6.2317,0.452938985342311
evm.TU.Ap6.2318,0.188470814317326
evm.TU.Ap6.233,-0.114120558751098
evm.TU.Ap6.2330,0.00138867072191223
evm.TU.Ap6.2332,0.547960668764909
evm.TU.Ap6.2333,0.110015951598695
evm.TU.Ap6.2334,0.544846002688509
evm.TU.Ap6.2335,-0.25879612126287
evm.TU.Ap6.2336,0.493979183582719
evm.TU.Ap6.2338,-0.406769626066355
evm.TU.Ap6.234,0.238139777168194
evm.TU.Ap6.2343,0.107346307644042
evm.TU.Ap6.2345,-0.141987352641557
evm.TU.Ap6.2346,0.811366070944241
evm.TU.Ap6.2347,0.677320672764876
evm.TU.Ap6.2348,0.118003829579094
evm.TU.Ap6.235,-0.392335495616268
evm.TU.Ap6.2351,0.00918854358267809
evm.TU.Ap6.2353,0.0188635395132077
evm.TU.Ap6.2355,0.420650789041926
evm.TU.Ap6.2356,0.101017809457782
evm.TU.Ap6.2357,0.177799800810686
evm.TU.Ap6.2359,0.367159519289066
evm.TU.Ap6.2362,-0.2070854740144
evm.TU.Ap6.2364,0.109533102458437
evm.TU.Ap6.2365,-0.00882788271766317
evm.TU.Ap6.2367,0.143543402100384
evm.TU.Ap6.2368,-0.28558185629619
evm.TU.Ap6.2373,0.331026365958871
evm.TU.Ap6.2375,0.0533480737805465
evm.TU.Ap6.2378,-0.0933347004923809
evm.TU.Ap6.2379,-0.069048687099923
evm.TU.Ap6.238,-0.133240850701767
evm.TU.Ap6.2382,0.0955696978832243
evm.TU.Ap6.2383,0.235035965093724
evm.TU.Ap6.2387,-0.0857038942193533
evm.TU.Ap6.2388,0.243133105766062
evm.TU.Ap6.2389,0.23521720676466
evm.TU.Ap6.2390,0.153387328065399
evm.TU.Ap6.2392,0.397046954856362
evm.TU.Ap6.2393,-0.0219161390808296
evm.TU.Ap6.2395,0.356313561038761
evm.TU.Ap6.2396,0.498918828262216
evm.TU.Ap6.2401,0.034069305202976
evm.TU.Ap6.2403,0.121461266635546
evm.TU.Ap6.2405,-0.156101576290192
evm.TU.Ap6.2408,0.268716473476102
evm.TU.Ap6.241,0.458246719851319
evm.TU.Ap6.2416,0.0817110455837677
evm.TU.Ap6.2423,0.116028633082386
evm.TU.Ap6.2427,0.368763145082061
evm.TU.Ap6.2429,0.0634440179555457
evm.TU.Ap6.2430,-0.0741332052091983
evm.TU.Ap6.2437,0.0559732136194091
evm.TU.Ap6.2440,-0.395486690801992
evm.TU.Ap6.2448,-0.10610920078748
evm.TU.Ap6.245,0.133377125257091
evm.TU.Ap6.2458,0.222137385644358
evm.TU.Ap6.246,0.234784627625975
evm.TU.Ap6.2461,-0.00789597248816519
evm.TU.Ap6.2470,-0.186218026922464
evm.TU.Ap6.2471,0.206695967332648
evm.TU.Ap6.2472,-0.0746719129596488
evm.TU.Ap6.2473,0.284056287219563
evm.TU.Ap6.2477,-0.212247312876231
evm.TU.Ap6.2479,-0.0741527673900143
evm.TU.Ap6.2483,0.551269616187522
evm.TU.Ap6.2484,0.725050293995727
evm.TU.Ap6.2486,-0.372575082597801
evm.TU.Ap6.2487,-0.0141926515208489
evm.TU.Ap6.2488_evm.TU.Ap6.2489,-0.364927433940613
evm.TU.Ap6.2492,-0.259096403553031
evm.TU.Ap6.2493,0.275092105968206
evm.TU.Ap6.2494,0.636800898837012
evm.TU.Ap6.2495,0.484522055236246
evm.TU.Ap6.2496,0.03145560559343
evm.TU.Ap6.2499,-0.362242913263932
evm.TU.Ap6.2513,-0.443473066789554
evm.TU.Ap6.2515,-0.119995313492407
evm.TU.Ap6.2518,-0.186062346162186
evm.TU.Ap6.2520,-0.312997050325167
evm.TU.Ap6.2523,-0.353902074486455
evm.TU.Ap6.2525,-0.289705402528239
evm.TU.Ap6.2528,-0.128602032467256
evm.TU.Ap6.2531,-0.41818572276492
evm.TU.Ap6.2536,0.151021180776177
evm.TU.Ap6.2537,0.0903108077530019
evm.TU.Ap6.254,-0.0844974956914888
evm.TU.Ap6.2540,0.235449744583947
evm.TU.Ap6.2543,-0.000490569415193044
evm.TU.Ap6.2549,0.1180410825996
evm.TU.Ap6.255,0.376870436497724
evm.TU.Ap6.2551,0.304993076320658
evm.TU.Ap6.2554,0.279239777672985
evm.TU.Ap6.2556,0.15573875193575
evm.TU.Ap6.2557,-0.683411541438734
evm.TU.Ap6.2558,0.176326781121276
evm.TU.Ap6.256,0.176751548559434
evm.TU.Ap6.2560,-0.489418033031262
evm.TU.Ap6.2561,-0.368531192323756
evm.TU.Ap6.2563,-0.0493787875010423
evm.TU.Ap6.2565,-0.466200536634918
evm.TU.Ap6.2566,-0.266026672927597
evm.TU.Ap6.2567,-0.343956800569061
evm.TU.Ap6.2568,0.0537324415018795
evm.TU.Ap6.2569,0.215416316540523
evm.TU.Ap6.2582,0.196703969400038
evm.TU.Ap6.2584,0.269544005318066
evm.TU.Ap6.2586,-0.179956368372579
evm.TU.Ap6.2588,-0.277247364721586
evm.TU.Ap6.2591,0.509705773734356
evm.TU.Ap6.2592,0.000446267908472753
evm.TU.Ap6.2595,-0.0428548382636906
evm.TU.Ap6.2597,-0.070328965232938
evm.TU.Ap6.2598,0.160703191295493
evm.TU.Ap6.2599,0.123468260191446
evm.TU.Ap6.2603,0.328664021855064
evm.TU.Ap6.2604,0.0187241288628834
evm.TU.Ap6.2605,-0.0198729916596138
evm.TU.Ap6.2607,0.129922969053115
evm.TU.Ap6.2608,0.230846396051579
evm.TU.Ap6.2612,0.506620537918243
evm.TU.Ap6.2619,0.0683972180940543
evm.TU.Ap6.262,0.133376536153205
evm.TU.Ap6.2620,-0.0827615987568776
evm.TU.Ap6.2622,-0.0714954374131553
evm.TU.Ap6.2623,0.159223313382726
evm.TU.Ap6.2624,-0.160990896302377
evm.TU.Ap6.2625,-0.391347865818578
evm.TU.Ap6.2631,-0.0300122141149811
evm.TU.Ap6.2658,-0.202842399677854
evm.TU.Ap6.2659,-0.400033314311812
evm.TU.Ap6.2660,0.0160472310757506
evm.TU.Ap6.2661,-0.286293834359434
evm.TU.Ap6.2667,-0.219248349693861
evm.TU.Ap6.2676,-0.240814703545665
evm.TU.Ap6.2677,-0.377786656380361
evm.TU.Ap6.2678,-0.0907945754392843
evm.TU.Ap6.2679,0.298029620789248
evm.TU.Ap6.2680,-0.0211001068979233
evm.TU.Ap6.2684,-0.314883684438617
evm.TU.Ap6.2687,-0.0733159794832184
evm.TU.Ap6.2697,0.413115582313057
evm.TU.Ap6.2707,0.168811804048643
evm.TU.Ap6.2709,-0.365026533739929
evm.TU.Ap6.2713,0.418022746699988
evm.TU.Ap6.2715,0.125671723146423
evm.TU.Ap6.2717,0.411719330812633
evm.TU.Ap6.2719,-0.496282602866546
evm.TU.Ap6.2723,-0.101530329539783
evm.TU.Ap6.2724,0.208351185369765
evm.TU.Ap6.2725,-0.0746955210901068
evm.TU.Ap6.2726,-0.00866792196220688
evm.TU.Ap6.2727,-0.431892878178675
evm.TU.Ap6.2738,-0.071164158540555
evm.TU.Ap6.2739,0.139245299046833
evm.TU.Ap6.2740,0.753561903254127
evm.TU.Ap6.2744,-0.0788880554977903
evm.TU.Ap6.2747,0.360857148957892
evm.TU.Ap6.2748,-0.2489806998496
evm.TU.Ap6.2753,0.297810365850444
evm.TU.Ap6.2754,0.584504004442353
evm.TU.Ap6.2755,0.191556974414617
evm.TU.Ap6.2756,-0.0621102519434104
evm.TU.Ap6.2757,0.135217674819482
evm.TU.Ap6.276,-0.297795289489361
evm.TU.Ap6.278,0.0147222777279312
evm.TU.Ap6.2785,-0.109005128300735
evm.TU.Ap6.2786,0.311809689281095
evm.TU.Ap6.2791,0.156050702909135
evm.TU.Ap6.2793,0.256655443006093
evm.TU.Ap6.2794,-0.0113385137174108
evm.TU.Ap6.2797,-0.259532274143224
evm.TU.Ap6.2806,-0.313260361784534
evm.TU.Ap6.2810,-0.185251554352626
evm.TU.Ap6.2811,0.24272154277352
evm.TU.Ap6.2813,-0.299986773486947
evm.TU.Ap6.2815,-0.327217209714077
evm.TU.Ap6.2818,-0.424705130219815
evm.TU.Ap6.2829,-0.326159394008831
evm.TU.Ap6.2832,-0.5448262522032
evm.TU.Ap6.2834,-0.444485122550787
evm.TU.Ap6.2836,0.00900481802467833
evm.TU.Ap6.2837,-0.358097504027321
evm.TU.Ap6.2843,0.149617377460245
evm.TU.Ap6.2847,-0.0399097141899533
evm.TU.Ap6.2850,-0.0794018184396732
evm.TU.Ap6.2856,0.0664325476068515
evm.TU.Ap6.2860,0.190985117057069
evm.TU.Ap6.2862,0.258544423738259
evm.TU.Ap6.2863,-0.301927505295419
evm.TU.Ap6.2880,-0.244409412635281
evm.TU.Ap6.2893,-0.169027990220298
evm.TU.Ap6.2901,-0.0626834226244518
evm.TU.Ap6.2905,0.312039765761299
evm.TU.Ap6.2906,0.209334177324069
evm.TU.Ap6.2907,-0.115165425395766
evm.TU.Ap6.2908,-0.0422148337682841
evm.TU.Ap6.2910,-0.501463028578829
evm.TU.Ap6.2912,0.138530922630522
evm.TU.Ap6.2917,-0.248511745304759
evm.TU.Ap6.2919,0.0358290266679384
evm.TU.Ap6.2922,-0.229361142091322
evm.TU.Ap6.2924,-0.257529926876868
evm.TU.Ap6.2927,0.103990242850214
evm.TU.Ap6.2932,0.241616729432884
evm.TU.Ap6.2934,0.58959920282132
evm.TU.Ap6.2935,-0.0814453208303263
evm.TU.Ap6.2940,0.430761187027451
evm.TU.Ap6.2943,-0.442007027134696
evm.TU.Ap6.2946,0.0793370842370088
evm.TU.Ap6.2947,0.125770103912788
evm.TU.Ap6.2948,0.164735072792207
evm.TU.Ap6.2951,0.0723023503194551
evm.TU.Ap6.2952,0.10469979407932
evm.TU.Ap6.2953,0.442861646188625
evm.TU.Ap6.2956,0.141646466692268
evm.TU.Ap6.2958,0.0990776325133689
evm.TU.Ap6.2976,0.127503129095134
evm.TU.Ap6.2977,0.181880041496687
evm.TU.Ap6.2978,0.0620767505554174
evm.TU.Ap6.2980,-0.0012543119806843
evm.TU.Ap6.2982,-0.207105833493666
evm.TU.Ap6.2983,0.0624474638301062
evm.TU.Ap6.2985,-0.0107619333272276
evm.TU.Ap6.30,0.129037585517549
evm.TU.Ap6.3002,-0.00235745754856109
evm.TU.Ap6.3004,-0.0587347224897511
evm.TU.Ap6.3005,-0.384569320851851
evm.TU.Ap6.3006,0.119951460242106
evm.TU.Ap6.3010,0.716072759851393
evm.TU.Ap6.3011,0.580218882813524
evm.TU.Ap6.3015,0.110832272624337
evm.TU.Ap6.3018,-0.0714176221357911
evm.TU.Ap6.3019,0.173104522253361
evm.TU.Ap6.3020,0.171777458941285
evm.TU.Ap6.3022,0.491122404486404
evm.TU.Ap6.3024,0.221460991548301
evm.TU.Ap6.3028,-0.213942536146471
evm.TU.Ap6.3030,-0.0304908524755454
evm.TU.Ap6.3033,0.2191969012499
evm.TU.Ap6.3041,0.067692572112887
evm.TU.Ap6.3042,0.023095765714795
evm.TU.Ap6.3046,-0.0575339524456647
evm.TU.Ap6.3049,0.266241973439465
evm.TU.Ap6.3050,0.00140424288019498
evm.TU.Ap6.3051,0.242933951643181
evm.TU.Ap6.3063,0.0641250114270472
evm.TU.Ap6.3067,0.401686344253751
evm.TU.Ap6.3069,0.344796033612163
evm.TU.Ap6.3073,0.0317641460949766
evm.TU.Ap6.3074,0.178548414899276
evm.TU.Ap6.3079,-0.338119795299247
evm.TU.Ap6.3080,-0.210953127793038
evm.TU.Ap6.3082,0.120018545583659
evm.TU.Ap6.3088,0.196529291142311
evm.TU.Ap6.3090,0.0990138273679
evm.TU.Ap6.3091,-0.177681608215421
evm.TU.Ap6.3092,-0.377063495266887
evm.TU.Ap6.3094,-0.0960329632076617
evm.TU.Ap6.3096,-0.0550974575250126
evm.TU.Ap6.3097,0.151501840716604
evm.TU.Ap6.3099,0.408188742582765
evm.TU.Ap6.3101,-0.00206262101632682
evm.TU.Ap6.3102,-0.126597839319451
evm.TU.Ap6.3103,-0.0281543588031108
evm.TU.Ap6.3110,0.106563993989647
evm.TU.Ap6.3112,0.260545624221138
evm.TU.Ap6.3115,-0.105385578148564
evm.TU.Ap6.3117,0.403645123316488
evm.TU.Ap6.3118,0.440877501664844
evm.TU.Ap6.3120,-0.289007926780741
evm.TU.Ap6.3123,0.0402237352207
evm.TU.Ap6.3125,-0.285549103654879
evm.TU.Ap6.3126,-0.138942496865402
evm.TU.Ap6.3127,-0.26975244354869
evm.TU.Ap6.3129,-0.0792407727672522
evm.TU.Ap6.3130,0.357037745638235
evm.TU.Ap6.3133,-0.377772171784726
evm.TU.Ap6.3136,-0.217712161722026
evm.TU.Ap6.3139,0.563699873754533
evm.TU.Ap6.3141,-0.0939717783520541
evm.TU.Ap6.3143,-0.0933209592667666
evm.TU.Ap6.3144,-0.515751472658928
evm.TU.Ap6.3145,-0.251421245196036
evm.TU.Ap6.3146,-0.245098125797824
evm.TU.Ap6.3147,0.0116249318081782
evm.TU.Ap6.3150,0.245924093469519
evm.TU.Ap6.3151,0.120612606231652
evm.TU.Ap6.3153,0.173623079970573
evm.TU.Ap6.3155_evm.TU.Ap6.3156,0.246228529817785
evm.TU.Ap6.3158,0.0665693151660321
evm.TU.Ap6.3159,0.130466921871059
evm.TU.Ap6.3160,-0.342461583138293
evm.TU.Ap6.3161,0.296416107469424
evm.TU.Ap6.3171,0.19759558143855
evm.TU.Ap6.3173,-0.157618267323118
evm.TU.Ap6.3180,0.194609687407167
evm.TU.Ap6.3182,-0.226189675917837
evm.TU.Ap6.3184,-0.5742922706535
evm.TU.Ap6.3191,0.332101485478614
evm.TU.Ap6.3194,0.290546768590219
evm.TU.Ap6.3195,-0.179856938739775
evm.TU.Ap6.3197,-0.21264561186824
evm.TU.Ap6.3199,0.315948254826038
evm.TU.Ap6.32,0.0786486828713219
evm.TU.Ap6.3201,-0.0249256882076341
evm.TU.Ap6.3208,0.064300244205194
evm.TU.Ap6.3209,0.118727954065207
evm.TU.Ap6.321,-0.215007675076921
evm.TU.Ap6.3213,0.0789853688791368
evm.TU.Ap6.3229,0.113556924775344
evm.TU.Ap6.3232,0.152470054207576
evm.TU.Ap6.3233,0.26967903819915
evm.TU.Ap6.3234,-0.542612872453011
evm.TU.Ap6.3235,-0.0763239383933559
evm.TU.Ap6.3238,-0.387407955429594
evm.TU.Ap6.3240,-0.372121121459994
evm.TU.Ap6.3241,0.164539116534003
evm.TU.Ap6.3242,0.473628451337541
evm.TU.Ap6.3244,-0.167191274945861
evm.TU.Ap6.3246,-0.333760320085428
evm.TU.Ap6.3247,-0.187953441358098
evm.TU.Ap6.325,0.175107346124434
evm.TU.Ap6.3253,0.0434237898477494
evm.TU.Ap6.3257,-0.376570256232984
evm.TU.Ap6.3266,0.0433072320368607
evm.TU.Ap6.3267,-0.128001291668241
evm.TU.Ap6.327,-0.363440010243083
evm.TU.Ap6.3271,-0.311977962621923
evm.TU.Ap6.336,0.147612924786557
evm.TU.Ap6.337,0.0187043824884553
evm.TU.Ap6.339,0.00118702377393114
evm.TU.Ap6.340,0.133221320438364
evm.TU.Ap6.344,0.166870802703416
evm.TU.Ap6.345,0.33500733818965
evm.TU.Ap6.346,0.164980183761782
evm.TU.Ap6.353,0.233138862868752
evm.TU.Ap6.354,0.672693849605732
evm.TU.Ap6.356,-0.069019333465413
evm.TU.Ap6.36,0.213229799071464
evm.TU.Ap6.377,-0.15694277919982
evm.TU.Ap6.379,0.313553365598329
evm.TU.Ap6.38,0.0228986566935564
evm.TU.Ap6.383,-0.144218697116657
evm.TU.Ap6.402,0.264567971963391
evm.TU.Ap6.403,-0.144038299884669
evm.TU.Ap6.404,0.213071117010086
evm.TU.Ap6.405,-0.0500302103573105
evm.TU.Ap6.409,0.0209433542834808
evm.TU.Ap6.413,-0.171480463155092
evm.TU.Ap6.415,-0.14884283815142
evm.TU.Ap6.416,0.431954721460623
evm.TU.Ap6.42,0.0650737082650267
evm.TU.Ap6.420,-0.350344003079009
evm.TU.Ap6.421,-0.0700035200911616
evm.TU.Ap6.422,0.0270762973109116
evm.TU.Ap6.423,-0.425949335033454
evm.TU.Ap6.424,0.277650604227264
evm.TU.Ap6.425,0.112597192193346
evm.TU.Ap6.426,0.175733885812952
evm.TU.Ap6.427,0.118858132794476
evm.TU.Ap6.438,-0.38001512427528
evm.TU.Ap6.439,0.231965958886429
evm.TU.Ap6.440,0.0432039269440898
evm.TU.Ap6.441,0.425867314570572
evm.TU.Ap6.442,-0.467522715056816
evm.TU.Ap6.443,0.440280991826721
evm.TU.Ap6.445,-0.127747739426813
evm.TU.Ap6.446,0.0103727573263347
evm.TU.Ap6.451,0.0691735777490747
evm.TU.Ap6.452,0.0167024861753124
evm.TU.Ap6.454,0.00650916948374455
evm.TU.Ap6.457,0.374990172799682
evm.TU.Ap6.458,-0.379686939964492
evm.TU.Ap6.466,-0.101443425247509
evm.TU.Ap6.467,-0.105501600661866
evm.TU.Ap6.468,0.113089013109633
evm.TU.Ap6.475,0.368318023298309
evm.TU.Ap6.477,0.147817605238286
evm.TU.Ap6.478,-0.109214051412464
evm.TU.Ap6.479,0.0943371188556962
evm.TU.Ap6.482,0.393204833019409
evm.TU.Ap6.483,0.0555653394795594
evm.TU.Ap6.487,-0.494210458856286
evm.TU.Ap6.488,-0.436019220597421
evm.TU.Ap6.492,-0.466037897939917
evm.TU.Ap6.493,-0.0134727379391545
evm.TU.Ap6.498,-0.163291437120809
evm.TU.Ap6.503,0.297353514683217
evm.TU.Ap6.506,-0.109569141794944
evm.TU.Ap6.516,-0.0167443366277585
evm.TU.Ap6.519,0.222172716690838
evm.TU.Ap6.52,-0.17096712314169
evm.TU.Ap6.520,0.0951392712275357
evm.TU.Ap6.525,0.0236438435757851
evm.TU.Ap6.526,0.226897064911507
evm.TU.Ap6.527,0.237564371512318
evm.TU.Ap6.528,-0.181149636681058
evm.TU.Ap6.530,-0.128475013175095
evm.TU.Ap6.531,0.00764719401340327
evm.TU.Ap6.535,-0.289066148474767
evm.TU.Ap6.538,0.18558709716191
evm.TU.Ap6.539,-0.0189511272394135
evm.TU.Ap6.540,0.301044668965654
evm.TU.Ap6.542,-0.0509268829244582
evm.TU.Ap6.543,0.185291983064206
evm.TU.Ap6.544,-0.293941855731403
evm.TU.Ap6.547,-0.21377974952169
evm.TU.Ap6.55,-0.124218119230332
evm.TU.Ap6.577,-0.0463708684343939
evm.TU.Ap6.578,0.0411647368422926
evm.TU.Ap6.580,-0.283334296819564
evm.TU.Ap6.586,0.0295733557292738
evm.TU.Ap6.587,0.310549194813593
evm.TU.Ap6.59,-0.199495073968571
evm.TU.Ap6.598,0.160454081411322
evm.TU.Ap6.599,0.098883647844882
evm.TU.Ap6.60,-0.0789207573357905
evm.TU.Ap6.61,0.0555143001729114
evm.TU.Ap6.618,-0.114570217861993
evm.TU.Ap6.619,-0.0897731206702243
evm.TU.Ap6.62,-0.22509082299878
evm.TU.Ap6.621,-0.0971143329804828
evm.TU.Ap6.642,-0.391661932175362
evm.TU.Ap6.649,-0.168299965377916
evm.TU.Ap6.657,-0.496733272852084
evm.TU.Ap6.658,-0.149559013431666
evm.TU.Ap6.661,0.0351778765747481
evm.TU.Ap6.667,-0.189412248611497
evm.TU.Ap6.672,-0.394229487268274
evm.TU.Ap6.675,-0.0153367470289071
evm.TU.Ap6.678,-0.227545048028077
evm.TU.Ap6.690,0.119575274989095
evm.TU.Ap6.692,-0.0772075716823972
evm.TU.Ap6.7,-0.0667334633142063
evm.TU.Ap6.706,-0.467257967561711
evm.TU.Ap6.710,-0.101416640953671
evm.TU.Ap6.719,-0.0581553589112249
evm.TU.Ap6.750,-0.182522214986342
evm.TU.Ap6.788,-0.107102745259132
evm.TU.Ap6.791,0.368915028283117
evm.TU.Ap6.796,-0.191043587517005
evm.TU.Ap6.803,-0.417626676943797
evm.TU.Ap6.805,-0.430126494674871
evm.TU.Ap6.806,-0.35698426871775
evm.TU.Ap6.807,-0.423468522458489
evm.TU.Ap6.808,-0.522735715290266
evm.TU.Ap6.813,-0.585705315238646
evm.TU.Ap6.815,-0.0818231186450399
evm.TU.Ap6.817,0.0278192496225759
evm.TU.Ap6.818,0.0621370975095305
evm.TU.Ap6.819,-0.542272562531081
evm.TU.Ap6.820,-0.532156721163746
evm.TU.Ap6.823,-0.447829007409076
evm.TU.Ap6.824,-0.454972144413382
evm.TU.Ap6.830,-0.541480893060165
evm.TU.Ap6.831,-0.369796083063182
evm.TU.Ap6.833,-0.435431747222975
evm.TU.Ap6.843,-0.16489498009353
evm.TU.Ap6.856,-0.0741006338878211
evm.TU.Ap6.858,-0.408299811954403
evm.TU.Ap6.87,0.279440402938552
evm.TU.Ap6.871,0.353429942739302
evm.TU.Ap6.873,0.296220235420285
evm.TU.Ap6.88,0.2917780456597
evm.TU.Ap6.895,0.0153024084698797
evm.TU.Ap6.896,-0.589329819701547
evm.TU.Ap6.9,-0.176596103108385
evm.TU.Ap6.905,0.202335955174538
evm.TU.Ap6.918_evm.TU.Ap6.906,-0.221139874817128
evm.TU.Ap6.919,0.130957237978615
evm.TU.Ap6.920,0.224137311000772
evm.TU.Ap6.921,-0.0123040525335317
evm.TU.Ap6.922,-0.0590721942816785
evm.TU.Ap6.923,0.064613420967149
evm.TU.Ap6.925,-0.154764562202554
evm.TU.Ap6.929,-0.427075142320487
evm.TU.Ap6.93,0.072685092424232
evm.TU.Ap6.930,-0.266642533210076
evm.TU.Ap6.937,-0.489865884161248
evm.TU.Ap6.938,-0.281765028705083
evm.TU.Ap6.94,0.0887946824944031
evm.TU.Ap6.943,0.214603447923094
evm.TU.Ap6.947,-0.182275719208389
evm.TU.Ap6.949,0.0244701025621111
evm.TU.Ap6.951,-0.211265230136893
evm.TU.Ap6.953,-0.0874871195358776
evm.TU.Ap6.964,-0.136929135875254
evm.TU.Ap6.966,0.147228772114697
evm.TU.Ap6.967_evm.TU.Ap6.970,0.669455999367309
evm.TU.Ap6.972_evm.TU.Ap6.974,0.0946992323001434
evm.TU.Ap6.975,-0.045454161958255
evm.TU.Ap6.99,-0.183829952278455
evm.TU.Ap6.990,-0.182531729494135
evm.TU.Ap6.997,0.331759342598144
evm.TU.Ap7.1,-0.0628814421616543
evm.TU.Ap7.100,0.615132504449733
evm.TU.Ap7.1001,-0.152149996124147
evm.TU.Ap7.1004,0.188574507221892
evm.TU.Ap7.1005_evm.TU.Ap7.1014,-0.0680648683047521
evm.TU.Ap7.1021,-0.159148338869266
evm.TU.Ap7.1031,-0.123467043733261
evm.TU.Ap7.1035,-0.448169888704295
evm.TU.Ap7.104,-0.19039264944928
evm.TU.Ap7.1041,0.0742391009238359
evm.TU.Ap7.1042,-0.00241682750226985
evm.TU.Ap7.1043,0.105952862611408
evm.TU.Ap7.1045,0.0454084265057435
evm.TU.Ap7.1050,-0.0296982694500323
evm.TU.Ap7.1052,-0.0853410832084711
evm.TU.Ap7.1054,-0.0893321950980701
evm.TU.Ap7.1055,-0.172158720126961
evm.TU.Ap7.1056,-0.11879890827163
evm.TU.Ap7.1058,0.0529792121822636
evm.TU.Ap7.1064,-0.275111000094709
evm.TU.Ap7.1068,-0.00145129518830498
evm.TU.Ap7.107,-0.251425345355565
evm.TU.Ap7.1070,-0.00127626874693872
evm.TU.Ap7.1071,-0.228423768094838
evm.TU.Ap7.1073,0.0130943108813947
evm.TU.Ap7.1078,-0.262638524075629
evm.TU.Ap7.1084,0.0999100353663014
evm.TU.Ap7.1085,0.24457462050886
evm.TU.Ap7.1089,0.321648420888819
evm.TU.Ap7.1091_evm.TU.Ap7.1092,0.17847403672893
evm.TU.Ap7.1093,0.261205383325685
evm.TU.Ap7.1095,0.253889019681606
evm.TU.Ap7.1101,-0.0780854873501574
evm.TU.Ap7.1103,-0.223433030060076
evm.TU.Ap7.111,0.234930965199052
evm.TU.Ap7.1111,0.205283768862997
evm.TU.Ap7.1112,0.0255565205472622
evm.TU.Ap7.1115,-0.551703373298259
evm.TU.Ap7.1125,-0.152631229768465
evm.TU.Ap7.113,-0.392939586775999
evm.TU.Ap7.1131,0.102819003018647
evm.TU.Ap7.1132,0.458319743166206
evm.TU.Ap7.1134,-0.0623628689520795
evm.TU.Ap7.1142,-0.153267008603635
evm.TU.Ap7.115,-0.307249999599068
evm.TU.Ap7.1158,-0.147525369652704
evm.TU.Ap7.1163,0.102565746173096
evm.TU.Ap7.1168,-0.0340013430214094
evm.TU.Ap7.1174,0.104005421577964
evm.TU.Ap7.1175,-0.343618461941377
evm.TU.Ap7.118,0.0257836690685906
evm.TU.Ap7.1191,0.33954298659122
evm.TU.Ap7.1193,-0.262327408766407
evm.TU.Ap7.1194,0.206953687110445
evm.TU.Ap7.1196,-0.205279113346608
evm.TU.Ap7.1197,0.0505228077772341
evm.TU.Ap7.1198,-0.464422184811355
evm.TU.Ap7.120,-0.529358401988579
evm.TU.Ap7.1204,-0.393607091823591
evm.TU.Ap7.121,-0.40119544266187
evm.TU.Ap7.1216,0.116291746909592
evm.TU.Ap7.123,-0.174637994731943
evm.TU.Ap7.1237,0.43120029685206
evm.TU.Ap7.124,-0.450303595401466
evm.TU.Ap7.125,-0.0939318416414613
evm.TU.Ap7.1253,-0.109978790175981
evm.TU.Ap7.126,-0.375282641915616
evm.TU.Ap7.127,-0.366280368757218
evm.TU.Ap7.1287,-0.0164918132646171
evm.TU.Ap7.1288,0.203878797294928
evm.TU.Ap7.1289,0.305567833703917
evm.TU.Ap7.129,-0.0124468965902951
evm.TU.Ap7.1290_evm.TU.Ap7.1291,0.234231802255015
evm.TU.Ap7.1292,0.00119698400057665
evm.TU.Ap7.1293,-0.24945510803258
evm.TU.Ap7.13,0.46069785648195
evm.TU.Ap7.130,-0.485333493024829
evm.TU.Ap7.1307,0.0555000881087173
evm.TU.Ap7.1310,-0.26052938802381
evm.TU.Ap7.1311,0.197912502709422
evm.TU.Ap7.1313,0.238336984555503
evm.TU.Ap7.1315,-0.114680625898806
evm.TU.Ap7.1317,-0.0486173750971781
evm.TU.Ap7.1318,-0.161392977442897
evm.TU.Ap7.132,-0.213757907189963
evm.TU.Ap7.1321,0.197775185413886
evm.TU.Ap7.1322,-0.0962366873633861
evm.TU.Ap7.133,-0.476659050438334
evm.TU.Ap7.1337,0.012877601230039
evm.TU.Ap7.1338,-0.113767640472559
evm.TU.Ap7.1339,-0.249387604654848
evm.TU.Ap7.134,-0.332706189245044
evm.TU.Ap7.1340,-0.0829148848608118
evm.TU.Ap7.135,0.0571653144553675
evm.TU.Ap7.1355,-0.109948683873278
evm.TU.Ap7.1361,0.338311160244887
evm.TU.Ap7.1362,0.0749367298066807
evm.TU.Ap7.1363,-0.130323470092117
evm.TU.Ap7.137,0.223744003843291
evm.TU.Ap7.138,-0.299613365805549
evm.TU.Ap7.1393,0.00466651349953313
evm.TU.Ap7.1395,-0.259478058310354
evm.TU.Ap7.1396,0.00599750697369831
evm.TU.Ap7.1397,0.223541780293723
evm.TU.Ap7.1399,-0.327024754366634
evm.TU.Ap7.1400,0.0550513966663397
evm.TU.Ap7.1401,0.0552147430081509
evm.TU.Ap7.1402,0.10246277526352
evm.TU.Ap7.1422,-0.170224511860812
evm.TU.Ap7.1423,-0.329461278631726
evm.TU.Ap7.1426,-0.310562698579439
evm.TU.Ap7.1427,-0.370861502825023
evm.TU.Ap7.1433,-0.164407429131591
evm.TU.Ap7.1439,-0.12609054380366
evm.TU.Ap7.144,0.0699323016089829
evm.TU.Ap7.1442,0.264710510021586
evm.TU.Ap7.1444,0.063942220428066
evm.TU.Ap7.1447,-0.219674292001414
evm.TU.Ap7.145,-0.010717367015762
evm.TU.Ap7.146,-0.0440485284763014
evm.TU.Ap7.1464,0.297744880333779
evm.TU.Ap7.1471,0.0786560887552899
evm.TU.Ap7.1479,0.18999810418778
evm.TU.Ap7.1482,0.15214538863253
evm.TU.Ap7.1488,0.173404691356997
evm.TU.Ap7.1489,-0.125963414081451
evm.TU.Ap7.1495,-0.136569574817732
evm.TU.Ap7.1498,-0.351425056512796
evm.TU.Ap7.1500,0.29947922017803
evm.TU.Ap7.1503,0.0786403251542526
evm.TU.Ap7.1504,-0.242590132522687
evm.TU.Ap7.1505,0.0350076559337185
evm.TU.Ap7.1507,0.308780706351551
evm.TU.Ap7.151,0.495556152151674
evm.TU.Ap7.1511,-0.138614956902119
evm.TU.Ap7.1512,0.202944166380509
evm.TU.Ap7.1515,-0.294839217354196
evm.TU.Ap7.1516,-0.00899365215466282
evm.TU.Ap7.1517,-0.0995198082222721
evm.TU.Ap7.1519,-0.522610893275071
evm.TU.Ap7.152,0.171295424779629
evm.TU.Ap7.1520,-0.249372366250572
evm.TU.Ap7.1523,-0.267179616488096
evm.TU.Ap7.1525,-0.0638935518120826
evm.TU.Ap7.1529,-0.562720898729849
evm.TU.Ap7.153,0.083009180572918
evm.TU.Ap7.1539,0.553975666328682
evm.TU.Ap7.1540,0.0209158970391671
evm.TU.Ap7.1541,-0.017177763006061
evm.TU.Ap7.1545,-0.181479588466498
evm.TU.Ap7.1549,0.0950935546764532
evm.TU.Ap7.155,0.12116361166366
evm.TU.Ap7.1556,-0.16677279440502
evm.TU.Ap7.1557,0.167757855014713
evm.TU.Ap7.1558,-0.0364759999163581
evm.TU.Ap7.1564,-0.393650209866082
evm.TU.Ap7.157_evm.TU.Ap7.164,0.26104845957198
evm.TU.Ap7.1570,-0.260363645358052
evm.TU.Ap7.1572,0.501241464045756
evm.TU.Ap7.1579,-0.264282739342515
evm.TU.Ap7.1592,-0.461037854713368
evm.TU.Ap7.1593,-0.445029584247231
evm.TU.Ap7.1599,-0.013992967109483
evm.TU.Ap7.1603,0.206248218329745
evm.TU.Ap7.1604,0.297937174111946
evm.TU.Ap7.1605,0.277540480742847
evm.TU.Ap7.1606,-0.142464655772109
evm.TU.Ap7.1608,0.381087843030868
evm.TU.Ap7.1609,0.464554548444186
evm.TU.Ap7.1610,-0.145390953395153
evm.TU.Ap7.1617,0.161203428690553
evm.TU.Ap7.1621,0.183419713226239
evm.TU.Ap7.1622,-0.161701325008906
evm.TU.Ap7.1623,-0.315146040916488
evm.TU.Ap7.1632,-0.131642113236908
evm.TU.Ap7.1633,-0.371704804859234
evm.TU.Ap7.1652,0.31914945059838
evm.TU.Ap7.1654,-0.420170477000604
evm.TU.Ap7.1668,-0.342955285271282
evm.TU.Ap7.1669,0.255967652807231
evm.TU.Ap7.167,0.314628131526214
evm.TU.Ap7.1670,-0.0362865261515287
evm.TU.Ap7.1671,-0.236528711920959
evm.TU.Ap7.168,0.301768842480845
evm.TU.Ap7.169,0.596054190820451
evm.TU.Ap7.1709,0.382737817658521
evm.TU.Ap7.1710,0.305706390045189
evm.TU.Ap7.1714,0.310690205595939
evm.TU.Ap7.1716,0.069433602461652
evm.TU.Ap7.1717,-0.277817018547937
evm.TU.Ap7.1718,0.0662396506861286
evm.TU.Ap7.1719,-0.395087525132448
evm.TU.Ap7.172,-0.330936580290953
evm.TU.Ap7.1720,-0.290218085691647
evm.TU.Ap7.1722,0.157748507864162
evm.TU.Ap7.1723,-0.593332088325748
evm.TU.Ap7.1727,0.236817279567401
evm.TU.Ap7.1733,-0.320550944047139
evm.TU.Ap7.1738,-0.262927397393371
evm.TU.Ap7.1740,0.07010179274684
evm.TU.Ap7.1742,-0.194440593941574
evm.TU.Ap7.1744,0.0976575704795862
evm.TU.Ap7.1745,-0.0202895381627126
evm.TU.Ap7.1747,0.237075368502901
evm.TU.Ap7.1748,0.113919354406226
evm.TU.Ap7.1769,0.194987995434214
evm.TU.Ap7.177,-0.491885131049372
evm.TU.Ap7.1770,0.126043829968488
evm.TU.Ap7.1771,0.40628897461101
evm.TU.Ap7.1775,-0.185794120276115
evm.TU.Ap7.1777,0.342117601941638
evm.TU.Ap7.1778,-0.183718642381287
evm.TU.Ap7.1779,0.115093626201648
evm.TU.Ap7.1791,-0.0644371838635944
evm.TU.Ap7.1793,-0.0638688623034009
evm.TU.Ap7.1795,-0.0279068861746315
evm.TU.Ap7.18,-0.04769833513223
evm.TU.Ap7.180,0.322170194653366
evm.TU.Ap7.1801,-0.323844226757096
evm.TU.Ap7.1802,-0.149839705265232
evm.TU.Ap7.1803,-0.223717511067315
evm.TU.Ap7.181,0.144554538299495
evm.TU.Ap7.1814,-0.196668634952752
evm.TU.Ap7.182,-0.0334170723029867
evm.TU.Ap7.1829,0.0890777206832437
evm.TU.Ap7.183,0.0077788191576538
evm.TU.Ap7.1835,-0.237739184413068
evm.TU.Ap7.1838,-0.136211305089238
evm.TU.Ap7.1839,-0.0073221514819255
evm.TU.Ap7.1841,-0.00666942159987584
evm.TU.Ap7.1849,-0.215064740568468
evm.TU.Ap7.185,-0.0325251407948935
evm.TU.Ap7.1869,-0.0514642563688448
evm.TU.Ap7.187,0.169596772986685
evm.TU.Ap7.1872,0.0683854793425473
evm.TU.Ap7.1879,-0.096881173669471
evm.TU.Ap7.1886,-0.103008194853406
evm.TU.Ap7.1892,-0.125605871079753
evm.TU.Ap7.19,-0.140937900724572
evm.TU.Ap7.190,0.350760042299385
evm.TU.Ap7.1905,-0.174727668830538
evm.TU.Ap7.1924,-0.0724947305950434
evm.TU.Ap7.1929,-0.148695287560726
evm.TU.Ap7.193,0.139947028388326
evm.TU.Ap7.1932,0.0460087012847987
evm.TU.Ap7.1933,0.135833218814073
evm.TU.Ap7.1939,-0.052696820852013
evm.TU.Ap7.194,0.173420617678268
evm.TU.Ap7.1947,0.143272401531887
evm.TU.Ap7.1948,0.145561474138916
evm.TU.Ap7.1949,0.148261240721179
evm.TU.Ap7.1950,0.0835548429607204
evm.TU.Ap7.1952,0.140504106590345
evm.TU.Ap7.1954,0.430786991611256
evm.TU.Ap7.1955,-0.0364071604050071
evm.TU.Ap7.1956,-0.121490215290256
evm.TU.Ap7.1970,-0.0161066224022185
evm.TU.Ap7.1979,-0.0725085030602328
evm.TU.Ap7.1984,-0.106544264161164
evm.TU.Ap7.1985,-0.184988002043397
evm.TU.Ap7.20,-0.287422753411846
evm.TU.Ap7.2004,-0.0504115350301062
evm.TU.Ap7.2006,0.130488783400004
evm.TU.Ap7.2007,-0.0579317285085583
evm.TU.Ap7.2008,-0.319509429171789
evm.TU.Ap7.2010,-0.28497691991805
evm.TU.Ap7.2016,0.285954471563491
evm.TU.Ap7.2025,0.0708651861699822
evm.TU.Ap7.203,0.128613782509984
evm.TU.Ap7.2037,0.482312908856089
evm.TU.Ap7.2039,0.232627998435578
evm.TU.Ap7.204,-0.0876930524785196
evm.TU.Ap7.2050_evm.TU.Ap7.2071,0.271602768236909
evm.TU.Ap7.206,-0.0508346810549503
evm.TU.Ap7.2072,0.190941421921113
evm.TU.Ap7.2073,0.257146628571625
evm.TU.Ap7.2074,0.366626163167604
evm.TU.Ap7.2075,0.29311895035246
evm.TU.Ap7.2078,0.416251400627467
evm.TU.Ap7.2079,0.334348169548785
evm.TU.Ap7.2088,0.0409494943835294
evm.TU.Ap7.209,0.20602873806517
evm.TU.Ap7.2090,0.0730816082012519
evm.TU.Ap7.2092,0.402722677304831
evm.TU.Ap7.2096,0.380984587630443
evm.TU.Ap7.2099,-0.184822090643614
evm.TU.Ap7.21,0.247923043801097
evm.TU.Ap7.210,0.0177083651866297
evm.TU.Ap7.2100,-0.107409561278407
evm.TU.Ap7.2101,0.0353676264407175
evm.TU.Ap7.2102,0.352256056280893
evm.TU.Ap7.2103,-0.0247903855437692
evm.TU.Ap7.2107,0.0908403615758113
evm.TU.Ap7.2108,-0.27838027237987
evm.TU.Ap7.211,-0.351550603980464
evm.TU.Ap7.2112,-0.0256862904105302
evm.TU.Ap7.2119,-0.317911604251255
evm.TU.Ap7.212,-0.399807717103285
evm.TU.Ap7.2120,-0.523543791406444
evm.TU.Ap7.2123,0.229299524684591
evm.TU.Ap7.213,-0.0793221385400475
evm.TU.Ap7.2135,-0.0972431071804777
evm.TU.Ap7.214,0.622957766738343
evm.TU.Ap7.2143,-0.0632670642306799
evm.TU.Ap7.2155,-0.218930768960023
evm.TU.Ap7.2156,0.347352155522054
evm.TU.Ap7.2157,0.0465178308091706
evm.TU.Ap7.216,0.134288172855059
evm.TU.Ap7.2160,-0.329047923042946
evm.TU.Ap7.2161,0.253230179572325
evm.TU.Ap7.2162,-0.052222524084252
evm.TU.Ap7.2163,0.025607625348243
evm.TU.Ap7.2165,-0.417953335454033
evm.TU.Ap7.2166,-0.518615557108225
evm.TU.Ap7.2167,-0.458997477022726
evm.TU.Ap7.2168,-0.482266202461979
evm.TU.Ap7.2169,-0.499696779006216
evm.TU.Ap7.2171,-0.552909859551448
evm.TU.Ap7.2172,-0.495900064957169
evm.TU.Ap7.2173,-0.438973730868367
evm.TU.Ap7.2176,-0.56285141313272
evm.TU.Ap7.218,-0.335668478732096
evm.TU.Ap7.2194,-0.274762324358237
evm.TU.Ap7.22,0.60707462315622
evm.TU.Ap7.220,-0.181065079960694
evm.TU.Ap7.221,-0.378724335407163
evm.TU.Ap7.2218,-0.424535112988447
evm.TU.Ap7.2219,-0.293514614786502
evm.TU.Ap7.222,-0.476720851458711
evm.TU.Ap7.2220,-0.377542422343207
evm.TU.Ap7.2221,-0.183869197531526
evm.TU.Ap7.2235,0.466845279584413
evm.TU.Ap7.224,-0.190602150584709
evm.TU.Ap7.2240,0.348607598051338
evm.TU.Ap7.2243,0.265477042891829
evm.TU.Ap7.2244,0.476747016496054
evm.TU.Ap7.2246,-0.00887853744593535
evm.TU.Ap7.2247,0.44943963654411
evm.TU.Ap7.2248,0.210077370557402
evm.TU.Ap7.2249,0.176550203197286
evm.TU.Ap7.225,-0.181621041972184
evm.TU.Ap7.2250,0.187222548079767
evm.TU.Ap7.2251,-0.595992925917286
evm.TU.Ap7.2252,0.0299381468261394
evm.TU.Ap7.2253,0.587479714348434
evm.TU.Ap7.226,0.53629261294736
evm.TU.Ap7.2267,-0.0352612279294269
evm.TU.Ap7.2269,0.249388113896114
evm.TU.Ap7.2278_evm.TU.Ap7.2279,-0.180432531149732
evm.TU.Ap7.228,0.214077050564114
evm.TU.Ap7.2286,0.0898526447916952
evm.TU.Ap7.2293,0.514225402307589
evm.TU.Ap7.2296,0.124170281749624
evm.TU.Ap7.2297,-0.000105371292106383
evm.TU.Ap7.2299,-0.278407884705272
evm.TU.Ap7.23,-0.146915545662225
evm.TU.Ap7.231,-0.0421460098432875
evm.TU.Ap7.2326,0.173512998350302
evm.TU.Ap7.2337,0.112676802765569
evm.TU.Ap7.234,0.183841260757891
evm.TU.Ap7.2340,-0.415930143271675
evm.TU.Ap7.2348,0.197031329521717
evm.TU.Ap7.2350,0.112093937496552
evm.TU.Ap7.2353,0.192537600338052
evm.TU.Ap7.2358,-0.18152279399027
evm.TU.Ap7.2359,-0.178480213111953
evm.TU.Ap7.236,0.420532033257398
evm.TU.Ap7.2362,-0.124863073836753
evm.TU.Ap7.2363,-0.0241569299398085
evm.TU.Ap7.2365,0.445301914336068
evm.TU.Ap7.2371,-0.362660764234899
evm.TU.Ap7.2373,-0.449061753627362
evm.TU.Ap7.2374,0.295595136911454
evm.TU.Ap7.2375,-0.0772871460300671
evm.TU.Ap7.2379,0.178345301562003
evm.TU.Ap7.238,0.203300500614384
evm.TU.Ap7.2382,-0.457600652139023
evm.TU.Ap7.2386,-0.371534855551755
evm.TU.Ap7.2388,-0.479853608459726
evm.TU.Ap7.239,-0.0837268507390802
evm.TU.Ap7.2397,0.0671987877487282
evm.TU.Ap7.2398,0.212710290384303
evm.TU.Ap7.24,-0.0438057614612666
evm.TU.Ap7.240,-0.141214420813526
evm.TU.Ap7.2401,-0.183032254745679
evm.TU.Ap7.2409,-0.058080994486218
evm.TU.Ap7.241,0.159791157171101
evm.TU.Ap7.2412,0.0388028575475807
evm.TU.Ap7.2420,0.278590136900167
evm.TU.Ap7.2421,0.460342949484253
evm.TU.Ap7.2424,-0.237753561928124
evm.TU.Ap7.243,0.00387152728255114
evm.TU.Ap7.2431,-0.313212846016816
evm.TU.Ap7.2432,-0.0705328284181331
evm.TU.Ap7.2436,0.315850311073848
evm.TU.Ap7.2437,0.0388970821049373
evm.TU.Ap7.244,0.329688528305054
evm.TU.Ap7.2444,-0.00966045284527752
evm.TU.Ap7.2447,-0.0354503943984314
evm.TU.Ap7.245,0.18513312780267
evm.TU.Ap7.2451,0.0816470707413787
evm.TU.Ap7.2454,-0.131224078577037
evm.TU.Ap7.2461,-0.502090310739834
evm.TU.Ap7.2464,0.0879476030002051
evm.TU.Ap7.2467,-0.21358922435334
evm.TU.Ap7.247,-0.516667787533115
evm.TU.Ap7.2473,0.136411533242137
evm.TU.Ap7.2482,-0.194635691823343
evm.TU.Ap7.2483,-0.257938063540902
evm.TU.Ap7.2485,-0.443049301364963
evm.TU.Ap7.2492,0.438536075517715
evm.TU.Ap7.25,0.278515812271675
evm.TU.Ap7.2505,-0.0920178320943214
evm.TU.Ap7.2506,-0.141538613598249
evm.TU.Ap7.2511,0.24249433218555
evm.TU.Ap7.2543,-0.0289219036042902
evm.TU.Ap7.2554,-0.192640289478193
evm.TU.Ap7.2555,-0.240749583881378
evm.TU.Ap7.2556,-0.324709536763311
evm.TU.Ap7.2557,-0.157613334991763
evm.TU.Ap7.2562,-0.252583462125461
evm.TU.Ap7.2565,0.58060703287473
evm.TU.Ap7.2566,-0.222065213313584
evm.TU.Ap7.2570,-0.468776270241455
evm.TU.Ap7.2573,0.012140060582148
evm.TU.Ap7.2578,0.328164414728146
evm.TU.Ap7.2583,0.453826802470603
evm.TU.Ap7.2584,-0.166819731882272
evm.TU.Ap7.2586,0.272518425987351
evm.TU.Ap7.259,0.276499463070619
evm.TU.Ap7.2590,-0.284357189647108
evm.TU.Ap7.2597,0.444633699085193
evm.TU.Ap7.2598,-0.157387442081069
evm.TU.Ap7.2599,-0.230156081057388
evm.TU.Ap7.2600,0.328589542231954
evm.TU.Ap7.2609,-0.0611364262712179
evm.TU.Ap7.2616,0.173947665783816
evm.TU.Ap7.262,0.207942023533729
evm.TU.Ap7.2620,-0.0191480684560488
evm.TU.Ap7.2624,0.276153148009434
evm.TU.Ap7.2626,0.410922512547266
evm.TU.Ap7.2627,-0.00642036511656568
evm.TU.Ap7.2628,0.0777857628298157
evm.TU.Ap7.2637,0.146236103562894
evm.TU.Ap7.2638,-0.0254383825385781
evm.TU.Ap7.264,0.46708424173355
evm.TU.Ap7.2644,-0.273931640340082
evm.TU.Ap7.2645,0.117644634369719
evm.TU.Ap7.2646,-0.105628089755615
evm.TU.Ap7.2649,-0.214785752217349
evm.TU.Ap7.2667,-0.159276726943477
evm.TU.Ap7.2669,0.345804692553455
evm.TU.Ap7.2678,0.16335660988175
evm.TU.Ap7.2681,0.170270126373654
evm.TU.Ap7.2689,-0.271304299482257
evm.TU.Ap7.2690,0.0303735937809593
evm.TU.Ap7.2698,-0.34082378005601
evm.TU.Ap7.2699,0.0178890751528077
evm.TU.Ap7.2703,0.405056644139242
evm.TU.Ap7.2704,0.265665475660562
evm.TU.Ap7.2705,0.0644261390566884
evm.TU.Ap7.2709,-0.0715900893597178
evm.TU.Ap7.271,-0.243494495470202
evm.TU.Ap7.2710,0.0329285153734998
evm.TU.Ap7.2711,-0.0444730000000502
evm.TU.Ap7.2712,0.218099504033275
evm.TU.Ap7.2713,-0.0993450963807987
evm.TU.Ap7.2720,0.0431203076088371
evm.TU.Ap7.2726,-0.216286326346194
evm.TU.Ap7.2731,-0.185199579969584
evm.TU.Ap7.2736,0.452447307160807
evm.TU.Ap7.2737,0.226274206332318
evm.TU.Ap7.2738,-0.276107880351367
evm.TU.Ap7.2739,-0.494464444040394
evm.TU.Ap7.2740,-0.537173269071685
evm.TU.Ap7.2741,-0.254778503473348
evm.TU.Ap7.2744,-0.54891984979732
evm.TU.Ap7.2745,-0.546621966320924
evm.TU.Ap7.2746,-0.571924438035442
evm.TU.Ap7.2747,-0.284257492764424
evm.TU.Ap7.2751,-0.405496330147013
evm.TU.Ap7.2753,-0.0520801159298112
evm.TU.Ap7.2758,-0.00463846908825215
evm.TU.Ap7.2759,0.678579012759577
evm.TU.Ap7.2760,0.288156227398325
evm.TU.Ap7.2766,0.247412626529672
evm.TU.Ap7.2767,-0.370640683513806
evm.TU.Ap7.2769,-0.168043646152473
evm.TU.Ap7.2770,-0.0280287995955181
evm.TU.Ap7.2773,-0.358195551858514
evm.TU.Ap7.2776,0.102940698933525
evm.TU.Ap7.2777,0.123165058071383
evm.TU.Ap7.278,0.15560322783794
evm.TU.Ap7.2780,-0.152246378385574
evm.TU.Ap7.2781,0.121673968370953
evm.TU.Ap7.2782,-0.0578740910967685
evm.TU.Ap7.2798,0.00663439483413893
evm.TU.Ap7.2799,-0.224261052531797
evm.TU.Ap7.2800,-0.513135059898582
evm.TU.Ap7.2801,-0.341961474622369
evm.TU.Ap7.2803,-0.0904948758318685
evm.TU.Ap7.2804,0.478489506187366
evm.TU.Ap7.2806,-0.337977890227342
evm.TU.Ap7.2807,-0.226606016017809
evm.TU.Ap7.2808,-0.263904821790513
evm.TU.Ap7.2810,-0.0727267644139644
evm.TU.Ap7.2812,0.0243984610961546
evm.TU.Ap7.2814_evm.TU.Ap7.2815,-0.195569733756573
evm.TU.Ap7.2817,-0.311746272147628
evm.TU.Ap7.2818,0.346792717869593
evm.TU.Ap7.2822,0.0953356001090864
evm.TU.Ap7.2824,0.242533201512239
evm.TU.Ap7.2825,0.110902161311172
evm.TU.Ap7.2827,0.250618879363802
evm.TU.Ap7.2828,0.529853545425558
evm.TU.Ap7.283,0.00724929979908884
evm.TU.Ap7.2830,-0.353199858954802
evm.TU.Ap7.2832,-0.357227770036195
evm.TU.Ap7.2837,-0.263322638211282
evm.TU.Ap7.2838,-0.361129677990724
evm.TU.Ap7.2839,-0.359259722311813
evm.TU.Ap7.284,-0.127730045008665
evm.TU.Ap7.2843,-0.526420079132619
evm.TU.Ap7.2844,0.172334717719918
evm.TU.Ap7.2846,0.06246189115653
evm.TU.Ap7.2847,-0.662172146777795
evm.TU.Ap7.2848,0.0279517380029365
evm.TU.Ap7.2849,-0.106277219484926
evm.TU.Ap7.285,0.055378714691673
evm.TU.Ap7.2850,-0.126573221174538
evm.TU.Ap7.2852,0.174700934616088
evm.TU.Ap7.2855,-0.301476481075098
evm.TU.Ap7.2858,0.0750307565885946
evm.TU.Ap7.2859,0.0816082542990113
evm.TU.Ap7.2863,0.178641216923486
evm.TU.Ap7.2868,0.118549047140449
evm.TU.Ap7.287,0.0986521522717031
evm.TU.Ap7.2870,0.159136025231221
evm.TU.Ap7.2871,-0.332710493075098
evm.TU.Ap7.2872,-0.0718394016592241
evm.TU.Ap7.2873,-0.462983011343779
evm.TU.Ap7.2874,-0.439954382592972
evm.TU.Ap7.2876,0.064315358085389
evm.TU.Ap7.288,-0.142434159820717
evm.TU.Ap7.2881,-0.322262854560057
evm.TU.Ap7.2882,-0.0395252437095531
evm.TU.Ap7.2884,-0.121900955774108
evm.TU.Ap7.2899,0.121907309099664
evm.TU.Ap7.29,-0.129309255032099
evm.TU.Ap7.2903,-0.108938231223674
evm.TU.Ap7.2904_evm.TU.Ap7.2905,-0.400704162362026
evm.TU.Ap7.2909,0.172292525406107
evm.TU.Ap7.291,0.248835200437274
evm.TU.Ap7.2911,-0.441266084819946
evm.TU.Ap7.2913,0.373993450186041
evm.TU.Ap7.2914,0.234413807472361
evm.TU.Ap7.2916,0.357973175432171
evm.TU.Ap7.2917,-0.459770270140423
evm.TU.Ap7.2918,-0.0278178739198846
evm.TU.Ap7.2921,-0.250545262232894
evm.TU.Ap7.2922,-0.327788187536338
evm.TU.Ap7.2925,-0.0133599006060914
evm.TU.Ap7.2926,-0.169115398600534
evm.TU.Ap7.2928,0.56896257615551
evm.TU.Ap7.2930,0.0378697787000913
evm.TU.Ap7.2931,0.087145351613079
evm.TU.Ap7.2933,0.174301343867312
evm.TU.Ap7.2934,-0.361728976629187
evm.TU.Ap7.2935,-0.0874057309591028
evm.TU.Ap7.294,0.31264595376718
evm.TU.Ap7.296,-0.416299204927459
evm.TU.Ap7.299,-0.458921352222695
evm.TU.Ap7.30,0.0943169287443836
evm.TU.Ap7.300,-0.390523326822689
evm.TU.Ap7.302,0.108377527759878
evm.TU.Ap7.305,0.33944828713789
evm.TU.Ap7.306,-0.0504476895885508
evm.TU.Ap7.313,-0.338740765397169
evm.TU.Ap7.316,-0.219879822570757
evm.TU.Ap7.317,-0.105276152495688
evm.TU.Ap7.32,0.252308628091626
evm.TU.Ap7.320,0.269018291059074
evm.TU.Ap7.321,0.113028544571333
evm.TU.Ap7.33,0.017175389203316
evm.TU.Ap7.352,-0.352946360505864
evm.TU.Ap7.353,-0.15895643675051
evm.TU.Ap7.354,-0.0291826409015937
evm.TU.Ap7.355,0.0181753321570848
evm.TU.Ap7.359,0.160408914787473
evm.TU.Ap7.360,-0.361052345285167
evm.TU.Ap7.361,0.477164671615999
evm.TU.Ap7.366,-0.40954391231097
evm.TU.Ap7.374,0.25625971393082
evm.TU.Ap7.378,-0.144812060005687
evm.TU.Ap7.379,0.235230534485543
evm.TU.Ap7.38,0.181343153880231
evm.TU.Ap7.39,-0.609221153473115
evm.TU.Ap7.401,0.0192505644416252
evm.TU.Ap7.403,-0.0781673209453647
evm.TU.Ap7.404,0.0034345994853596
evm.TU.Ap7.405,0.326064393160362
evm.TU.Ap7.406,-0.0617510869842231
evm.TU.Ap7.408,-0.164596541327401
evm.TU.Ap7.418,-0.0219443012022179
evm.TU.Ap7.435,0.142962192628611
evm.TU.Ap7.443,-0.176019474426326
evm.TU.Ap7.445,0.144794829199269
evm.TU.Ap7.452,-0.0475393940788145
evm.TU.Ap7.457,0.642662264431788
evm.TU.Ap7.458,0.303080187262968
evm.TU.Ap7.460,-0.0852498390263925
evm.TU.Ap7.461,-0.00669950756405135
evm.TU.Ap7.462,-0.203493058755317
evm.TU.Ap7.463,0.0606818183946192
evm.TU.Ap7.468,0.0500325219384193
evm.TU.Ap7.473,-0.0841382517471661
evm.TU.Ap7.48,0.008190893284318
evm.TU.Ap7.489,-0.0658672569732472
evm.TU.Ap7.49,0.235518860111984
evm.TU.Ap7.492,-0.120397473820498
evm.TU.Ap7.523,-0.0998576467311246
evm.TU.Ap7.524,0.277119849811819
evm.TU.Ap7.525,0.523299113183244
evm.TU.Ap7.53,0.38014755009141
evm.TU.Ap7.539,0.404844429394861
evm.TU.Ap7.54,0.143270365622809
evm.TU.Ap7.541,0.0552080536815742
evm.TU.Ap7.543,0.488959300609291
evm.TU.Ap7.544,0.0511632230670915
evm.TU.Ap7.563,-0.114107489708007
evm.TU.Ap7.576,-0.370974035085139
evm.TU.Ap7.577,-0.0597989978713366
evm.TU.Ap7.593,-0.0298525710984299
evm.TU.Ap7.6,0.202385192489434
evm.TU.Ap7.60,-0.0112480938325933
evm.TU.Ap7.601,-0.128581482257867
evm.TU.Ap7.605,-0.173256390631339
evm.TU.Ap7.607,0.0810693506837582
evm.TU.Ap7.61,0.00817723012310212
evm.TU.Ap7.615,0.039708037870052
evm.TU.Ap7.660,0.113266397234318
evm.TU.Ap7.661,0.186206352912545
evm.TU.Ap7.665,-0.176567911303934
evm.TU.Ap7.667,-0.0469762724210829
evm.TU.Ap7.703,-0.0588466443933325
evm.TU.Ap7.705,0.309788853548196
evm.TU.Ap7.706,0.086905081297139
evm.TU.Ap7.709,0.153653482711997
evm.TU.Ap7.713,-0.197254676858219
evm.TU.Ap7.714,0.248738238077515
evm.TU.Ap7.719,-0.114270215158682
evm.TU.Ap7.721,0.187820286968884
evm.TU.Ap7.726,0.134488654576081
evm.TU.Ap7.728,0.00856223562751084
evm.TU.Ap7.74,-0.354040003742853
evm.TU.Ap7.746,0.116115777115198
evm.TU.Ap7.747,-0.0535200636046375
evm.TU.Ap7.748,0.054943607268831
evm.TU.Ap7.749,-0.143469770172145
evm.TU.Ap7.752,0.0433968324892113
evm.TU.Ap7.753,0.0106292288273486
evm.TU.Ap7.755,-0.0322922924904403
evm.TU.Ap7.78,0.0081976588921595
evm.TU.Ap7.794,-0.248163620582046
evm.TU.Ap7.795,0.0105432483951763
evm.TU.Ap7.796_evm.TU.Ap7.801,0.012999236917333
evm.TU.Ap7.823,-0.138311329432864
evm.TU.Ap7.833,0.0633921957405505
evm.TU.Ap7.835,-0.268517845228975
evm.TU.Ap7.836,-0.0370298148702427
evm.TU.Ap7.838,0.11723201921752
evm.TU.Ap7.840,0.0969326548811818
evm.TU.Ap7.841,-0.0937798991786101
evm.TU.Ap7.844,-0.156980530561131
evm.TU.Ap7.846,-0.224745121145053
evm.TU.Ap7.847,0.394068523132587
evm.TU.Ap7.856,0.155073562972878
evm.TU.Ap7.860,0.14979905941825
evm.TU.Ap7.863,-0.233085134522005
evm.TU.Ap7.864,-0.335469701526037
evm.TU.Ap7.871,-0.25570461925377
evm.TU.Ap7.876,-0.27746082970282
evm.TU.Ap7.878,-0.230613009662762
evm.TU.Ap7.879,-0.210213618962362
evm.TU.Ap7.88,-0.269737655413924
evm.TU.Ap7.89,-0.244003155192803
evm.TU.Ap7.896,-0.062681986505234
evm.TU.Ap7.897,-0.136027152854951
evm.TU.Ap7.900,-0.356296116856683
evm.TU.Ap7.901,-0.212913276745095
evm.TU.Ap7.902,-0.331656878934283
evm.TU.Ap7.904,-0.399745798978343
evm.TU.Ap7.908,-0.45884230098205
evm.TU.Ap7.91,0.157430431156976
evm.TU.Ap7.92,0.0112341258546464
evm.TU.Ap7.923,-0.0294557878586406
evm.TU.Ap7.930,0.0764317707646155
evm.TU.Ap7.931,0.138793618198385
evm.TU.Ap7.937,0.247168463613257
evm.TU.Ap7.939,-0.387231938238517
evm.TU.Ap7.94,-0.405199916108476
evm.TU.Ap7.944,-0.021014384715486
evm.TU.Ap7.948,-0.167672875043989
evm.TU.Ap7.949,-0.321941698572349
evm.TU.Ap7.950,-0.303377525691789
evm.TU.Ap7.951,0.0858412276440147
evm.TU.Ap7.952,0.0425942653931453
evm.TU.Ap7.954,0.308013036419019
evm.TU.Ap7.960,0.183197481765912
evm.TU.Ap7.962,0.217037561088375
evm.TU.Ap7.963,0.0846207960030767
evm.TU.Ap7.968,0.0958180338783445
evm.TU.Ap7.969,0.338157710686437
evm.TU.Ap7.970,0.0980543054465988
evm.TU.Ap7.971,-0.395857478985108
evm.TU.Ap7.973,-0.162215466628498
evm.TU.Ap7.975,-0.0750208464297167
evm.TU.Ap7.980,-0.158286797077283
evm.TU.Ap7.984,-0.325298127706845
evm.TU.Ap7.985,0.347774363260292
evm.TU.Ap7.986,-0.423556910287747
evm.TU.Ap7.99,0.106598746921516
evm.TU.Ap7.992,-0.224912819487364
evm.TU.Ap7.996,0.1134047316429
evm.TU.Ap7.998,0.0529416655040738
evm.TU.Ap8.10,-0.413856367349573
evm.TU.Ap8.1005,-0.029362882397428
evm.TU.Ap8.1006,-0.17698028266643
evm.TU.Ap8.1023,0.112736892160818
evm.TU.Ap8.1046,0.304195379586689
evm.TU.Ap8.1047,0.0848160865411962
evm.TU.Ap8.1056,0.164697835554063
evm.TU.Ap8.1058,-0.0813713433867839
evm.TU.Ap8.1059,-0.00375888542681486
evm.TU.Ap8.1063,0.13784777525803
evm.TU.Ap8.1071,0.32126653236978
evm.TU.Ap8.1073,-0.269567981679995
evm.TU.Ap8.1083,-0.138046326469357
evm.TU.Ap8.1084,-0.110823134391014
evm.TU.Ap8.1088,0.335147448765451
evm.TU.Ap8.11,-0.423133229464913
evm.TU.Ap8.1100,0.103386602075467
evm.TU.Ap8.1101,0.307525986799285
evm.TU.Ap8.1129,0.173993368318567
evm.TU.Ap8.113,-0.0757908116089762
evm.TU.Ap8.1132,0.100414386833139
evm.TU.Ap8.1136,-0.232835658585808
evm.TU.Ap8.1146,-0.618978425945122
evm.TU.Ap8.116,0.109489815688343
evm.TU.Ap8.1164,-0.0381844643904178
evm.TU.Ap8.1172,-0.356233170415614
evm.TU.Ap8.118,-0.032615634958577
evm.TU.Ap8.1187_evm.TU.Ap8.1174_evm.TU.Ap8.1175_evm.TU.Ap8.1176,-0.101232596269352
evm.TU.Ap8.119,0.044538343373951
evm.TU.Ap8.1193,0.079721860370414
evm.TU.Ap8.12,-0.232651209702616
evm.TU.Ap8.1209,-0.28235451915725
evm.TU.Ap8.1222,0.0867649419885523
evm.TU.Ap8.1223,0.206777901409869
evm.TU.Ap8.1228,-0.0396288700217086
evm.TU.Ap8.1231,-0.312343679488204
evm.TU.Ap8.1232,0.0105020584817754
evm.TU.Ap8.1233,-0.0790498468581473
evm.TU.Ap8.1234,-0.0345233476358032
evm.TU.Ap8.1235,-0.240406684210395
evm.TU.Ap8.1238,-0.113508460707651
evm.TU.Ap8.1243,0.272274539440386
evm.TU.Ap8.1245,0.177443217007516
evm.TU.Ap8.1246,-0.100351246795728
evm.TU.Ap8.1248,0.153923324355156
evm.TU.Ap8.1250,0.29362051130672
evm.TU.Ap8.1251,0.260450702542475
evm.TU.Ap8.1254,0.402744295862057
evm.TU.Ap8.1257,-0.304621669480062
evm.TU.Ap8.1258,0.175335076274005
evm.TU.Ap8.1259,-0.215241638395362
evm.TU.Ap8.1260,0.298448085029335
evm.TU.Ap8.1261,0.192031047986021
evm.TU.Ap8.1263,-0.202761107876026
evm.TU.Ap8.1264,0.185496702645519
evm.TU.Ap8.1269,-0.177034268294662
evm.TU.Ap8.1270,-0.416851728639101
evm.TU.Ap8.1271,0.194780156631174
evm.TU.Ap8.1273,0.427240518543148
evm.TU.Ap8.1289,-0.0855559620026173
evm.TU.Ap8.129,-0.0762434549681209
evm.TU.Ap8.1290,0.00912208908920897
evm.TU.Ap8.1294,0.27126514940273
evm.TU.Ap8.1295,-0.0607677871315416
evm.TU.Ap8.1296,-0.102804551716868
evm.TU.Ap8.1297,-0.0901895815713939
evm.TU.Ap8.1298,0.0973314318120494
evm.TU.Ap8.13,-0.362471681443128
evm.TU.Ap8.130,0.500120115517386
evm.TU.Ap8.1300,-0.16341134524529
evm.TU.Ap8.1306,-0.021452598337367
evm.TU.Ap8.1308,-0.28936641132125
evm.TU.Ap8.1309,-0.298540375670447
evm.TU.Ap8.1315,-0.140348255434372
evm.TU.Ap8.1316,-0.0138806577283473
evm.TU.Ap8.1321,0.292324865249233
evm.TU.Ap8.1326,0.18312584701411
evm.TU.Ap8.1327,0.219395008112992
evm.TU.Ap8.1328,0.050247466470763
evm.TU.Ap8.133,0.610076614773943
evm.TU.Ap8.1350,-0.0145155984266692
evm.TU.Ap8.1353,-0.0540363578684249
evm.TU.Ap8.1357,0.0159439514199323
evm.TU.Ap8.136,0.106163282893127
evm.TU.Ap8.1360,-0.144143468068183
evm.TU.Ap8.1361,0.0194259861133956
evm.TU.Ap8.1362,-0.367430517830156
evm.TU.Ap8.1368,-0.434150519297862
evm.TU.Ap8.137,0.188523346257757
evm.TU.Ap8.1372,-0.0431535822773933
evm.TU.Ap8.1373,-0.494623372510367
evm.TU.Ap8.1374,-0.00881782882232379
evm.TU.Ap8.138,0.353530501656943
evm.TU.Ap8.1381,-0.324825979490993
evm.TU.Ap8.1389,0.145570504298622
evm.TU.Ap8.139,0.362260904083168
evm.TU.Ap8.1391,-0.287176905329138
evm.TU.Ap8.1392,-0.0977169243547417
evm.TU.Ap8.1393,-0.125020343034767
evm.TU.Ap8.140,0.233842907045851
evm.TU.Ap8.1404,-0.0748244161261169
evm.TU.Ap8.141,0.384277675223095
evm.TU.Ap8.142,0.0127150939722908
evm.TU.Ap8.143,0.307008327438377
evm.TU.Ap8.144,0.136554964925882
evm.TU.Ap8.1440,-0.164921392363927
evm.TU.Ap8.1441,-0.0351548758300606
evm.TU.Ap8.1442,-0.110368144866607
evm.TU.Ap8.145,-0.0444756447936631
evm.TU.Ap8.1450,-0.0894569326471514
evm.TU.Ap8.1458,-0.272344783257904
evm.TU.Ap8.146,-0.206476706944269
evm.TU.Ap8.1463,-0.229566247296219
evm.TU.Ap8.1466,0.181789976216084
evm.TU.Ap8.1467,0.0905241750968398
evm.TU.Ap8.147,-0.140538958425873
evm.TU.Ap8.1471,0.293305665247657
evm.TU.Ap8.1481,0.0191356526482883
evm.TU.Ap8.1487,-0.302070865162048
evm.TU.Ap8.1492,-0.10973079812008
evm.TU.Ap8.1493,-0.0391187472987064
evm.TU.Ap8.151,-0.17647213753486
evm.TU.Ap8.1510,-0.310824174358679
evm.TU.Ap8.1514,-0.40456545870834
evm.TU.Ap8.1517,-0.309690509561465
evm.TU.Ap8.152,-0.0045475551352722
evm.TU.Ap8.1529,-0.00403735986559574
evm.TU.Ap8.1532,-0.230143061915221
evm.TU.Ap8.1536_evm.TU.Ap8.1571,-0.2502788612475
evm.TU.Ap8.158,0.451069348831059
evm.TU.Ap8.161,0.461086279904355
evm.TU.Ap8.1615,-0.132473529955594
evm.TU.Ap8.1617,-0.0586874814952618
evm.TU.Ap8.162,0.189923044915833
evm.TU.Ap8.165,0.0244625202927952
evm.TU.Ap8.1666,-0.239000234241322
evm.TU.Ap8.1669,-0.126322626258078
evm.TU.Ap8.1670,-0.130209387448501
evm.TU.Ap8.1671,-0.421005412870849
evm.TU.Ap8.1672,-0.101451897848305
evm.TU.Ap8.1673,-0.473949023542281
evm.TU.Ap8.1679,-0.205231518785208
evm.TU.Ap8.1680_evm.TU.Ap8.1681,-0.0726808976626955
evm.TU.Ap8.1686,0.0892369670704017
evm.TU.Ap8.1687,0.149134841807452
evm.TU.Ap8.1688,0.565545255262306
evm.TU.Ap8.1689,0.154270536234095
evm.TU.Ap8.1690,-0.33143347105346
evm.TU.Ap8.1691,-0.130903862288127
evm.TU.Ap8.1692,-0.301092735480699
evm.TU.Ap8.1693,0.0319117196184932
evm.TU.Ap8.1696,-0.45239627848981
evm.TU.Ap8.1697,0.00325833896627935
evm.TU.Ap8.1702,0.545694518653153
evm.TU.Ap8.1703,-0.419542086920441
evm.TU.Ap8.1705,0.207731316181796
evm.TU.Ap8.1708,-0.327760026576559
evm.TU.Ap8.1709,-0.0328701106986572
evm.TU.Ap8.171,-0.326671297512406
evm.TU.Ap8.1710,-0.0917303279819778
evm.TU.Ap8.1711,-0.0328531833198991
evm.TU.Ap8.1713,-0.0374756046435339
evm.TU.Ap8.1714,-0.228902174772966
evm.TU.Ap8.1717,-0.263985041389633
evm.TU.Ap8.1719,-0.169929406605533
evm.TU.Ap8.1720,-0.363167259300042
evm.TU.Ap8.1721,-0.240435758848629
evm.TU.Ap8.1723,-0.0142389305600139
evm.TU.Ap8.173,-0.090476773837912
evm.TU.Ap8.1730,-0.150378074734859
evm.TU.Ap8.1735,-0.192216415774947
evm.TU.Ap8.1736,-0.107351078560933
evm.TU.Ap8.1739,0.150075426354998
evm.TU.Ap8.1740,-0.265753995457672
evm.TU.Ap8.1742,-0.585247694530543
evm.TU.Ap8.1744,-0.318301698375213
evm.TU.Ap8.1746,-0.283973331873371
evm.TU.Ap8.1747,-0.275957887790881
evm.TU.Ap8.1753,-0.248429989860659
evm.TU.Ap8.176,-0.0584110076832874
evm.TU.Ap8.1769,0.123904884701089
evm.TU.Ap8.177,0.0551806354988079
evm.TU.Ap8.178,0.332518372746428
evm.TU.Ap8.1797_evm.TU.Ap8.1799,-0.0294831630219888
evm.TU.Ap8.180,0.227264515820572
evm.TU.Ap8.1800,0.213104955546219
evm.TU.Ap8.1804,0.0278077070084598
evm.TU.Ap8.1805,-0.151402890091608
evm.TU.Ap8.181,0.446986568314601
evm.TU.Ap8.182,0.180646305248852
evm.TU.Ap8.1822,-0.0300092233020628
evm.TU.Ap8.183,0.631012879837687
evm.TU.Ap8.184,0.42648851674169
evm.TU.Ap8.1841,-0.114226441132946
evm.TU.Ap8.1842,0.0779266128822968
evm.TU.Ap8.1844,-0.191431826420756
evm.TU.Ap8.189,0.0883133751282079
evm.TU.Ap8.1904,0.00489903746705808
evm.TU.Ap8.1905,-0.0883325152713683
evm.TU.Ap8.1906,-0.196974821235509
evm.TU.Ap8.1907,0.0117360182681541
evm.TU.Ap8.1909,0.154463294666396
evm.TU.Ap8.1915,-0.157828282546061
evm.TU.Ap8.192,-0.0657258477040688
evm.TU.Ap8.1921,-0.146533691668995
evm.TU.Ap8.1926,-0.0553232798770446
evm.TU.Ap8.1938,-0.218887314478502
evm.TU.Ap8.1941,-0.121405055743957
evm.TU.Ap8.1950,-0.18470725063941
evm.TU.Ap8.1954,-0.0490352000778763
evm.TU.Ap8.1955,-0.0120326690658027
evm.TU.Ap8.1956,0.0952684026851005
evm.TU.Ap8.1958,-0.0881777649689043
evm.TU.Ap8.1959,-0.0508003565905771
evm.TU.Ap8.1961,-0.0774515712584671
evm.TU.Ap8.1962,0.0238248805012445
evm.TU.Ap8.1966,-0.0202572589254851
evm.TU.Ap8.1967,-0.259541927365489
evm.TU.Ap8.197,-0.438912645172436
evm.TU.Ap8.1976,0.144520637568947
evm.TU.Ap8.198,0.147337739573472
evm.TU.Ap8.1981,0.0736399150452997
evm.TU.Ap8.1993,0.0657118106122558
evm.TU.Ap8.2,-0.347011835639122
evm.TU.Ap8.2002,0.177379393920799
evm.TU.Ap8.2004,-0.0703633587960489
evm.TU.Ap8.201,0.599679757956506
evm.TU.Ap8.2010,0.0420329858427064
evm.TU.Ap8.2012,0.0154900366268909
evm.TU.Ap8.2035,0.321960873847637
evm.TU.Ap8.2036,0.100900416254041
evm.TU.Ap8.2038,0.292060165515123
evm.TU.Ap8.2044,-0.111019020681979
evm.TU.Ap8.2045,-0.14095076377487
evm.TU.Ap8.2048,-0.254901491773033
evm.TU.Ap8.205,0.0366440881971935
evm.TU.Ap8.2051,0.0272054074798479
evm.TU.Ap8.206,0.196625738377384
evm.TU.Ap8.2074_evm.TU.Ap8.2080,-0.307537104032776
evm.TU.Ap8.2088,-0.043445898916797
evm.TU.Ap8.2089,0.117121787586083
evm.TU.Ap8.2098,0.0421954214552908
evm.TU.Ap8.21,0.172214697214286
evm.TU.Ap8.2101,-0.016176265595941
evm.TU.Ap8.2103,-0.0784967233098988
evm.TU.Ap8.2104_evm.TU.Ap8.2105,-0.168236002133452
evm.TU.Ap8.2106,-0.12623655971516
evm.TU.Ap8.2107,-0.214027728936981
evm.TU.Ap8.2111,0.0433849388127983
evm.TU.Ap8.2117,0.11765279605336
evm.TU.Ap8.2118,-0.352620845506421
evm.TU.Ap8.2120,0.0718915831851188
evm.TU.Ap8.2138,0.249670817439983
evm.TU.Ap8.2139,-0.43556503064384
evm.TU.Ap8.214,-0.12599467734653
evm.TU.Ap8.2144,-0.435115768883856
evm.TU.Ap8.2146,0.197706386933725
evm.TU.Ap8.215,-0.462136270791066
evm.TU.Ap8.2159,-0.0480477156250199
evm.TU.Ap8.2163,-0.0158832621539235
evm.TU.Ap8.217,0.219660607168024
evm.TU.Ap8.2184,0.0307038277986333
evm.TU.Ap8.2185,-0.181201019276289
evm.TU.Ap8.2187,0.409354262287509
evm.TU.Ap8.2188,-0.040202882690217
evm.TU.Ap8.219,-0.0474981695285595
evm.TU.Ap8.2191,0.0658036192558662
evm.TU.Ap8.2192,0.342834894565406
evm.TU.Ap8.2196,-0.119381634773583
evm.TU.Ap8.2208,0.183310767402676
evm.TU.Ap8.2214,-0.0772598585356421
evm.TU.Ap8.2229,-0.354318017896774
evm.TU.Ap8.2230,-0.440128566192271
evm.TU.Ap8.2232,-0.0321903652708058
evm.TU.Ap8.2233,0.0441108730182237
evm.TU.Ap8.2238,0.0134804155124086
evm.TU.Ap8.2239,-0.140582137733041
evm.TU.Ap8.224,-0.270921748379485
evm.TU.Ap8.2242,-0.207760854941316
evm.TU.Ap8.2244_evm.TU.Ap8.2245,-0.178823126456882
evm.TU.Ap8.2246,0.315487487169288
evm.TU.Ap8.2259,0.00085590288814372
evm.TU.Ap8.226,-0.149928112117843
evm.TU.Ap8.2262,-0.124098087142919
evm.TU.Ap8.2263,-0.00692035300732029
evm.TU.Ap8.2264,0.13077945251347
evm.TU.Ap8.2269,-0.0671134433208902
evm.TU.Ap8.227,0.116825292397157
evm.TU.Ap8.228,-0.0676207799459089
evm.TU.Ap8.229,0.0102270766339378
evm.TU.Ap8.230,0.189190278002512
evm.TU.Ap8.232,0.257293013012865
evm.TU.Ap8.2324,-0.181491666831733
evm.TU.Ap8.2325,0.211686931746357
evm.TU.Ap8.2328,0.237090965346049
evm.TU.Ap8.2329,-0.141965389501642
evm.TU.Ap8.233,-0.425448507704954
evm.TU.Ap8.2341,-0.0784854707186159
evm.TU.Ap8.2343,0.012902243554941
evm.TU.Ap8.2357,0.271780890623367
evm.TU.Ap8.2359,0.453504901518075
evm.TU.Ap8.236,-0.150884156466424
evm.TU.Ap8.2363,-0.0957343111223195
evm.TU.Ap8.2369,0.0338054437640182
evm.TU.Ap8.2372,-0.277289159302948
evm.TU.Ap8.2373,-0.121281545743114
evm.TU.Ap8.2374,-0.115389302666325
evm.TU.Ap8.2375,0.294700974207372
evm.TU.Ap8.2378,-0.108984551322949
evm.TU.Ap8.2380,-0.0960849661665862
evm.TU.Ap8.2384,-0.323101718877619
evm.TU.Ap8.2393,-0.133728722637292
evm.TU.Ap8.2396,0.20944623816346
evm.TU.Ap8.240,-0.0478610878521603
evm.TU.Ap8.2402,0.124551190804158
evm.TU.Ap8.2407,0.00371270220884449
evm.TU.Ap8.2412,-0.344463999091268
evm.TU.Ap8.2414,0.149921628455368
evm.TU.Ap8.2415,0.66891024736113
evm.TU.Ap8.2419,0.187251668031279
evm.TU.Ap8.2429,0.35391109423805
evm.TU.Ap8.2431,0.155913773000838
evm.TU.Ap8.2432,0.261839551863073
evm.TU.Ap8.2434,-0.0572312714053257
evm.TU.Ap8.244,0.315288529716232
evm.TU.Ap8.2441,0.455158103782793
evm.TU.Ap8.2442,0.263894408591417
evm.TU.Ap8.2444,0.00440757701955766
evm.TU.Ap8.2445,-0.303036275454876
evm.TU.Ap8.2453,0.142314671801059
evm.TU.Ap8.2457,0.179843239631709
evm.TU.Ap8.2458,0.65010173269398
evm.TU.Ap8.2465,0.293393017655717
evm.TU.Ap8.2470,-0.123196754781842
evm.TU.Ap8.2471,-0.140920884144895
evm.TU.Ap8.2475,-0.148505802439907
evm.TU.Ap8.2476,-0.249700715753303
evm.TU.Ap8.2477,0.0638221475384732
evm.TU.Ap8.2478,-0.303059690789272
evm.TU.Ap8.2479,-0.00875326922767586
evm.TU.Ap8.2482,0.0198258620323363
evm.TU.Ap8.2483,0.561564900730063
evm.TU.Ap8.2484,0.750641549754939
evm.TU.Ap8.2488,-0.297490348151471
evm.TU.Ap8.2490,-0.220379161625189
evm.TU.Ap8.2492,0.0886091524693162
evm.TU.Ap8.2497,-0.31467871271418
evm.TU.Ap8.2498,0.0868430897961483
evm.TU.Ap8.2507,0.0312415080996036
evm.TU.Ap8.2508,0.0235360601656999
evm.TU.Ap8.2509,-0.168050274919592
evm.TU.Ap8.2511,0.0433068895804193
evm.TU.Ap8.2512,-0.278106005709418
evm.TU.Ap8.2513,-0.0863119722956994
evm.TU.Ap8.2516,0.338281778317713
evm.TU.Ap8.2519,0.311271004577671
evm.TU.Ap8.2524,0.150381112044583
evm.TU.Ap8.2525,0.46840242293108
evm.TU.Ap8.2526,0.00396789735534404
evm.TU.Ap8.253,0.295458199211122
evm.TU.Ap8.2533,-0.347127412805837
evm.TU.Ap8.2534,0.151061678310226
evm.TU.Ap8.2542,-0.484143353438255
evm.TU.Ap8.2549,0.448319893137802
evm.TU.Ap8.2551,-0.130354825340109
evm.TU.Ap8.2553,-0.429734152426166
evm.TU.Ap8.2555,0.080971710662952
evm.TU.Ap8.2556,0.14122346797423
evm.TU.Ap8.2558,-0.307301675246737
evm.TU.Ap8.256,-0.0430287621968016
evm.TU.Ap8.2561,-0.391482382603091
evm.TU.Ap8.257,0.0900709073421852
evm.TU.Ap8.2571,0.261750496726536
evm.TU.Ap8.2572,-0.00906284388637975
evm.TU.Ap8.2573,0.121669934003947
evm.TU.Ap8.2574,0.144205101351819
evm.TU.Ap8.2575,0.238112928056211
evm.TU.Ap8.2576,0.493156686399891
evm.TU.Ap8.2577,-0.447971368966445
evm.TU.Ap8.2578,0.0138522011712897
evm.TU.Ap8.258,0.240063507384862
evm.TU.Ap8.2580,-0.220501433489481
evm.TU.Ap8.2582,-0.133603441741045
evm.TU.Ap8.2586,0.231768107522903
evm.TU.Ap8.2587,-0.0505211364497611
evm.TU.Ap8.2588,-0.450362511251173
evm.TU.Ap8.2589,0.14406443378116
evm.TU.Ap8.259,0.00411659372060675
evm.TU.Ap8.2590,0.386312181937338
evm.TU.Ap8.2591,0.246052252610285
evm.TU.Ap8.2592,0.563750330254325
evm.TU.Ap8.2593,-0.217654237113987
evm.TU.Ap8.2594,-0.0813128609334468
evm.TU.Ap8.2604,-0.210010250235897
evm.TU.Ap8.2606,0.175306834179944
evm.TU.Ap8.2608,-0.191924309172808
evm.TU.Ap8.2610,0.17840454339501
evm.TU.Ap8.2611,-0.0494255706030774
evm.TU.Ap8.2614,-0.254745073243148
evm.TU.Ap8.2615,-0.0754226551743481
evm.TU.Ap8.2616,-0.125994963874638
evm.TU.Ap8.2617,0.0632486120111394
evm.TU.Ap8.2624,0.27726643456668
evm.TU.Ap8.263,0.233562238733245
evm.TU.Ap8.2634,-0.281135940577174
evm.TU.Ap8.2638,0.405485993802904
evm.TU.Ap8.2645,-0.441162310754813
evm.TU.Ap8.2647,0.0868643536762839
evm.TU.Ap8.2648,-0.263136047903584
evm.TU.Ap8.2649,-0.180959055877633
evm.TU.Ap8.2650,0.258957829367414
evm.TU.Ap8.2651,-0.256598075515075
evm.TU.Ap8.2657,0.0513623990457517
evm.TU.Ap8.266,0.0139311750234881
evm.TU.Ap8.267,0.129373138110748
evm.TU.Ap8.2671,0.172295996542993
evm.TU.Ap8.2673,0.046000666597321
evm.TU.Ap8.2677,0.297927490321013
evm.TU.Ap8.268,-0.102499361394303
evm.TU.Ap8.2688,-0.0565692902840703
evm.TU.Ap8.2690,0.025713076989442
evm.TU.Ap8.2691,0.0452204333979256
evm.TU.Ap8.2695,-0.162850090702919
evm.TU.Ap8.2697,-0.508941574050212
evm.TU.Ap8.2698,0.227395361893475
evm.TU.Ap8.270,-0.403258449027846
evm.TU.Ap8.2709,-0.527675262130255
evm.TU.Ap8.2712,0.253440527219611
evm.TU.Ap8.272,0.00356079284282992
evm.TU.Ap8.2725,-0.355226898067401
evm.TU.Ap8.2728,-0.457253566843289
evm.TU.Ap8.276,-0.0343532571377541
evm.TU.Ap8.2760,0.166050244147066
evm.TU.Ap8.2761,0.0616162867475414
evm.TU.Ap8.2762,0.357518706713381
evm.TU.Ap8.2763,0.224921565569679
evm.TU.Ap8.2766,0.179564206652336
evm.TU.Ap8.277,0.39213236116922
evm.TU.Ap8.2770,-0.270412354144184
evm.TU.Ap8.2779,-0.531022957791467
evm.TU.Ap8.278,0.19257801005548
evm.TU.Ap8.2780,-0.537325876236932
evm.TU.Ap8.2782,0.433618523290785
evm.TU.Ap8.2789,-0.0206634756252859
evm.TU.Ap8.2790,0.221870810319261
evm.TU.Ap8.2791,0.0763627797986754
evm.TU.Ap8.280,0.188199392017004
evm.TU.Ap8.2802,-0.296763476383556
evm.TU.Ap8.2803,-0.297476099980033
evm.TU.Ap8.2805,-0.270340650498531
evm.TU.Ap8.2809,0.137619738962616
evm.TU.Ap8.281,-0.107521014139828
evm.TU.Ap8.2811,-0.116884208356321
evm.TU.Ap8.2813,0.00146824421059504
evm.TU.Ap8.2816_evm.TU.Ap8.2817,0.284050998234156
evm.TU.Ap8.2819,0.221953834172377
evm.TU.Ap8.2820,0.289896395442812
evm.TU.Ap8.2823,0.170947285946908
evm.TU.Ap8.2824,0.072380398213876
evm.TU.Ap8.2825,0.217549798939933
evm.TU.Ap8.2826,0.293318805316609
evm.TU.Ap8.2827,0.297229363258366
evm.TU.Ap8.2828,0.384009616924035
evm.TU.Ap8.2829,0.162486171031357
evm.TU.Ap8.283,0.0457107034174225
evm.TU.Ap8.2830,0.215782831070551
evm.TU.Ap8.2833,0.0440505843200856
evm.TU.Ap8.2834,0.0369836650235527
evm.TU.Ap8.2835,0.154095601912877
evm.TU.Ap8.2836,0.289230156111032
evm.TU.Ap8.2842,0.221151292122378
evm.TU.Ap8.2843,0.328918895409999
evm.TU.Ap8.2846,-0.0617037490659683
evm.TU.Ap8.2848,0.112953586450182
evm.TU.Ap8.2851,0.0490748490739387
evm.TU.Ap8.2853,0.0367298719208722
evm.TU.Ap8.2858,0.0793837533768225
evm.TU.Ap8.288,-0.392271739289684
evm.TU.Ap8.291,-0.276145123680216
evm.TU.Ap8.293,-0.178464947772473
evm.TU.Ap8.294,-0.127583159522813
evm.TU.Ap8.295,0.586924703887407
evm.TU.Ap8.299,0.230141694390199
evm.TU.Ap8.3,0.406789993592644
evm.TU.Ap8.30,0.457322387051519
evm.TU.Ap8.304,0.262669131258683
evm.TU.Ap8.306,0.538420843571325
evm.TU.Ap8.315,0.145413090343588
evm.TU.Ap8.316,-0.0798885133859294
evm.TU.Ap8.317,0.261810071108027
evm.TU.Ap8.318,-0.187770944755983
evm.TU.Ap8.321,-0.39451212627779
evm.TU.Ap8.325,-0.178417960956774
evm.TU.Ap8.326,-0.130434303888788
evm.TU.Ap8.327,-0.045230978523878
evm.TU.Ap8.328,0.213651990627606
evm.TU.Ap8.340,-0.211589282959485
evm.TU.Ap8.348,0.00829367329366953
evm.TU.Ap8.36,0.140840376116151
evm.TU.Ap8.361,0.156557990684136
evm.TU.Ap8.364,0.00512936884629051
evm.TU.Ap8.365,0.0903113236988847
evm.TU.Ap8.366,-0.157096049317218
evm.TU.Ap8.367,-0.186037696058004
evm.TU.Ap8.368,0.0198707928735959
evm.TU.Ap8.371,-0.497950681504891
evm.TU.Ap8.372,-0.33971073547266
evm.TU.Ap8.373,-0.242956703685212
evm.TU.Ap8.380,-0.0838261638807914
evm.TU.Ap8.39,0.281490734933157
evm.TU.Ap8.40,0.033987393278544
evm.TU.Ap8.41,-0.0430426570692101
evm.TU.Ap8.416,-0.351662043666847
evm.TU.Ap8.419,-0.234218500901522
evm.TU.Ap8.420,-0.53048669306833
evm.TU.Ap8.427,-0.378711795292501
evm.TU.Ap8.43,0.00153101469091093
evm.TU.Ap8.435,0.23155671294571
evm.TU.Ap8.437,-0.202619543858325
evm.TU.Ap8.438,-0.0473695414745123
evm.TU.Ap8.439,0.108836832540194
evm.TU.Ap8.440,-0.529201899774009
evm.TU.Ap8.441,-0.578279515512078
evm.TU.Ap8.442,-0.513202285244818
evm.TU.Ap8.447,0.168827143035068
evm.TU.Ap8.448,0.212524520687583
evm.TU.Ap8.449,0.350731772394286
evm.TU.Ap8.450,-0.120692780118426
evm.TU.Ap8.452,-0.182228078558226
evm.TU.Ap8.454,-0.24760296396713
evm.TU.Ap8.455,0.22963733718075
evm.TU.Ap8.457,0.0810146163188369
evm.TU.Ap8.458,0.000778916732473121
evm.TU.Ap8.460,-0.311763592152043
evm.TU.Ap8.462,0.412533286796098
evm.TU.Ap8.463,0.305108751208643
evm.TU.Ap8.464,-0.451072283211186
evm.TU.Ap8.465,-0.319055762729417
evm.TU.Ap8.466,-0.0803384164667786
evm.TU.Ap8.472,-0.330927991444117
evm.TU.Ap8.475,0.240442531955253
evm.TU.Ap8.48,0.218172202656043
evm.TU.Ap8.480,0.205868438608366
evm.TU.Ap8.483,-0.25431878037949
evm.TU.Ap8.484,-0.224049839127854
evm.TU.Ap8.485,-0.0270105595414068
evm.TU.Ap8.489,-0.466901145495804
evm.TU.Ap8.490,-0.0315234739018554
evm.TU.Ap8.492,0.0292331017026224
evm.TU.Ap8.493,0.524258029667606
evm.TU.Ap8.494,0.363684150543646
evm.TU.Ap8.495,-0.0813969617158678
evm.TU.Ap8.496,-0.0816862473128625
evm.TU.Ap8.498,-0.301777831582797
evm.TU.Ap8.503,-0.220079724963024
evm.TU.Ap8.505,-0.18609948416155
evm.TU.Ap8.506,-0.0908557488473242
evm.TU.Ap8.507,0.207504855920589
evm.TU.Ap8.510,-0.0824423626526709
evm.TU.Ap8.522,-0.0256770512938368
evm.TU.Ap8.523,-0.0372907626318289
evm.TU.Ap8.525,0.0808900761951262
evm.TU.Ap8.527,0.0528389375607761
evm.TU.Ap8.529,-0.297676353264038
evm.TU.Ap8.54,0.0704272844702774
evm.TU.Ap8.540,-0.210118960431112
evm.TU.Ap8.554,-0.172799817080121
evm.TU.Ap8.556,-0.214634272169814
evm.TU.Ap8.557,0.017717511413878
evm.TU.Ap8.561,0.187968879563159
evm.TU.Ap8.562,0.206943176302719
evm.TU.Ap8.563,-0.272244844598725
evm.TU.Ap8.564,0.0491939331589105
evm.TU.Ap8.565,-0.188738224182722
evm.TU.Ap8.566,0.524940759413753
evm.TU.Ap8.567,-0.333694821351732
evm.TU.Ap8.57,-0.347385495337679
evm.TU.Ap8.570,-0.0026818838252014
evm.TU.Ap8.575,0.038894400381579
evm.TU.Ap8.576,0.0139395504311607
evm.TU.Ap8.579,0.103796715920435
evm.TU.Ap8.585,0.255021690680329
evm.TU.Ap8.587,-0.0135007832520482
evm.TU.Ap8.588,0.233533677837708
evm.TU.Ap8.589,-0.140248483543229
evm.TU.Ap8.608,0.346663728530871
evm.TU.Ap8.609,0.0793429232134314
evm.TU.Ap8.612,0.345205743993369
evm.TU.Ap8.619,-0.475326834112693
evm.TU.Ap8.628,0.390085899826618
evm.TU.Ap8.630,0.146087943801111
evm.TU.Ap8.632,0.487784402933619
evm.TU.Ap8.636,0.184740264860087
evm.TU.Ap8.637,-0.195073102716383
evm.TU.Ap8.64,0.0230736275523797
evm.TU.Ap8.642,-0.0380770538972453
evm.TU.Ap8.643,0.339880759240019
evm.TU.Ap8.644,0.196035589674176
evm.TU.Ap8.648,0.346038640660783
evm.TU.Ap8.649,0.171603788237339
evm.TU.Ap8.65,-0.333058185719721
evm.TU.Ap8.650,0.3338947987137
evm.TU.Ap8.659,-0.30948138675044
evm.TU.Ap8.66,0.0913970035154537
evm.TU.Ap8.662,-0.223301689367878
evm.TU.Ap8.666,-0.0949405429042463
evm.TU.Ap8.668,-0.182772574980985
evm.TU.Ap8.671,0.310014318123383
evm.TU.Ap8.678,0.0528777197206764
evm.TU.Ap8.682,0.302822849082175
evm.TU.Ap8.685,0.2873714710652
evm.TU.Ap8.689,-0.102388291048052
evm.TU.Ap8.694,0.273677021769238
evm.TU.Ap8.695,0.674942046774454
evm.TU.Ap8.696,0.520995337114392
evm.TU.Ap8.697,0.0800444443982055
evm.TU.Ap8.705,-0.0714895186832741
evm.TU.Ap8.709,0.174904380338951
evm.TU.Ap8.711,0.117337389394906
evm.TU.Ap8.712,-0.0839856476439833
evm.TU.Ap8.729,-0.0843269917025581
evm.TU.Ap8.730,0.160624464354115
evm.TU.Ap8.733,-0.0896562850700132
evm.TU.Ap8.752,0.218169386790078
evm.TU.Ap8.755,0.270762168576315
evm.TU.Ap8.760_evm.TU.Ap8.756,-0.288154701931014
evm.TU.Ap8.761,-0.248931956724337
evm.TU.Ap8.764,-0.275802416319816
evm.TU.Ap8.766,-0.335754044683031
evm.TU.Ap8.767,-0.167261511762043
evm.TU.Ap8.776,-0.0225646234071361
evm.TU.Ap8.779,-0.322906471670676
evm.TU.Ap8.78,0.162736406969538
evm.TU.Ap8.786,-0.16456773987142
evm.TU.Ap8.788,0.263032695511416
evm.TU.Ap8.789,0.110577285077008
evm.TU.Ap8.8,-0.371193093881844
evm.TU.Ap8.820,0.118378102542122
evm.TU.Ap8.821,0.0986929418760902
evm.TU.Ap8.822,0.0784476849394438
evm.TU.Ap8.824,-0.154618236007675
evm.TU.Ap8.83,0.283199135048586
evm.TU.Ap8.837,0.52327128509904
evm.TU.Ap8.838,0.0535308134368695
evm.TU.Ap8.839,-0.115900380471437
evm.TU.Ap8.84,0.300269163705494
evm.TU.Ap8.842,-0.100604574819407
evm.TU.Ap8.843,-0.146217618928499
evm.TU.Ap8.844,0.00738784740462491
evm.TU.Ap8.85,-0.394563440259115
evm.TU.Ap8.861,-0.360158205807401
evm.TU.Ap8.866,-0.321686629718637
evm.TU.Ap8.87,-0.273315043267155
evm.TU.Ap8.870,0.0121580106706705
evm.TU.Ap8.873_evm.TU.Ap8.875,0.169963066466067
evm.TU.Ap8.877,-0.292223065521334
evm.TU.Ap8.879,-0.0537595839745311
evm.TU.Ap8.880,-0.251705322824741
evm.TU.Ap8.881,0.468118913086458
evm.TU.Ap8.882,0.00999546258682689
evm.TU.Ap8.883,-0.0932710646844901
evm.TU.Ap8.884,0.269054857158508
evm.TU.Ap8.897,-0.0696922944007166
evm.TU.Ap8.898,-0.0768893033305913
evm.TU.Ap8.899,0.599365162156282
evm.TU.Ap8.9,-0.456566570743543
evm.TU.Ap8.901,-0.118468311510142
evm.TU.Ap8.905,-0.0730358903850506
evm.TU.Ap8.906,-0.156349081567842
evm.TU.Ap8.907,-0.205495593234903
evm.TU.Ap8.913,-0.457604433261057
evm.TU.Ap8.917,0.095052053074003
evm.TU.Ap8.926,0.0199021286415009
evm.TU.Ap8.927,-0.372891410187266
evm.TU.Ap8.928,-0.0568507804658363
evm.TU.Ap8.934,0.0911864734356842
evm.TU.Ap8.946,-0.191118689801806
evm.TU.Ap8.964,0.134969274410144
evm.TU.Ap8.967,0.273217975462794
evm.TU.Ap8.968,-0.0160415335680966
evm.TU.Ap8.969,-0.0703605692016854
evm.TU.Ap8.970,-0.125058702428671
evm.TU.Ap8.972,0.0959550347953994
evm.TU.Ap8.974,-0.120781066131885
evm.TU.Ap8.975,-0.321467508982902
evm.TU.Ap8.996,-0.150520853312631
evm.TU.Ap9.1000,0.286632372252369
evm.TU.Ap9.1009,0.161331125743656
evm.TU.Ap9.101,-0.325303360427022
evm.TU.Ap9.1010,0.00815052902859562
evm.TU.Ap9.1014,0.00230983158211517
evm.TU.Ap9.1018,-0.0608666133723223
evm.TU.Ap9.102,0.227356190963748
evm.TU.Ap9.1020,-0.478329056450514
evm.TU.Ap9.1034,0.0936298841394091
evm.TU.Ap9.104,0.082406339078396
evm.TU.Ap9.1048,-0.185817135956682
evm.TU.Ap9.1049,-0.169357277684649
evm.TU.Ap9.105,-0.116370538730071
evm.TU.Ap9.1052,-0.427418182553505
evm.TU.Ap9.1053,0.113287583845053
evm.TU.Ap9.1062,-0.154131706139465
evm.TU.Ap9.1065,0.0995666389357626
evm.TU.Ap9.1066,0.164670355944164
evm.TU.Ap9.1067,0.362368216458768
evm.TU.Ap9.107,0.184188787229997
evm.TU.Ap9.1087,0.0799564672977761
evm.TU.Ap9.1088,-0.461215207302496
evm.TU.Ap9.1090,-0.255667465274656
evm.TU.Ap9.1091,-0.24552881382879
evm.TU.Ap9.1092,0.0495258372789406
evm.TU.Ap9.1107,0.328006834731214
evm.TU.Ap9.1108_evm.TU.Ap9.1110,0.51428864953847
evm.TU.Ap9.1111,-0.466312156993809
evm.TU.Ap9.1114,0.166708643794062
evm.TU.Ap9.1115,-0.0457445284798911
evm.TU.Ap9.1117,-0.111878625925338
evm.TU.Ap9.1118,-0.270647289897454
evm.TU.Ap9.1119,-0.407346418207341
evm.TU.Ap9.1120,-0.108677834329461
evm.TU.Ap9.1122,0.24496056360483
evm.TU.Ap9.1123,0.133452531007329
evm.TU.Ap9.1124,0.105957610143508
evm.TU.Ap9.1126,-0.014066871702455
evm.TU.Ap9.1128,0.0453529138492258
evm.TU.Ap9.1129,-0.110608848913773
evm.TU.Ap9.1130,0.408278267008018
evm.TU.Ap9.1134,-0.232550000777562
evm.TU.Ap9.1138,-0.358560721949105
evm.TU.Ap9.1139,-0.134757173383655
evm.TU.Ap9.114,0.377711944195196
evm.TU.Ap9.1141,0.0621854100280308
evm.TU.Ap9.1142,0.0203823981429857
evm.TU.Ap9.1143,0.267127810396561
evm.TU.Ap9.1144,-0.128916470662807
evm.TU.Ap9.1149,0.244151802071786
evm.TU.Ap9.115,0.0520563075092223
evm.TU.Ap9.1154,-0.398153406408934
evm.TU.Ap9.1155,0.252389829369553
evm.TU.Ap9.1159,-0.113602766411506
evm.TU.Ap9.116,0.169886005236831
evm.TU.Ap9.1160,0.0740229392224723
evm.TU.Ap9.1161,-0.415580070485205
evm.TU.Ap9.1162,0.249604356295209
evm.TU.Ap9.1165,-0.13315403412055
evm.TU.Ap9.1172,0.102696407757646
evm.TU.Ap9.1178,-0.624502357731771
evm.TU.Ap9.1179,-0.224458496429744
evm.TU.Ap9.118,-0.298261040161484
evm.TU.Ap9.1180,0.0955355775419042
evm.TU.Ap9.1181,-0.353326446412701
evm.TU.Ap9.1182,0.101887988308872
evm.TU.Ap9.1183,-0.103826183359515
evm.TU.Ap9.1185,0.00020080865009375
evm.TU.Ap9.1187,0.088634625721118
evm.TU.Ap9.1188,-0.0728266591093867
evm.TU.Ap9.1189,-0.0170320857227193
evm.TU.Ap9.119,0.112966460398748
evm.TU.Ap9.1190,-0.303393197551136
evm.TU.Ap9.1193_evm.TU.Ap9.1194,0.367689664622869
evm.TU.Ap9.1195,0.377951322537915
evm.TU.Ap9.120,-0.150206448994379
evm.TU.Ap9.1201,-0.437827112326538
evm.TU.Ap9.1209,-0.355326237175501
evm.TU.Ap9.121,-0.27409114961543
evm.TU.Ap9.1210,-0.307521166170738
evm.TU.Ap9.1212,0.0423413202331506
evm.TU.Ap9.1213,0.0681773544453779
evm.TU.Ap9.1214,0.00365661416158836
evm.TU.Ap9.1215,-0.23566758496842
evm.TU.Ap9.1217,0.419950431331992
evm.TU.Ap9.122,0.134957107324487
evm.TU.Ap9.1226,0.0209913023133979
evm.TU.Ap9.1228,0.17761728971838
evm.TU.Ap9.1229,-0.0897232175990267
evm.TU.Ap9.1230,0.0939252673134636
evm.TU.Ap9.1231,0.330177086443783
evm.TU.Ap9.1232,0.127986054672792
evm.TU.Ap9.124,-0.36159239782704
evm.TU.Ap9.1240_evm.TU.Ap9.1241,-0.0904681025331377
evm.TU.Ap9.1245,0.082912896040686
evm.TU.Ap9.1270,-0.37855026481663
evm.TU.Ap9.1275,0.161570872510362
evm.TU.Ap9.1276,0.121001969130136
evm.TU.Ap9.1281,-0.0280544476539208
evm.TU.Ap9.1283,-0.245482044326196
evm.TU.Ap9.1293,-0.311402774162182
evm.TU.Ap9.1296,-0.125017043943959
evm.TU.Ap9.1297,-0.324768129732403
evm.TU.Ap9.130,0.43535969656732
evm.TU.Ap9.1303,-0.301991519410742
evm.TU.Ap9.1305,-0.283233706162561
evm.TU.Ap9.131,-0.0661903978608288
evm.TU.Ap9.1322,-0.191874696758099
evm.TU.Ap9.1329,-0.278136601538024
evm.TU.Ap9.133,0.34881896501537
evm.TU.Ap9.1331,-0.337418209327389
evm.TU.Ap9.1347,-0.0610329945354011
evm.TU.Ap9.1355,-0.160384897213644
evm.TU.Ap9.1356,-0.0616323482138911
evm.TU.Ap9.1387,0.222083732821387
evm.TU.Ap9.139,0.252795108628416
evm.TU.Ap9.140,-0.295268309160802
evm.TU.Ap9.1400,0.0261486972878558
evm.TU.Ap9.1401,0.285871800616085
evm.TU.Ap9.1404,-0.0904516928269511
evm.TU.Ap9.1419,0.142214314137344
evm.TU.Ap9.142,-0.09154528371015
evm.TU.Ap9.1422,-0.0995936582340746
evm.TU.Ap9.1427,0.305684271615966
evm.TU.Ap9.1433,0.137388437166707
evm.TU.Ap9.1434,0.254927132520695
evm.TU.Ap9.1435,0.0724696531126316
evm.TU.Ap9.1452,0.0184309724340085
evm.TU.Ap9.1457,0.361167709009007
evm.TU.Ap9.1458,0.126120826896246
evm.TU.Ap9.147,-0.163514165215532
evm.TU.Ap9.1496,0.442369624226226
evm.TU.Ap9.1500,0.12984989155959
evm.TU.Ap9.1502,-0.300376134438389
evm.TU.Ap9.1505,-0.357001193309986
evm.TU.Ap9.1507,0.0435330934017456
evm.TU.Ap9.151,-0.174328066006926
evm.TU.Ap9.152,-0.172697044360627
evm.TU.Ap9.1526,-0.33306453149366
evm.TU.Ap9.1527,-0.0751374935909231
evm.TU.Ap9.1529,-0.0439266694350138
evm.TU.Ap9.1539,0.0527951647383443
evm.TU.Ap9.1540,-0.10058601835035
evm.TU.Ap9.1541,-0.152154347731223
evm.TU.Ap9.1548,0.0128336341167179
evm.TU.Ap9.1549,0.00518086447018954
evm.TU.Ap9.1551,0.126692128712388
evm.TU.Ap9.1552,-0.227800035703918
evm.TU.Ap9.1554,-0.113212928597592
evm.TU.Ap9.1556,-0.140907853820321
evm.TU.Ap9.1558,-0.134403055599339
evm.TU.Ap9.156,-0.294653483761809
evm.TU.Ap9.1567,-0.390274487057924
evm.TU.Ap9.157,-0.305896134548756
evm.TU.Ap9.1579,-0.129085534139409
evm.TU.Ap9.158,-0.386134159533768
evm.TU.Ap9.1580,-0.35143340753707
evm.TU.Ap9.1588,-0.0551548443454577
evm.TU.Ap9.160,-0.153230518591919
evm.TU.Ap9.1603,0.238539619633719
evm.TU.Ap9.1605,0.302499910880786
evm.TU.Ap9.161,-0.273958625634224
evm.TU.Ap9.1613,0.149989635545096
evm.TU.Ap9.1614,0.0480646837302712
evm.TU.Ap9.1618,-0.21672771145041
evm.TU.Ap9.162,-0.165063863674372
evm.TU.Ap9.1629,0.00869423584036062
evm.TU.Ap9.1632,-0.174618835313644
evm.TU.Ap9.1641,-0.121942745785995
evm.TU.Ap9.1643,0.00586210989705684
evm.TU.Ap9.1645,0.0683349483247426
evm.TU.Ap9.1646,0.152654595799061
evm.TU.Ap9.1648,-0.0954563922080346
evm.TU.Ap9.1651,0.0588508338443943
evm.TU.Ap9.1653,0.0892547011033826
evm.TU.Ap9.1656,0.0644557984466712
evm.TU.Ap9.1664,-0.0862613900611547
evm.TU.Ap9.167,-0.0964371074084533
evm.TU.Ap9.1670,0.233042312439675
evm.TU.Ap9.1675,-0.0620991437984052
evm.TU.Ap9.1679,0.126633998502146
evm.TU.Ap9.168,-0.375600523994622
evm.TU.Ap9.1683,0.225870496705444
evm.TU.Ap9.1684,-0.0754875722353481
evm.TU.Ap9.1685,-0.126148362820251
evm.TU.Ap9.1692,0.0834892522816884
evm.TU.Ap9.1693,-0.148157747854602
evm.TU.Ap9.1696,-0.273630157801797
evm.TU.Ap9.1699,-0.154624544376775
evm.TU.Ap9.170,-0.155228967937149
evm.TU.Ap9.1700,0.244267692395863
evm.TU.Ap9.1705,0.265446683358303
evm.TU.Ap9.171,-0.315247384267959
evm.TU.Ap9.1710,0.221811579816783
evm.TU.Ap9.1711,0.279752566946445
evm.TU.Ap9.1712,-0.122290261372125
evm.TU.Ap9.1715,-0.0166090995660194
evm.TU.Ap9.172,-0.209792734481969
evm.TU.Ap9.1726,0.182282659088152
evm.TU.Ap9.1744,-0.0461569036857663
evm.TU.Ap9.1745,0.0765162272614431
evm.TU.Ap9.1747,0.355745061705527
evm.TU.Ap9.1750,-0.0978225432783169
evm.TU.Ap9.1753,0.0567517614879365
evm.TU.Ap9.1756,-0.189801052719893
evm.TU.Ap9.1757,0.00978659605850125
evm.TU.Ap9.176,-0.12455917040007
evm.TU.Ap9.1760,-0.280222534021485
evm.TU.Ap9.1771,-0.420075353214017
evm.TU.Ap9.1791,-0.217281048272668
evm.TU.Ap9.1795,-0.24947336718511
evm.TU.Ap9.18,0.230360195628533
evm.TU.Ap9.180,0.148821538287087
evm.TU.Ap9.1807,-0.33187623041121
evm.TU.Ap9.1808,0.231823230597823
evm.TU.Ap9.1809,-0.288454609170545
evm.TU.Ap9.1810,-0.369405602892909
evm.TU.Ap9.1823,0.0530637963183924
evm.TU.Ap9.1824,-0.397068705404981
evm.TU.Ap9.184,0.113521822550434
evm.TU.Ap9.1841,-0.147677639125376
evm.TU.Ap9.1842,-0.503250568151968
evm.TU.Ap9.1844,0.000425421830138796
evm.TU.Ap9.1845,-0.0484013718459403
evm.TU.Ap9.185,0.0862493983092119
evm.TU.Ap9.189,0.246781372443164
evm.TU.Ap9.1899,0.0992702481152434
evm.TU.Ap9.1902,-0.188553798066718
evm.TU.Ap9.1905,0.144716568290404
evm.TU.Ap9.1906,-0.474251081521703
evm.TU.Ap9.1908,0.0643928762893908
evm.TU.Ap9.191,-0.152914547448203
evm.TU.Ap9.1910,0.2095456259252
evm.TU.Ap9.1911,-0.143395270707145
evm.TU.Ap9.1914,-0.452798429085065
evm.TU.Ap9.192,-0.00452118958697673
evm.TU.Ap9.1924,0.262719146709817
evm.TU.Ap9.1927,0.0434859799484654
evm.TU.Ap9.193,0.0105660225967113
evm.TU.Ap9.1930,0.157395680718856
evm.TU.Ap9.1931,-0.108048422893836
evm.TU.Ap9.1939,-0.355587278446788
evm.TU.Ap9.1942,0.135041648278283
evm.TU.Ap9.195,-0.117965793366541
evm.TU.Ap9.196,0.363970721092639
evm.TU.Ap9.1963,-0.346983227197712
evm.TU.Ap9.1964,0.195702676406135
evm.TU.Ap9.1965,-0.0482917166605613
evm.TU.Ap9.1966,-0.268055560567412
evm.TU.Ap9.197,0.372281314740132
evm.TU.Ap9.198,-0.281665871339381
evm.TU.Ap9.1990,0.137731285995327
evm.TU.Ap9.20,0.399189362094901
evm.TU.Ap9.202,0.00120144129412942
evm.TU.Ap9.2033,0.197255972790371
evm.TU.Ap9.2047,0.532391464822518
evm.TU.Ap9.2056,-0.259292790097799
evm.TU.Ap9.2069,-0.0672122148224983
evm.TU.Ap9.207,0.0907069443029462
evm.TU.Ap9.209,0.304803518321772
evm.TU.Ap9.210,-0.14635232273638
evm.TU.Ap9.2110,-0.0926252511131757
evm.TU.Ap9.2115,-0.0481868918311689
evm.TU.Ap9.2116,-0.0629345051820054
evm.TU.Ap9.2117,-0.487695656612052
evm.TU.Ap9.2118,-0.0794423074050176
evm.TU.Ap9.212,-0.476324670352221
evm.TU.Ap9.2121,-0.295145294127846
evm.TU.Ap9.2127,0.0531743150045873
evm.TU.Ap9.2128,0.144195475937504
evm.TU.Ap9.213,-0.195988937868159
evm.TU.Ap9.2131,-0.00918150905523002
evm.TU.Ap9.214,0.0734980912234005
evm.TU.Ap9.2148,0.11545260911712
evm.TU.Ap9.2149,-0.0089175628028126
evm.TU.Ap9.2150,0.377786434924591
evm.TU.Ap9.2151,-0.118729801410472
evm.TU.Ap9.2153,0.197070174769171
evm.TU.Ap9.2154,0.0123787491897325
evm.TU.Ap9.2157,-0.0609056753469153
evm.TU.Ap9.2158,0.159737365660368
evm.TU.Ap9.2166,-0.193572228545753
evm.TU.Ap9.2168,-0.314520335129692
evm.TU.Ap9.2172,0.624208632939719
evm.TU.Ap9.2175,0.237909239177861
evm.TU.Ap9.2176,0.00411547578612132
evm.TU.Ap9.218,0.274922895818037
evm.TU.Ap9.2185,-0.129362134541088
evm.TU.Ap9.2188,-0.115346258987531
evm.TU.Ap9.219,-0.359687312975095
evm.TU.Ap9.2192,0.471302155393258
evm.TU.Ap9.2193,0.0961562847438824
evm.TU.Ap9.2194,0.149534342326853
evm.TU.Ap9.22,0.377306331562484
evm.TU.Ap9.2200,0.0375186406270161
evm.TU.Ap9.2202,-0.316846703714665
evm.TU.Ap9.2204,-0.269472138040747
evm.TU.Ap9.2205,0.213115887110698
evm.TU.Ap9.2206,0.0150875392747353
evm.TU.Ap9.2209,0.13170312808256
evm.TU.Ap9.2214,0.174165304693591
evm.TU.Ap9.2218,-0.510027021590292
evm.TU.Ap9.2225,0.0521049841315565
evm.TU.Ap9.2233,-0.328170556091928
evm.TU.Ap9.2234,0.0101029834408119
evm.TU.Ap9.2235,0.154733613930457
evm.TU.Ap9.2238,0.0536490956938964
evm.TU.Ap9.2240,-0.254069195538023
evm.TU.Ap9.2246,0.16308220033731
evm.TU.Ap9.2251,0.034976280981745
evm.TU.Ap9.2253,-0.35362592353163
evm.TU.Ap9.2254,-0.454657736034322
evm.TU.Ap9.2256,-0.011621343968939
evm.TU.Ap9.2258,-0.338985445306013
evm.TU.Ap9.2259,0.466464824378146
evm.TU.Ap9.2260,-0.12247380338904
evm.TU.Ap9.2266,0.326066844192642
evm.TU.Ap9.2268,-0.128658620109934
evm.TU.Ap9.2269,-0.127545980495711
evm.TU.Ap9.2292,-0.176115612625654
evm.TU.Ap9.2307,-0.0361348929820882
evm.TU.Ap9.2315,0.400959947754837
evm.TU.Ap9.2318,-0.242904598924104
evm.TU.Ap9.2321,0.00947329138407263
evm.TU.Ap9.2324,0.21792361221015
evm.TU.Ap9.233,-0.0425653480506593
evm.TU.Ap9.2335,-0.0320924335309984
evm.TU.Ap9.2336,-0.383030383632698
evm.TU.Ap9.2343,-0.0789318098574919
evm.TU.Ap9.2344,0.259341993482244
evm.TU.Ap9.2349,0.463139809827459
evm.TU.Ap9.2350,0.232666451756377
evm.TU.Ap9.2353,0.0989844195624557
evm.TU.Ap9.2354,0.280981625759734
evm.TU.Ap9.2355,0.0703692041776105
evm.TU.Ap9.2356,-0.2532549560945
evm.TU.Ap9.2357,-0.142841850324415
evm.TU.Ap9.2358,-0.21019289378095
evm.TU.Ap9.2361,0.034477422842213
evm.TU.Ap9.2388,-0.302285940575561
evm.TU.Ap9.2389,-0.18167930594697
evm.TU.Ap9.2390,0.264241561907459
evm.TU.Ap9.2392,-0.217664352919601
evm.TU.Ap9.2396,0.125218462278644
evm.TU.Ap9.2397,-0.291472438762644
evm.TU.Ap9.2401,0.423939895595016
evm.TU.Ap9.2405,-0.508708952100285
evm.TU.Ap9.2406_evm.TU.Ap9.2407,-0.311203470119079
evm.TU.Ap9.2408,-0.141345888804666
evm.TU.Ap9.2411,-0.0310564343508819
evm.TU.Ap9.2412,0.0807707927996576
evm.TU.Ap9.2414,-0.0659752770517041
evm.TU.Ap9.2421,0.13807280217938
evm.TU.Ap9.2422,0.17714949281183
evm.TU.Ap9.2424,0.22287499690861
evm.TU.Ap9.2432,0.242823290345718
evm.TU.Ap9.2440,0.0654673891102952
evm.TU.Ap9.2443,0.335282526570318
evm.TU.Ap9.245,-0.216444471024403
evm.TU.Ap9.2451,0.462141070594001
evm.TU.Ap9.2454,0.0298690402430462
evm.TU.Ap9.2455,0.111153000003841
evm.TU.Ap9.2456,-0.12744486850155
evm.TU.Ap9.2457,0.201078346639276
evm.TU.Ap9.2458,-0.120324271093804
evm.TU.Ap9.2459,-0.183262314776433
evm.TU.Ap9.246,-0.0604766033500512
evm.TU.Ap9.2463,-0.331880686340271
evm.TU.Ap9.2467,-0.222535786344709
evm.TU.Ap9.2469,-0.301521319101926
evm.TU.Ap9.2473,-0.264490711380778
evm.TU.Ap9.2474,-0.190874250339471
evm.TU.Ap9.2477,-0.135938203846006
evm.TU.Ap9.2482,0.185385049758602
evm.TU.Ap9.2483,-0.215870183042296
evm.TU.Ap9.2485,0.333797778262684
evm.TU.Ap9.2486,0.0428120456928485
evm.TU.Ap9.2487,-0.0753822792079942
evm.TU.Ap9.2488,0.151504747761585
evm.TU.Ap9.2489,0.109139943034265
evm.TU.Ap9.2491,0.0176386930804479
evm.TU.Ap9.2493,-0.171892569314161
evm.TU.Ap9.2494,0.513165885301072
evm.TU.Ap9.2496,0.075969328737655
evm.TU.Ap9.2497,-0.0790345683068543
evm.TU.Ap9.2498,-0.0443714129546226
evm.TU.Ap9.2501,0.219513273642523
evm.TU.Ap9.2502,-0.144868580694088
evm.TU.Ap9.2503,-0.129684108398219
evm.TU.Ap9.2506,-0.192285212517011
evm.TU.Ap9.2510,0.137110623817095
evm.TU.Ap9.2512,-0.194808899192877
evm.TU.Ap9.2525,0.224943000979581
evm.TU.Ap9.2529,-0.364562165269569
evm.TU.Ap9.2530,0.300779788711421
evm.TU.Ap9.2531,0.04099339010449
evm.TU.Ap9.2532,-0.0974203078433358
evm.TU.Ap9.2545,0.000943482189732234
evm.TU.Ap9.2552,0.00113222548267021
evm.TU.Ap9.2553,0.0801758959482789
evm.TU.Ap9.2554,-0.248580184926061
evm.TU.Ap9.2556_evm.TU.Ap9.2557,-0.136156427242323
evm.TU.Ap9.2558,-0.578742431152329
evm.TU.Ap9.256,-0.214325521572015
evm.TU.Ap9.2561,0.635035210637074
evm.TU.Ap9.257,-0.306664643951172
evm.TU.Ap9.2575_evm.TU.Ap9.2576,0.0799955043967026
evm.TU.Ap9.2577,0.0591557462611772
evm.TU.Ap9.258,-0.376249144386706
evm.TU.Ap9.2586,-0.165204284170206
evm.TU.Ap9.2589,0.226269970451661
evm.TU.Ap9.259,-0.210182185974289
evm.TU.Ap9.2597,-0.123769944493844
evm.TU.Ap9.2598,0.102214308807296
evm.TU.Ap9.2602,0.183169980401088
evm.TU.Ap9.2603,0.33894553172394
evm.TU.Ap9.2612,0.330949426241514
evm.TU.Ap9.2613,-0.307238604628743
evm.TU.Ap9.2616,0.529578824173752
evm.TU.Ap9.2622,0.118716908137985
evm.TU.Ap9.2623,-0.224430476085013
evm.TU.Ap9.2624,0.124728849781619
evm.TU.Ap9.2628,0.0537966391549075
evm.TU.Ap9.263,-0.193737060646086
evm.TU.Ap9.2630,0.0712464645249471
evm.TU.Ap9.2636,-0.0172110569744948
evm.TU.Ap9.2637,-0.0682800654004766
evm.TU.Ap9.2638,-0.0945229835129328
evm.TU.Ap9.2639,-0.27279073429692
evm.TU.Ap9.2645,-0.461870875701878
evm.TU.Ap9.2647,0.111486860197926
evm.TU.Ap9.265,-0.274741754655166
evm.TU.Ap9.2651,0.292527284742562
evm.TU.Ap9.2655,-0.0582871520019215
evm.TU.Ap9.2656,-0.319849749227926
evm.TU.Ap9.2659,0.0076781954249567
evm.TU.Ap9.2660,-0.0125851080384306
evm.TU.Ap9.2661,0.126417256889351
evm.TU.Ap9.2662,-0.0396711874176701
evm.TU.Ap9.2664,-0.12141301441429
evm.TU.Ap9.2665,-0.0300336741005903
evm.TU.Ap9.2671,-0.236078270557601
evm.TU.Ap9.2672,-0.319431322055662
evm.TU.Ap9.2675,0.0925889927519193
evm.TU.Ap9.2680,-0.337546684135228
evm.TU.Ap9.2681,-0.082257231559714
evm.TU.Ap9.2687,-0.1347697265922
evm.TU.Ap9.2696,-0.178729780709994
evm.TU.Ap9.27,0.0874801775232987
evm.TU.Ap9.2720,-0.394716576764939
evm.TU.Ap9.2730,0.345390223477329
evm.TU.Ap9.2731,0.333588420731088
evm.TU.Ap9.2734,-0.160682595349978
evm.TU.Ap9.2735,-0.105303985608675
evm.TU.Ap9.2739,0.341692878170369
evm.TU.Ap9.2740,-0.154931186760913
evm.TU.Ap9.2741,0.108446094379623
evm.TU.Ap9.2743,0.246046217163722
evm.TU.Ap9.2748,-0.0264476126175823
evm.TU.Ap9.2750,0.027126903957387
evm.TU.Ap9.2751,0.207135525905641
evm.TU.Ap9.2752,-0.130394879876547
evm.TU.Ap9.2753,0.414728844443383
evm.TU.Ap9.2754,-0.00996114174532906
evm.TU.Ap9.2757,-0.349835594518822
evm.TU.Ap9.2758,-0.219417669533975
evm.TU.Ap9.2759,0.243097220082662
evm.TU.Ap9.276,0.0623752912418301
evm.TU.Ap9.2760,-0.419089272308114
evm.TU.Ap9.2761,0.711739435916021
evm.TU.Ap9.2765,-0.0762430397891013
evm.TU.Ap9.2769,-0.283100438826902
evm.TU.Ap9.277,-0.0792402768232682
evm.TU.Ap9.2770,0.00846477302414956
evm.TU.Ap9.2772,0.184245405197265
evm.TU.Ap9.280,-0.128828847671884
evm.TU.Ap9.284,0.141832221727073
evm.TU.Ap9.286,0.0743492802067949
evm.TU.Ap9.287,0.0477738431675889
evm.TU.Ap9.288,-0.1253074874731
evm.TU.Ap9.289,0.199108645993693
evm.TU.Ap9.29,-0.512966347736695
evm.TU.Ap9.290,0.048271397823178
evm.TU.Ap9.291_evm.TU.Ap9.295,-0.124272494607045
evm.TU.Ap9.296,-0.469331294810241
evm.TU.Ap9.308,0.349161703122883
evm.TU.Ap9.309,-0.078369826467748
evm.TU.Ap9.31,-0.0820983991018994
evm.TU.Ap9.310,0.249776139940273
evm.TU.Ap9.311,0.0849146681601742
evm.TU.Ap9.314,-0.363208196579139
evm.TU.Ap9.318,0.146804775474028
evm.TU.Ap9.319,0.0532112095945074
evm.TU.Ap9.32,-0.436500455618619
evm.TU.Ap9.322,-0.44901102729381
evm.TU.Ap9.324,0.177922401038417
evm.TU.Ap9.325,-0.179770454063653
evm.TU.Ap9.326,-0.29317511991041
evm.TU.Ap9.37,-0.209877589822177
evm.TU.Ap9.382,-0.537254803668531
evm.TU.Ap9.384,-0.177755271609483
evm.TU.Ap9.388_evm.TU.Ap9.390,0.00956019904443537
evm.TU.Ap9.392,0.640440485227877
evm.TU.Ap9.399,-0.0552930539268868
evm.TU.Ap9.4,-0.329669147752493
evm.TU.Ap9.400,-0.191753133544004
evm.TU.Ap9.401,-0.304753354905475
evm.TU.Ap9.402,0.634375447524483
evm.TU.Ap9.403,-0.241452250546399
evm.TU.Ap9.408,-0.295803155075674
evm.TU.Ap9.41,-0.191774145639164
evm.TU.Ap9.414,0.0551799307193214
evm.TU.Ap9.438,-0.211275450326589
evm.TU.Ap9.466,-0.0584781126579043
evm.TU.Ap9.473,-0.296319702440812
evm.TU.Ap9.493,-0.174965076967495
evm.TU.Ap9.495,-0.0748521392692496
evm.TU.Ap9.496,0.0953456124908263
evm.TU.Ap9.5,0.545539967904208
evm.TU.Ap9.501,-0.337346246535217
evm.TU.Ap9.503,0.0295547344571707
evm.TU.Ap9.505,-0.375257710107446
evm.TU.Ap9.506,-0.353727702415897
evm.TU.Ap9.535,-0.235740762233803
evm.TU.Ap9.538,0.0221435069930125
evm.TU.Ap9.540,-0.325436398210722
evm.TU.Ap9.541,-0.302340183066912
evm.TU.Ap9.542,-0.241339668483856
evm.TU.Ap9.566,-0.0137533464647789
evm.TU.Ap9.569,-0.233731510644114
evm.TU.Ap9.57,-0.380458793317624
evm.TU.Ap9.570_evm.TU.Ap9.571,0.030618027780998
evm.TU.Ap9.58,-0.290561895169488
evm.TU.Ap9.597,-0.191460675291328
evm.TU.Ap9.6,0.219435028137168
evm.TU.Ap9.602,-0.00138459611335297
evm.TU.Ap9.609,-0.258714923628818
evm.TU.Ap9.612,-0.172449925117734
evm.TU.Ap9.616,-0.201523875611013
evm.TU.Ap9.636,-0.194980391048729
evm.TU.Ap9.645,-0.0452921259828375
evm.TU.Ap9.646,-0.19886816505069
evm.TU.Ap9.647,0.405896575477988
evm.TU.Ap9.67,0.314257381798695
evm.TU.Ap9.68,0.295550867422349
evm.TU.Ap9.69,-0.590916274974001
evm.TU.Ap9.7,0.305106277779834
evm.TU.Ap9.70,-0.0494642963015206
evm.TU.Ap9.71,0.00611750957246542
evm.TU.Ap9.714,-0.351158911487524
evm.TU.Ap9.716,-0.161627713414535
evm.TU.Ap9.717,-0.331325935528757
evm.TU.Ap9.718,-0.0236486993809291
evm.TU.Ap9.719,0.175627020646092
evm.TU.Ap9.721,-0.204688748039308
evm.TU.Ap9.722,-0.0990422888645476
evm.TU.Ap9.728,-0.182904856275972
evm.TU.Ap9.729,-0.0635913222211101
evm.TU.Ap9.731,-0.211236438059352
evm.TU.Ap9.74,0.180379625404787
evm.TU.Ap9.751,-0.0798314795764655
evm.TU.Ap9.756,-0.379152717325947
evm.TU.Ap9.757,-0.263774973475868
evm.TU.Ap9.758,-0.506953659748482
evm.TU.Ap9.77,0.101200952642532
evm.TU.Ap9.776,-0.0378143206236733
evm.TU.Ap9.781,-0.064970068138985
evm.TU.Ap9.782,-0.0151097917637263
evm.TU.Ap9.784,-0.0279502792464469
evm.TU.Ap9.79,-0.180127574353947
evm.TU.Ap9.790,0.20784789538262
evm.TU.Ap9.8,-0.214423737533277
evm.TU.Ap9.805,-0.247305891419196
evm.TU.Ap9.81,-0.275884689641411
evm.TU.Ap9.82,-0.47499182119123
evm.TU.Ap9.823,-0.220547107656395
evm.TU.Ap9.824,-0.128826180728679
evm.TU.Ap9.826,0.102997076813172
evm.TU.Ap9.83,0.171142503816279
evm.TU.Ap9.836,0.112678649431993
evm.TU.Ap9.84,-0.022100558338085
evm.TU.Ap9.841,-0.305104493408159
evm.TU.Ap9.842,-0.224123074969233
evm.TU.Ap9.849,-0.383102023464351
evm.TU.Ap9.85,-0.165116418260646
evm.TU.Ap9.855,-0.105602986549575
evm.TU.Ap9.856,-0.101028977072897
evm.TU.Ap9.857,-0.223122203025145
evm.TU.Ap9.880_evm.TU.Ap9.882,-0.128593194838447
evm.TU.Ap9.883,-0.464479519049535
evm.TU.Ap9.885,0.181375486169006
evm.TU.Ap9.888,-0.118312319743408
evm.TU.Ap9.889,0.0702933530138538
evm.TU.Ap9.892,-0.0364417925889491
evm.TU.Ap9.906,-0.0839224590879134
evm.TU.Ap9.91,-0.426520361316992
evm.TU.Ap9.912,-0.353954549813116
evm.TU.Ap9.914,-0.437775795073508
evm.TU.Ap9.953,-0.315901814018798
evm.TU.Ap9.980,0.0776485694647469
evm.TU.Ap9.981_evm.TU.Ap9.982,-0.151759938667671
evm.TU.Ap9.99,0.0686852007280096
evm.TU.Ap9.995,-0.264537076366029
