wavelength,Sym_1,Sym_2,Sym_3,Sym_4,Sym_5
179.865,379.9462731,527.8040797,541.3851455,678.215965,862.6661953
180.087,650.7527661,855.3904175,897.3662539,1162.496676,1462.020491
180.308,5717.902722,7435.893205,7812.260137,10334.55781,12530.40748
180.53,5673.656171,7869.386687,8398.644821,10893.57325,13000.8233
180.751,1820.88915,2437.795146,2532.296648,3179.27688,3823.54951
180.973,420.5307455,562.2118213,549.3689357,695.1716411,817.4326116
181.194,883.5475233,1284.734115,1230.541121,1556.694455,1854.562542
181.416,415.281506,664.7242598,607.0229768,752.7389015,853.6131314
181.637,272.427019,730.3585564,500.9684536,797.2171687,586.9503241
181.858,81.97105274,237.3456058,95.29905188,198.0611326,165.184417
182.08,-22.2675443,-128.0187853,-38.1047536,-303.4144262,-233.437684
182.301,136.2106394,123.7261977,-1.114492777,157.8082569,-38.85793235
182.523,129.5386696,8.739594781,79.83924947,96.66927936,84.33349922
182.744,83.10742778,52.89916221,76.91093484,65.73615806,51.16324549
182.965,63.68237958,49.55204344,71.2586048,61.25719634,52.0866971
183.187,66.47924393,57.29013451,71.53141635,63.71268597,55.94654936
183.408,65.93596631,58.46083629,66.60444497,62.1843916,58.14453558
183.629,62.12252383,54.67019793,65.16872082,58.49019306,55.84784964
183.85,60.83181966,53.03891948,64.53888971,57.90582065,56.99136554
184.072,61.28921594,53.4246241,63.46973015,58.73069365,55.41496101
184.293,59.53494055,53.45528356,61.6672677,58.86030051,58.61299011
184.514,60.58870882,53.84494215,62.6892484,59.6966356,60.8806549
184.736,59.69178333,52.06491886,62.20750265,57.60138814,58.25607383
184.957,60.42678236,54.12265643,64.00665085,58.70748051,60.71079153
185.178,62.33679588,55.41003292,64.82606553,61.04956198,63.00809635
185.399,63.58827371,57.08218138,65.37820565,61.03777556,63.75257681
185.62,64.55897897,57.31353722,65.40519469,60.43122424,63.93971819
185.842,64.62458369,58.49197937,67.2412962,61.14994155,65.53455118
186.063,64.66286564,58.36972774,66.12264832,60.27433398,65.51188706
186.284,65.06375224,58.8764839,66.30131547,59.85965414,65.0247344
186.505,65.99827579,60.35467591,67.77573797,61.44517829,66.6269942
186.726,68.25729988,62.8574921,69.76100364,62.99799053,67.98411732
186.947,68.23830169,62.90096997,69.72786416,63.53208532,66.92805267
187.169,69.72304944,63.86100032,69.69713924,63.30479295,67.62137325
187.39,69.48518189,62.45966956,69.13672426,62.03959162,66.33445288
187.611,68.78194105,61.00368169,68.16729645,60.1568517,64.30764348
187.832,70.16008189,61.68007233,69.03313908,61.73157343,65.61040928
188.053,69.76651464,61.78446169,69.53371551,61.61904768,64.93077216
188.274,69.53744387,60.74947801,68.60397939,61.3980478,62.06407051
188.495,71.32583986,62.85650641,70.31628279,63.67707227,64.43882856
188.716,71.34342129,62.81884112,71.149305,65.00245866,65.27577922
188.937,69.15638831,60.97449683,69.92049442,64.37631087,64.39517799
189.158,68.11275913,59.56723952,70.52885082,63.60261818,63.39535961
189.379,66.03450885,58.88328276,68.76147114,61.62375399,62.05536686
189.6,65.78076221,58.69358203,69.01620381,61.40873684,63.00789876
189.821,63.04738144,58.1457693,66.59806348,59.95718085,60.2932342
190.042,61.79306994,58.64607777,66.60314959,61.11431171,60.21039181
190.263,60.76919673,58.33888255,65.99397287,61.59300085,58.33969225
190.484,60.12434123,57.25393603,64.84630006,61.02581937,58.01511631
190.705,60.37156504,57.79692149,64.70516825,61.1496429,59.13410311
190.926,59.88587623,58.82201282,65.32212572,61.71541103,59.66894072
191.147,59.00156263,59.68059237,63.473664,60.47713607,58.59445072
191.368,59.749249,61.28327195,63.52692759,60.60127632,59.69824563
191.589,60.05861102,60.31077463,61.75551556,60.51007407,57.75802161
191.81,62.01715731,60.29083038,63.65617108,61.94329828,59.72467711
192.03,61.02652206,61.44718024,63.68206448,62.99136714,60.06077762
192.251,61.89303042,61.18187047,63.89002545,62.62428032,60.10133619
192.472,61.56454582,60.17975908,63.24193961,60.96706008,60.50775677
192.693,61.70928579,58.48979928,61.70924775,59.08393323,60.03212076
192.914,62.66557835,59.21549095,63.39219922,60.87394676,61.64830733
193.135,62.77350331,59.54092197,63.53041654,60.48258265,63.13993636
193.356,63.3701359,58.12433427,62.14855072,59.64642948,61.67158797
193.576,63.61371957,57.4091148,62.74925909,59.33250931,61.52857327
193.797,62.27789905,54.82511272,61.6818317,56.11031132,57.11201642
194.018,63.72943553,54.41549972,62.38621036,55.63225848,58.18228034
194.239,63.43098228,54.37137804,61.68048472,54.68050839,56.79661635
194.459,63.73051591,52.72651553,61.16992067,53.38887462,55.21753284
194.68,63.09651963,52.89502105,61.58218627,54.23786926,55.98537466
194.901,64.21061221,55.59563723,63.23824579,56.42612304,57.26744978
195.122,64.42153024,57.488649,65.08573375,57.77237524,59.45965597
195.342,63.42249456,57.84586228,64.97597935,56.61359406,59.92008416
195.563,64.04952064,57.38331937,65.18441397,56.80641908,58.89590809
195.784,63.93284837,57.82961539,64.84220455,56.31603978,60.13532709
196.004,64.05441635,57.68448589,65.20322649,55.57777357,60.88492464
196.225,64.75806747,58.54972018,65.9395616,57.26542469,64.91463271
196.446,63.55660093,59.27289086,64.77092469,57.59380595,65.47252803
196.666,63.12380678,58.52329128,64.32802174,57.11381285,65.6374718
196.887,62.84927201,59.62346269,64.36717329,57.60649392,65.64284685
197.108,63.01073739,60.13780807,64.3415739,56.85321478,65.92389676
197.328,62.67150474,58.43685238,63.59773583,56.38056566,67.03495131
197.549,61.38424242,57.17691438,61.99760501,53.96782033,64.81619693
197.769,60.40992089,55.61674403,59.95501112,53.60112079,62.93025281
197.99,59.51577844,55.14060084,58.48384864,52.70905125,61.31367542
198.211,58.73500417,54.58146895,58.663027,53.07133491,59.83627019
198.431,58.2739924,54.23199122,56.4829392,53.93161273,58.42904379
198.652,58.06634298,54.29467589,56.80753113,55.22906146,57.03257128
198.872,59.13212663,56.45170378,58.86067132,56.26719852,58.12836769
199.093,60.63530204,58.01629997,61.04198995,57.61454144,59.1540977
199.313,59.61397599,56.66342948,60.8976424,57.67969282,58.95307167
199.534,60.69735343,58.30924037,62.33397829,59.39005514,59.32781762
199.754,61.30060928,58.59654475,62.1034969,58.12744036,58.91137559
199.975,62.53859367,59.89364956,63.20992417,60.56972712,60.7651985
200.195,64.79015076,62.22578795,64.86486203,62.26159576,62.6935354
200.415,65.28561763,63.32576316,66.60142562,63.7193023,63.38402958
200.636,65.38724342,62.70405427,66.6618493,63.90354989,63.91335934
200.856,66.63240907,64.00194941,69.38452648,63.62933754,64.08100947
201.077,68.85292778,66.65615481,71.91291073,64.24903888,66.24682946
201.297,68.86010975,65.45676676,71.43235807,63.42152289,64.14851553
201.518,68.29745889,65.27322159,70.21560531,63.06044809,63.82680611
201.738,68.77948188,66.22587476,70.38860132,62.98919124,64.99179323
201.958,68.95215484,64.16813203,69.56386085,63.31294998,64.69905429
202.179,67.72895624,63.91669573,69.9124835,64.19358192,63.5105753
202.399,67.56800017,62.89779504,69.15167885,63.00428446,61.87251504
202.619,66.99652865,62.35812797,68.94827937,61.35344543,59.90910906
202.84,66.56757348,61.84379147,67.38698059,60.94936638,60.58702062
203.06,65.6103117,61.53380159,67.1693239,60.03930197,59.64844929
203.28,64.93892894,60.53957672,65.98632695,61.29280909,60.26383063
203.501,62.50480859,59.0958119,63.16576306,60.12290393,58.36430949
203.721,61.54745961,58.15201424,62.48257673,58.34204332,59.16988373
203.941,59.35863716,55.99824556,62.17012914,57.29268645,56.63707681
204.161,60.14859367,56.47937895,62.06690402,56.97435341,56.06234314
204.382,60.0907052,57.52838647,61.89784203,56.71582464,55.54757275
204.602,61.020619,57.62153854,61.91549498,57.26198029,56.59729251
204.822,58.30817453,56.21739709,60.76022909,56.25774593,54.48681139
205.042,57.68128632,54.51912579,59.074255,56.36630168,54.60249397
205.262,57.99723457,54.42863793,59.92059284,56.57193902,55.7563054
205.483,60.44049983,55.97032214,62.03581674,59.73549518,57.91321615
205.703,60.5500277,56.95164421,62.83571376,59.71287149,59.21920789
205.923,62.74185652,57.5454318,63.60991958,60.22774997,59.96807455
206.143,62.39990276,57.65361211,62.91462437,62.01676486,59.15640222
206.363,63.55672626,58.93208832,63.12190012,62.58149969,61.22344698
206.583,63.1411532,56.9723656,61.9786581,62.24384991,61.25804687
206.803,63.49947047,56.41066694,61.30388464,61.4203987,61.7598526
207.024,62.43059317,55.50267252,61.12238289,60.5961269,59.5127687
207.244,64.17253067,57.03955144,62.56388329,62.39688499,63.71425711
207.464,64.5034378,57.85081999,63.90613775,62.91472587,64.5148952
207.684,65.23541871,58.29769522,63.95785922,63.42698536,63.91604932
207.904,64.3765271,57.30600843,62.67416487,60.97823586,61.68354256
208.124,64.90637447,56.98804907,62.72942696,61.75548889,61.01408502
208.344,64.59558324,58.2940915,64.19890921,62.28972595,61.79269328
208.564,64.3432644,58.10399823,64.82594286,62.38752797,62.50766693
208.784,63.37577624,56.2714552,63.32142554,61.67027991,62.23407288
209.004,64.75817863,59.35528232,65.2914419,64.35011112,63.65049491
209.224,62.32476705,58.15004199,64.39077498,63.52583593,62.02239377
209.444,60.79616988,56.70279221,62.15426675,60.62934435,60.79107945
209.664,60.36971217,56.54673038,61.91546605,59.65909549,59.44709163
209.884,62.3660066,58.17712276,63.47389143,61.57164018,60.70744032
210.104,61.52249683,58.0133516,63.38512388,61.42508025,59.73726425
210.324,60.37389928,57.40197745,62.35702466,59.6130636,58.29182552
210.544,60.27410076,57.3295098,62.07318311,58.43332278,57.23923525
210.764,59.17918023,54.79018148,60.4656041,58.00770323,56.06162705
210.984,59.95341923,55.87041071,61.20219063,57.9725443,56.83466088
211.203,60.08462905,57.73848578,61.67232849,58.50487391,55.88859784
211.423,60.21195027,57.5027904,62.68541984,57.93992899,56.66993338
211.643,61.50912779,58.75474795,64.61271324,58.93534339,59.69145943
211.863,63.67997114,60.7089604,67.01918818,62.12473916,62.16989616
212.083,65.23862462,61.64752831,68.26021558,62.64498526,63.01302655
212.303,64.5144593,60.39673151,66.81645945,61.47465737,61.92456279
212.522,64.04219024,59.9981987,66.70272437,60.72795277,62.0514469
212.742,64.32911332,61.14410257,67.59285858,63.50721094,65.06133552
212.962,64.1790167,61.29090272,67.80106152,63.48542735,65.02938424
213.182,65.82825052,62.87106536,68.59594034,64.46533515,65.49367622
213.402,66.06958552,62.63989178,68.32099087,64.37673196,65.94354531
213.621,67.91390728,63.38476126,69.4025394,65.33911953,67.49569041
213.841,67.24208919,62.10849736,67.61639263,64.24692351,65.6128442
214.061,66.49649038,61.25826445,65.94919939,63.93184734,62.94663481
214.281,66.53571634,61.3434933,64.73803858,63.29188075,62.63496062
214.5,66.25894544,60.82871058,64.7672293,63.45156479,62.63300671
214.72,65.32124087,60.9992894,64.67358686,62.70473801,62.87882559
214.94,66.12351117,61.49068148,65.19705084,62.94631355,64.0034341
215.159,66.52088107,61.6499833,65.61728978,62.01736537,63.36252536
215.379,66.80046029,61.01956134,64.51076094,62.17881159,64.49965123
215.599,65.08306183,59.51459555,64.03452485,61.20446027,63.46869433
215.818,66.01665336,59.29725772,65.3130383,60.76688869,62.16437657
216.038,65.68455273,59.59318608,65.26110545,60.8218886,62.34376605
216.258,65.83792946,60.91920499,65.65731791,61.3753867,63.53831537
216.477,67.09808077,62.5327137,68.0713376,62.91515249,65.81898507
216.697,67.38458135,62.60114363,68.89906144,63.33403042,66.22213924
216.916,68.12358218,63.4013087,68.53442905,64.24891625,66.17287607
217.136,68.11544376,64.41492992,69.33824466,63.87856854,66.43272108
217.355,68.72097271,64.82470696,69.202592,64.4784693,65.56855317
217.575,68.23160656,63.86207241,68.87938814,64.72301136,64.94822512
217.795,69.27784521,64.58232133,70.68527683,65.84088136,64.97135941
218.014,68.65395146,63.28323657,68.44831135,63.92559739,65.18972821
218.234,67.76751343,62.03166497,66.97976476,63.70855721,64.14058242
218.453,66.61784748,60.72767873,66.73090147,62.71511902,63.89006759
218.673,65.48653309,59.89499557,66.5610481,61.7797763,62.55091428
218.892,65.80325126,59.02082461,66.38855175,61.4632188,61.67134544
219.112,64.37857826,57.74751876,65.64533382,60.41515011,59.64420464
219.331,62.49176247,56.16103781,63.92884709,58.0514653,59.0933344
219.55,61.25883498,54.8737612,63.58568004,57.01415307,57.51749057
219.77,60.54866073,54.29872731,63.6967524,57.03299445,57.25003277
219.989,59.60368659,53.90806776,62.69540492,54.8052229,56.69387351
220.209,58.11513588,53.76305378,62.01390402,53.56303395,56.89989064
220.428,58.1078667,55.01549585,63.3184069,54.29380644,56.84900876
220.648,59.18185053,56.80617596,64.46211464,55.94721128,59.62471262
220.867,60.84007989,58.00322284,65.31049349,57.82240284,61.42720186
221.086,62.66249613,58.44463205,65.60511953,59.07682176,62.47810729
221.306,60.63317541,58.54152302,64.27500551,57.97522925,62.64881591
221.525,61.05785564,58.82090905,64.44613178,57.9487351,63.49658382
221.744,61.21490979,58.31122651,64.05973322,58.35046448,63.08555949
221.964,61.700648,57.76496551,63.6226575,59.38907583,62.99168578
222.183,61.14807471,57.18274818,64.34156966,58.54838908,63.17987208
222.402,62.37718803,57.93723725,64.86164205,59.88419144,63.4639629
222.621,64.02376235,58.53666917,64.9243003,60.55230674,63.90167882
222.841,63.49749352,57.77503772,64.22786624,59.75906095,62.26270716
223.06,61.26160478,56.30493852,62.91792997,57.29444765,59.02830284
223.279,59.71548811,55.04658223,61.79486798,54.76670674,56.10050456
223.498,59.11553743,54.21298338,61.03419578,53.51906909,54.77923967
223.718,60.0862686,53.03813012,60.40639192,53.8823517,53.88762378
223.937,61.14561647,54.86788984,61.37956645,55.46696938,55.61601708
224.156,61.43593129,56.14192923,62.86377436,56.86852735,56.49413947
224.375,62.92163637,57.84032513,62.93722107,57.76924458,57.47806769
224.594,63.71443806,58.71197498,61.66692816,58.44701414,57.55718392
224.814,63.89522485,59.23886967,61.38223614,58.41180996,57.37720488
225.033,62.4995152,59.62155897,61.27204821,57.33223558,56.10959188
225.252,62.95091049,60.52084616,61.90474734,58.98996476,57.48861994
225.471,64.76206888,62.3124666,63.40038201,61.98794102,60.99735863
225.69,65.32547698,62.86795583,62.85637529,63.18258926,62.30226389
225.909,63.43828841,61.73175932,61.62161588,62.43826032,60.98626184
226.128,64.97158229,62.73779154,62.67457397,62.02924759,61.34009338
226.347,64.34499225,61.33870554,61.39308245,60.75123248,59.70839516
226.567,62.97876784,60.03485904,60.46170843,58.14848652,57.41710971
226.786,62.1252191,58.6711918,59.38939627,56.40035328,57.30734178
227.005,62.01313201,59.81568046,61.08355058,57.72482557,59.2817882
227.224,60.72627911,58.6888341,61.04897331,57.2412029,58.95980407
227.443,61.40711811,57.37654582,61.43326596,58.4233082,59.65916594
227.662,60.93333272,56.48048395,60.09786778,56.00348931,58.10672723
227.881,59.66654672,55.71954407,57.81634559,53.34161148,56.511853
228.1,59.42961097,54.72910195,58.1298845,53.17637723,56.23577883
228.319,60.60374215,56.28861209,60.57971838,54.83159386,59.27567922
228.538,59.38823498,56.06075073,60.62235411,55.33910703,59.36065201
228.757,58.51086717,55.84361771,60.51224405,55.15391374,59.24148094
228.976,61.03830133,57.73900829,61.78790456,57.91167894,62.20468153
229.195,60.14164937,57.73499662,63.44186443,60.01002739,62.35822582
229.413,59.47748506,55.78481654,61.65339719,58.71144523,60.82256102
229.632,60.40196917,55.49540139,61.25087318,58.50510905,60.57753394
229.851,61.21573246,56.7479545,61.33361887,59.21658934,60.98221826
230.07,61.32542184,56.97131139,62.3845058,60.33084581,61.47983975
230.289,62.75786055,57.13044705,64.37941375,62.18047908,63.08221435
230.508,62.30332167,57.30416848,63.56264883,61.40354411,62.15464785
230.727,62.09137335,57.58664707,62.5340765,61.58360473,62.09609249
230.946,63.39540993,58.29590271,63.54939881,62.71373061,63.68958232
231.164,64.19100781,58.71837837,64.47766044,63.23938169,64.38137549
231.383,62.76402312,56.85377014,63.2112744,61.72241741,62.37386971
231.602,64.20016484,57.73891792,62.80102625,60.98979045,62.2933374
231.821,64.12496768,57.31595868,62.44042586,60.86398067,60.61471334
232.04,63.8030935,58.29525952,63.17830398,62.2059627,61.88245784
232.258,62.41257688,57.71858036,62.85351433,60.74984617,62.06902161
232.477,64.36718445,58.53520169,63.86423231,62.33722217,65.47973569
232.696,63.73993543,58.66512936,63.68270393,61.69006375,64.79951315
232.915,63.12075085,58.63938247,64.06316688,62.45214731,65.02983991
233.133,64.43698825,58.53449521,64.41504495,62.35896272,65.30464561
233.352,62.78345593,57.05857086,62.72335908,61.23923936,63.59187725
233.571,63.09002279,57.58750349,62.84734794,61.70704711,65.23552816
233.789,63.17107276,58.49570569,63.18213015,62.10111467,66.21174249
234.008,62.9411567,58.12927656,63.73472144,61.82017287,66.0262813
234.227,62.71966487,58.24449358,63.55758883,61.10153862,66.19564913
234.445,62.00409717,58.39510859,63.42540405,60.40130457,66.12534665
234.664,62.41404234,58.51463397,64.72736362,62.31002337,66.28229284
234.883,61.38196854,58.88804822,64.58675273,62.56514853,64.69176236
235.101,61.64535812,57.75630556,63.83014015,63.20171246,63.64504131
235.32,63.42954094,57.45848086,64.27646828,63.65696825,64.05367276
235.538,62.23350455,56.72591368,64.00032555,62.58885963,62.67691297
235.757,62.05455693,57.69501634,63.83194463,61.964853,62.21740668
235.976,61.06679083,56.69320829,63.74821592,61.71041586,60.47240089
236.194,61.87061363,56.61916508,64.61771549,61.65930721,61.04008422
236.413,61.11541032,55.97782698,64.05584109,61.00697346,61.85617743
236.631,60.91745214,55.95289421,63.78881021,60.96624099,62.22198434
236.85,61.54962138,54.90249295,62.92993877,59.86040592,61.34758484
237.068,61.54339596,55.58051999,62.44922472,59.70216966,61.23691265
237.287,61.96034804,54.64034426,62.76629103,59.59988525,61.06825312
237.505,61.34891674,54.43009171,62.34882935,58.32622117,60.49048804
237.724,60.37291808,54.99144068,62.07944951,57.06899141,60.11639652
237.942,60.60832575,54.95534478,62.50571825,58.10574451,61.09145293
238.161,61.58427493,54.7992588,63.11572323,58.53723934,62.7334478
238.379,62.31235447,55.13211135,62.87714502,57.90511109,62.48090799
238.597,61.63546726,54.55335819,61.82681102,56.76000335,60.7781202
238.816,62.48169775,54.31599603,62.65052058,57.68960739,60.42523472
239.034,62.75328798,53.97545835,63.22325566,57.62380927,61.2869813
239.253,62.85219282,53.74887365,63.94058442,57.68611469,61.17601287
239.471,63.28754666,53.35369611,63.71153863,57.42476782,62.39965596
239.689,63.13669242,53.42634893,62.96880378,56.3257991,62.39164857
239.908,61.81362008,53.69757239,63.6556631,55.55218484,62.09073825
240.126,61.95397481,52.875822,63.19878621,55.48705211,61.17200567
240.344,62.77405003,54.33325758,64.27897154,56.23709427,61.37641684
240.563,64.80820361,56.69646563,65.7389676,58.40004479,63.21863339
240.781,64.14811469,56.14793758,65.53715821,58.3503445,62.49301257
240.999,64.79523146,56.63244205,66.41595067,58.0223363,63.24748056
241.218,62.61212482,56.57211961,64.67427065,56.58858492,62.24203181
241.436,62.44122865,57.5169756,65.1870139,56.53719117,61.18191568
241.654,63.36263133,59.62468637,66.59038784,57.97933716,62.38043174
241.872,63.65843831,59.20778049,66.0737872,57.26883084,60.40964646
242.091,63.53320474,60.1632642,65.83832906,57.91371763,59.9474169
242.309,64.99442025,60.82223169,66.60204036,59.27589158,60.9534278
242.527,65.32024644,61.00720313,67.29206252,59.81461901,62.96252098
242.745,64.29208663,60.40833601,67.29288001,58.73988221,61.9634837
242.963,62.99864812,58.42281265,66.3350825,56.98901413,60.11927202
243.182,63.36502991,58.85841235,65.69891047,57.4493634,61.37831989
243.4,62.6823901,59.76500181,65.81816412,59.77390212,61.20817452
243.618,64.54155974,60.9671823,66.90479214,62.39470292,63.80385429
243.836,65.15604798,60.59378339,65.65434547,61.64399334,62.843869
244.054,63.79232071,58.92013321,64.20777952,61.22430675,61.75503548
244.272,62.73230251,58.41371909,63.7266158,60.56256659,61.82753719
244.49,63.56972345,58.54586234,65.06029962,61.14980733,64.07981747
244.708,62.33099357,57.71734172,63.80103116,60.29715194,64.06805963
244.927,61.05372075,56.71103179,62.0763529,59.62528228,61.5763354
245.145,61.74907147,57.0712228,61.29833061,59.54207529,61.54904002
245.363,60.45272664,56.35175228,61.22059271,59.24420891,61.59310659
245.581,60.50576942,56.34686618,61.82293722,58.84155057,61.41127106
245.799,62.56068536,56.27043995,62.81494605,59.66331864,64.13942153
246.017,62.278795,55.34445566,61.70395034,57.8965995,62.03744429
246.235,63.08901686,56.88191326,64.24750515,60.21569165,65.31963174
246.453,63.908011,58.23537124,65.10158327,60.20316275,65.89625708
246.671,65.04269224,59.45293834,66.4625035,61.8000457,66.93403764
246.889,64.28031941,58.79644268,65.19698081,61.09509296,64.15718602
247.107,64.90524461,59.40278433,65.12865415,61.91286389,62.99820678
247.325,64.09597937,59.70177671,65.39784783,60.97508146,62.57993065
247.543,64.1639955,58.60075863,64.85565811,61.93322884,62.76534233
247.76,63.68664418,57.62492754,63.94852118,61.49953738,60.62700313
247.978,63.10592834,56.28043993,63.39878344,59.66973089,59.11602543
248.196,62.32686831,55.42159605,62.61169957,59.82445865,57.83106288
248.414,63.23072658,55.6225282,64.50938195,61.78010683,59.63368359
248.632,61.37078649,54.26903674,63.15779791,60.81064699,57.68546454
248.85,61.540626,53.52643844,62.58561004,60.52061154,58.2016714
249.068,60.98679721,52.95752084,62.02364728,60.03431509,57.72760882
249.286,60.95215571,52.71927764,62.71074497,59.57281755,58.63742683
249.503,61.74800198,53.12622916,63.40226278,59.84823051,59.56781431
249.721,64.86053761,55.10405084,66.03567671,61.52058331,62.02530853
249.939,64.99226919,54.53834599,67.16487371,60.79134496,62.80030265
250.157,66.37081976,57.63906344,68.59203444,62.52201767,65.64168971
250.375,66.2832717,58.96849131,68.88490935,63.85831897,66.87815954
250.592,65.41527245,59.4617949,68.65626401,61.76412166,65.09561376
250.81,63.2775051,59.5372385,67.22007909,60.20406249,63.132533
251.028,65.27863255,60.59424109,68.22543238,60.01042036,63.13079442
251.246,64.01933984,59.68564672,67.32704061,60.40315171,62.43050594
251.463,64.91309746,61.07738501,68.92479029,61.47679886,63.69398341
251.681,64.59016694,61.37330593,67.71575875,61.00747379,62.58309919
251.899,63.5774141,60.93947643,66.87112477,59.67156382,61.33480813
252.116,61.80129518,59.22107859,64.29809245,58.99472939,59.48578805
252.334,62.17880962,60.662001,64.32839989,58.39457808,57.41990052
252.552,61.62153999,59.3897785,63.87568163,56.86676689,56.52090861
252.769,61.51168881,59.11030964,63.33491737,56.89727068,56.02099304
252.987,60.78925064,58.09119713,63.27960748,56.86191044,55.68604176
253.205,61.54753539,57.91501,63.65274183,56.24297628,55.54509364
253.422,59.89878684,57.61703921,62.49442519,56.16692834,55.27545031
253.64,61.44504019,59.10366283,64.50064578,56.15403309,56.80839944
253.857,60.97372736,57.48985103,62.42794314,54.29264434,55.74468273
254.075,61.56891877,58.14197467,63.93934055,55.67535046,56.84479546
254.293,61.9990542,57.93483783,64.5775295,56.97351422,57.71742598
254.51,61.6981035,58.44487927,66.55038653,58.14477559,59.24631016
254.728,60.22249972,57.68540966,64.90746663,58.0859072,59.72214421
254.945,59.60476869,56.66873182,64.22298562,57.98184372,57.76126453
255.163,59.01299378,56.52597771,64.18876612,56.7621743,56.51293009
255.38,58.58161561,56.39795378,62.94901169,55.29256823,55.21980822
255.598,58.3772831,55.99792809,62.59888528,55.23073851,55.2845297
255.815,59.18415048,54.94771222,63.09666247,54.81558801,56.23819502
256.033,58.22832965,53.87121275,61.31758945,54.86129905,55.42537782
256.25,57.48664474,53.50328403,61.66242596,55.31786156,54.15738044
256.467,56.95268487,53.03185192,60.64519174,54.50204273,53.9884823
256.685,57.53039442,54.11136942,60.87488439,54.41262098,54.31655561
256.902,58.51899244,54.13744428,60.1794195,53.82360003,53.9316074
257.12,58.85699504,53.99669178,61.01132438,53.71331864,55.12044773
257.337,60.07999401,55.63381492,62.25370846,54.6195084,58.23521815
257.555,61.44259096,55.89487356,63.20927087,56.56133057,60.29272269
257.772,62.05603561,55.78407808,63.82260526,57.70811246,61.38624719
257.989,61.3616412,55.36919986,63.59198436,57.69248641,59.83281784
258.207,60.33063557,55.13501632,62.66988207,57.36807831,59.47981252
258.424,60.54674711,55.11877707,63.03705928,57.25687774,58.78461006
258.641,59.66428475,55.84539204,63.00538389,56.22238954,57.94332658
258.859,59.20908758,55.44548461,62.8657517,55.4171274,57.08398587
259.076,59.17119054,54.76426239,62.82127965,55.51628259,57.31103283
259.293,58.50747346,54.17955959,62.6099159,54.24467288,55.68101932
259.51,58.88984644,54.18727739,62.29648105,54.81108452,54.67601041
259.728,57.41915106,52.52104845,59.9651969,53.46785192,52.8133158
259.945,58.66477663,53.31355817,61.08000555,53.81667917,54.12346308
260.162,58.92013941,53.84102737,61.00992979,53.45701707,54.45926742
260.379,61.35808693,55.84786874,62.56446559,54.4586396,58.10410646
260.597,62.13928368,57.01440784,63.45772726,55.17345672,58.83777678
260.814,61.98088683,57.1180435,63.60985539,54.83363166,57.63740465
261.031,62.90123355,57.27595912,63.73852415,55.85416387,59.77470471
261.248,63.68848117,57.73423073,65.04384727,58.14416795,61.53880969
261.465,64.22551058,57.77280267,65.07998873,58.53722836,61.66033451
261.682,63.87254863,57.403487,64.82068612,58.33705417,62.40304009
261.9,62.87168693,56.46768863,64.11509779,57.62137277,61.28192944
262.117,63.88929791,56.75816398,65.41899792,58.18758851,61.36989723
262.334,62.19847737,54.89897376,63.1709206,56.0254955,57.24538577
262.551,62.49986269,54.47904598,63.35155626,55.82918436,57.17779099
262.768,60.97013466,53.50453856,62.69182664,55.66330464,56.11458858
262.985,60.92378897,51.78061346,62.10971736,55.83370462,54.56988308
263.202,61.9387414,52.22053589,61.71904234,55.94606305,56.03448839
263.419,62.67648712,52.08493499,61.8457231,56.62345633,56.42352912
263.636,63.41610943,52.40982979,61.42910229,55.64980595,56.54476577
263.853,61.4861786,50.594578,59.73058571,53.65077624,54.04956095
264.07,61.93044108,51.38651778,59.36770206,54.59130231,54.72715913
264.287,62.56570375,52.73762413,60.23703257,55.31484073,55.49653672
264.504,63.27070931,54.44324037,61.05895344,55.95558502,56.61872281
264.721,61.41033458,53.22183088,59.79745296,55.34948829,57.34877367
264.938,62.04236699,54.25535662,60.46223182,57.15357927,58.65692218
265.155,63.72176892,54.78244824,60.40666019,58.35043565,59.08904016
265.372,63.78333558,56.87877936,60.22470983,58.09058428,60.33371486
265.589,62.16637004,55.07891145,59.34252156,56.06143956,58.63080356
265.806,61.53186523,54.8782974,59.68113258,55.74232839,57.37931332
266.023,59.86879002,53.84985338,58.19903084,54.30047707,55.31671504
266.24,61.44967218,56.04012183,60.7276121,55.97524209,57.83015967
266.457,62.26687724,57.69228946,62.12242599,57.72368454,58.75538236
266.674,62.19241343,58.47533899,62.40029886,58.93980653,60.01486583
266.89,60.76359075,56.64171876,61.72908323,57.85651123,58.89404263
267.107,62.66575159,58.45493655,63.39064694,59.71549189,59.37209065
267.324,61.60789516,57.60849828,62.87878478,59.02189157,58.96407832
267.541,59.73608906,56.69850223,62.78262494,56.98377332,57.8463043
267.758,61.0653862,56.59573704,64.24402388,58.38357324,59.00611778
267.975,61.28809564,57.95991198,65.40624156,59.47462488,60.62207744
268.191,61.75153041,57.38320548,64.80640994,58.28272257,60.73277302
268.408,62.94690922,57.86126031,66.14696574,58.55750035,62.04265193
268.625,61.50111415,56.1388951,64.98318089,58.22744168,61.05055909
268.842,60.10408747,55.33620687,63.67590434,56.0996196,60.07175916
269.058,61.24125387,54.76655594,63.80483749,55.8109799,60.58635763
269.275,60.97037178,54.08911924,63.57658723,56.20907296,59.76331549
269.492,59.95637596,53.51548189,62.83165952,54.72145422,58.65940624
269.709,59.31949762,54.37269562,63.24759591,54.85378157,59.10182468
269.925,60.66476122,55.08485156,64.32225042,55.47951089,60.98247815
270.142,59.42934888,54.99857069,64.97641103,55.4087841,60.87532841
270.359,60.98489634,55.70571637,66.7649729,57.27672161,62.5168906
270.575,60.05985274,55.51265671,66.32138484,57.46276415,62.53747653
270.792,60.27631201,56.06527823,66.47076046,58.47818713,62.27663466
271.008,61.99370953,57.68447974,66.82678571,58.28962255,63.22590432
271.225,64.17758632,58.79079228,69.25428621,60.72770058,65.65658922
271.442,62.99571369,58.07712499,69.1388993,60.24933571,63.46925194
271.658,62.60748885,57.85172739,67.78047371,58.7554862,62.03131649
271.875,62.92240581,58.20994365,69.38869896,59.81612947,63.456072
272.091,64.69399044,58.49937763,70.59411915,61.20993801,64.794866
272.308,62.90432759,57.85122098,68.7450648,60.96561025,63.1767661
272.524,62.60331474,57.63818931,68.18581812,60.12625506,62.15459608
272.741,62.92637012,57.99655925,67.96085698,60.62316714,62.38700278
272.958,61.97594265,58.61247528,67.3352584,60.39701649,60.59662454
273.174,60.4667531,56.66719476,66.3073323,58.28346632,59.54673228
273.391,61.17301392,57.12999516,66.29334706,59.21996571,59.7689569
273.607,59.8453456,55.3570816,65.21355786,56.9199201,57.4428637
273.823,58.83666816,55.87579236,64.42265072,55.91760525,58.27797549
274.04,59.61121715,58.36294355,66.47322767,57.54218963,60.58415109
274.256,60.77001604,58.66467866,65.07397779,57.590847,60.15310243
274.473,58.8513918,57.16412391,63.81770805,56.3607759,57.89885549
274.689,60.68578528,58.14133182,64.85150291,57.09297848,58.55695414
274.906,60.33691095,57.36645515,63.48911392,56.97449918,57.4933016
275.122,59.16697878,57.06205029,62.14203148,55.74651465,56.7537831
275.338,60.65354151,57.36411849,63.34919355,56.89579014,59.23527269
275.555,59.49522798,57.80134217,63.9038463,57.60362734,58.97999945
275.771,59.78775414,57.90668117,64.96469679,58.80701308,59.80244115
275.987,59.63093515,57.27162283,63.96812058,59.4108809,58.72520192
276.204,61.12192187,57.2029238,64.49383422,59.77038856,58.97270554
276.42,60.63773655,55.68191469,62.85571504,58.00291484,57.66931565
276.636,60.00658608,56.10377792,63.18177475,58.47801722,58.24937264
276.853,60.57398244,57.10081694,63.3676422,57.38476515,58.57752423
277.069,60.20166189,56.07386564,62.97598248,56.9016065,57.61567434
277.285,60.30030542,56.5737466,63.57733956,56.45428817,58.6206637
277.502,61.38297534,56.83722818,64.21174247,57.07150342,57.78067165
277.718,61.54876474,57.26091702,63.26451003,56.28396368,56.70151563
277.934,62.97618342,57.4961174,62.88865617,56.43178406,58.67088073
278.15,61.92547139,56.93358108,62.64310079,56.03603604,58.59466716
278.366,61.89109128,57.48634427,63.51778647,56.23766432,58.98202503
278.583,60.82693505,56.87016927,62.82662943,56.67819257,58.64678992
278.799,61.33137367,57.08879773,63.88012406,58.14985132,58.9322253
279.015,62.48270454,57.62469625,63.94138702,58.77049357,58.47395898
279.231,62.42559811,57.18622537,63.91849629,59.54118369,59.69262302
279.447,62.20281415,57.65856015,62.83874466,58.90558533,59.61872564
279.663,62.21506547,57.29760396,62.30266711,58.42672355,59.11312274
279.88,60.9350839,55.99810511,61.16494446,57.07150461,58.16058177
280.096,60.45081169,55.21001648,62.06497749,58.02873348,58.26159914
280.312,61.38230375,55.63814296,62.23323962,58.24364892,57.38047591
280.528,60.55340662,54.94203425,60.92490932,56.60659858,56.39366733
280.744,61.24594911,55.32911473,61.07332467,57.28560434,57.307369
280.96,61.86807883,55.06620992,60.46361522,56.64581329,56.16379421
281.176,62.69829307,55.67303402,61.07424067,57.46894513,57.10550142
281.392,63.4257267,55.77915178,62.30154237,58.72355538,59.41272494
281.608,63.86284534,55.90871075,62.2006476,59.31862659,58.26336653
281.824,63.44717278,55.16372323,63.3610824,60.21588152,58.42064499
282.04,63.78442958,55.5954147,63.16102635,61.94971676,59.002517
282.256,63.00876209,55.53487944,63.46731222,62.57999873,58.78144957
282.472,63.08711584,56.45109923,63.95289517,62.33062789,60.07084694
282.688,62.11844734,55.64474818,63.50735975,61.9867209,59.45143406
282.904,62.11729205,55.68150487,63.69295947,61.66326596,59.19428401
283.12,61.47278522,55.36000956,62.89184335,60.35661567,58.78975726
283.336,62.60952913,56.50610767,64.15183539,61.7869341,61.31708148
283.552,61.80300949,55.74990973,64.07680333,60.15417276,60.73193945
283.768,60.29062678,54.93281847,62.46082256,57.97351485,58.21563226
283.984,59.38684264,54.22236584,61.82317922,56.63312793,56.97449969
284.199,59.91291295,54.45175136,62.4024726,56.54948296,57.42283373
284.415,58.72208228,53.66277536,62.82221002,54.99177168,56.59765344
284.631,58.65140767,53.98537577,62.43890365,54.70697173,57.14105089
284.847,59.2899009,53.74792513,61.88724467,55.75637795,57.06985091
285.063,59.87947693,54.42644595,62.04188622,55.99145254,57.0321132
285.279,60.10045867,55.08047914,62.73129891,55.9807368,58.43976052
285.494,60.4651375,55.02939125,62.99859797,57.32664554,59.16988788
285.71,59.76909022,54.47241251,62.63169961,56.54574685,57.46550652
285.926,59.41543218,54.33422825,61.80179508,56.89094993,56.99054869
286.142,58.57731554,54.23823785,62.83373316,57.1257324,56.79470074
286.357,58.79050722,53.79233291,62.02029378,56.43120852,56.25045329
286.573,58.58940567,54.04313552,61.78788603,56.10946785,55.99740689
286.789,58.772752,53.16987748,60.44572126,56.44058612,55.77261226
287.005,60.45149518,53.37416742,61.75263183,57.4514742,56.70485329
287.22,60.70781419,53.49377366,62.42211424,56.6202033,56.59096833
287.436,60.38232359,53.2765317,62.97692591,56.65837043,56.54116387
287.652,60.92619913,53.02812003,62.98682905,57.74619189,56.04601433
287.867,59.70885342,52.19661987,61.95387047,55.79524233,54.40050518
288.083,59.07561617,52.97441957,63.25599707,55.55791967,54.61041996
288.299,61.13536535,54.76274241,64.86608289,57.55780166,57.53597692
288.514,61.77240496,55.40783383,65.51521709,58.42062085,58.88286198
288.73,61.77220666,55.94750066,66.58891874,59.41711393,59.80810488
288.945,61.85641205,56.23093059,67.19105531,58.70400518,59.72944951
289.161,63.9399681,58.74270579,69.08812003,59.73078304,61.99515034
289.377,63.47204757,59.32145797,69.3225186,59.35373513,62.43272465
289.592,61.8623887,58.13974429,67.6759384,57.96303721,62.67293314
289.808,62.64553619,58.51628101,67.4308116,58.28290138,63.96391916
290.023,61.86374315,57.64580055,66.42991194,57.47320636,63.00137506
290.239,63.15115499,58.08973542,67.33156496,58.28507352,63.37685964
290.454,63.70796541,58.108787,66.1876633,57.3626039,63.11283126
290.67,63.21738158,57.43001279,65.22499644,57.00668967,62.32691669
290.885,62.57094806,57.44570207,64.12076549,57.31651235,62.59453063
291.101,63.21125541,57.92610325,64.11837791,58.1509098,63.54228558
291.316,62.16398555,57.27918311,62.53496004,57.28028771,62.50686046
291.532,61.07551363,56.23010819,61.41466165,56.22155789,61.24920783
291.747,61.62347733,55.87254985,61.7905865,56.9079074,60.18798315
291.963,63.51999665,57.21629429,63.1971313,58.35148026,59.81137431
292.178,63.37084459,56.69179678,62.76581887,58.03962281,58.82279626
292.393,63.03644527,56.94214807,61.91692863,56.9453512,58.39352708
292.609,63.68266727,58.36785165,62.22729995,57.3786007,59.30077201
292.824,63.09023345,56.92658033,61.48391446,57.7894475,59.22417863
293.039,62.36248975,57.00489012,61.49025141,56.79160051,58.17231006
293.255,63.10531774,57.09919921,62.34530152,56.35674066,57.72839836
293.47,62.87760111,57.13329778,62.88100304,55.92234528,56.93673019
293.686,62.59476666,56.01693917,62.02878515,57.2412912,57.56935532
293.901,63.98075979,57.64952617,64.05884078,58.92949066,58.57023886
294.116,62.25143325,56.75792157,62.35087415,56.94787936,58.34323783
294.331,60.53730324,55.71955197,60.94554448,55.74430938,58.03878436
294.547,59.10447938,55.30673801,61.929075,56.56674168,57.91816364
294.762,59.78668487,56.37760092,63.32719916,57.69635761,58.47625001
294.977,60.10309249,56.35921065,64.39160545,59.07187539,60.35940253
295.192,60.54622536,56.34775056,64.84856021,58.30774744,60.34020547
295.408,60.28830327,56.19277871,64.54717957,58.35535659,59.61624465
295.623,61.35091874,56.1740346,64.80647521,57.57319627,59.0449475
295.838,61.14458588,56.64404317,64.48734753,57.44952495,59.87255125
296.053,61.95572701,58.53481927,65.80067565,58.12870908,60.74485645
296.268,61.08827425,55.69258908,63.51303962,56.15012867,58.44202932
296.484,62.26712712,56.94947335,64.25412069,56.81077619,58.58606628
296.699,63.06087392,57.58936378,65.68766467,57.0931566,58.66556675
296.914,65.05816191,59.34612708,66.06684618,57.53219607,59.49749039
297.129,64.49834473,58.89494289,65.77263101,57.5208036,59.72262534
297.344,63.51685384,58.16671537,64.86750764,56.58053681,58.37839659
297.559,63.48713163,59.00941479,65.61849141,57.41572179,59.35512651
297.774,63.32929457,57.41778815,65.33244519,57.08460179,59.50766602
297.989,63.79643204,57.59296882,64.96455692,57.29136765,60.738473
298.204,65.06661057,57.59342773,65.50209997,58.70519262,61.14995906
298.419,65.02181754,56.71683699,64.68614893,58.03319388,60.58853461
298.635,64.39046862,57.01606757,65.15525932,58.69294698,60.50905084
298.85,64.41418835,57.25655172,64.86907799,59.79589985,62.25446339
299.065,63.061507,56.27342174,63.94911794,59.83509318,60.91998131
299.28,62.22166289,55.87060478,64.13710805,59.07360916,61.1199647
299.495,62.13668697,56.0714863,64.51008489,59.68334255,61.98322469
299.71,62.60373731,56.09853655,64.05666423,59.22248659,61.62758882
299.924,62.51932079,55.90556452,63.23176995,59.1487031,60.08720016
300.139,62.05060499,56.65453425,63.34235446,59.20689151,60.03625196
300.354,59.69245187,55.0975706,62.38070229,58.58689124,59.38363913
300.569,58.84251853,54.63856497,61.26754212,57.03679616,58.39543692
300.784,59.75389445,56.19797216,63.02116347,58.28756632,59.66199003
300.999,60.49130481,57.30300077,64.06048678,59.29686006,62.6311255
301.214,59.1270309,56.35643856,63.63638418,58.50203259,59.94307066
301.429,60.25808358,56.54212421,63.42567734,59.03126166,61.10718458
301.644,59.83259555,55.12458173,61.83542673,58.40719726,59.40672531
301.859,59.70564782,55.26810943,61.78917745,58.62246271,58.67470325
302.073,58.97589179,54.75881931,62.25624983,59.1077563,58.46301325
302.288,59.8525015,54.84724322,62.84407945,60.00550886,59.94510258
302.503,60.54515672,56.04771099,63.20322547,60.6801093,61.91569572
302.718,61.0319638,56.74077383,63.63599501,61.49900627,61.8312041
302.933,61.22390807,56.18525587,64.09899756,61.50845888,62.04385651
303.147,61.71235455,56.12507039,63.65781796,60.96483473,62.22367113
303.362,62.02228889,56.07261374,63.79072641,61.33139112,61.80329126
303.577,62.87104102,55.44993409,64.05232753,60.781483,62.17960945
303.792,62.49392378,55.87077981,63.73934279,60.06412271,62.19805548
304.006,64.9534914,58.30922924,65.36533756,62.79502485,65.98405694
304.221,65.34231221,58.43238649,65.72182174,62.39738923,65.98446149
304.436,66.41514044,58.67298717,65.85314397,62.53549555,66.03076766
304.65,66.30147532,59.52373435,66.09411566,62.2852161,66.17971231
304.865,65.76261895,58.35945077,66.3516614,60.64830582,63.03410901
305.08,67.04302276,59.37529255,66.48834091,60.96345113,63.26471538
305.294,65.75330026,59.23520698,66.66603377,60.89079556,63.1747895
305.509,66.21565481,59.05853625,67.03824259,61.95246208,62.31815183
305.724,65.43491765,59.05609461,65.76883949,60.61369422,60.01287938
305.938,66.14432245,59.94654371,66.15071317,60.58757195,60.8307036
306.153,65.16218534,59.5963196,66.55842973,58.86288132,59.65438791
306.367,62.26398376,58.00301271,65.50878958,57.35440528,56.49410224
306.582,62.91494022,57.89944664,65.72667732,57.51324093,57.52420134
306.797,61.86252671,57.34078746,65.03488085,55.97107416,57.0124631
307.011,60.7956749,55.88509479,64.05462816,55.09486785,56.17185949
307.226,60.53795166,55.02190171,62.61404932,54.96366376,56.08657994
307.44,58.49168345,52.01705739,61.48511424,53.24124024,54.6223007
307.655,60.3875196,52.87145369,61.94168733,55.29926765,55.26668738
307.869,57.39579315,51.04830138,59.65997456,52.65663577,52.79259815
308.084,57.35134793,50.3315325,59.69894056,52.55826442,53.29602734
308.298,56.02883445,50.35396426,59.61449709,53.44746445,53.32143268
308.513,57.7689208,50.94135921,60.64536424,56.32627404,54.14466464
308.727,57.6812359,50.43277391,60.33312415,55.12771419,54.38528246
308.941,56.97985812,50.09262616,58.94268038,53.6639451,52.77353285
309.156,57.061864,51.21340797,59.32073828,53.27409172,53.53719585
309.37,56.90352899,51.23821915,58.85862299,53.55534397,53.48259127
309.585,57.72217516,53.0822014,60.20848067,54.9179389,56.17790151
309.799,58.30321462,55.24240421,61.55316487,56.56096724,58.0619825
310.013,57.20018025,54.0292553,60.57225572,54.44780496,56.46509554
310.228,58.62293954,55.494159,62.50652013,55.49768449,59.63951225
310.442,58.64460937,55.93482034,63.45571385,56.49688298,60.16859001
310.656,60.14713871,57.56786862,63.04331659,57.14602668,61.00849689
310.871,59.6528774,58.18355979,63.68807777,57.63070449,61.3260972
311.085,59.51836223,57.91642933,62.82478235,58.00300499,61.30251343
311.299,60.78409212,58.6486979,63.61563208,59.36857184,62.51185891
311.514,60.551803,58.31085103,63.3309576,61.34175881,62.42257257
311.728,60.99672454,59.227832,64.36937867,61.25031939,62.89581082
311.942,60.93171657,58.47991514,64.52299751,61.59687224,62.24703109
312.156,60.46912686,57.97486386,63.90337124,59.63575192,61.23248441
312.37,61.12378531,58.78638228,63.72274493,59.02585738,62.10068296
312.585,60.37653443,58.08727514,63.28997423,59.74846709,60.94960179
312.799,60.75606152,58.17628149,62.88858607,58.42631333,60.35766226
313.013,60.91986301,56.35113125,63.87067745,58.49776437,60.47570428
313.227,60.99979416,55.51313876,61.74809469,57.15230997,59.87382154
313.441,62.5620261,56.307969,62.74722893,57.22966714,60.54528405
313.656,61.52697021,54.49907653,61.70144177,56.02210409,58.86758895
313.87,61.21755809,54.26827379,61.10391501,55.35262227,58.55369609
314.084,61.34803551,53.47424698,61.27326951,55.09756212,57.81366353
314.298,61.11901367,53.30244484,60.81322793,54.54221736,57.29170944
314.512,61.77114985,54.39000965,61.02623849,56.1325828,57.11678677
314.726,61.93501342,54.67321781,61.54326393,57.10388754,57.94798054
314.94,63.5811283,55.37936792,62.24019466,57.97924648,58.97605523
315.154,63.51885412,55.41119469,62.76456529,59.01750619,59.76952117
315.368,61.11057801,55.38112389,60.94877812,57.13149986,57.30791099
315.582,61.65892647,55.47832,62.74106352,58.01287836,58.78588189
315.796,60.93730893,55.38449781,62.17347795,57.46606962,57.91960327
316.01,61.51850973,56.56891565,63.08080228,59.03731738,59.24132229
316.224,62.0862914,56.78409485,64.08742247,58.30053986,59.17200303
316.438,62.87850981,58.4223042,64.57469658,60.71249073,60.48785508
316.652,64.06853338,58.52616541,65.21896286,61.18347341,60.91193059
316.866,64.25824064,58.02286928,65.12219515,61.02470256,61.1224596
317.08,64.69702397,58.78175009,66.24221681,61.35353178,60.53585767
317.294,64.01869495,58.94846243,66.16713625,60.04955196,59.89287246
317.508,64.41846289,60.08389157,66.6213879,60.40553359,60.84864755
317.722,66.17890172,60.18655024,67.89346492,61.01322808,62.55513861
317.936,65.51726038,60.00069017,67.1256136,60.86709272,61.19928112
318.15,65.57323538,59.79972982,67.73141725,61.12704146,62.28438973
318.364,64.11798361,59.03648769,67.1161528,59.53239654,61.48269463
318.577,65.25349755,59.0996668,67.05512556,60.30081421,61.63985814
318.791,63.8063719,56.85309961,64.94333522,57.27721671,59.9151678
319.005,63.29833018,58.01824229,65.49946467,57.60947505,60.38564062
319.219,63.40032921,57.28506077,64.71448133,57.68215662,59.94532668
319.433,62.08118354,56.15129842,63.43400316,57.38890975,59.06371115
319.647,61.18028262,55.16763951,62.9993592,56.65028431,58.5518064
319.86,60.53664489,53.77555946,62.52205006,56.07869526,56.86618706
320.074,60.17814115,53.43593836,62.91957598,56.38933428,56.37084817
320.288,59.93087961,53.38283794,62.70497145,55.40401734,57.11813999
320.502,60.61426576,53.97920584,63.23054204,56.07441193,57.42883063
320.715,59.89069781,53.77731914,62.4360023,55.61522669,55.3424728
320.929,59.34979122,54.74084271,63.79096099,56.22827327,57.45961613
321.143,59.10236778,55.41461267,64.74675675,57.31090219,57.92461349
321.356,58.500467,53.803977,62.61668117,55.82104565,56.68846176
321.57,57.09034355,53.51388758,63.38007084,55.15120891,56.26995975
321.784,58.09210041,53.10810058,63.36396956,55.99765864,56.94936522
321.997,59.08287312,53.10610786,64.11336553,56.92183635,57.06766127
322.211,59.8617589,53.77344003,64.4538239,57.0692344,57.15933267
322.425,58.60861561,53.01197162,62.74774096,55.54748426,56.22761062
322.638,59.30578132,54.20122432,64.41300192,56.86879179,57.55580524
322.852,58.83199625,54.3737511,64.67255587,57.77339742,58.12760553
323.065,59.53050325,54.77242541,66.38546431,58.58503339,59.14829095
323.279,59.08602933,54.50531839,65.01152432,58.09583656,56.77057843
323.493,61.0882009,55.26937605,65.70892509,57.40026636,57.20296494
323.706,59.89613955,54.77960091,65.49023219,56.99376874,56.89477777
323.92,61.4897832,56.01486144,65.75669542,57.67563685,58.23839918
324.133,60.90023199,57.51989953,66.72903446,57.70186653,58.29846411
324.347,60.56723651,58.51290221,66.40203599,58.53062113,58.15151013
324.56,59.01551644,57.22416217,66.30511167,57.95415166,57.84734359
324.774,61.67955262,58.90411317,68.6383212,60.90530818,58.99618921
324.987,62.07646285,58.68007644,67.26803991,59.94050898,57.57641182
325.201,60.2552398,56.7136914,65.1230092,56.87462468,55.30661784
325.414,60.61774472,57.09443484,64.93816217,57.22513084,56.16182097
325.627,60.00533222,54.98423404,64.59575724,57.74929474,54.58293924
325.841,58.17444244,55.0081639,64.43615129,59.29068997,55.20161892
326.054,59.30344537,56.14786747,66.00031007,61.53179233,55.31434706
326.268,59.63289887,55.58687979,65.33698938,61.15854394,54.53038864
326.481,60.5890679,54.57834332,65.00239386,60.79251458,55.54477081
326.694,61.76618109,54.2078329,65.26306566,60.64637046,56.96994096
326.908,62.37776082,55.13778937,63.58026287,60.68802435,56.13192445
327.121,61.90167713,55.31974121,62.72615134,60.30754737,58.03778501
327.334,62.05289178,54.72492281,63.14365631,61.21132957,59.261109
327.548,64.46183862,57.32340572,65.17271922,64.23220101,59.14609661
327.761,67.12819901,58.13442956,66.70306671,66.46488577,62.33476152
327.974,66.92664954,60.25274123,67.62586347,65.28917171,65.03266981
328.187,68.79398226,59.780449,67.81982826,65.68381851,65.59350954
328.401,67.01834752,59.10685929,66.45827987,63.97231063,65.94507115
328.614,66.84319003,59.9862714,68.07100584,64.15932243,66.68633685
328.827,66.10784171,60.07546265,67.61398291,63.80194227,66.15189151
329.04,64.66376072,59.31343985,65.99272713,62.68056397,64.50304124
329.254,64.71134962,59.29502014,67.18011862,62.5956552,65.41370966
329.467,64.01410978,58.33016947,67.27431496,62.44495872,63.6255777
329.68,63.36630983,58.29343928,66.34146522,61.62777487,62.14603373
329.893,63.37405097,57.99010459,66.65110414,60.87767047,64.60416032
330.106,60.96010837,56.76137024,64.29534966,58.91906867,62.88144478
330.32,60.84111236,55.42890791,62.98733763,57.87073275,61.10954798
330.533,59.51575394,55.2252146,62.62999398,55.51721747,59.04358398
330.746,60.88328347,56.14526437,62.89410702,56.67355788,58.82988916
330.959,59.73681051,53.89017281,61.10645419,55.66304282,56.55963815
331.172,60.04297985,54.70200712,61.43069399,56.1191766,57.01904093
331.385,59.83945483,55.39522339,61.74483363,56.45721206,56.47119193
331.598,60.27052254,55.64636282,61.75875722,56.65781923,57.86817991
331.811,60.55848897,55.84180774,61.00191738,55.70330918,57.80311594
332.024,60.00843762,55.88277013,61.5052627,55.6008453,56.97222433
332.237,58.51900465,54.21013671,59.74741737,54.25600706,53.69835295
332.45,60.49413865,55.84385999,61.30332051,55.88412571,56.09809598
332.663,62.07439995,55.81157121,61.3743815,56.9257731,56.59727086
332.876,62.7707577,55.98324005,62.07647796,58.36482852,58.6996725
333.089,62.2460539,55.34943442,62.26426022,57.87950604,58.62105086
333.302,63.66436486,56.86830772,62.3891149,58.81788649,61.47615407
333.515,63.45482672,55.681141,61.35414793,57.79103231,60.73324295
333.728,61.62473212,54.70340737,60.74419049,56.53268528,60.37442497
333.941,61.3276334,54.26498956,60.37443151,56.91944996,60.36281309
334.154,61.09233705,55.20793464,60.747573,56.99541595,59.92328496
334.367,61.03574039,55.27187713,60.39307029,57.74325259,60.95312405
334.58,61.36028636,55.82021534,60.8568242,58.71041512,61.74639433
334.793,60.22476013,54.56348767,60.51536693,57.21943753,58.16345238
335.005,59.26825543,54.40788314,59.90533471,56.57152132,57.89156971
335.218,59.98267925,54.43701023,60.19539124,57.11568519,56.82854486
335.431,60.73990781,55.25335591,60.75400563,57.67660136,59.35906353
335.644,59.74180432,54.60564717,60.14166502,57.303513,58.04129399
335.857,59.46749259,54.8078911,60.65016082,57.45213499,58.61516297
336.069,60.96187098,54.96535772,60.46387431,57.34290363,58.80214346
336.282,60.38660901,54.91701729,60.04931814,56.93876879,57.97274317
336.495,58.83365882,52.65275994,60.03654741,55.22398626,57.43762073
336.708,59.49208204,52.07084188,59.92219811,54.43973279,56.39529656
336.92,60.90562214,52.88901584,60.1570639,54.98625236,57.61794272
337.133,60.14331115,53.08030922,59.02651967,54.30459758,57.6200056
337.346,60.63907706,54.02384803,60.38150403,55.01239862,58.55431262
337.559,59.69948384,53.47448441,58.71417174,54.35531687,59.01981713
337.771,60.42994897,53.74606853,59.2854623,53.87293582,58.04513357
337.984,60.29328471,54.14147314,60.22086524,53.76596757,58.76925385
338.197,60.7731709,54.95938778,60.04868354,54.28250149,57.86577773
338.409,61.67511634,55.35202198,60.66780398,54.44230889,59.18555968
338.622,62.24205279,56.18648986,61.53344686,54.64102392,60.19921409
338.835,62.31395762,55.96992659,60.50522436,55.1549666,60.67169735
339.047,62.78592912,56.72268989,60.73539453,55.33631019,62.10183084
339.26,61.22522471,55.62566435,59.65297374,54.07301313,60.95535789
339.472,62.20848056,55.27060982,60.03632967,54.40206622,60.68381516
339.685,63.02593441,56.12555272,60.65060546,55.39417305,62.34812188
339.897,63.46848266,56.83612957,61.55989425,55.92963358,62.21596697
340.11,62.27368807,55.75516584,60.80217183,55.30172213,61.38488182
340.323,61.50922776,55.24290089,61.56790993,54.57705807,60.80543385
340.535,60.58258163,54.26840449,61.67437045,53.40409416,60.18127652
340.748,60.46162175,54.4635557,61.6472979,54.21933415,60.12542593
340.96,59.64552242,53.5456805,61.243701,54.05472243,58.62630919
341.173,60.60427478,54.87006222,61.71917391,55.59481844,58.30707413
341.385,58.74025921,54.14808219,60.66579048,54.23421698,57.37751442
341.597,59.13200075,55.1316571,62.88277816,55.82951374,59.13288918
341.81,57.01369119,55.53264152,62.73327651,54.62252198,57.37941372
342.022,53.92145769,52.6549918,60.20742305,52.52925012,53.90550662
342.235,52.1714934,51.9741872,59.35498478,52.05989188,52.45166232
342.447,53.71011795,53.42846317,60.54735442,53.67147395,54.24162005
342.659,53.47954314,53.19049261,59.32785516,54.14039741,53.13009069
342.872,52.70882037,53.15969208,59.31583041,54.19927876,54.03621364
343.084,52.28156809,52.58984973,59.70288482,54.35315699,53.4831236
343.297,51.96202994,51.87834103,58.94456722,53.17326541,52.37426646
343.509,52.50045146,52.00158207,60.05650547,53.26887166,53.25655854
343.721,53.0225706,52.22413915,60.43029363,54.09905343,53.35660015
343.934,53.43956065,52.3401125,59.30653629,53.26357053,53.39583441
344.146,54.32092988,51.49202672,59.68700374,54.15603461,56.01110764
344.358,56.74850236,53.34589938,61.27925416,56.0963802,58.72236087
344.57,57.72575604,53.71060038,61.14278383,55.4219085,58.57348592
344.783,56.90179166,53.55352985,61.150651,55.48814775,58.60741559
344.995,58.16860326,55.0793535,62.18594126,56.61649672,59.3546085
345.207,59.78527093,56.11582308,62.69801261,58.17648267,59.4251872
345.419,59.45095842,56.94468911,62.03037516,58.16766872,59.64400323
345.631,60.0396393,57.75600679,62.78109614,58.84446113,60.72296821
345.844,60.7885057,58.54329773,63.31415725,58.482295,62.33048175
346.056,60.77021581,58.03625275,63.51961,58.28202729,61.27341953
346.268,59.60426002,57.03324136,63.6151661,57.29198841,59.40267214
346.48,59.90564503,58.06963932,63.78736685,58.11422753,59.90428656
346.692,57.98033608,56.79004704,62.18759874,55.79735414,56.65986847
346.904,56.98709097,56.44142449,62.25551444,55.09826895,56.24860561
347.117,56.11045596,55.05730959,60.77727909,53.23042404,53.56878204
347.329,55.00068693,54.1285737,59.97743781,53.48535334,54.92707447
347.541,53.03823864,52.53714134,59.04885659,51.81756393,52.87707272
347.753,52.26858482,51.32413428,58.87980307,49.70800594,51.78336297
347.965,52.05864791,51.3679118,58.0364022,49.27954343,51.37147835
348.177,50.42549226,51.19449404,57.59558814,49.65249986,50.16785309
348.389,51.27146206,51.38656202,57.87708674,49.21102118,50.66457794
348.601,53.62358945,53.5219842,59.12222596,52.24752907,53.05255428
348.813,55.56198194,53.87153155,59.88793954,53.64417314,54.48148333
349.025,55.94327376,53.79942547,60.67710956,54.25948663,55.8541006
349.237,57.17697155,53.78356928,60.32399131,55.84844532,56.93870388
349.449,57.13335917,53.75882161,60.21300661,56.50609526,57.51690641
349.661,58.39610665,53.77479516,60.48943234,55.86600654,56.76937343
349.873,59.37718804,53.98771607,60.81572548,56.09959421,58.20975527
350.085,60.35180775,54.54002269,61.25006705,58.4823855,59.42944939
350.297,60.37319238,55.51792253,62.80609206,59.11940384,60.60649162
350.508,61.33525077,55.00773543,62.61005611,58.59310772,60.31122147
350.72,61.87500074,55.37431427,63.05765158,59.38395864,60.96338183
350.932,60.87049788,54.49208171,62.25513753,57.32594844,59.57075435
351.144,59.19268642,54.11394497,62.29284669,56.27418265,58.35363226
351.356,58.60490001,54.31087952,61.57491367,55.28519615,57.75898647
351.568,58.77291342,55.69883662,62.64290229,55.82690792,58.29656278
351.78,58.9064841,56.85030585,63.25372933,55.35650985,59.0954062
351.991,57.8691173,56.16540619,61.93893342,55.00515317,57.28407723
352.203,58.74257082,56.7366323,61.35235324,55.80182834,58.3640561
352.415,58.3309616,55.786223,60.85879465,53.80234863,57.29123844
352.627,58.79091718,53.52415278,59.23365335,53.83860693,54.92358351
352.838,57.26002078,53.63819449,58.95929923,53.31643396,53.79641765
353.05,54.64016906,52.4477895,57.23395578,51.70294753,51.986276
353.262,54.65694285,51.63592815,57.00654065,51.71260513,52.12578223
353.474,54.61233683,51.2016104,56.65777205,51.01726318,51.31017743
353.685,55.37222442,51.83445353,57.17101347,51.74626086,51.76805696
353.897,56.06701612,50.42871456,56.76838839,50.70087353,51.7134776
354.109,55.68584877,49.09353092,55.70616095,49.82238632,51.01364219
354.32,54.54697988,48.74480864,55.94047231,49.21653396,50.60248368
354.532,53.65895122,48.22028904,57.12204361,48.77932204,50.50904865
354.744,54.84368116,50.58544437,58.97670657,51.05684076,52.71804007
354.955,54.71726677,51.63530485,59.48672537,50.89802415,54.04299457
355.167,54.95191706,50.91512942,58.28861907,50.71076197,53.035212
355.378,56.6297902,52.40750977,59.41764418,51.89197988,53.86242045
355.59,56.15414161,52.59751103,60.13971838,52.48308634,54.60972449
355.802,56.03995435,52.82720399,59.32373956,52.29837893,55.08239347
356.013,57.15942762,53.87197888,60.88592356,54.672429,56.44253458
356.225,56.27627002,54.50704386,61.12207636,54.16487097,56.00897474
356.436,56.54149807,54.92498682,61.23565217,54.81348885,56.09390652
356.648,58.07937729,55.20558726,62.16532717,54.49814634,57.63233383
356.859,58.85608868,55.68410415,61.37018308,53.96837537,56.60280102
357.071,59.38167426,54.98469095,61.08078336,53.63712616,55.7153282
357.282,59.4509578,54.53088378,60.30836429,54.38909258,55.31948593
357.494,59.99965485,56.25896095,62.04895309,54.86491745,57.5740915
357.705,59.84271147,55.31738204,62.2259632,55.35660679,57.18023117
357.916,59.83739318,54.48035028,60.62760891,54.97112248,55.62776722
358.128,60.16989126,53.99571683,60.55980687,55.04155703,55.55300363
358.339,60.14963788,54.33020611,60.23395873,53.7013303,54.22733077
358.551,59.90817888,53.26530362,59.75465585,53.46413068,53.54045583
358.762,60.01207823,53.83728185,60.83594979,54.18951122,53.36885186
358.973,59.9180072,55.42536386,61.62166879,56.68438573,54.58961112
359.185,58.43456317,54.9576824,61.20249929,56.45019984,53.48199589
359.396,57.04859485,54.7111887,60.17896243,56.09924253,53.80372308
359.607,56.7601062,56.43671864,61.27948133,55.36498371,55.48341756
359.819,56.84801357,55.1243238,60.15824464,55.4019193,54.24792497
360.03,56.55603469,55.09576604,58.96107259,54.50139674,54.44597873
360.241,56.73705727,56.06569171,59.98300462,55.15621196,56.470941
360.453,57.08565825,56.21729498,60.6452832,55.37438179,55.51857088
360.664,56.01012067,55.21699626,59.87190801,55.75330442,55.36393635
360.875,55.85502938,56.40943504,59.65224991,56.19037667,54.94338918
361.086,57.15625787,57.01111121,59.80999432,58.14211308,57.04677954
361.298,56.83910446,55.44138329,59.10185139,56.2186003,55.19687419
361.509,57.95371864,55.90259455,59.89354092,57.60741349,55.68873569
361.72,57.24076073,55.47685996,59.95334853,57.54433282,54.51378365
361.931,58.40471578,54.89378341,60.66179746,57.61190062,53.86651886
362.142,58.34470264,54.90748446,61.47181272,58.16128413,54.5753227
362.353,58.98697317,56.05811686,63.55097585,59.09298394,55.76497309
362.565,58.87296016,55.01781169,62.48155923,58.38764858,54.62140549
362.776,55.50723565,52.53596274,60.83542516,56.24738449,53.0510442
362.987,55.79085355,52.06977521,60.80041638,54.87561047,53.47715462
363.198,56.08008753,51.76189455,61.20439505,54.83746904,54.79379132
363.409,54.53511426,49.89232174,60.35218994,52.37882494,52.50447981
363.62,54.11475719,50.75938464,60.62736525,53.07637706,53.30782172
363.831,54.44700703,51.14327874,60.51482158,52.90792836,54.56474383
364.042,53.83935326,51.51669652,60.61320135,51.63738909,54.74962
364.253,53.12937792,51.46171728,59.79551082,52.01257458,55.26157952
364.464,53.21456497,53.07175072,59.8330675,53.3748757,56.25538296
364.675,51.54857044,50.62083849,57.23450704,51.02054578,53.93149012
364.886,51.71636004,51.51311211,57.89443332,50.94812581,54.02705526
365.097,54.53061723,53.53683769,58.43919898,52.17011464,57.10793288
365.308,54.13507311,54.00380632,58.86601299,52.73986394,56.82442224
365.519,53.44609593,53.48711921,57.83265703,52.55197046,55.31286071
365.73,53.26432778,55.23210576,58.74173849,53.43053273,55.30946467
365.941,53.52494639,55.38543191,58.49969851,52.968527,54.67736464
366.152,52.02201999,53.79695658,58.28861307,51.25846077,53.05107165
366.363,53.20696098,53.84453029,58.01930846,52.41372556,52.9754188
366.574,53.46601402,53.19487698,58.74940274,52.46665962,53.24921406
366.785,53.15952223,51.12477862,57.84380334,50.44564829,50.41431028
366.995,54.78891264,53.40236656,59.29967692,52.87946276,53.417943
367.206,53.85809162,53.35618844,57.68196865,51.81002302,52.17032762
367.417,52.61334854,53.38549526,58.30954181,52.64782088,50.86364358
367.628,52.33982042,52.46148611,56.79362156,51.89830004,50.92137182
367.839,53.41899846,52.84962144,58.45932663,52.14547506,52.78306034
368.049,54.78449022,50.96079692,56.82238139,51.68924592,53.30576744
368.26,54.22446238,49.59325523,55.67192655,50.85357774,51.90933776
368.471,55.59395493,50.7267917,54.60185628,52.01512645,52.21234366
368.682,56.28239822,50.96715419,55.10510936,52.55628842,53.62232424
368.893,56.0235063,51.02998328,54.09340483,52.0057661,52.53004604
369.103,57.10211202,52.96037137,54.11817606,52.57382234,55.08052457
369.314,56.84165483,53.30054963,54.93913621,53.06283002,54.36857272
369.525,57.98727044,54.37861403,56.6543855,53.91082651,56.11819889
369.735,58.49893939,54.68107699,57.0358686,54.10449727,56.32033126
369.946,59.36476458,56.12134893,58.43296583,55.3024741,57.8112257
370.157,58.8457639,56.36166665,58.55242028,56.6721888,58.85029432
370.367,57.46137368,56.2885948,58.16337152,55.14161353,57.32018432
370.578,57.44413944,56.03114469,58.67505414,54.47407141,57.3796485
370.789,56.42673966,54.6081108,58.53429606,53.3781892,57.39296696
370.999,54.00631118,52.84362777,57.23271437,51.37300225,55.05980022
371.21,54.93319349,53.27630262,57.34577041,51.5768463,54.96675771
371.42,54.26194733,51.38669396,57.73385643,51.27323774,54.43745898
371.631,53.70175729,49.31732871,56.2625412,50.01287845,53.04095962
371.841,51.39915676,46.12996006,54.58884435,48.90500834,50.77817125
372.052,52.18333608,46.35649164,53.63456065,48.25869769,50.59097268
372.262,51.02282258,44.82853117,51.97102666,46.50008062,47.93909201
372.473,48.7766576,43.62894285,50.07038287,43.40238529,43.74855674
372.683,49.60924451,44.26972557,50.82938814,44.48971559,45.64108845
372.894,50.40318936,45.12856819,51.3047046,46.27689299,47.32705717
373.104,50.69424913,45.65920317,52.64474469,47.45538639,48.66873208
373.315,52.7198295,47.15460769,53.81628269,47.52038517,50.39884273
373.525,49.8200996,45.86174585,52.64161194,45.8207044,49.05536081
373.736,49.17183998,46.21710566,52.03902765,45.77229402,48.04664549
373.946,49.18237675,46.40377746,51.82864586,45.34345562,47.50355723
374.157,50.52508058,48.15347016,53.65037102,45.42809309,49.40991714
374.367,48.25156763,46.49087774,53.16554728,43.96870196,48.42136234
374.577,48.04332177,46.03071993,53.57139903,44.79020877,48.69270883
374.788,49.26418481,45.8310272,53.7160167,45.66104598,49.78547836
374.998,48.65418247,44.4691626,52.8742108,44.56673286,48.946288
375.208,48.12380122,44.55184864,52.92094246,43.84873876,47.52258673
375.419,47.48212736,43.88289406,51.82354151,43.27223673,44.93522822
375.629,47.12240516,43.32752106,50.5013825,44.04693688,44.8248471
375.839,48.5164499,43.77760588,51.31095426,44.43045365,46.08984434
376.049,48.91418022,42.88491415,51.06055837,43.6056752,45.36742274
376.26,48.81423203,43.68027513,51.33226581,44.28367175,45.97426669
376.47,48.06803742,43.1000265,49.82799613,44.34437746,44.60694023
376.68,49.33799175,44.01734776,50.38370563,45.82697205,45.99077586
376.89,49.62264016,45.00983322,51.04380555,45.95873595,46.7324882
377.101,48.19625207,43.93327081,50.55115274,44.7670686,46.39698342
377.311,48.1058218,44.73290853,50.89301937,44.81976934,45.42806583
377.521,47.70698566,43.84525244,49.92885519,43.85873541,45.93826137
377.731,48.66736583,45.19677689,50.30349903,44.27310933,47.36130259
377.941,49.49326857,45.68290372,51.63926839,45.17609295,48.20937448
378.151,48.65617101,44.88006383,51.19166075,44.79485163,46.49139666
378.362,49.00263487,45.56296462,51.7587313,45.49075845,47.4635142
378.572,50.03710654,46.33540961,52.22889552,46.23330659,48.08860575
378.782,50.87624203,47.63784731,53.76577442,47.6980494,49.53130577
378.992,49.98586497,46.28819336,53.14830599,46.6418737,48.00634059
379.202,51.17303036,46.03920004,53.19410314,47.01871672,48.80802745
379.412,52.70516879,47.79322946,54.10785006,48.3364041,50.40204351
379.622,53.00029135,48.12189227,54.12170363,48.87345731,50.51751108
379.832,53.17413173,48.5097812,54.38175857,49.07434193,50.94894607
380.042,52.69548852,47.42784494,54.01374737,48.37658191,50.60050761
380.252,51.68256165,46.7681041,53.57092414,48.36268112,49.50899167
380.462,51.56248401,46.62030653,53.48494948,48.78450533,50.12266797
380.672,50.74214803,46.77191985,53.53425859,48.61054504,50.35660668
380.882,49.02757056,44.4077098,52.20574033,46.66998361,48.84943426
381.092,48.77605944,42.77475326,51.25346659,45.1498769,46.5031252
381.302,49.84325937,43.37454412,51.14628046,44.95983397,46.41848888
381.512,48.74645035,42.85492151,50.84821733,43.46868156,45.85834004
381.722,49.27867141,43.35754494,50.93265542,44.36104481,45.44594848
381.932,48.61750211,42.49767282,50.95946703,43.94649307,45.33802777
382.142,48.86983293,42.55100062,51.3164499,43.81544816,44.9558595
382.351,47.5432695,42.3584085,50.75825855,43.77176486,44.71534588
382.561,46.8826344,40.98162699,49.76552748,41.47446749,43.01372143
382.771,47.56930083,42.23509005,49.77323176,41.66043807,43.77138589
382.981,47.35304032,41.94759506,48.95508813,41.1972679,42.61996093
383.191,48.18429854,42.90737929,49.70965125,42.15278776,44.34443482
383.401,48.10162139,43.14362925,49.5270357,42.37619249,45.41483092
383.61,47.13797315,42.81820798,49.96553723,42.23682623,45.21693889
383.82,46.38192455,42.45724263,49.09829939,42.20832545,45.03957873
384.03,45.00400776,41.19973138,48.63171751,40.71419341,44.19062039
384.24,45.04043856,41.02579329,48.76600591,40.55319317,43.6095081
384.449,44.47503019,40.59160317,48.09887148,40.95380616,43.10644601
384.659,44.31207376,39.79634425,47.22593544,40.1664774,40.85986401
384.869,44.38922189,40.82128854,47.0727152,41.15312826,41.71203151
385.078,44.07067715,39.92242972,46.49374689,40.70462835,40.33701142
385.288,43.26712717,38.81606878,45.82021598,39.77018921,39.65702295
385.498,42.55224327,38.3481616,45.38284819,38.97293185,38.42199884
385.707,41.32170176,37.3478246,44.55288934,37.19432084,36.6337948
385.917,40.89951828,37.11525417,43.88114943,37.07339831,36.32021877
386.127,41.2622348,37.14248224,43.9158761,37.71951893,36.39986357
386.336,40.79130744,36.13485237,43.21227278,36.74447612,34.8855388
386.546,40.05082792,35.28778108,41.86097932,36.03530296,34.74527773
386.755,39.44919965,34.28071618,41.27330843,34.9425599,33.8907321
386.965,40.11394732,35.63102007,42.03323394,35.63343232,35.94965
387.175,39.15668555,35.24529115,42.49101114,35.03801665,35.53049085
387.384,38.13780693,34.0137476,41.96345572,34.01478889,34.9392936
387.594,39.06734826,35.00943872,42.32356263,34.92378679,35.85203721
387.803,39.69459721,35.1032014,42.5056607,35.2685582,36.20147039
388.013,39.5260121,34.80232937,42.24003374,34.75394998,35.979833
388.222,39.84849586,34.66815229,41.58374272,34.64274422,36.21387826
388.432,38.94922221,34.18031595,41.23794858,34.29377592,35.19875363
388.641,38.71104364,34.2052741,41.26962186,34.31912898,35.60113104
388.851,38.15362457,33.81930252,41.15872261,33.64031455,34.6434507
389.06,37.67611215,34.28907477,41.10350223,33.77308172,34.92564584
389.269,36.33093583,32.40991016,40.18715353,32.5300371,33.03654429
389.479,36.47015993,32.10072636,39.46132918,32.3183091,32.13965252
389.688,35.92374975,32.26351801,39.1936286,31.96727179,31.59232535
389.898,34.78060693,31.39966122,38.70887118,30.83379049,30.42049423
390.107,33.58213462,30.57837426,38.03287976,29.83034898,29.21606075
390.316,33.41695403,30.88809638,37.78530974,30.45025111,29.37568064
390.526,32.32723945,30.30864249,37.2827357,29.52037167,28.19139079
390.735,32.33151376,29.50044894,36.38406182,28.09666879,27.13375515
390.944,32.36070036,29.31975815,36.21394599,28.16525788,27.05447241
391.154,32.05822127,29.08711517,36.04888903,28.13800816,27.17621277
391.363,31.46465736,28.09671119,35.06446756,27.3688558,26.28403855
391.572,31.05893758,27.83060026,34.49914373,26.94763315,25.89148517
391.781,30.21962815,27.34483062,33.89975181,26.27920021,25.48909576
391.991,30.07780679,26.85166813,33.54062978,25.60537999,24.98277508
392.2,29.52638926,26.17291056,33.05001876,25.20073205,24.50530264
392.409,29.05095164,25.73478078,32.40424836,24.76001701,23.85912981
392.618,28.58031017,25.28525428,32.0107421,24.28432346,23.64117807
392.827,28.27468756,25.04499948,31.83575958,24.17880615,23.5134195
393.037,27.98679573,25.01499694,31.83607141,24.24669212,23.56039403
393.246,27.32782563,24.40536695,31.19456177,23.41285226,22.6131936
393.455,26.96263663,24.11229414,30.83784734,23.0724765,22.06260931
393.664,27.07621524,24.1139289,30.92685599,23.1715356,22.18738982
393.873,26.97854078,24.04396599,30.86307026,22.97760194,22.1855755
394.082,26.56937907,23.32474757,30.45652765,22.37729546,21.51022522
394.291,26.2116454,23.05423111,30.19451946,22.33037838,21.47713279
394.5,26.0175886,22.85457166,29.79258771,22.14382188,21.0755445
394.709,25.94739863,22.5127304,29.47520666,21.97365408,21.05183597
394.918,25.97899586,22.24485393,29.33041209,21.80179466,20.69700961
395.127,25.70106912,21.92388238,29.01191001,21.40803699,20.36695418
395.336,25.59403846,21.78225052,28.84494238,21.10692365,20.16504715
395.545,25.47729128,21.75621299,28.6968004,21.02520086,20.22282534
395.754,25.46518924,21.59515863,28.49009417,20.76756419,20.07077321
395.963,25.18019255,21.35478753,28.16003182,20.49091924,19.61353209
396.172,24.87176194,20.98278887,27.75276369,20.20905466,19.28197646
396.381,24.82049563,21.01798923,27.65409529,20.26547659,19.39227783
396.59,24.51346902,20.67001477,27.44159684,20.06477266,19.1267017
396.799,24.26142393,20.39100143,27.20431499,19.79082918,19.0042599
397.008,23.96485941,20.3240905,27.07192234,19.55106171,18.82941385
397.217,23.51776364,20.02724224,26.77497856,19.19026414,18.59218988
397.426,23.32281238,19.87543058,26.63921929,19.02371085,18.54601954
397.635,23.0128659,19.52341124,26.37057308,18.82586698,18.28682566
397.844,22.73119919,19.25596396,26.09254835,18.63120483,17.98339397
398.052,22.50979465,19.03254086,25.98098973,18.52927147,17.86577594
398.261,22.32424921,18.84687278,25.78349525,18.31380348,17.66539435
398.47,22.13733695,18.72199791,25.71224722,18.24882489,17.50339923
398.679,21.95795439,18.51549528,25.51124043,17.93582891,17.26019485
398.888,21.87266784,18.45966514,25.31376703,17.8494297,17.10707069
399.096,21.74826681,18.39996047,25.21158032,17.80889742,16.95973358
399.305,21.6247852,18.24716278,25.08480343,17.69168847,16.90584948
399.514,21.46149325,18.02227356,24.87519116,17.467977,16.6982551
399.723,21.35336922,17.88094973,24.68084655,17.31042105,16.46767759
399.931,21.23669664,17.8565762,24.57606087,17.25066209,16.47134345
400.14,21.15882793,17.76250577,24.41554466,17.09065679,16.43659286
400.349,20.99795891,17.68346364,24.20565963,16.92739248,16.24568341
400.557,20.8156813,17.49811563,24.03589735,16.76254053,16.15355645
400.766,20.79882031,17.45375074,23.91552434,16.65884602,16.1595267
400.975,20.8184024,17.40650594,23.83233974,16.65342619,16.20809095
401.183,20.74078223,17.33489623,23.73029933,16.54037181,16.16951054
401.392,20.58407565,17.16632069,23.58224228,16.35388872,16.05319332
401.601,20.45702804,17.03565162,23.42760735,16.17571149,15.89197772
401.809,20.31879774,16.89449814,23.29172346,16.08564256,15.77244206
402.018,20.18435711,16.82528478,23.14358211,16.01889895,15.70662653
402.226,20.01348583,16.68817446,22.98914224,15.87655548,15.60761526
402.435,19.89139586,16.58186859,22.92109223,15.79680824,15.5163477
402.643,19.7793703,16.46813546,22.79779335,15.71959867,15.47105656
402.852,19.72235108,16.41279918,22.68679225,15.6365144,15.37250232
403.06,19.58654371,16.29147532,22.56630063,15.52458102,15.21931388
403.269,19.45583066,16.17048014,22.47065687,15.44803757,15.10786965
403.477,19.31804767,16.05642006,22.34401305,15.32956336,14.97239915
403.686,19.25535013,16.00851103,22.23281689,15.25761115,14.95336479
403.894,19.13043964,15.92931231,22.10642352,15.18124509,14.87659671
404.103,19.10230899,15.94367811,22.05096451,15.16369439,14.90342945
404.311,19.07784378,15.88140673,22.02613049,15.10220813,14.8757373
404.519,19.06473518,15.87059022,21.9921684,15.07822774,14.86570844
404.728,18.99027098,15.8013803,21.88425456,15.01187275,14.78028258
404.936,18.91854033,15.73265908,21.82868416,14.94246927,14.73384913
405.145,18.88209724,15.70168773,21.82236397,14.92181487,14.78842867
405.353,18.82096528,15.66088762,21.75747767,14.88388724,14.78665521
405.561,18.73142931,15.63296996,21.68643855,14.82773176,14.73396807
405.77,18.69332123,15.57845279,21.66175745,14.8113911,14.73310866
405.978,18.64323527,15.54376523,21.64333393,14.73778501,14.69544231
406.186,18.6431483,15.54763975,21.65563956,14.75255367,14.68129055
406.395,18.56403708,15.47859503,21.59070449,14.66945836,14.61536571
406.603,18.51747987,15.42729847,21.54773956,14.63767189,14.5803965
406.811,18.4563479,15.39293442,21.50136047,14.61705061,14.54858146
407.019,18.44758815,15.37955465,21.50758312,14.58583015,14.58952092
407.228,18.45872112,15.38666183,21.50752051,14.58972215,14.59130401
407.436,18.44471792,15.38616796,21.48900669,14.5901439,14.56854913
407.644,18.42369448,15.38261179,21.50756266,14.57983326,14.57175796
407.852,18.41645059,15.35486105,21.48897899,14.56630778,14.57685919
408.06,18.41927112,15.37856862,21.48904884,14.56254901,14.57324798
408.268,18.43305067,15.39261091,21.49197533,14.58012179,14.58792104
408.477,18.42558313,15.371797,21.47045794,14.54122848,14.59709051
408.685,18.44700416,15.41648024,21.50143092,14.60368043,14.66669082
408.893,18.43206908,15.41986778,21.49201025,14.59350301,14.69667774
409.101,18.4179789,15.39889211,21.48894407,14.55112841,14.68395172
409.309,18.41118232,15.40599241,21.48891638,14.57203822,14.6871059
409.517,18.38976129,15.41243536,21.50128462,14.58179388,14.73858592
409.725,18.36498545,15.40194925,21.48887423,14.53217922,14.72631693
409.933,18.41154266,15.42582374,21.49816245,14.56702523,14.76800649
410.141,18.43349798,15.45357448,21.54132245,14.57007372,14.79850509
410.349,18.42960889,15.44663594,21.56895049,14.58387669,14.81622302
410.557,18.43442985,15.44613862,21.59069787,14.62220399,14.8706386
410.765,18.43518778,15.4566299,21.63688913,14.67433425,14.92837231
410.973,18.44118917,15.43243017,21.6306737,14.64978784,14.90377969
411.181,18.46412607,15.45324409,21.68321946,14.6875712,14.94878738
411.389,18.48188168,15.47067047,21.70183805,14.73969043,14.9706282
411.597,18.51085723,15.49437804,21.75732413,14.76364873,15.01064399
411.805,18.54301364,15.50131658,21.76355341,14.76002318,15.02016117
412.013,18.57043606,15.5118027,21.81604378,14.8161897,15.06573521
412.221,18.5533017,15.49792389,21.82850955,14.80880538,15.08447651
412.429,18.57234952,15.5187378,21.85013832,14.84072507,15.11858631
412.636,18.59170797,15.55326188,21.87486819,14.86163488,15.18858901
412.844,18.61326568,15.56036735,21.87170447,14.84727694,15.18543483
413.052,18.62851139,15.57019611,21.87477727,14.83682203,15.18824129
413.26,18.64786984,15.60116919,21.90860028,14.86470546,15.25468743
413.468,18.66424626,15.60083879,21.9178542,14.87583752,15.25519912
413.676,18.66446991,15.59422892,21.92395824,14.85130216,15.27521182
413.883,18.66478054,15.59406028,21.91469772,14.83764345,15.28988488
414.091,18.64724859,15.58002144,21.91160385,14.83806521,15.29859731
414.299,18.65153527,15.60793393,21.8962182,14.82747708,15.31356344
414.507,18.65449247,15.61875216,21.89915191,14.83066983,15.32858422
414.714,18.64953483,15.61181189,21.87153771,14.82314124,15.35536231
414.922,18.66348833,15.60487507,21.84675908,14.81657833,15.37262321
415.13,18.65015608,15.60858783,21.84990894,14.82007066,15.39079817
415.337,18.64237792,15.61230404,21.81911719,14.81993744,15.40479559
415.545,18.64528541,15.62601421,21.82233628,14.81993744,15.40198913
415.753,18.6208202,15.62618113,21.79757149,14.81229771,15.42882187
415.96,18.60717733,15.62585246,21.79445655,14.81565681,15.43265169
416.168,18.59215528,15.61925119,21.77599149,14.81566785,15.43799133
416.376,18.59528642,15.63006942,21.75426519,14.83672193,15.47738612
416.583,18.54390825,15.59166737,21.73261596,14.81916019,15.4320307
416.791,18.51479602,15.55714329,21.68938611,14.79492439,15.40072735
416.998,18.4755324,15.54987607,21.67696188,14.78448053,15.36707457
417.206,18.44686748,15.51857432,21.66473994,14.7911877,15.3584168
417.413,18.42790663,15.50404677,21.63396202,14.78057749,15.35165141
417.621,18.39932868,15.50759606,21.62167747,14.77472486,15.3584168
417.828,18.35930713,15.46307801,21.57231589,14.72552091,15.33123634
418.036,18.33341303,15.42855393,21.54753064,14.70111877,15.30062843
418.243,18.3161917,15.43194319,21.52591572,14.71547672,15.3091769
418.451,18.29790181,15.4079035,21.48562621,14.7328942,15.32729721
418.658,18.27178405,15.37272378,21.46106372,14.70194019,15.2869337
418.866,18.22553746,15.35256894,21.4116666,14.67071974,15.27364135
419.073,18.20871373,15.35917881,21.3838501,14.66054232,15.28890055
419.281,18.18769029,15.31433037,21.33749869,14.62680627,15.27622919
419.488,18.13899596,15.30755702,21.25724781,14.54316702,15.22944803
419.695,18.11086532,15.26319557,21.21088918,14.51181335,15.17813197
419.903,18.07237209,15.22545259,21.1923332,14.51123629,15.15073289
420.11,18.05935047,15.22545259,21.17385369,14.5259939,15.15704125
420.317,18.04562062,15.20480388,21.13991929,14.47414113,15.11352357
420.525,18.00430686,15.20447348,21.09671052,14.42576964,15.12355243
420.732,17.96017258,15.19431432,21.02581771,14.36695428,15.06805884
420.939,17.94604514,15.2117407,21.01655718,14.37044662,15.08669083
421.147,17.94031712,15.18076763,20.97025516,14.37071306,15.06857053
421.354,17.96209849,15.16754617,20.97040869,14.39133434,15.09000897
421.561,17.91867242,15.18530122,20.94261988,14.39064615,15.09407721
421.768,17.88285059,15.17142241,20.96111986,14.40500409,15.08587646
421.976,17.89358596,15.17771221,20.95505074,14.39871867,15.13586645
422.183,17.90739033,15.17061019,20.94270296,14.40206674,15.153803
422.39,17.89938851,15.15301861,20.9116812,14.3942717,15.1405653
422.597,17.91463421,15.17060847,20.89325045,14.44639092,15.19370947
422.804,17.93306078,15.12979975,20.85330954,14.43579175,15.12910107
423.012,17.93179338,15.10188037,20.89030289,14.42488197,15.11103542
423.219,17.92167926,15.0605795,20.88093098,14.4176419,15.07875373
423.426,17.93563276,15.08833196,20.89019812,14.43131165,15.13282159
423.633,17.89820808,15.07413308,20.84379072,14.39282905,15.10197527
423.84,17.94507592,15.0841322,20.86847182,14.42027968,15.14428582
424.047,17.93067512,15.08140202,20.8129785,14.42011333,15.13425695
424.254,17.89373501,15.09882495,20.76669694,14.41623238,15.14469781
424.461,17.84015756,15.06801536,20.68648822,14.3604876,15.09011828
424.668,17.80562794,15.03010202,20.6155051,14.30500927,15.0688438
424.875,17.72840536,14.96799068,20.56001178,14.23212451,15.00715116
425.082,17.70335616,14.98186948,20.53203513,14.21525096,15.01615666
425.289,17.71615413,14.99541962,20.46741374,14.21874329,15.02470513
425.496,17.66355827,14.99591177,20.39357336,14.169939,14.98016408
425.703,17.64146627,14.96122421,20.35060181,14.15265475,14.91571964
425.91,17.60497347,14.91653409,20.30756042,14.09314015,14.85483175
426.117,17.55480054,14.85796859,20.23973379,14.03445803,14.76207417
426.324,17.53580243,14.82972571,20.20276152,13.98944564,14.73799324
426.531,17.50927462,14.79586241,20.19343115,13.97256105,14.70083856
426.738,17.48518219,14.77826568,20.17183731,13.93033072,14.6540574
426.945,17.4731546,14.79214104,20.1657471,13.94777028,14.61776213
427.152,17.42950489,14.77471294,20.12537391,13.91709377,14.56553202
427.359,17.44801843,14.77793356,20.15003393,13.93743756,14.58678671
427.566,17.3799532,14.73357899,20.11290813,13.86802304,14.54992511
427.772,17.34838078,14.68484743,20.11290813,13.84348767,14.51999285
427.979,17.33076186,14.68112778,20.1189911,13.80863062,14.50812624
428.186,17.32923354,14.68047215,20.10044174,13.82675839,14.50486275
428.393,17.338627,14.69418232,20.06035453,13.82314388,14.51362984
428.6,17.30069286,14.65676286,20.04476658,13.82635872,14.48863484
428.806,17.28406796,14.64271885,20.02926231,13.8011462,14.42127464
429.013,17.24193411,14.60464376,19.9704939,13.76699943,14.38411996
429.22,17.17615514,14.54608515,19.90867316,13.70731849,14.3318352
429.426,17.16846394,14.55624431,19.9335981,13.73155429,14.33493472
429.633,17.07821975,14.48381549,19.86588945,13.65140737,14.29298151
429.84,17.1038405,14.49075231,19.87822277,13.73144314,14.2692285
430.047,17.06041444,14.46316505,19.81326663,13.7357569,14.26464858
430.253,17.05705963,14.40848957,19.76086717,13.71793975,14.23695643
430.46,16.95858997,14.38478199,19.72975512,13.69367083,14.22393735
430.666,16.8542556,14.32332799,19.71419548,13.6446001,14.14711462
430.873,16.80927641,14.30945091,19.67419196,13.60917704,14.11001461
431.08,16.76585034,14.29912483,19.6186571,13.59537406,14.09825731
431.286,16.72094568,14.312835,19.64659883,13.61934341,14.09825731
431.493,16.73534648,14.30895876,19.68368971,13.60570679,14.09240599
431.699,16.71552828,14.28459384,19.64967885,13.58759007,14.0766351
431.906,16.65037056,14.24668222,19.59713971,13.58062749,14.02245794
432.113,16.56272324,14.20150682,19.54145071,13.45851669,13.93026671
432.319,16.50503306,14.18085983,19.54155548,13.40835809,13.83893487
432.526,16.43581231,14.17697842,19.50743262,13.37307929,13.76049302
432.732,16.44716893,14.17987381,19.54473242,13.38284599,13.71278817
432.938,16.4520396,14.1897043,19.53859345,13.37546166,13.72562349
433.145,16.44546667,14.18987121,19.55400679,13.37225786,13.71575859
433.351,16.45033735,14.20680028,19.60032988,13.40027451,13.71495384
433.558,16.47100045,14.21663077,19.60639901,13.41436602,13.6881211
433.764,16.42731347,14.20613949,19.58182267,13.41728129,13.66031965
433.971,16.40093479,14.21291456,19.58799656,13.40306761,13.62041318
434.177,16.4051345,14.21646213,19.58495869,13.38521733,13.58331316
434.383,16.41022882,14.22306512,19.60655977,13.41950836,13.59283034
434.59,16.42646857,14.24726312,19.60945134,13.45463185,13.64792156
434.796,16.40446354,14.2575892,19.6341529,13.46507572,13.66467078
435.002,16.37830852,14.24082189,19.60625271,13.44861288,13.6551536
435.209,16.34928325,14.24759696,19.64643745,13.4799776,13.63336743
435.415,16.30258936,14.19242244,19.6061064,13.44110637,13.57506738
435.621,16.23605245,14.11288816,19.54742891,13.37085938,13.46882407
435.828,16.18140645,14.08885707,19.5196684,13.33600233,13.43843478
436.034,16.13798039,14.07820576,19.52892893,13.32958369,13.42260924
436.24,16.16717959,14.10240549,19.54758906,13.36026021,13.45299854
436.446,16.12648708,14.09093335,19.55688451,13.37740021,13.42942928
436.653,16.10842085,14.07400257,19.54779136,13.37418536,13.45992788
436.859,16.06633671,14.05674311,19.54184085,13.34590226,13.40826411
437.065,16.0519359,14.04625183,19.53262247,13.33865116,13.37782016
437.271,16.00850984,14.02205039,19.51720913,13.31316115,13.32548075
437.477,15.97877636,13.99091211,19.46466999,13.29532191,13.30415161
437.683,15.99720293,14.05220091,19.52343179,13.33057863,13.34513611
437.89,15.98638058,14.04204175,19.51720913,13.33363816,13.36274473
438.096,15.96840132,13.99041825,19.52341733,13.30186274,13.3317891
438.302,16.00140264,14.00767771,19.53560434,13.34006785,13.33545496
438.508,15.92555925,13.95638287,19.4923745,13.27093081,13.25925322
438.714,15.94362548,13.95365096,19.48925294,13.27819296,13.26510454
438.92,15.92846675,13.94283102,19.4829189,13.2536576,13.20742548
439.126,15.91993065,13.9394452,19.48893926,13.23273674,13.18558466
439.332,15.93133698,13.93605939,19.50750185,13.23984358,13.21023194
439.538,15.93840692,13.93251182,19.5168533,13.25753855,13.21395245
439.744,15.91318378,13.92524632,19.51691591,13.23983254,13.18345386
439.95,15.88751332,13.91896685,19.50158626,13.24009899,13.17938562
440.156,15.88813457,13.96365181,19.52938168,13.27175224,13.18912142
440.362,15.87395742,13.96365181,19.51088171,13.29280631,13.17741878
440.568,15.84095611,13.93961728,19.50776015,13.26141951,13.17380757
440.774,15.82959948,13.91508888,19.50138457,13.26851531,13.14921495
440.98,15.80786782,13.9284721,19.50442244,13.2573722,13.12203449
441.186,15.78949096,13.90492972,19.51684668,13.2396662,13.09056718
441.392,15.79802706,13.90831554,19.52615598,13.27117518,13.12731947
441.598,15.78622313,13.91203002,19.52603737,13.26072027,13.10908986
441.803,15.79704548,13.90186742,19.53208541,13.24595161,13.0991703
442.009,15.80420239,13.88526187,19.55365157,13.25321376,13.11424574
442.215,15.79078318,13.8541236,19.54728984,13.23551879,13.087413
442.421,15.8008973,13.82331572,19.54124179,13.2035991,13.0569144
442.627,15.83274308,13.84429139,19.56898845,13.20331057,13.09326432
442.832,15.8259465,13.82396963,19.57519003,13.19258922,13.05977551
443.038,15.85505873,13.86171605,19.59371109,13.21685813,13.10604499
443.244,15.86221565,13.84866494,19.61231583,13.23469737,13.118771
443.45,15.92021646,13.90028501,19.65256319,13.29436727,13.2020114
443.655,15.88766245,13.86221164,19.62178527,13.25896629,13.15935313
443.861,15.85626397,13.83801191,19.61552108,13.24168203,13.13527219
444.067,15.84910706,13.82075073,19.60934057,13.2317821,13.12065378
444.273,15.84239745,13.82058553,19.60626778,13.21756842,13.09657284
444.478,15.84910706,13.81365043,19.61246213,13.20696924,13.09026449
444.684,15.85299614,13.80993595,19.63091334,13.22801228,13.12426499
444.89,15.83456957,13.80961071,19.62792424,13.24530758,13.10069573
445.095,15.827189,13.83025943,19.6279104,13.2595323,13.11280075
445.301,15.82070305,13.82736748,19.64333758,13.26677237,13.10929885
445.506,15.82123733,13.81349383,19.6432262,13.25979875,13.08831744
445.712,15.79181447,13.78252592,19.60606548,13.22438673,13.03007204
445.917,15.80889912,13.80672393,19.63690601,13.24906635,13.06040668
446.123,15.81949781,13.80705088,19.64945547,13.26942119,13.06952148
446.329,15.81600633,13.81398942,19.66808791,13.26566242,13.06264679
446.534,15.80831513,13.8173718,19.69289423,13.28029785,13.07806995
446.74,15.8190505,13.83446778,19.71770056,13.31834766,13.11115639
446.945,15.8080045,13.8385075,19.70225953,13.31459992,13.09843038
447.151,15.81256455,13.83189935,19.70841234,13.29730462,13.07338073
447.356,15.80836484,13.81108888,19.71767287,13.27262499,13.05159456
447.562,15.80760691,13.77301034,19.70844727,13.24767892,13.03015611
447.767,15.80067364,13.78671535,19.73632638,13.25841131,13.04517689
447.972,15.81873988,13.79026636,19.76728552,13.28642796,13.06747475
448.178,15.80898609,13.77961505,19.75485467,13.26605105,13.04029429
448.383,15.81485079,13.78622665,19.75482698,13.28040899,13.03433366
448.589,15.8030096,13.7689603,19.72386122,13.263269,13.02842768
448.794,15.81101142,13.75863938,19.71450316,13.25280305,13.00108326
448.999,15.80492306,13.7413782,19.69290208,13.24262563,12.96799682
449.205,15.79012466,13.73427618,19.68370417,13.24303634,12.93571513
449.41,15.79401374,13.72072777,19.68676311,13.25000996,12.96931326
449.615,15.79021163,13.71750199,19.6528498,13.25685036,12.95434713
449.821,15.80850152,13.75574228,19.69288824,13.28820403,12.99802877
450.026,15.8115457,13.75558053,19.66821437,13.27776017,13.01981494
450.231,15.78037088,13.74169999,19.65271734,13.23286997,12.99257982
450.436,15.77259271,13.73864114,19.64349173,13.23943287,12.98982802
450.642,15.74866177,13.72137823,19.60640086,13.21531926,12.96208122
450.847,15.76757291,13.74541448,19.62179312,13.24653971,12.98988267
451.052,15.77115137,13.73896981,19.61258136,13.23944392,12.9894803
451.257,15.76024205,13.74252082,19.60012943,13.20836772,13.01080944
451.462,15.74279707,13.735584,19.60938996,13.20488644,13.02852737
451.668,15.732509,13.72815158,19.62173051,13.21547457,13.01671542
451.873,15.74789139,13.72815158,19.62164682,13.21184901,13.03580444
452.078,15.7084911,13.66265615,19.56621611,13.17365495,12.96167885
452.283,15.69431395,13.67281359,19.57847298,13.18006254,12.95817695
452.488,15.70017865,13.6692643,19.55691405,13.17978506,12.95451109
452.693,15.71480311,13.66232575,19.55385511,13.18674763,12.95812229
452.898,15.74011323,13.67975385,19.58158792,13.1966586,12.98500969
453.103,15.71024306,13.66249095,19.5599453,13.16863091,12.95731755
453.308,15.68242304,13.65233179,19.54148025,13.16514962,12.95456575
453.513,15.67526613,13.62152219,19.51068849,13.15468367,12.92315308
453.718,15.68273367,13.60071172,19.49220959,13.1440845,12.93181087
453.923,15.68586482,13.58038996,19.44900743,13.10215374,12.92585023
454.128,15.67092974,13.59410357,19.44911882,13.10256445,12.921782
454.333,15.68228636,13.59054912,19.43676442,13.09560188,12.93175621
454.538,15.6753531,13.56684671,19.41831321,13.10299725,12.92843807
454.743,15.6609523,13.56007336,19.40908037,13.11024835,12.91622374
454.948,15.62101772,13.5326513,19.38435774,13.07526912,12.88801991
455.153,15.57733074,13.48796289,19.33499616,13.03761899,12.85487882
455.358,15.55666764,13.46715242,19.33188844,13.03748576,12.85436714
455.563,15.56306662,13.45311013,19.32875965,13.03105608,12.858033
455.768,15.52930737,13.44956084,19.32884334,13.01337215,12.82529428
455.973,15.50439485,13.42180839,19.3102386,12.97867041,12.77357586
456.178,15.48959645,13.40793474,19.2978842,12.97934757,12.75219207
456.382,15.46741748,13.36985792,19.26691122,12.94451261,12.7312653
456.587,15.45963931,13.40422025,19.28225472,12.95511178,12.72811113
456.792,15.44523851,13.3764678,19.25759469,12.91705093,12.70953379
456.997,15.41697119,13.35920489,19.23589608,12.89573041,12.69766718
457.202,15.41666056,13.36564785,19.23278837,12.92346957,12.7158968
457.406,15.42474935,13.37581045,19.24826432,12.94437938,12.7276541
457.611,15.43176959,13.38291075,19.24832693,12.92402455,12.71853929
457.816,15.40592519,13.35920834,19.2297848,12.91344746,12.68442948
458.02,15.39586078,13.34855531,19.22046166,12.90270402,12.70902211
458.225,15.359281,13.35259674,19.21129867,12.87524235,12.70632496
458.43,15.35288202,13.33872138,19.20819096,12.88541976,12.72134574
458.634,15.35744206,13.32839874,19.17743412,12.89182737,12.72994887
458.839,15.33168464,13.27016536,19.12191972,12.84638219,12.69629609
459.044,15.3352631,13.27371637,19.09719709,12.84665968,12.70535624
459.248,15.34188573,13.27016536,19.09721816,12.84317839,12.72307418
459.453,15.32413013,13.24951837,19.08482885,12.80219123,12.6866696
459.658,15.30195115,13.22548212,19.05706834,12.78770006,12.67801182
459.862,15.29112881,13.21176851,19.01696729,12.78476271,12.66900632
460.067,15.27703863,13.20466304,19.00464782,12.77778909,12.66310035
460.271,15.28786098,13.20143727,18.97692885,12.78128142,12.64222824
460.476,15.33168464,13.20804714,18.97382113,12.80567252,12.67210585
460.68,15.28450617,13.19417177,18.93980305,12.77778909,12.64401133
460.885,15.2627248,13.18417609,18.94592817,12.771104,12.63861704
461.089,15.24496919,13.18417953,18.95512608,12.79591686,12.65358317
461.294,15.21554634,13.1603102,18.94273677,12.77069329,12.61407907
461.498,15.22059095,13.14304729,18.91495519,12.75689032,12.56535086
461.703,15.19559146,13.1465983,18.89337519,12.76358645,12.57131149
461.907,15.17121321,13.11562695,18.86570499,12.72218858,12.55003701
462.112,15.16723716,13.10158982,18.85948956,12.71787482,12.54321697
462.316,15.14948155,13.08787965,18.84710024,12.70059057,12.53421147
462.52,15.14285892,13.08788309,18.85006165,12.70434934,12.54006279
462.725,15.11290178,13.07062363,18.82833535,12.68386129,12.50651933
462.929,15.11594596,13.05691346,18.81301293,12.66602205,12.49104151
463.134,15.10145818,13.06368509,18.81304062,12.65221908,12.49104151
463.338,15.07570076,13.0396454,18.77609605,12.61721777,12.45749804
463.542,15.04765708,13.01866801,18.76073871,12.62126507,12.45979281
463.746,15.0068776,13.00173207,18.75462081,12.61791701,12.45618161
463.951,15.01389784,12.99140771,18.74845416,12.60355906,12.46473008
464.155,15.02365162,12.98802189,18.75454436,12.60048848,12.47063606
464.359,15.01573677,12.98430913,18.74218996,12.60424726,12.4865709
464.564,15.01976254,12.97076071,18.73911717,12.59741791,12.48824468
464.768,15.00558539,12.94656099,18.73304081,12.60411404,12.46111887
464.972,15.0318771,12.9499468,18.76387411,12.62432461,12.49466234
465.176,15.01496639,12.95365957,18.75143603,12.61749525,12.4983282
465.38,15.02967782,12.94994508,18.73903286,12.62056583,12.47654203
465.585,15.01863183,12.93252386,18.74211289,12.59980029,12.44925227
465.789,15.02578874,12.93607315,18.74819585,12.57873517,12.44604343
465.993,15.03325628,12.94301342,18.74819585,12.55447729,12.45240644
466.197,15.01572433,12.91947276,18.71105621,12.5341335,12.4102052
466.401,15.02288124,12.9367305,18.71399654,12.55448833,12.41713454
466.605,15.01312746,12.91640702,18.69860428,12.53679336,12.38113234
466.809,15.02677033,12.93011891,18.69248639,12.55004136,12.40022136
467.013,15.02234696,12.93689053,18.68943467,12.54376698,12.40286385
467.217,14.98934565,12.90946675,18.6585803,12.53400027,12.37562874
467.421,14.97798903,12.87849712,18.65554243,12.52715988,12.3633051
467.625,14.96725365,12.86156289,18.65871999,12.5272931,12.37872826
467.829,15.00316246,12.89641393,18.68026507,12.57595312,12.43050134
468.033,14.99591858,12.88286551,18.66181386,12.57945649,12.41278341
468.237,14.99896275,12.85511478,18.65567489,12.5867076,12.41639462
468.441,14.99949703,12.85478782,18.67728981,12.59046637,12.44999274
468.645,14.97373961,12.82397995,18.64964069,12.55563141,12.42213663
468.849,14.9847856,12.81704484,18.65875491,12.55241657,12.42122257
469.053,14.94127257,12.80366335,18.63702138,12.52507707,12.39083328
469.257,14.91291827,12.77285547,18.61538538,12.49343487,12.36990652
469.461,14.91314193,12.76269459,18.60928856,12.49664971,12.35763754
469.665,14.93089753,12.78350506,18.61857678,12.51798128,12.36766641
469.869,14.9153412,12.77640132,18.5937843,12.51449999,12.35539742
470.073,14.92187686,12.75864799,18.58755503,12.49733791,12.33492769
470.276,14.89696434,12.73444826,18.59372169,12.490775,12.33492769
470.48,14.94414281,12.77574397,18.60604116,12.51475539,12.36582866
470.684,14.93971944,12.77574569,18.61224274,12.52800339,12.34770836
470.888,14.96471894,12.77913323,18.65236488,12.55976777,12.37224632
471.092,14.97447272,12.78962106,18.6617717,12.57760701,12.38542937
471.295,15.02469537,12.80316432,18.70502263,12.61608961,12.42223632
471.499,15.0855167,12.85156377,18.75133249,12.66139052,12.45623682
471.703,15.08582733,12.85850575,18.73582162,12.63699942,12.47756595
471.906,15.10693774,12.8517324,18.75122111,12.64062497,12.49247743
472.11,15.10022813,12.85156893,18.76056533,12.63407311,12.47470484
472.314,15.08582733,12.83818571,18.75442636,12.62711053,12.47734734
472.518,15.11082682,12.83851782,18.77606897,12.63743222,12.49964519
472.721,15.0744707,12.82158531,18.76988847,12.64468332,12.48508143
472.925,15.09276059,12.82207747,18.79145462,12.63812041,12.48914967
473.128,15.08940578,12.81868821,18.77298234,12.64119099,12.47097471
473.332,15.08689588,12.82224094,18.77910023,12.63715473,12.47412888
473.536,15.03256051,12.77755942,18.74522845,12.61611169,12.43777896
473.739,15.01556283,12.73609679,18.72978019,12.59198704,12.41369802
473.943,15.02942935,12.72932344,18.74830124,12.61596743,12.42653335
474.146,15.01807273,12.71577331,18.74529106,12.60510181,12.41191494
474.35,15.04991851,12.70932691,18.76065563,12.62586736,12.43645291
474.553,15.06476663,12.71626374,18.76993724,12.63282993,12.45284478
474.757,15.08229858,12.7335232,18.76379889,12.64691039,12.46505911
474.96,15.08945549,12.70593422,18.7637152,12.62948187,12.46454742
475.164,15.09974356,12.69899223,18.75761115,12.63952606,12.47681641
475.367,15.11490229,12.70254324,18.7822501,12.65737634,12.48077534
475.571,15.13959116,12.70625773,18.79766344,12.66462744,12.48759537
475.774,15.17532603,12.71319627,18.80999014,12.6819117,12.51844169
475.978,15.19894634,12.73062093,18.82853227,12.7092512,12.55840282
476.181,15.2283692,12.73755948,18.84090051,12.71663553,12.5741737
476.384,15.23301621,12.72740376,18.83163999,12.71663553,12.58965151
476.588,15.25161672,12.74821939,18.84404315,12.72709043,12.58735674
476.791,15.26588085,12.75854375,18.85331752,12.74131516,12.6145372
476.995,15.28157386,12.75144517,18.87175488,12.73435258,12.60272525
477.198,15.29239621,12.76515706,18.88723807,12.74843304,12.6250231
477.401,15.29932947,12.76177469,18.91806475,12.75581737,12.63459494
477.604,15.31694839,12.7653257,18.93352686,12.75944292,12.66142767
477.808,15.28805982,12.7480628,18.92426634,12.7420144,12.65225821
478.011,15.29293048,12.75483614,18.94278739,12.76277994,12.64686392
478.214,15.30070865,12.75822368,18.94891913,12.75649453,12.65953528
478.417,15.30406346,12.75467095,18.95817965,12.76331284,12.6472663
478.621,15.32906295,12.7683794,18.99523561,12.79118523,12.66956415
478.824,15.33348631,12.75111822,19.00453105,12.78729322,12.67317535
479.027,15.35839883,12.75821851,19.03546912,12.80443322,12.67093524
479.23,15.36891056,12.76532226,19.06019176,12.84638606,12.7017269
479.433,15.39833341,12.7588793,19.06947997,12.84945664,12.70212928
479.637,15.42744564,12.76903674,19.06021945,12.86325961,12.70563117
479.84,15.43764674,12.76920538,19.0787405,12.86659664,12.71595311
480.043,15.47735766,12.78307903,19.10962979,12.91525665,12.75000826
480.246,15.50190985,12.78356946,19.14357803,12.91903751,12.76858559
480.449,15.51211094,12.7734103,19.14982838,12.92949242,12.7721968
480.652,15.54144682,12.78761434,19.18065507,12.96434947,12.79117651
480.855,15.53724712,12.77374069,19.18374893,12.95724263,12.7756987
481.058,15.54418038,12.78422852,19.18986682,12.95403882,12.79117651
481.261,15.54440403,12.77762037,19.1898879,12.96449373,12.80384787
481.464,15.54006764,12.77761693,19.18998544,12.94358392,12.79834427
481.667,15.53335803,12.77745346,19.19918335,12.9610014,12.80786145
481.87,15.51506815,12.77084531,19.20537109,12.95750907,12.80516431
482.073,15.52924529,12.77778041,19.20228445,12.96462695,12.81473614
482.276,15.5215541,12.7740642,19.2084445,12.94036908,12.80883017
482.479,15.52208838,12.76390676,19.19307992,12.94035804,12.8237963
482.682,15.54046524,12.78826996,19.21469484,12.95443849,12.83921946
482.885,15.53277404,12.77423112,19.22084766,12.95109043,12.84237363
483.088,15.54672754,12.78455376,19.23009434,12.9616896,12.86461683
483.291,15.57195069,12.78794129,19.23320929,12.97534831,12.86181037
483.494,15.59337172,12.78100447,19.24242104,12.97507082,12.86822804
483.696,15.61188526,12.78810649,19.24857386,12.98233296,12.87143687
483.899,15.62597544,12.79165405,19.2671786,12.98595852,12.88680537
484.102,15.6439547,12.80552942,19.29186631,13.02094879,12.92630947
484.305,15.64846503,12.79198445,19.29796313,13.03124839,12.92366698
484.508,15.65593258,12.78876383,19.30728627,13.03499612,12.93318416
484.71,15.68062145,12.79892644,19.31648418,13.04476283,12.94315837
484.913,15.6697991,12.78488415,19.31951544,13.03765599,12.94952138
485.116,15.67391184,12.78843516,19.32265808,13.02720108,12.94682423
485.319,15.67435914,12.80231053,19.33186984,13.02413051,12.97130755
485.521,15.67047006,12.80264092,19.35041858,13.04141477,12.98357653
485.724,15.66658098,12.79925339,19.3411719,13.04504032,13.00220852
485.927,15.67382486,12.78521282,19.34418208,13.05520669,13.01493453
486.13,15.67717967,12.78521282,19.33488663,13.05562845,13.02450637
486.332,15.69860071,12.77843947,19.33494924,13.04489605,13.02490875
486.535,15.69555653,12.78843516,19.34730364,13.04532885,13.04027725
486.737,15.70240282,12.78133314,19.34728979,13.05565053,13.04343143
486.94,15.69493528,12.78488243,19.35658524,13.06652719,13.04979444
487.143,15.70911242,12.78876556,19.36273082,13.06973099,13.04979444
487.345,15.71971112,12.78198877,19.36889748,13.09078507,13.05610279
487.548,15.72337655,12.76488934,19.36578977,13.09802513,13.05065384
487.75,15.73419889,12.77166097,19.36268205,13.09482133,13.04790204
487.953,15.71948746,12.76133489,19.36881379,13.08087409,13.02692063
488.155,15.72230799,12.75827603,19.37807432,13.07809204,13.03603543
488.358,15.72199736,12.75489022,19.3996754,13.08463287,13.04824976
488.56,15.71086439,12.7721514,19.42129032,13.095221,13.06051874
488.763,15.70330988,12.75183136,19.40899192,13.09146222,13.04865214
488.965,15.6883748,12.74150528,19.39047087,13.07752603,13.05501514
489.168,15.7061304,12.73473365,19.40589805,13.06385628,13.06361827
489.37,15.68806417,12.72440757,19.38738423,13.05340138,13.0640753
489.573,15.68775354,12.73844986,19.38118265,13.04642776,13.06998127
489.775,15.70595646,12.74571707,19.39980124,13.04629453,13.08230491
489.977,15.72151279,12.75265562,19.41212071,13.06036395,13.10954003
490.18,15.73211149,12.7423347,19.42758282,13.06357879,13.10908299
490.382,15.73264576,12.74555876,19.42761774,13.05967575,13.11493432
490.584,15.7401133,12.74200775,19.41534704,13.06316808,13.11218252
490.787,15.74408936,12.72846277,19.40605159,13.06651615,13.09996819
490.989,15.77960058,12.73862193,19.42457264,13.07724854,13.115446
491.191,15.81618035,12.75927237,19.44619418,13.10191712,13.12186366
491.394,15.81649097,12.75588483,19.4524096,13.11585332,13.11641472
491.596,15.83478086,12.77281906,19.47099327,13.14053295,13.13814623
491.798,15.84591383,12.76571533,19.48027488,13.15112108,13.13860326
492,15.85620189,12.76877075,19.4740733,13.16533476,13.16583837
492.203,15.85231281,12.75505885,19.47710455,13.15837218,13.17810735
492.405,15.85633857,12.75150612,19.4740456,13.16199774,13.19353052
492.607,15.87462846,12.76571016,19.4925805,13.17273013,13.20671356
492.809,15.88911624,12.77942033,19.5234698,13.19378421,13.23170856
493.011,15.88956355,12.76554497,19.52657751,13.1728744,13.23801691
493.214,15.8787412,12.75199827,19.52965754,13.16227522,13.22879279
493.416,15.88316456,12.74167392,19.54818582,13.17259691,13.24146415
493.618,15.87980976,12.73490057,19.55127969,13.17594497,13.25643028
493.82,15.8872773,12.72473968,19.56369669,13.17566748,13.26600212
494.022,15.90198873,12.71796978,19.5698772,13.17190871,13.27241978
494.224,15.90534353,12.70087551,19.58851686,13.15072141,13.25470185
494.426,15.89841027,12.6976549,19.59776355,13.16814993,13.25515888
494.628,15.91007752,12.70798098,19.61631952,13.17525677,13.26157654
494.83,15.90176507,12.68716878,19.62255603,13.17860484,13.24609872
495.032,15.91594222,12.67684442,19.63793445,13.18891548,13.26432834
495.234,15.93034302,12.68039544,19.64719497,13.21359511,13.26753717
495.436,15.94581239,12.69410561,19.6657648,13.24161176,13.29258682
495.638,15.9410784,12.70814445,19.68114321,13.24481556,13.30485581
495.84,15.96661217,12.71846881,19.70272322,13.25178918,13.32027897
496.042,15.96249944,12.71169546,19.72127919,13.25917351,13.32033362
496.244,15.95494492,12.71540823,19.73986286,13.26294333,13.32607564
496.446,15.98321225,12.73944448,19.77376233,13.30489617,13.35376778
496.648,16.00096786,12.74976711,19.79550248,13.30824424,13.36328496
496.85,16.00378838,12.73944103,19.80476301,13.31507359,13.37590167
497.051,16.00714318,12.75009578,19.83259336,13.32190294,13.40095132
497.253,16.02154399,12.75703433,19.84802054,13.32218043,13.38317873
497.455,16.03129777,12.7710749,19.87886107,13.33221358,13.42044272
497.657,16.03420527,12.76413635,19.8881216,13.32538423,13.40857611
497.859,16.07338191,12.76075054,19.90044107,13.3255285,13.42089975
498.061,16.08000455,12.77817864,19.91280931,13.33960895,13.43677993
498.262,16.09471598,12.78528066,19.91893443,13.34979742,13.45805442
498.464,16.12382821,12.78883339,19.94051443,13.3704187,13.4835611
498.666,16.11720557,12.76818467,19.94660464,13.37042974,13.48075464
498.868,16.13527181,12.77512322,19.96510461,13.39509832,13.49038114
499.069,16.1602713,12.80320263,19.99903901,13.41628563,13.52764512
499.271,16.18991781,12.81369046,20.02371288,13.4373397,13.53710765
499.473,16.1827609,12.81046812,20.01445235,13.43036608,13.55522795
499.674,16.20158506,12.81046812,20.02994938,13.43078784,13.56784466
499.876,16.2340521,12.82434349,20.0576822,13.44821636,13.59243728
500.078,16.23785421,12.83160727,20.0824259,13.46939262,13.60556567
500.279,16.25256564,12.82128119,20.11338504,13.48319559,13.624143
500.481,16.27421033,12.84176815,20.15364625,13.49043565,13.63686901
500.682,16.30287525,12.86935368,20.1845217,13.51148973,13.67046714
500.884,16.32376201,12.89693923,20.21235204,13.53560334,13.69185092
501.085,16.35591842,12.90049024,20.23386943,13.54243269,13.71943376
501.287,16.36611951,12.90726359,20.25541451,13.55637993,13.72258794
501.489,16.39134266,12.9037143,20.2708417,13.57031612,13.73480227
501.69,16.42045489,12.92452649,20.31721418,13.6053064,13.75979727
501.892,16.46016581,12.94195459,20.35417983,13.63639362,13.78438989
502.093,16.48538896,12.9626033,20.40051739,13.66078472,13.81202738
502.294,16.50756793,12.96260502,20.41913597,13.67808002,13.82745054
502.496,16.54056925,12.97309285,20.44071598,13.67473196,13.82464408
502.697,16.56579239,12.97680906,20.46223336,13.69898983,13.83777247
502.899,16.57272565,12.97713946,20.48996618,13.71988861,13.847235
503.1,16.60983971,12.98762729,20.51468881,13.73424655,13.85389107
503.302,16.61319451,12.99456411,20.54256793,13.75167507,13.87298009
503.503,16.64986126,13.03231225,20.57959619,13.77606618,13.89802974
503.704,16.69261636,13.05700413,20.61970448,13.80770838,13.93523907
503.906,16.7144847,13.07393836,20.64439219,13.83183303,13.96017941
504.107,16.73192968,13.09458535,20.66907991,13.85984969,13.97600495
504.308,16.74968529,13.10507491,20.68455586,13.88048201,13.98867631
504.51,16.77879752,13.12266648,20.72462199,13.90849866,14.00180469
504.711,16.7966401,13.14670101,20.75541375,13.92913099,14.02318849
504.912,16.81850844,13.17106421,20.7893343,13.95379957,14.05999544
505.113,16.84037678,13.18832711,20.81706712,13.977791,14.07587563
505.315,16.85424331,13.19187812,20.85095274,13.98476462,14.09731407
505.516,16.88366616,13.20608388,20.8940989,14.00219314,14.10998543
505.717,16.90606879,13.20673951,20.91885646,14.01264805,14.12850811
505.918,16.9127784,13.21706559,20.94979452,14.01934418,14.14072244
506.119,16.93831217,13.22433281,20.99303821,14.03689488,14.15069665
506.321,16.95691268,13.21788813,21.01157311,14.04720553,14.15975681
506.522,16.97193474,13.2315983,21.05478188,14.06156347,14.17517997
506.723,16.99693423,13.24902468,21.0887512,14.07857024,14.18429477
506.924,17.02542521,13.25274261,21.11036612,14.0926507,14.19736851
507.125,17.04013664,13.25274433,21.13508875,14.10980174,14.19140788
507.326,17.07626911,13.28049506,21.16905807,14.13474782,14.2223635
507.527,17.10476009,13.29453563,21.20312492,14.1555244,14.23818904
507.728,17.11504815,13.31179681,21.21860087,14.16946059,14.23864607
507.929,17.12502559,13.32212117,21.25252142,14.1867559,14.24500908
508.13,17.15055937,13.33954755,21.2802404,14.21462829,14.2578444
508.331,17.16473651,13.34987018,21.30492811,14.22870874,14.26099858
508.532,17.1830264,13.36358207,21.33884866,14.2427892,14.27051576
508.733,17.22265035,13.37762092,21.37581431,14.27763521,14.30141673
508.934,17.24764985,13.38827567,21.39741538,14.29199315,14.31999407
509.135,17.26495814,13.4123102,21.44995452,14.31986554,14.35674637
509.336,17.29658027,13.43989574,21.49941364,14.3583371,14.37898957
509.537,17.31509381,13.44005921,21.51796962,14.37227329,14.38850675
509.738,17.32264833,13.45409978,21.54874754,14.40377124,14.41029291
509.939,17.36593771,13.46781339,21.5827307,14.42802911,14.43798506
510.14,17.3986284,13.49201311,21.61666509,14.43512491,14.4656772
510.341,17.41722891,13.49895166,21.64141542,14.45658969,14.4810457
510.541,17.4388736,13.51299222,21.65990878,14.46691138,14.49601183
510.742,17.47165126,13.53397133,21.70622526,14.49479481,14.53648465
510.943,17.49222739,13.55123424,21.71558333,14.50176843,14.53418988
511.144,17.509983,13.56155859,21.75578192,14.5155714,14.55597604
511.345,17.54298431,13.57576091,21.7835635,14.54010676,14.57191089
511.545,17.57553832,13.58963628,21.8081886,14.54051747,14.59644885
511.746,17.58949182,13.60367857,21.83284139,14.55807922,14.61497154
511.947,17.61784612,13.61399948,21.86374453,14.57201542,14.63039469
512.148,17.64337989,13.63142586,21.89144965,14.58247032,14.65172383
512.348,17.65084743,13.62448732,21.91307842,14.58609587,14.65218086
512.549,17.66440333,13.63497515,21.9346795,14.58596265,14.66485222
512.75,17.67102597,13.63836268,21.96869758,14.58999891,14.67482643
512.95,17.69267065,13.63158934,21.97489916,14.59334698,14.66616866
513.151,17.69298128,13.64224237,22.01194127,14.60407937,14.67201998
513.352,17.71516025,13.66338323,22.0427818,14.62860369,14.67929705
513.552,17.71820443,13.66354843,22.06434796,14.63557731,14.68245122
513.753,17.72840552,13.66032609,22.08908444,14.64589899,14.69517723
513.953,17.75782838,13.69823599,22.13544307,14.66695307,14.70469442
514.154,17.76520895,13.69146436,22.15715553,14.67768547,14.71105743
514.355,17.77580764,13.71244175,22.20041306,14.70207656,14.72688296
514.555,17.7975393,13.73680839,22.2220906,14.72646767,14.74637436
514.756,17.81560553,13.74407389,22.2528962,14.74388515,14.75910037
514.956,17.84815954,13.76843709,22.28372289,14.7680098,14.78042951
515.157,17.87002789,13.80312637,22.33010921,14.79978523,14.7990615
515.357,17.89914012,13.82732782,22.36404361,14.82389884,14.83586845
515.558,17.9165851,13.84103971,22.38256466,14.82055077,14.84802813
515.758,17.94189522,13.86185362,22.4042422,14.83811252,14.87251144
515.958,17.96049573,13.88622026,22.4351038,14.87296957,14.8996919
516.159,17.97847499,13.8760611,22.45674641,14.8760291,14.90600025
516.359,18.01049472,13.89365268,22.49369099,14.8899653,14.93094059
516.56,18.02847398,13.90430571,22.51228188,14.90403471,14.94000075
516.76,18.05347347,13.91140773,22.5430598,14.93178492,14.9581757
516.96,18.08982959,13.92867235,22.57702912,14.95965731,14.96774754
517.161,18.12587508,13.95287208,22.62645331,14.99799564,15.00455449
517.361,18.13647378,13.95609441,22.65112718,15.004825,15.0171712
517.561,18.1651387,13.97351907,22.69437087,15.02586803,15.03895736
517.762,18.19814001,13.98029414,22.73135036,15.05389572,15.06670416
517.962,18.21254082,13.99416779,22.75597547,15.07829787,15.06435474
518.162,18.23785094,13.99078025,22.78686476,15.08901922,15.05299981
518.362,18.25896135,14.02885535,22.81771252,15.09975161,15.0716318
518.563,18.28114032,14.04240376,22.85168184,15.12457551,15.06888
518.763,18.30698472,14.05289159,22.87630694,15.13852275,15.06984872
518.963,18.32223042,14.0772548,22.92265834,15.15286965,15.09158023
519.163,18.33618392,14.0879061,22.95047485,15.16709437,15.11606354
519.363,18.3502741,14.09855914,22.97513487,15.17781572,15.11641126
519.563,18.37527359,14.11953653,23.00596155,15.20583237,15.13229145
519.764,18.38220685,14.10921561,23.00898557,15.20932471,15.1204795
519.964,18.4040752,14.12341965,23.0460626,15.21628728,15.12403605
520.164,18.41794172,14.14423356,23.08624735,15.23747458,15.13315086
520.364,18.43569733,14.16165994,23.1263484,15.24792949,15.17311199
520.564,18.4468303,14.17214777,23.1602828,15.27942743,15.19489815
520.764,18.47540825,14.19295997,23.18497051,15.30005975,15.22579913
520.964,18.51556648,14.19667617,23.21895368,15.32096956,15.25028244
521.164,18.54772289,14.21732833,23.24982912,15.35595983,15.26891443
521.364,18.57210113,14.22781788,23.2837286,15.37672538,15.28749176
521.564,18.59436707,14.23830744,23.32083332,15.39387641,15.30342661
521.764,18.62316868,14.26267064,23.36402824,15.41491945,15.3248104
521.964,18.64458971,14.28009702,23.38877195,15.43582926,15.34659657
522.164,18.66927858,14.30429674,23.41956372,15.48140766,15.38701473
522.364,18.69816716,14.32865995,23.459616,15.50942432,15.40920327
522.564,18.73072117,14.34947558,23.4965955,15.54078903,15.42192928
522.764,18.75625494,14.35302487,23.52128321,15.54804014,15.42548583
522.964,18.7848329,14.36690024,23.56762077,15.56573511,15.44411782
523.163,18.78742976,14.3841597,23.6015064,15.57953808,15.45633215
523.363,18.80107264,14.39109652,23.62926029,15.58316363,15.46905816
523.563,18.81967315,14.39819854,23.65704187,15.59695556,15.47272403
523.763,18.83698145,14.40884985,23.68790347,15.6147948,15.49130136
523.963,18.85169287,14.4157884,23.71875784,15.63933016,15.49806674
524.163,18.88080511,14.43321477,23.76810558,15.66051746,15.5224954
524.362,18.88782534,14.43676578,23.79597085,15.67069488,15.52519255
524.562,18.91282484,14.44064547,23.82373859,15.68101656,15.54382454
524.762,18.9202054,14.44758229,23.8392007,15.69147146,15.56194485
524.962,18.94489427,14.47872056,23.87938544,15.72617321,15.58373101
525.161,18.9596057,14.48598778,23.90706949,15.74722728,15.5996112
525.361,18.98818365,14.5103527,23.93799371,15.77189587,15.61870022
525.561,19.01013897,14.53133009,23.97500089,15.80339381,15.63452576
525.76,19.04229538,14.55908082,24.01512302,15.83866157,15.65895441
525.96,19.08169567,14.58683328,24.04300214,15.85259776,15.68394941
526.16,19.0955622,14.5939353,24.06771093,15.87015951,15.68985539
526.359,19.12422712,14.62185123,24.11098954,15.89427312,15.71204393
526.559,19.15615988,14.64943849,24.14183007,15.91880849,15.72792412
526.759,19.1781152,14.65992632,24.17581323,15.93622597,15.74380431
526.958,19.2098243,14.6775179,24.20665376,15.95713578,15.74150954
527.158,19.24533551,14.694946,24.23443534,15.97093875,15.75744438
527.357,19.2669802,14.72286193,24.27152622,15.99881114,15.78502722
527.557,19.28809061,14.74029003,24.30860325,16.01972095,15.80090741
527.756,19.31971274,14.74384276,24.34253764,16.03688303,15.8195394
527.956,19.34135743,14.75077959,24.37344079,16.050686,15.83857376
528.155,19.35240343,14.75433232,24.40419762,16.07494387,15.84488211
528.355,19.38518109,14.78547058,24.43819463,16.10296053,15.86116468
528.554,19.39591647,14.78901987,24.45666692,16.11354866,15.8830055
528.754,19.41420635,14.79290128,24.49678905,16.13124362,15.9016375
528.953,19.44636276,14.80339083,24.53994905,16.15926028,15.92336901
529.152,19.47851917,14.83114329,24.58933171,16.19786506,15.96923611
529.352,19.4932306,14.8346943,24.63247787,16.21905236,15.99096762
529.551,19.53240724,14.85534301,24.66335331,16.2434545,16.01005664
529.751,19.56594284,14.8763204,24.6910789,16.28192606,16.03774879
529.95,19.59483141,14.91100797,24.73430874,16.30630612,16.07816694
530.149,19.61258702,14.93537289,24.76207648,16.33083044,16.09995311
530.349,19.66312029,14.95940741,24.80530632,16.37279433,16.12804763
530.548,19.69840785,14.97311758,24.84846632,16.3938484,16.1589486
530.747,19.73087488,15.01458193,24.89475511,16.43566803,16.16886816
530.946,19.78109753,15.05926346,24.94722441,16.48473876,16.20338034
531.146,19.81387519,15.10072608,24.9904681,16.52335458,16.23743549
531.345,19.83971958,15.12814643,25.04599634,16.56169291,16.2687935
531.544,19.86829754,15.14573628,25.09542777,16.58608401,16.28456438
531.743,19.89696246,15.17009948,25.13554267,16.61047511,16.30680757
531.943,19.93171574,15.18397485,25.18487656,16.64504363,16.32945314
532.142,19.97500512,15.21188906,25.24050233,16.68031139,16.36029947
532.341,20.02142566,15.25335169,25.30539587,16.73621147,16.39481165
532.54,20.05747115,15.28110414,25.36094519,16.77079103,16.42301547
532.739,20.08918025,15.30546907,25.4042238,16.82319878,16.45431883
532.938,20.12531271,15.31595862,25.43817204,16.85108221,16.48842863
533.137,20.16028965,15.33016438,25.49368643,16.8894095,16.51336897
533.336,20.1922224,15.34775596,25.53377364,16.91338989,16.53876635
533.535,20.2316227,15.36856987,25.57081575,16.94489888,16.56100954
533.735,20.27133362,15.40293048,25.61096557,16.99019979,16.58915871
533.934,20.30402432,15.44100557,25.67266771,17.03940374,16.62315921
534.133,20.34395889,15.46165429,25.70970981,17.07815279,16.64494538
534.332,20.37589165,15.47892063,25.75291858,17.11969492,16.66718857
534.531,20.41529194,15.50666964,25.80837698,17.16164777,16.69258595
534.73,20.45111378,15.53441866,25.85152313,17.19676022,16.72068046
534.928,20.48044967,15.5657204,25.90703753,17.2210181,16.74602318
535.127,20.51260608,15.60395897,25.9595279,17.27329262,16.76505755
535.326,20.54949647,15.63154451,26.01203212,17.31163096,16.80908691
535.525,20.58531831,15.67655643,26.06758144,17.36738678,16.85265924
535.724,20.63165187,15.71108051,26.1138353,17.41296518,16.87805662
535.923,20.66358463,15.74254574,26.1878846,17.46831028,16.91526594
536.122,20.70969454,15.75997211,26.23724618,17.49241285,16.93154851
536.321,20.756873,15.79482659,26.29901093,17.55151673,16.984181
536.52,20.79322912,15.82241213,26.36373708,17.60072069,17.02769867
536.718,20.82578312,15.85032806,26.40696692,17.64951393,17.05584785
536.917,20.86160496,15.8955069,26.45947114,17.70193272,17.10268367
537.116,20.90489434,15.9300327,26.53354151,17.75057065,17.14941018
537.315,20.95100425,15.96827299,26.60142415,17.78180215,17.19298251
537.513,20.98271335,15.98925038,26.6508345,17.81650389,17.226983
537.712,21.02935754,16.02038865,26.71261309,17.8690559,17.26734651
537.911,21.05771183,16.05491273,26.76506854,17.91449004,17.30455583
538.11,21.11128929,16.08266691,26.81443012,17.94974676,17.34222219
538.308,21.14102277,16.1136417,26.86694818,17.99868426,17.38264035
538.507,21.16937707,16.15188027,26.92860155,18.03688938,17.41664085
538.706,21.21884177,16.18673302,26.98416471,18.06490603,17.44799885
538.904,21.26213115,16.2285226,27.03356122,18.09598221,17.49162584
539.103,21.31601923,16.26321017,27.09218332,18.1411499,17.52287453
539.302,21.36601821,16.29434843,27.13845104,18.1967725,17.56965569
539.5,21.42401902,16.34258613,27.20320488,18.27023432,17.62865119
539.699,21.4889531,16.38082642,27.2711086,18.34008164,17.66952637
539.897,21.54253054,16.42584005,27.33902615,18.39931875,17.72531304
540.096,21.60473106,16.46069109,27.41005143,18.44128264,17.76573119
540.294,21.64802044,16.50248067,27.4748962,18.49356821,17.81296939
540.493,21.71630931,16.55104532,27.55506338,18.55629764,17.87196488
540.691,21.77788858,16.59572684,27.63232516,18.61929353,17.92235725
540.89,21.84251203,16.640577,27.69094727,18.68537102,17.98135274
541.088,21.89662375,16.67849034,27.75573604,18.74823368,18.03989121
541.287,21.94989057,16.71978949,27.82358375,18.80761505,18.09303538
541.485,21.99675841,16.76480141,27.88842852,18.86714068,18.12479576
541.684,22.0467574,16.79948897,27.93482869,18.91925991,18.17157692
541.882,22.0895125,16.84111507,27.99338095,18.96121275,18.21245211
542.08,22.14384788,16.86547999,28.0518706,19.00652471,18.25017312
542.279,22.1971147,16.9174339,28.10438867,19.07245794,18.30326264
542.477,22.25815968,16.9763229,28.16613233,19.15260486,18.35044618
542.676,22.29040307,17.01795072,28.21554991,19.2084939,18.39773903
542.874,22.33315817,17.05635793,28.27405341,19.2606352,18.44996914
543.072,22.38726989,17.10136985,28.33884218,19.33381955,18.4912467
543.27,22.44755695,17.14654868,28.42218692,19.40017453,18.54112738
543.469,22.49764291,17.18817479,28.49324712,19.46262648,18.59106272
543.667,22.55479881,17.2435145,28.57654309,19.52507843,18.65372408
543.865,22.61942226,17.27803687,28.65061347,19.58084528,18.69494698
544.063,22.67353398,17.3230505,28.71242698,19.64022665,18.7480365
544.262,22.71995451,17.36806414,28.77728559,19.71326673,18.80118067
544.46,22.78382003,17.41662535,28.86058157,19.78993236,18.85472722
544.658,22.84119958,17.47534916,28.95001651,19.85977968,18.94146951
544.856,22.91588744,17.5237486,29.02717352,19.95067003,18.99765855
545.054,22.97639815,17.56892572,29.10130651,20.01381017,19.06347408
545.253,23.0333304,17.62764953,29.17851951,20.08322469,19.1256784
545.451,23.10161928,17.69330844,29.24023549,20.14580987,19.18237912
545.649,23.16288792,17.74170789,29.30802059,20.21884994,19.24458345
545.847,23.23613443,17.786885,29.37596584,20.29592628,19.3126391
546.045,23.29673211,17.84949022,29.45313008,20.36200378,19.35982263
546.243,23.36121887,17.89788967,29.52415535,20.4389469,19.41606633
546.441,23.44748701,17.96355202,29.61366676,20.52606743,19.50590814
546.639,23.49802028,18.02599204,29.6970115,20.59590371,19.57126664
546.837,23.56304132,18.070677,29.76798801,20.65514081,19.62120198
547.035,23.6207315,18.12601327,29.83901328,20.70392301,19.67474852
547.233,23.68619985,18.17780026,29.90383697,20.77362606,19.72824041
547.431,23.75784353,18.23313997,29.98716787,20.84373983,19.78814997
547.629,23.80806617,18.26782925,30.05820698,20.92068295,19.85029964
547.827,23.88610883,18.33010407,30.15391997,21.00459968,19.92247818
548.025,23.93839407,18.39237889,30.2311119,21.07109893,19.97923355
548.223,24.01361621,18.45465371,30.31440788,21.15848592,20.06333335
548.421,24.08128383,18.52386879,30.40385667,21.2419809,20.1473785
548.619,24.14210516,18.57936854,30.48108352,21.30846911,20.20367684
548.816,24.20985976,18.63099205,30.53661177,21.37830538,20.27224417
549.014,24.2807455,18.69004625,30.61385246,21.45469352,20.34391103
549.212,24.35605461,18.74538425,30.69091917,21.54878768,20.41247836
549.41,24.43829698,18.81137528,30.78039565,21.63897879,20.47834854
549.608,24.51016432,18.8734849,30.84526811,21.72930312,20.54686122
549.805,24.6114545,18.94624927,30.92859901,21.80624624,20.63130874
550.003,24.68416674,19.01885017,30.9996592,21.89323355,20.70251856
550.201,24.76327796,19.07418816,31.08295518,21.99401279,20.78650905
550.399,24.83514529,19.14678734,31.16942148,22.0810001,20.88586804
550.596,24.93263337,19.20212533,31.25585286,22.17509425,20.96440959
550.794,25.0011459,19.26778769,31.33602728,22.25510795,21.04564828
550.992,25.09107946,19.34038514,31.43475044,22.37024513,21.12367814
551.189,25.170638,19.40943503,31.53350853,22.46155724,21.21443401
551.387,25.25730373,19.4821994,31.62920044,22.56945436,21.30152402
551.585,25.31339108,19.54769656,31.71563905,22.65322683,21.37920616
551.782,25.39943556,19.61691164,31.81745608,22.75792015,21.48228567
551.98,25.47421039,19.67563545,31.8977208,22.86902107,21.55727066
552.177,25.54585406,19.73791199,31.9809957,22.96365916,21.63581221
552.375,25.62496528,19.82100072,32.07364974,23.05371705,21.71389672
552.573,25.71154404,19.8900506,32.15699449,23.15142571,21.79192658
552.77,25.79401007,19.95909705,32.24649205,23.23130619,21.88818606
552.968,25.87258701,20.02476284,32.33290958,23.33946975,21.97212189
553.165,25.96923018,20.11479012,32.41316046,23.42993835,22.07199257
553.363,26.06587335,20.19771537,32.49643536,23.52374397,22.14732528
553.56,26.13689578,20.25982499,32.5582001,23.59706154,22.22001551
553.758,26.2495426,20.33919752,32.65383663,23.69826253,22.31667735
553.955,26.33147434,20.41534771,32.74936839,23.79262313,22.40651916
554.152,26.41362974,20.49488371,32.82952173,23.87626238,22.49722038
554.35,26.4916724,20.55699333,32.91905421,23.97746337,22.57931848
554.547,26.59600677,20.62926555,33.01772861,24.08967424,22.68188631
554.745,26.68129332,20.71235428,33.11031281,24.19435652,22.77854816
554.942,26.77816014,20.80221636,33.21219968,24.31283074,22.86029853
555.139,26.87900302,20.87497729,33.29542582,24.40009554,22.93935176
555.337,26.96786803,20.95451329,33.3941839,24.51148499,23.04512841
555.534,27.0611564,21.04065744,33.48991796,24.62982597,23.14499909
555.731,27.16495649,21.13407397,33.61026989,24.75863291,23.2534729
555.929,27.26517812,21.22038504,33.71214954,24.87014454,23.37467272
556.126,27.3656234,21.31379641,33.80169587,24.97817489,23.4627861
556.323,27.47018143,21.40027267,33.91902377,25.107104,23.58128877
556.52,27.58489083,21.49707329,34.00863271,25.20802751,23.6839659
556.718,27.67786857,21.58709885,34.09197746,25.31940592,23.79025424
556.915,27.7780902,21.68034846,34.18453396,25.42436569,23.89338841
557.112,27.87464641,21.75294764,34.27088888,25.52891475,24.00231925
557.309,27.97433376,21.85313407,34.3820989,25.65799917,24.12947969
557.506,28.06838006,21.92573669,34.47169399,25.76644023,24.22625085
557.703,28.16578116,22.00882542,34.570431,25.88492548,24.32027021
557.901,28.27042616,22.07076984,34.65073788,25.99308905,24.41693206
558.098,28.33451532,22.14337074,34.71855067,26.09777133,24.51685739
558.295,28.43893666,22.21596819,34.82046523,26.22337446,24.6199369
558.492,28.52422321,22.30211407,34.90673647,26.32457546,24.71395626
558.689,28.62909186,22.38842514,35.00542471,26.45045608,24.8328613
558.886,28.71544697,22.45425096,35.08567559,26.54440597,24.92957781
559.083,28.81620287,22.51991332,35.18444752,26.6454627,25.02343321
559.28,28.8909777,22.62348556,35.28012558,26.76422544,25.13190701
559.477,28.98806818,22.69608474,35.35418872,26.88284391,25.23533424
559.674,29.080288,22.78578162,35.4467103,26.99100748,25.34421042
559.871,29.1839514,22.87902951,35.54548224,27.0989046,25.47773388
560.068,29.25810498,22.96228172,35.63196238,27.2073567,25.58992819
560.265,29.38332611,23.07295599,35.74922768,27.32919002,25.71743636
560.462,29.47165684,23.15604644,35.84178419,27.42689868,25.84184501
560.659,29.57576755,23.24285138,35.94063981,27.552624,25.95622479
560.856,29.68672455,23.32916245,36.03938404,27.66399137,26.05253892
561.052,29.7720111,23.42918368,36.14430879,27.77564726,26.14971245
561.249,29.89334314,23.53952928,36.25846637,27.92536401,26.28965357
561.446,30.01543312,23.61873833,36.37888815,28.05751901,26.40545909
561.643,30.13265242,23.7221471,36.49620221,28.17962982,26.50910494
561.84,30.23318468,23.81523152,36.59801924,28.31219552,26.62135392
562.037,30.35496403,23.91186522,36.71531223,28.45521614,26.74306542
562.233,30.46631863,24.01527399,36.82017436,28.5834681,26.84023895
562.43,30.58071741,24.10497088,36.9529433,28.72649976,26.94979078
562.627,30.70007383,24.21531475,37.07025013,28.86533985,27.05607912
562.824,30.80365026,24.30468124,37.16588665,28.98035485,27.15646149
563.02,30.91393631,24.39776565,37.29247509,29.10929501,27.26544697
563.217,31.03244782,24.47713818,37.40664652,29.25886749,27.38394964
563.414,31.11849231,24.57055127,37.50847739,29.37401572,27.47476017
563.61,31.21902456,24.65008727,37.59489493,29.4923567,27.583691
563.807,31.31558076,24.73978415,37.70896159,29.62088615,27.69256718
564.004,31.43324738,24.83319723,37.83555002,29.75959301,27.78974072
564.2,31.5301142,24.93660773,37.9466625,29.88532937,27.89276557
564.397,31.6627159,25.02985562,38.07934775,30.03893812,28.02995489
564.593,31.75851417,25.11616497,38.1687827,30.14695742,28.12661674
564.79,31.86589271,25.19537573,38.28609676,30.29025552,28.25744305
564.987,31.98104942,25.30588481,38.43105272,30.4537642,28.36688556
565.183,32.07509572,25.40929358,38.55762007,30.61324765,28.49450305
565.38,32.17889581,25.50576553,38.66566638,30.74581336,28.59448303
565.576,32.26753717,25.58835867,38.79218497,30.8778241,28.70948381
565.773,32.38193594,25.67450454,38.90942919,31.01372683,28.81267263
565.969,32.48635729,25.77807851,39.03911149,31.16329931,28.91270727
566.165,32.58353474,25.87793627,39.16565116,31.31661953,29.04347892
566.362,32.68711117,25.96424562,39.27670764,31.45225581,29.15211669
566.558,32.78406497,26.08524425,39.40324731,31.60196152,29.26425636
566.755,32.88544213,26.1812206,39.52674188,31.73397225,29.37375353
566.951,32.99321828,26.28818039,39.65635433,31.87295661,29.48273902
567.148,33.08932717,26.37787899,39.76448433,32.00510056,29.60634292
567.344,33.19648206,26.46435525,39.88477364,32.13724452,29.69354224
567.54,33.31772713,26.56809098,40.01126454,32.2872498,29.80624824
567.737,33.43203894,26.69215019,40.13158879,32.43402919,29.90887072
567.933,33.53888321,26.80249578,40.24573913,32.57678336,30.01195023
568.129,33.64192536,26.89202747,40.35687269,32.70196474,30.13601116
568.325,33.73848157,26.99221046,40.47426321,32.82074956,30.24459427
568.522,33.85668246,27.10610707,40.60396659,32.95972287,30.34767378
568.718,33.94988386,27.18531784,40.7058047,33.07110129,30.44684902
568.914,34.04644006,27.28211846,40.79842382,33.20701506,30.54952615
569.11,34.11052922,27.368593,40.86933771,33.31895949,30.61545099
569.307,34.21432931,27.46877772,40.98656808,33.4515252,30.7067732
569.503,34.31446397,27.56912419,41.07924319,33.55969981,30.80669854
569.699,34.39830918,27.65510658,41.17800128,33.67399349,30.89344083
569.895,34.47406559,27.7175466,41.24906147,33.78187957,30.95931101
570.091,34.55684224,27.8074104,41.35708009,33.87944397,31.05206859
570.287,34.6400662,27.88339883,41.42800782,33.9805007,31.11748175
570.483,34.71537531,27.95583625,41.51114365,34.07472808,31.17062592
570.679,34.77284184,28.02827367,41.58513034,34.16185965,31.24520853
570.876,34.8483746,28.11136068,41.66839139,34.28048917,31.32604485
571.072,34.89828661,28.19412074,41.76710071,34.36762074,31.37282601
571.268,34.98075264,28.27687907,41.87205315,34.45445275,31.447811
571.464,35.0279311,28.32866434,41.92760246,34.52040807,31.5005528
571.66,35.10650804,28.40432409,42.00469686,34.62160906,31.56011463
571.856,35.16344029,28.48353658,42.08187495,34.71222193,31.62558244
572.052,35.23172917,28.54936241,42.16206321,34.80590536,31.6909956
572.248,35.29939679,28.63922449,42.22682429,34.88968887,31.7445968
572.444,35.37484258,28.72553212,42.3039813,34.99062342,31.81316413
572.639,35.44966712,28.79458028,42.39347886,35.08417364,31.88494029
572.835,35.51048846,28.85008004,42.46450413,35.1714274,31.9316668
573.031,35.5784667,28.93316705,42.55708171,35.2375049,31.9880198
573.227,35.68226679,28.99883112,42.63426702,35.3384284,32.06254776
573.423,35.76129104,29.05739317,42.7083374,35.4184421,32.12434971
573.619,35.8359789,29.13321812,42.79782111,35.51252521,32.18965356
573.815,35.90037869,29.2059825,42.8780443,35.58556528,32.26051566
574.01,35.97246967,29.27874343,42.97071941,35.65889388,32.31050565
574.206,36.05462507,29.36134001,43.0694775,35.73236676,32.38147706
574.402,36.10882377,29.41634761,43.13131208,35.81601705,32.436916
574.598,36.17742327,29.46829807,43.22077472,35.87539842,32.50136044
574.794,36.24213369,29.54106417,43.28874105,35.95220831,32.53587262
574.989,36.30340233,29.60317723,43.34121034,36.01508201,32.55552798
575.185,36.342492,29.64092709,43.39675966,36.08158126,32.58642896
575.381,36.38448917,29.70336711,43.44613509,36.14765876,32.60506095
575.576,36.43891152,29.75854335,43.51102862,36.22126485,32.63051297
575.772,36.48944478,29.80710627,43.56349792,36.27382791,32.66742923
575.968,36.53304479,29.85905673,43.60350144,36.33014975,32.68285239
576.163,36.57266874,29.90423213,43.63735214,36.38603879,32.69873258
576.359,36.63058258,29.9595684,43.69591164,36.4557308,32.71455812
576.555,36.66998288,29.99781213,43.76373166,36.51163088,32.73049296
576.75,36.69131694,30.02911388,43.81007645,36.56406071,32.71598386
576.946,36.71980792,30.06363796,43.85009382,36.6099166,32.73691062
577.141,36.76676273,30.11559015,43.92405281,36.67292352,32.77366292
577.337,36.8312992,30.17076122,44.00730002,36.73885676,32.81413573
577.532,36.89059222,30.21222557,44.08137039,36.79530078,32.83913073
577.728,36.92610344,30.25062761,44.13373554,36.85093441,32.85460854
577.923,36.97708401,30.3022494,44.20154171,36.92718933,32.86097155
578.119,37.01586306,30.33322592,44.26334138,36.97249024,32.86142858
578.314,37.08263607,30.39195316,44.34980107,37.04233756,32.91004749
578.51,37.10472807,30.41987082,44.39611094,37.09462313,32.9191623
578.705,37.1592871,30.45423142,44.44858746,37.14676443,32.94054608
578.901,37.21720094,30.50279779,44.50719573,37.19540237,32.95872104
579.096,37.26764723,30.53038333,44.55653685,37.2469887,32.976896
579.291,37.32082708,30.56490914,44.60911091,37.29230065,32.98601082
579.487,37.34582657,30.58927578,44.63380586,37.31712454,32.97902682
579.682,37.38902898,30.63106536,44.69544537,37.37610624,32.9912958
579.877,37.44305374,30.67913614,44.76025522,37.43521013,33.0094161
580.073,37.48563489,30.70027872,44.80659278,37.4562642,33.00626193
580.268,37.51108169,30.72786598,44.85900669,37.50186469,33.02804809
580.463,37.5369758,30.73092484,44.89294832,37.52291876,33.0058049
580.658,37.58048884,30.75851038,44.95157042,37.56849716,33.00895908
580.854,37.63764474,30.80674463,45.01017869,37.62439724,33.03940302
581.049,37.66255726,30.83078088,45.04414801,37.68099656,33.05447845
581.244,37.66980115,30.84465969,45.08423522,37.70608691,33.02082568
581.439,37.69998194,30.85176171,45.13977069,37.75153208,33.0058049
581.635,37.74265007,30.86902289,45.16748966,37.7933517,33.00270538
581.83,37.77838494,30.89611972,45.20761179,37.83558204,32.98728222
582.025,37.78996522,30.88596056,45.24169972,37.85719109,32.9681932
582.22,37.82707927,30.90338866,45.29414855,37.89566265,32.98310467
582.415,37.86670322,30.90355214,45.34058365,37.93050866,32.98585647
582.61,37.8960391,30.92130719,45.37759807,37.96202868,32.97364214
582.805,37.9210386,30.92824745,45.42081407,37.9869858,32.96097079
583,37.92179653,30.92841437,45.43317569,37.99786246,32.92686098
583.195,37.9541766,30.93212886,45.4886624,38.0115322,32.89911418
583.39,38.00118112,30.9595492,45.54727066,38.0607472,32.91739845
583.585,38.0228258,30.96648774,45.57191684,38.08876385,32.91057841
583.78,38.0246523,30.96665638,45.59968457,38.10607019,32.89790705
583.975,38.03516402,30.97375496,45.63977178,38.13102731,32.90645552
584.17,38.07456431,30.99795641,45.66737214,38.14496351,32.90054955
584.365,38.06289706,30.98069694,45.67657005,38.14510777,32.86878917
584.56,38.07036461,30.9840862,45.70722936,38.14858906,32.82831636
584.755,38.08865449,30.99102474,45.72252409,38.17325764,32.82195335
584.95,38.07859008,30.98763721,45.72254516,38.17689424,32.80280967
585.145,38.09961352,30.9840862,45.7718929,38.18734915,32.79914381
585.34,38.11348004,30.98053691,45.78416361,38.20464445,32.79553261
585.535,38.12094758,30.97748321,45.81818169,38.22193975,32.76463163
585.73,38.12368113,30.97748149,45.83361611,38.22180652,32.74869679
585.924,38.15865807,30.97087162,45.8736407,38.23935723,32.73642781
586.119,38.16254715,30.9503881,45.8675162,38.2460644,32.71693641
586.314,38.19210669,30.9710351,45.93236096,38.29459119,32.73516602
586.509,38.23928515,30.98829628,45.97864976,38.33976992,32.75385267
586.703,38.22815218,30.98491218,45.9725391,38.35735375,32.7375701
586.898,38.24308727,30.97814056,46.01583878,38.37144525,32.7375701
587.093,38.27493305,30.98846836,46.04659562,38.40937288,32.7430737
587.288,38.2832455,30.96798312,46.06816178,38.44115935,32.73361118
587.482,38.30206966,30.96137325,46.08979778,38.44842149,32.73630832
587.677,38.30976085,30.97863615,46.09899569,38.45204704,32.72943363
587.872,38.30671668,30.95105061,46.09894692,38.45958668,32.71091095
588.066,38.32272032,30.9645973,46.11135008,38.47005263,32.71320572
588.261,38.33712112,30.96814831,46.15143729,38.50141735,32.71962338
588.456,38.32240969,30.95121925,46.13601011,38.48427735,32.70374319
588.65,38.31203465,30.94799863,46.14223277,38.50168379,32.69096252
588.845,38.35165861,30.95460506,46.17921226,38.54029962,32.71263938
589.039,38.34061261,30.96137841,46.17608347,38.56093194,32.71860001
589.234,38.35828124,30.96154188,46.20694508,38.59270737,32.70902817
589.428,38.36123845,30.96153844,46.18841018,38.60636608,32.69360501
589.623,38.39057433,30.97525033,46.23473389,38.63438273,32.70857114
589.817,38.39026371,30.94427382,46.24406426,38.64497086,32.69956565
590.012,38.42273074,30.96492426,46.26868936,38.67243253,32.71757664
590.206,38.41168474,30.96492598,46.29023444,38.69669041,32.73936281
590.401,38.41946291,30.95088713,46.28408163,38.6937641,32.71752199
590.595,38.43081953,30.957497,46.29024829,38.71119262,32.72016448
590.79,38.43059588,30.94361991,46.30253284,38.72250208,32.71786971
590.984,38.44477303,30.95055674,46.31170967,38.7399306,32.72979097
591.178,38.47388526,30.95765876,46.33635585,38.75401105,32.74470245
591.373,38.4961512,30.97137065,46.35183904,38.7572259,32.75742846
591.567,38.51703796,31.00589645,46.3888673,38.79208295,32.79423541
591.761,38.50537071,31.0057347,46.3919124,38.80993322,32.80335022
591.956,38.54477101,31.0505883,46.43503748,38.86568903,32.85196912
592.15,38.5697705,31.0680164,46.46285398,38.9146155,32.87650709
592.344,38.60519474,31.09560022,46.49065664,38.95350881,32.89468205
592.539,38.67035247,31.14738548,46.55234493,39.01247947,32.93734033
592.733,38.70952911,31.16803419,46.57998744,39.07186084,32.97471362
592.927,38.75281849,31.20255828,46.62318236,39.12706168,32.99558572
593.121,38.78139644,31.23353307,46.64177326,39.18951363,33.01416306
593.315,38.82026246,31.25740584,46.67888521,39.24513622,33.04506403
593.51,38.85188459,31.28838064,46.70972574,39.31162444,33.10320012
593.704,38.88466225,31.31596962,46.74668416,39.36069516,33.1404641
593.898,38.921329,31.35387952,46.76524013,39.40209303,33.16270729
594.092,38.96126357,31.3708103,46.80536227,39.46455602,33.19676245
594.286,38.99310936,31.38807148,46.8361751,39.49955733,33.22536865
594.48,39.05499925,31.42904368,46.87010227,39.57594547,33.2871706
594.674,39.05370704,31.42953583,46.88860224,39.61065825,33.30671665
594.868,39.08997618,31.46744573,46.91651628,39.65582594,33.34398063
595.063,39.12182197,31.50164114,46.94431894,39.71212569,33.40033363
595.257,39.17951215,31.53633041,46.99989595,39.75687163,33.46539907
595.451,39.21135794,31.57424031,47.04310472,39.8155648,33.51269191
595.645,39.25831274,31.60909135,47.0801679,39.87857172,33.57719101
595.839,39.33040373,31.66798208,47.14813423,39.96234419,33.6485648
596.033,39.37704791,31.70960646,47.2222046,40.04222466,33.73169588
596.227,39.45571183,31.78559317,47.27466005,40.12962269,33.81568637
596.42,39.5273555,31.86463702,47.35805356,40.24879614,33.90202628
596.614,39.56904205,31.90254863,47.40430082,40.29368634,33.94616496
596.808,39.63388915,31.96755192,47.45674242,40.38080687,34.02304235
597.002,39.71224243,32.02272816,47.53697945,40.47811587,34.11528824
597.196,39.78450736,32.08500298,47.6079698,40.56859551,34.18660737
597.39,39.84608663,32.13984883,47.65717123,40.66688123,34.25477233
597.584,39.92886328,32.20889699,47.71582827,40.75427925,34.32924563
597.778,39.9931761,32.26357592,47.79912424,40.84433714,34.39832465
597.971,40.03982028,32.32196933,47.84228424,40.91723295,34.45152347
598.165,40.11495545,32.37326245,47.8916669,41.00129395,34.49876167
598.359,40.13691077,32.38003752,47.91333059,41.0605421,34.5360803
598.553,40.19795575,32.41456332,47.94725114,41.11227269,34.57970729
598.746,40.25846646,32.45263841,47.99976921,41.19967071,34.62654311
598.94,40.31982207,32.50426192,48.05218973,41.26950699,34.68909515
599.134,40.35564391,32.53894776,48.07365112,41.31550714,34.73908515
599.328,40.41271284,32.58008343,48.11985622,41.38186213,34.80444365
599.521,40.45882275,32.61121998,48.16930149,41.43747368,34.86303677
599.715,40.49128978,32.65251913,48.22478097,41.50716569,34.91938977
599.909,40.53739969,32.68365741,48.25555888,41.5869019,34.97528574
600.102,40.59379766,32.70769021,48.30487169,41.64253553,35.04024187
600.296,40.66124163,32.75254209,48.34487522,41.71529812,35.11115862
600.489,40.71397417,32.80093982,48.3849275,41.7814978,35.16430279
600.683,40.76428379,32.85256161,48.44050451,41.85133407,35.22971594
600.876,40.81504071,32.88692222,48.4897824,41.92118139,35.30683174
601.07,40.86115061,32.92128282,48.54240523,41.99799129,35.37189718
601.264,40.9136595,32.95580691,48.59187158,42.04608529,35.41913537
601.457,40.92761299,32.98000491,48.61359788,42.09432355,35.45329983
601.651,40.98758942,33.0143638,48.66611595,42.14632059,35.49743851
601.844,41.01974583,33.0314615,48.69076874,42.18842874,35.5369426
602.037,41.06365647,33.0622711,48.7310161,42.21685611,35.58016721
602.231,41.10260945,33.10357197,48.74345418,42.26537186,35.63876033
602.424,41.12729832,33.12760822,48.79294099,42.32769059,35.6946563
602.618,41.14612249,33.14115663,48.8299831,42.36561821,35.7168995
602.811,41.16021267,33.13421981,48.82994817,42.3795544,35.74745275
603.005,41.19505292,33.15147755,48.84539644,42.40381228,35.76934823
603.198,41.22058669,33.1653512,48.85775745,42.42498854,35.7821289
603.391,41.24589681,33.17906137,48.87011184,42.46680816,35.81257284
603.585,41.28171865,33.18566952,48.89784465,42.50889423,35.83435901
603.778,41.28645264,33.18550432,48.90403239,42.50569043,35.86216046
603.971,41.31816174,33.20259858,48.9195505,42.52299677,35.87488647
604.164,41.32478438,33.19582352,48.92251191,42.5372215,35.88154255
604.358,41.33636466,33.18549744,48.93790417,42.54098027,35.85430743
604.551,41.32912077,33.17195075,48.93488015,42.51686666,35.8420931
604.744,41.34687638,33.16872497,48.93797402,42.51018157,35.8538504
604.937,41.37545433,33.17566179,48.95655107,42.53053641,35.87253705
605.131,41.35805906,33.15856925,48.94733931,42.51673344,35.86657642
605.324,41.33252528,33.1377605,48.94721409,42.50937119,35.8510986
605.517,41.32192659,33.11695003,48.93181459,42.48511332,35.82971481
605.71,41.33319624,33.10662739,48.93181459,42.47145461,35.85700458
605.903,41.31513001,33.0692062,48.89167861,42.45750737,35.83190027
606.096,41.30064224,33.03501252,48.86391088,42.43239495,35.81963129
606.289,41.25757651,32.9937168,48.8300114,42.40060848,35.78201959
606.482,41.24370999,32.97645562,48.8021949,42.39377913,35.80604587
606.676,41.22573072,32.94887008,48.77433686,42.37636164,35.78746854
606.869,41.16361718,32.88692566,48.72494036,42.30652537,35.74980218
607.062,41.09183682,32.83513867,48.66635979,42.24420664,35.70331408
607.255,41.04527961,32.78334997,48.63231401,42.19918322,35.66869259
607.448,41.0131232,32.73849981,48.59224787,42.13951332,35.63418041
607.641,40.98119044,32.71107775,48.57370574,42.09754944,35.59691643
607.834,40.93485688,32.66655626,48.5305319,42.04138291,35.53557151
608.027,40.89179116,32.64235997,48.52433031,42.00570444,35.51063117
608.219,40.8373688,32.58380136,48.490361,41.95022611,35.46115286
608.412,40.83021189,32.54621842,48.46880207,41.90131069,35.43987838
608.605,40.75781028,32.48071954,48.43169735,41.81822642,35.37171342
608.798,40.69005568,32.39457367,48.38543625,41.73097266,35.30033963
608.991,40.63656521,32.35311104,48.33306449,41.68566071,35.25137301
609.184,40.57963296,32.28084054,48.27436593,41.59490358,35.17741139
609.377,40.52239008,32.20501731,48.21881661,41.52171924,35.12197245
609.569,40.45387755,32.13274508,48.16015958,41.44170554,35.04474733
609.762,40.40647544,32.05659318,48.11083292,41.36894295,34.98254301
609.955,40.30571953,31.96689974,48.03982149,41.26787519,34.9162158
610.148,40.23027374,31.88042347,47.9657722,41.1746135,34.83847901
610.341,40.15567285,31.80815469,47.89487938,41.09474407,34.78132125
610.533,40.06627356,31.73571899,47.81771514,41.00106063,34.70347515
610.726,39.99767407,31.65651166,47.7343704,40.92411751,34.61983238
610.919,39.93685273,31.59440204,47.67268934,40.86164348,34.56078223
611.111,39.87656568,31.53567823,47.61085475,40.79543276,34.48935379
611.304,39.82718794,31.48438512,47.56456596,40.73565172,34.43626428
611.497,39.78389856,31.4395384,47.52138489,40.65605978,34.37085112
611.689,39.72741362,31.37065543,47.45974537,40.57604608,34.34178789
611.882,39.65576994,31.32274813,47.40424482,40.51332769,34.29179789
612.075,39.61668027,31.26418607,47.36101497,40.44751664,34.23865372
612.267,39.55899008,31.19546658,47.28076409,40.35622662,34.15196609
612.46,39.46914349,31.11964335,47.21270023,40.27230988,34.08145171
612.652,39.38058911,31.02672069,47.12632424,40.17110889,33.99104356
612.845,39.31703422,30.95800119,47.07702527,40.07004112,33.92832755
613.037,39.24539054,30.88217796,46.99372929,39.96522561,33.86882037
613.23,39.16490014,30.79264628,46.91968,39.85370294,33.79658718
613.422,39.10010275,30.73069841,46.86722454,39.77773655,33.74338835
613.615,39.01741307,30.64116673,46.76848754,39.68699046,33.655732
613.807,38.94890055,30.57244723,46.70664633,39.62077974,33.58430356
614,38.85203372,30.47919762,46.62325282,39.50925707,33.5035219
614.192,38.72963312,30.39321523,46.52749107,39.39440841,33.40451063
614.384,38.65883434,30.32466265,46.48121612,39.30407303,33.34449176
614.577,38.61241381,30.25239215,46.41646889,39.21708572,33.2609583
614.769,38.55830209,30.20060688,46.36084311,39.15436733,33.19605683
614.961,38.48254567,30.12478709,46.28679382,39.08146047,33.1247377
615.154,38.41152324,30.05961689,46.21892503,39.00507234,33.05336392
615.346,38.3468998,29.99750555,46.15100747,38.94235394,32.98795076
615.538,38.26147657,29.91780263,46.06456886,38.85884792,32.91663163
615.731,38.19698981,29.85246723,46.0120508,38.7714499,32.85167551
615.923,38.11049802,29.76987237,45.94420308,38.67763323,32.75891793
616.115,38.06027538,29.7080897,45.87937939,38.5937165,32.68118113
616.307,38.01363119,29.65985717,45.81155937,38.54144197,32.64030595
616.5,37.94892077,29.59758063,45.7530071,38.45808021,32.56027439
616.692,37.86600744,29.52547532,45.67882535,38.35728993,32.49750372
616.884,37.79718429,29.44949033,45.61400166,38.26360649,32.42578222
617.076,37.72920604,29.38399145,45.53988252,38.17327111,32.35389675
617.268,37.67540494,29.31510849,45.4934685,38.08613953,32.29169242
617.46,37.596828,29.24622379,45.4255371,37.98132403,32.2134986
617.653,37.51740615,29.18782866,45.36081094,37.89043368,32.14527899
617.845,37.45720607,29.11200715,45.2959451,37.80678339,32.08307467
618.037,37.40751771,29.06699523,45.2372393,37.73332156,32.04225413
618.229,37.35447454,29.00843662,45.16932174,37.65665593,31.99507059
618.421,37.29838719,28.94632356,45.11068579,37.56939114,31.92364215
618.613,37.25867627,28.9050244,45.05201491,37.53802642,31.8887276
618.805,37.23390043,28.87727367,45.02414964,37.49607357,31.84458893
618.997,37.17727881,28.83952725,44.96863525,37.44729137,31.7886383
619.189,37.14923513,28.79467881,44.92224892,37.39837595,31.73875761
619.381,37.085059,28.74644456,44.87599505,37.33913885,31.67925044
619.573,37.06028315,28.7154732,44.82664732,37.29410438,31.64479291
619.765,37.00299057,28.65336186,44.77096554,37.22830437,31.5612048
619.957,36.95916691,28.61561716,44.72479536,37.17952217,31.51081242
620.149,36.8957487,28.56077132,44.67230499,37.11722553,31.43679615
620.34,36.83050401,28.50576199,44.61690921,37.06857655,31.35951638
620.532,36.78699097,28.46091355,44.58287728,37.01992757,31.30682924
620.724,36.72983507,28.41251754,44.54888027,36.94340621,31.2541421
620.916,36.66552225,28.35717955,44.48723414,36.88778362,31.20741559
621.108,36.63296824,28.32653515,44.4811024,36.85991123,31.19784376
621.3,36.56392144,28.29556036,44.45647068,36.81098477,31.16424564
621.491,36.5339643,28.26830177,44.41937981,36.7727907,31.12428451
621.683,36.49183045,28.22700434,44.39772996,36.73807791,31.08782528
621.875,36.47116735,28.19586779,44.36383772,36.70323191,31.06609377
622.067,36.45090184,28.17505388,44.35451458,36.67549275,31.03554051
622.258,36.41454572,28.13681531,44.31129197,36.6331071,31.01639684
622.45,36.39343531,28.13326602,44.2988888,36.61582284,31.01914864
622.642,36.36454673,28.09551788,44.27119091,36.5843249,30.99730782
622.833,36.32872489,28.07841673,44.22796107,36.56020025,30.96004384
623.025,36.29670517,28.05405009,44.20017949,36.52870231,30.92598869
623.217,36.24343835,28.00920165,44.14767527,36.476561,30.87920752
623.408,36.2186625,27.97823202,44.11064701,36.45243635,30.84469534
623.6,36.1725526,27.950483,44.08298404,36.41423124,30.80112301
623.791,36.14366402,27.93354705,44.04897318,36.38997336,30.77022203
623.983,36.10722093,27.92371657,44.03039613,36.3622342,30.75744136
624.174,36.06782063,27.90661886,43.99335402,36.3310027,30.72023204
624.366,36.06012944,27.90339824,43.98417718,36.32793213,30.69798884
624.557,36.04237383,27.87581098,43.95634683,36.29656741,30.65533057
624.749,36.02788606,27.84806197,43.94707246,36.27899462,30.6244296
624.94,35.99541902,27.82064335,43.91616932,36.2232388,30.60253412
625.132,35.97019587,27.79693749,43.89454056,36.20218473,30.56532479
625.323,35.9413073,27.7762905,43.85441842,36.15688382,30.5349355
625.515,35.93057193,27.7591928,43.83275473,36.14294762,30.53183598
625.706,35.91228204,27.73482787,43.78951104,36.10113904,30.51905532
625.898,35.89399215,27.7138522,43.78641718,36.06949684,30.49406032
626.089,35.89041369,27.68254874,43.76796597,36.04551645,30.45415384
626.28,35.86099084,27.66206522,43.75246894,36.01777728,30.41688986
626.472,35.82212482,27.63819416,43.72154472,35.98655683,30.38644592
626.663,35.78263755,27.61415964,43.70614522,35.96243218,30.36099389
626.854,35.75803565,27.60383356,43.68145751,35.92786366,30.34241655
627.046,35.72221381,27.57608454,43.65678364,35.92786366,30.29665876
627.237,35.71139147,27.55865989,43.64127276,35.89622145,30.26564848
627.428,35.68563404,27.53429324,43.6258245,35.87532268,30.23693297
627.619,35.64287894,27.51025699,43.58883116,35.83712862,30.16876801
627.811,35.62199218,27.50348537,43.58264342,35.84396901,30.14428469
628.002,35.58952515,27.48655114,43.55493168,35.83085424,30.11619018
628.193,35.5351028,27.46590242,43.52098344,35.80618565,30.09119518
628.384,35.49928096,27.42782733,43.47776083,35.7749652,30.05708537
628.575,35.46619267,27.40668303,43.45615314,35.7537779,30.04120519
628.766,35.43327833,27.38281197,43.40978789,35.71530634,29.99436936
628.958,35.38632352,27.34845309,43.36348526,35.67390847,29.93807102
629.149,35.38708145,27.34184149,43.33877647,35.64226626,29.91577317
629.34,35.34455,27.31409248,43.30176928,35.62512627,29.87535501
629.531,35.32366325,27.30038059,43.28322053,35.59737606,29.83860272
629.722,35.30224221,27.29021971,43.27397385,35.56279651,29.81315069
629.913,35.25148529,27.25247156,43.21528913,35.50382585,29.74172225
630.104,35.20841956,27.21117242,43.17204544,35.45100738,29.6917869
630.295,35.20881716,27.20084806,43.15358039,35.41965371,29.6576771
630.486,35.16964052,27.18036454,43.11655212,35.39457441,29.62586207
630.677,35.13908695,27.16681785,43.08249911,35.36697951,29.5887074
630.868,35.09959967,27.15310768,43.06093296,35.35346507,29.56961837
631.059,35.08542253,27.15682044,43.04846718,35.33951783,29.55133411
631.25,35.02361961,27.11536126,43.00523072,35.30173447,29.49589517
631.441,34.98421931,27.10552905,42.97437635,35.26381789,29.45226818
631.631,34.9410169,27.06423333,42.9342753,35.23607873,29.41190468
631.822,34.91624106,27.03987013,42.88480233,35.2254906,29.37154117
632.013,34.89414906,27.02954578,42.86011462,35.1974629,29.343392
632.204,34.85832722,27.0122846,42.84162849,35.19398162,29.30291919
632.395,34.82272904,27.01245151,42.81076688,35.17319398,29.2592922
632.586,34.81557212,27.0089005,42.79525601,35.16286126,29.23160005
632.776,34.79003835,26.99841267,42.77369708,35.1526728,29.19382439
632.967,34.76208165,26.95340075,42.7243355,35.11405698,29.15340623
633.158,34.71521381,26.93258856,42.69656777,35.09998756,29.1008284
633.349,34.69723455,26.9254831,42.68110566,35.10333563,29.07359329
633.539,34.66476752,26.91144254,42.65951181,35.09971007,29.04590115
633.73,34.65729997,26.93192777,42.65937935,35.10279169,29.03684099
633.921,34.62818774,26.9317643,42.65642518,35.07533001,29.01224837
634.111,34.60394618,26.91789065,42.63476148,35.08189292,28.99642283
634.302,34.58954538,26.92821501,42.60072956,35.07130479,28.96924237
634.493,34.56392463,26.89013819,42.57288536,35.06434222,28.93564426
634.683,34.54281422,26.89030167,42.55750694,35.06156017,28.92073278
634.874,34.50632142,26.87336744,42.5235587,35.03354352,28.88713466
635.064,34.51316771,26.90433879,42.53272169,35.05097204,28.88174037
635.255,34.48450279,26.88352488,42.48015486,35.02685843,28.85399357
635.446,34.47855111,26.89401615,42.46773062,35.02713592,28.83536158
635.636,34.46437396,26.89062862,42.44613678,35.02071727,28.83175037
635.827,34.43937447,26.85304568,42.41834135,35.00718075,28.8098549
636.017,34.41079652,26.84949295,42.39039239,35.01038455,28.80033771
636.208,34.41026224,26.84627061,42.38738221,35.0035552,28.79127756
636.398,34.39975052,26.82884595,42.37810784,34.99337778,28.77569044
636.588,34.36705983,26.82174393,42.34418068,34.9830561,28.75064078
636.779,34.3273489,26.80431584,42.30712472,34.95809898,28.710625
636.969,34.32368348,26.81769905,42.30396824,34.96856493,28.71051569
637.16,34.30181513,26.81431496,42.27930161,34.96201306,28.70054148
637.35,34.30136782,26.82125523,42.28246532,34.95490622,28.70054148
637.54,34.27592102,26.81092915,42.27635466,34.94779938,28.70375031
637.731,34.26076229,26.80077171,42.22991956,34.9335857,28.67921234
637.921,34.25633893,26.82142214,42.2082908,34.9472444,28.68832715
638.111,34.23889394,26.82142558,42.18049537,34.9540848,28.67966937
638.302,34.20673754,26.82448445,42.14643575,34.94405165,28.65834024
638.492,34.19180245,26.82142558,42.12174804,34.93708907,28.67656985
638.682,34.18875827,26.8420743,42.12470945,34.94365198,28.67713619
638.872,34.17404685,26.84207258,42.11231351,34.93695585,28.68304217
639.063,34.15924845,26.82497315,42.07527141,34.93360778,28.66171303
639.253,34.14896038,26.81481399,42.05666666,34.93318603,28.66211541
639.443,34.1281606,26.8083676,42.03815945,34.92286435,28.64933474
639.633,34.12396089,26.80836932,42.02255104,34.91952732,28.63345455
639.823,34.1175619,26.82901803,42.0194644,34.93360778,28.64577819
640.014,34.09636452,26.82207949,42.01017619,34.90895023,28.60536003
640.204,34.08523155,26.81885199,42.01017619,34.89207669,28.57491609
640.394,34.07074377,26.8053053,41.98238076,34.88830687,28.5626471
640.584,34.06349989,26.81191345,41.97921043,34.89917249,28.5562841
640.774,34.03545621,26.80158909,41.95455764,34.88509203,28.54636454
640.964,34.01716633,26.78449483,41.92983501,34.86739706,28.51546357
641.154,33.98532054,26.76046201,41.89578923,34.83254001,28.48146306
641.344,33.94180751,26.73964466,41.85878204,34.79058716,28.43789073
641.534,33.91565248,26.7394829,41.82786506,34.78653986,28.41667091
641.724,33.89400779,26.72205481,41.78788262,34.76506403,28.37670978
641.914,33.8575647,26.70107742,41.74776049,34.74750228,28.33343051
642.104,33.86100648,26.70785077,41.72919066,34.75460912,28.32482739
642.294,33.81458595,26.66655678,41.68295787,34.70916395,28.29031521
642.484,33.79745159,26.65606894,41.65830508,34.6952388,28.27443502
642.674,33.76574249,26.63913643,41.62435684,34.68115834,28.21589656
642.863,33.73738819,26.63236481,41.57492541,34.65007111,28.18499558
643.053,33.68282916,26.60155521,41.53471298,34.60852898,28.13546262
643.243,33.65805332,26.61881811,41.51932072,34.60839575,28.12600009
643.433,33.63618497,26.60494447,41.48846634,34.61244306,28.09199959
643.623,33.5826945,26.57397139,41.45134054,34.58192185,28.05192916
643.813,33.5407843,26.5460589,41.38650301,34.5440163,28.01741698
644.002,33.51167207,26.52557538,41.36169007,34.5235172,27.98972483
644.192,33.44315954,26.49782637,41.30315165,34.48531209,27.94243199
644.382,33.41824702,26.50137566,41.27525146,34.46440228,27.91468519
644.572,33.36717947,26.48089214,41.24427847,34.42257162,27.88063004
644.761,33.34142205,26.4533066,41.19481935,34.39135116,27.83746008
644.951,33.31901942,26.45314312,41.16077358,34.38062981,27.81877343
645.141,33.31230982,26.46363096,41.13920081,34.37743705,27.79113594
645.33,33.2907521,26.43571847,41.10817906,34.35624975,27.74109129
645.52,33.26110559,26.42861472,41.09882099,34.33491819,27.72515645
645.71,33.25059387,26.44232662,41.09885592,34.33114837,27.70291325
645.899,33.23252763,26.43249785,41.09265434,34.31037178,27.6688581
646.089,33.21088294,26.41862248,41.08351242,34.29253255,27.64076358
646.278,33.17757101,26.38781116,41.0340533,34.25783081,27.58858813
646.468,33.14930368,26.36699897,40.99391071,34.25114572,27.55092177
646.658,33.13512653,26.36344968,40.969223,34.25408307,27.52592678
646.847,33.08794807,26.35956828,40.94450036,34.21546725,27.49497115
647.037,33.03817273,26.31810737,40.92296913,34.19162009,27.46045896
647.226,33.01294958,26.28019576,40.89205876,34.18100987,27.43546397
647.415,32.97010751,26.2597088,40.85188786,34.15381464,27.40822885
647.605,32.94541864,26.24261281,40.80251243,34.13680787,27.37422836
647.794,32.9239976,26.22568031,40.76243245,34.11255,27.34338204
647.984,32.9087519,26.21907044,40.73764721,34.11604233,27.32847056
648.173,32.89099629,26.21229881,40.71292457,34.09554323,27.30398725
648.363,32.89541965,26.21890868,40.70353159,34.08815889,27.29762424
648.552,32.89564331,26.21197014,40.69121211,34.0774265,27.28535526
648.741,32.88017394,26.20907647,40.67269106,34.08174025,27.2581748
648.931,32.87301703,26.19553149,40.64505578,34.099302,27.24601513
649.12,32.86845698,26.19585845,40.62643719,34.09232838,27.20971986
649.309,32.86143675,26.20601933,40.6079649,34.08858065,27.19424205
649.499,32.86434425,26.18892162,40.59570143,34.08816994,27.16975873
649.688,32.86814636,26.19569325,40.57405158,34.0671269,27.1360513
649.877,32.86761208,26.19552634,40.55549561,34.05639451,27.12647947
650.066,32.86045516,26.19164665,40.55542576,34.03883276,27.11690763
650.255,32.83500836,26.17793304,40.52146368,34.01375346,27.085952
650.445,32.82860938,26.16760868,40.5121893,34.00022798,27.07592313
650.634,32.79927349,26.14712688,40.47201841,33.97262204,27.05098279
650.823,32.78554365,26.13647213,40.4533649,33.93400622,27.03229614
651.012,32.76770108,26.11210721,40.43780525,33.87462485,26.99503217
651.201,32.74690129,26.08790748,40.40993998,33.8397678,26.9913663
651.39,32.71389998,26.06354428,40.38835998,33.80198444,26.96637131
651.579,32.70003345,26.05322164,40.36358858,33.76016481,26.94453049
651.769,32.67449968,26.01869928,40.36041825,33.74245881,26.94137631
651.958,32.65307864,25.97029983,40.33561192,33.71178229,26.90732116
652.147,32.60925498,25.92222905,40.26784067,33.64556052,26.86363951
652.336,32.59172303,25.88415568,40.2308401,33.6183653,26.84460515
652.525,32.55147783,25.82559363,40.19069027,33.56929457,26.79828102
652.714,32.51861319,25.784131,40.16906151,33.52023487,26.76158337
652.903,32.48699106,25.7497704,40.13830467,33.48217403,26.7334342
653.092,32.43738967,25.69781993,40.08892924,33.42251517,26.69846499
653.281,32.38730371,25.64586947,40.04578309,33.34264574,26.63890316
653.469,32.33868391,25.5906984,39.98393465,33.26570262,26.59263368
653.658,32.27092931,25.52487085,39.93769463,33.18917022,26.54269834
653.847,32.20652952,25.4456618,39.85141616,33.07458801,26.47733984
654.036,32.13908555,25.38355045,39.75575195,32.96614695,26.42430497
654.225,32.06135351,25.29030085,39.68165389,32.85811661,26.34983167
654.414,31.97217788,25.20754079,39.61685127,32.7432569,26.28482089
654.603,31.87455312,25.11090881,39.5088465,32.62184535,26.20989055
654.791,31.8068855,25.03830963,39.42250543,32.51004518,26.14757692
654.98,31.70317238,24.92086201,39.30520521,32.33956289,26.05390528
655.169,31.59959595,24.81794711,39.18176603,32.19695298,25.96441119
655.358,31.50250547,24.7284137,39.05845268,32.07148307,25.89589851
655.546,31.38314905,24.61112956,38.94439264,31.90810762,25.76598626
655.735,31.28261679,24.50772079,38.81790174,31.76884578,25.66916045
655.924,31.16548446,24.39720828,38.70374416,31.6156367,25.56688569
656.113,31.01808436,24.26249948,38.58660409,31.44821395,25.44546726
656.301,30.91732845,24.17329475,38.47861316,31.29447198,25.36738274
656.49,30.78410551,24.03503322,38.30579855,31.0924807,25.22113327
656.678,30.66330775,23.93145925,38.18237321,30.91112175,25.10848193
656.867,30.52726427,23.80368556,38.03430231,30.72321094,24.96533198
657.056,30.38008784,23.67913592,37.86771036,30.52470095,24.81959419
657.244,30.26157632,23.56135962,37.72880245,30.32591347,24.70969465
657.433,30.09932811,23.39567432,37.55598783,30.0988429,24.54527022
657.621,29.93868275,23.25418873,37.3831943,29.89294858,24.42900766
657.81,29.75188236,23.10221875,37.19796268,29.6424526,24.25827488
657.998,29.58328488,22.9434737,37.00661317,29.41912976,24.09293639
658.187,29.41812917,22.79182895,36.81528473,29.18564054,23.92174658
658.375,29.21303889,22.61887815,36.60854957,28.90403524,23.7503928
658.564,29.04148421,22.45335803,36.42341549,28.68783029,23.58866552
658.752,28.8585729,22.28412171,36.20747579,28.43329804,23.42928767
658.941,28.65768233,22.09778596,35.99770276,28.18265779,23.27317329
659.129,28.47705727,21.92887831,35.80638094,27.95934599,23.11964676
659.317,28.29803505,21.75964199,35.62443826,27.71916064,22.93888511
659.506,28.11252687,21.60056655,35.42076928,27.47576046,22.77624376
659.694,27.9514839,21.42422993,35.22637466,27.21813555,22.61721363
659.882,27.76499414,21.24466925,35.01036513,26.97084336,22.46047826
660.071,27.56074877,21.0686613,34.7912828,26.68173155,22.27426767
660.259,27.36687843,20.91330379,34.55985992,26.43442832,22.11264969
660.447,27.17712083,20.7403547,34.34079867,26.19396549,21.93199735
660.636,26.96258739,20.57772825,34.10631685,25.91529754,21.77267415
660.824,26.75445294,20.41881628,33.88412681,25.66116497,21.57104039
661.012,26.52436317,20.22893297,33.6526064,25.38919315,21.38110928
661.2,26.31729727,20.05936969,33.41189531,25.11401754,21.19174451
661.388,26.09109658,19.88319655,33.14954821,24.85612618,21.00834037
661.577,25.90094138,19.71396022,32.91498993,24.59154973,20.80630424
661.765,25.66780743,19.5410077,32.66807726,24.33701748,20.61017408
661.953,25.46378571,19.38531807,32.43668931,24.08246315,20.42992412
662.141,25.24880496,19.20187942,32.18049503,23.84521516,20.24285412
662.329,25.05140588,19.02488029,31.96131517,23.57714638,20.05572946
662.517,24.84036393,18.84854023,31.72047161,23.33361297,19.87272769
662.705,24.65722897,18.68607726,31.51053843,23.11433744,19.69213001
662.893,24.45213869,18.52684006,31.27905294,22.85657931,19.53320918
663.081,24.25893932,18.36421189,31.05368535,22.61291267,19.35616805
663.269,24.04776068,18.21174632,30.82224863,22.37635288,19.17861523
663.457,23.86516,18.06266656,30.62165243,22.15011477,19.00737077
663.645,23.66426943,17.90342765,30.41488958,21.93014,18.85756474
663.833,23.49866642,17.75822929,30.20202268,21.70040956,18.68637493
664.021,23.30439849,17.59898521,29.97980495,21.47054589,18.53346939
664.209,23.13535371,17.47798314,29.78235139,21.25488487,18.37133973
664.397,22.96693017,17.36053209,29.57553977,21.06697406,18.23976333
664.585,22.79430693,17.24936051,29.3780236,20.86442781,18.11398359
664.773,22.62221797,17.11415784,29.16808319,20.66899943,17.97903439
664.961,22.46064072,16.99960045,28.97681737,20.47690809,17.83874555
665.149,22.30272891,16.89876011,28.77313453,20.2955381,17.69530254
665.337,22.15470756,16.77742936,28.59404188,20.10776051,17.55185953
665.524,21.97515106,16.65287801,28.36875797,19.90562497,17.3993017
665.712,21.82408554,16.53848753,28.18046741,19.73123963,17.26853005
665.9,21.67006281,16.45184779,28.00759018,19.57427178,17.14727558
666.088,21.55177494,16.36165704,27.8532617,19.44867969,17.02922993
666.275,21.42275171,16.26420251,27.68965224,19.30552585,16.92620508
666.463,21.27230743,16.1635222,27.51983396,19.14493244,16.80535299
666.651,21.17177517,16.08365753,27.3685855,19.0056706,16.6756047
666.839,21.03497377,16.00379114,27.20820897,18.85930192,16.56392207
667.026,20.92379311,15.93424738,27.08159946,18.75112731,16.47041439
667.214,20.83028109,15.84438358,26.95820243,18.62190967,16.39232988
667.401,20.72321317,15.78904559,26.81935713,18.5169499,16.29922458
667.589,20.65545857,15.74725429,26.71438362,18.44027322,16.24292623
667.777,20.56614626,15.70529779,26.59701356,18.33976044,16.18031953
667.964,20.46181189,15.63897809,26.46441862,18.22809349,16.09581736
668.152,20.37858794,15.60412533,26.35626755,18.1307845,16.02455288
668.339,20.28561019,15.54523461,26.26054733,18.05425209,15.9622939
668.527,20.1920112,15.49295719,26.16182417,17.96392776,15.89051774
668.714,20.11772094,15.45133109,26.06317746,17.89087664,15.87051466
668.902,20.04594058,15.42680097,25.98290551,17.81405571,15.7959867
669.089,19.98945564,15.37823633,25.89648074,17.74798925,15.74335421
669.277,19.95403139,15.36403401,25.84081281,17.7167688,15.70018426
669.464,19.90045395,15.33578768,25.78519365,17.65738743,15.66567208
669.652,19.83940896,15.29044881,25.71103958,17.58057753,15.61252791
669.839,19.78087387,15.27285723,25.64632066,17.53457738,15.5694126
670.027,19.76356557,15.24849231,25.59985065,17.50335693,15.56574674
670.214,19.72827801,15.23057206,25.55970082,17.47199221,15.53759757
670.401,19.71463514,15.24362661,25.51655467,17.4510824,15.52222906
670.589,19.68941199,15.23668806,25.47951917,17.41970664,15.49138274
670.776,19.66418885,15.23636111,25.45780672,17.40228916,15.46363594
670.963,19.65023535,15.22554461,25.41447934,17.39922962,15.45452114
671.151,19.63918935,15.22860346,25.39595828,17.36799813,15.44764644
671.338,19.61356861,15.22810787,25.37434336,17.35055856,15.43858629
671.525,19.61692341,15.24149281,25.35274952,17.36113565,15.45125765
671.712,19.59863353,15.2585888,25.34654793,17.35095823,15.45538054
671.9,19.62461461,15.27907403,25.36195404,17.36490547,15.47395788
672.087,19.64245718,15.30666302,25.36503407,17.36838676,15.47716671
672.274,19.64223353,15.3132746,25.36503407,17.3754936,15.47756908
672.461,19.65229794,15.33731086,25.36804425,17.37897489,15.4930469
672.648,19.67301076,15.35795957,25.3803011,17.39947399,15.50577291
672.835,19.6838331,15.375059,25.40183234,17.41675824,15.52801611
673.022,19.71576586,15.41280542,25.42654113,17.43752379,15.55942877
673.21,19.74823289,15.45055356,25.44501342,17.47934341,15.60845004
673.397,19.74443078,15.47475329,25.46041291,17.48994258,15.63522813
673.584,19.7770345,15.50572636,25.49431238,17.53553203,15.65706895
673.771,19.83450103,15.55379713,25.54056625,17.59116566,15.71790219
673.958,19.85287789,15.58105572,25.57447296,17.61248618,15.74926019
674.145,19.87841166,15.61896561,25.61450417,17.64775394,15.77144873
674.332,19.92139041,15.65671204,25.65141382,17.68650299,15.80275208
674.519,19.97183671,15.70139872,25.71008469,17.73877752,15.86725118
674.706,20.0312167,15.75640804,25.77790472,17.81585386,15.92613736
674.893,20.08524146,15.79431794,25.82109964,17.85404793,15.95428654
675.08,20.13148804,15.82561968,25.89500263,17.9102255,15.9850782
675.266,20.17889016,15.85998201,25.96282266,17.94883028,16.02010206
675.453,20.25151543,15.91482786,26.03379916,18.02562913,16.07140849
675.64,20.29100269,15.96661828,26.10770216,18.08110746,16.13997583
675.827,20.3422939,16.00114408,26.18790427,18.1477289,16.17815387
676.014,20.41416123,16.05987133,26.27108163,18.224106,16.24340306
676.201,20.46872026,16.11149484,26.36061411,18.29338729,16.32383699
676.387,20.55972239,16.18054301,26.47177536,18.39793635,16.41683299
676.574,20.61749954,16.22555665,26.55187994,18.46762836,16.47032488
676.761,20.67465544,16.27734707,26.6506031,18.54053521,16.54485284
676.948,20.74987758,16.34623348,26.73386415,18.63811066,16.61697672
677.134,20.85147839,16.42882834,26.84490679,18.73903416,16.71695671
677.321,20.92396698,16.50481505,26.95593558,18.84359426,16.79452954
677.508,21.01023512,16.57741595,27.06383558,18.94145823,16.89033198
677.695,21.11121468,16.62920294,27.1718265,19.01812386,16.96733847
677.881,21.21081506,16.70535484,27.28286914,19.09841504,17.06720915
678.068,21.27932759,16.770852,27.40001582,19.18206533,17.13898531
678.254,21.38290402,16.83296334,27.52644411,19.29385445,17.23570182
678.441,21.47199268,16.89523988,27.65290009,19.37708298,17.31963765
678.628,21.561305,16.96784077,27.78549504,19.48164308,17.42495728
678.814,21.64377102,17.02334225,27.8965449,19.56541555,17.51846495
679.001,21.72288224,17.08900288,28.03223372,19.66633906,17.62383924
679.187,21.80548495,17.14062639,28.1495827,19.75749586,17.70507793
679.374,21.9166656,17.21678002,28.28534797,19.86203387,17.78947079
679.56,22.01742151,17.28260756,28.41188764,19.97689357,17.88033597
679.747,22.13593303,17.3726314,28.57239662,20.10945928,17.97521474
679.933,22.23051361,17.44845463,28.70196755,20.25930925,18.08999689
680.12,22.35175868,17.55252247,28.85021967,20.40259631,18.21979983
680.306,22.46682842,17.63883182,29.00148197,20.54172493,18.31646168
680.493,22.57809605,17.74595852,29.16496621,20.68474555,18.44734265
680.679,22.71543173,17.84969597,29.33473573,20.84170236,18.566357
680.865,22.8702124,17.97747138,29.52300522,21.00899189,18.70297998
681.052,23.03277123,18.10218966,29.7112121,21.17669214,18.83140221
681.238,23.1633973,18.19948415,29.86851583,21.3229276,18.96492566
681.424,23.3001987,18.30999322,30.06603923,21.4867248,19.11106582
681.611,23.46991445,18.42760603,30.25430873,21.65720709,19.27538094
681.797,23.60953638,18.55554492,30.45172736,21.838555,19.42432756
681.983,23.80089681,18.69413685,30.66475441,22.03371693,19.57057702
682.169,24.00316656,18.82496768,30.87455513,22.21493161,19.73631789
682.356,24.17905764,18.96339441,31.10289798,22.41399657,19.89243226
682.542,24.38521647,19.10892316,31.30964699,22.62630953,20.08219941
682.728,24.57255115,19.26461278,31.54113248,22.83191532,20.26330878
682.914,24.7917316,19.39915982,31.77867986,23.07976248,20.45358761
683.1,24.99620063,19.56872482,32.03180796,23.30962614,20.69208297
683.287,25.22217767,19.77587448,32.32199202,23.58798348,20.91590527
683.473,25.42673366,19.91430293,32.56572714,23.81800245,21.11535356
683.659,25.60919766,20.073547,32.84652544,24.06571638,21.30282594
683.845,25.83195658,20.22246328,33.08116741,24.28220987,21.49677064
684.031,26.03271046,20.37782424,33.35273288,24.52936883,21.71198981
684.217,26.222642,20.54433381,33.63670874,24.80789251,21.9294491
684.403,26.47468709,20.71406573,33.90521526,25.08347884,22.14742008
684.589,26.69606682,20.90395077,34.20459,25.36310143,22.37215643
684.775,26.94664575,21.08383839,34.49476021,25.65234646,22.60153699
684.961,27.20615838,21.30519209,34.8002673,25.92751104,22.83447409
685.147,27.44675987,21.48846898,35.11194105,26.24116925,23.06185294
685.333,27.70824812,21.67529516,35.40513529,26.55860833,23.31163895
685.519,27.9959411,21.91035559,35.73537887,26.9174011,23.59181425
685.705,28.32692347,22.1830024,36.07794853,27.297259,23.89027382
685.891,28.62856995,22.43532917,36.43287258,27.68296952,24.20674439
686.077,28.94850631,22.67039133,36.78471,28.06658619,24.49884095
686.263,29.24984217,22.91156776,37.11491142,28.44350674,24.78864274
686.448,29.57313334,23.19115312,37.46985656,28.82992754,25.10608202
686.634,29.90375536,23.44670051,37.82169398,29.23014027,25.41446115
686.82,30.22802812,23.71290265,38.19203861,29.64834755,25.74176533
687.006,30.52820844,23.96200192,38.55326178,30.07337313,26.0542127
687.192,30.89456534,24.24158212,38.9237804,30.50243498,26.37978845
687.377,31.29017115,24.55568812,39.35595239,30.97957979,26.75811561
687.563,31.6655239,24.86285902,39.76653714,31.44672456,27.11648474
687.749,32.04270314,25.17035343,40.14931263,31.92012164,27.48706819
687.934,32.41948478,25.47735913,40.56289371,32.40090304,27.85455212
688.12,32.80633084,25.80856112,40.98881535,32.89869121,28.22874678
688.306,33.21902129,26.15025438,41.42396921,33.43482876,28.62060471
688.491,33.60975643,26.49855407,41.84691559,33.98544644,29.02804977
688.677,34.03220067,26.87105349,42.29149735,34.55028884,29.44822084
688.863,34.4766872,27.27097324,42.76387454,35.12530866,29.88759024
689.048,34.94273145,27.65008081,43.20834492,35.68961817,30.33825991
689.234,35.38270764,28.04323066,43.66202707,36.26715359,30.80360264
689.419,35.79119839,28.41217907,44.08498007,36.82070861,31.21207107
689.605,36.2554037,28.80532892,44.53867605,37.43043018,31.66325242
689.791,36.70633892,29.20170111,45.03575542,38.03333342,32.12750751
689.976,37.16889168,29.62904293,45.52049423,38.65017287,32.62856955
690.162,37.63913564,30.05349969,45.96518738,39.26270959,33.13198101
690.347,38.10540354,30.49455684,46.42505726,39.86826167,33.65493852
690.532,38.61253789,30.91867805,46.92828221,40.51591085,34.18746788
690.718,39.06502624,31.30860728,47.37282243,41.0828471,34.65412705
690.903,39.5636742,31.73868445,47.84202929,41.72324518,35.1824242
691.089,40.03078701,32.17957984,48.34834811,42.36376543,35.70853589
691.274,40.53363468,32.6341837,48.84533656,43.0116921,36.24915668
691.459,41.0137194,33.08523481,49.30522028,43.64875316,36.79298631
691.645,41.51992187,33.53950998,49.79919855,44.30575834,37.36210399
691.83,41.99777006,33.96974891,50.23755765,44.9213546,37.90965413
692.015,42.50335128,34.4346754,50.69750399,45.57514494,38.45405009
692.201,43.02691177,34.9028225,51.20683299,46.24775124,39.01977519
692.386,43.53822101,35.3577533,51.697892,46.93750858,39.57363367
692.571,44.02900384,35.81847315,52.13307355,47.56453648,40.14847358
692.757,44.57858267,36.303391,52.63004814,48.26030174,40.77621925
692.942,45.04798172,36.76492651,53.08076888,48.90433642,41.32973001
693.127,45.56447226,37.24339797,53.53157991,49.55855955,41.91775296
693.312,46.077608,37.71476913,53.97605029,50.23325969,42.47808376
693.497,46.58274192,38.18258927,54.44523608,50.86683946,43.06346423
693.682,47.06958596,38.66460658,54.88677998,51.4875709,43.6349662
693.868,47.57269455,39.14291285,55.3345116,52.1216946,44.19128342
694.053,48.056892,39.5655576,55.73900616,52.73800115,44.75059086
694.238,48.50168915,40.02272128,56.11265357,53.32264341,45.28609063
694.423,49.00927081,40.49343165,56.4985783,53.9043704,45.8458353
694.608,49.50397998,40.98189879,56.96499114,54.52651853,46.4212962
694.793,49.97687052,41.47309612,57.40038883,55.13234809,47.0015304
694.978,50.50029433,41.9578505,57.8080471,55.76868782,47.57367316
695.163,51.02160583,42.44598725,58.24636466,56.39460577,48.13015434
695.348,51.50205088,42.92330405,58.66018959,56.97981405,48.7120329
695.533,52.01338495,43.38030253,59.06164627,57.60961295,49.27104727
695.718,52.52576275,43.8784384,59.45387012,58.20374443,49.81916375
695.903,52.99271406,44.35963317,59.82115519,58.78520497,50.36321199
696.088,53.50297956,44.86180532,60.23162856,59.39103453,50.95334595
696.273,54.03480279,45.35283746,60.67000151,60.00384875,51.55868445
696.458,54.47875504,45.79918119,61.07754117,60.54528395,52.1090957
696.643,54.97833488,46.26666922,61.45097243,61.09536874,52.64993511
696.827,55.4440685,46.69318333,61.76890315,61.62454371,53.16043988
697.012,55.85675895,47.1083888,62.10226105,62.11204332,53.66434324
697.197,56.2817131,47.52053539,62.44198792,62.62712679,54.20213778
697.382,56.67651126,47.92607901,62.73840786,63.09971348,54.69258482
697.567,57.10938025,48.38985083,63.09659977,63.6072794,55.24219132
697.751,57.4907592,48.80505973,63.39922853,64.09141991,55.72460157
697.936,57.90429456,49.22431523,63.74845252,64.56438419,56.24910376
698.121,58.29114061,49.64291511,64.06340798,65.05129571,56.75599733
698.306,58.66412015,50.03118722,64.36292902,65.48287316,57.21066079
698.49,59.06598826,50.45705258,64.67180813,65.93620392,57.70442597
698.675,59.43189785,50.87936179,64.96208249,66.41365934,58.20759902
698.86,59.82736697,51.27425064,65.28634001,66.8604272,58.69276108
699.044,60.20145233,51.68656416,65.60740613,67.27821272,59.1863623
699.229,60.56225514,52.1017765,65.87598911,67.67522166,59.6609838
699.413,60.9355453,52.47972597,66.15398615,68.06499052,60.11732103
699.598,61.30999099,52.87090206,66.45046209,68.47272081,60.59245422
699.783,61.66203405,53.19706798,66.70973577,68.85271192,61.07556954
699.967,62.02472552,53.56436786,66.9998223,69.26603943,61.52352227
700.152,62.40999355,53.96618838,67.30245767,69.65890096,61.98042584
700.336,62.78610424,54.36768883,67.59270434,70.0697239,62.46370512
700.521,63.17312424,54.74225765,67.88902013,70.50299553,62.93455146
700.705,63.4599226,55.04439076,68.10201225,70.80855913,63.31973352
700.89,63.71738509,55.36328947,68.29649717,71.14019697,63.67390531
701.074,64.05082764,55.68219162,68.53738887,71.50503081,64.06499335
701.258,64.34760345,55.99076941,68.78139551,71.85548461,64.45057779
701.443,64.69378181,56.34692755,69.04378415,72.23492075,64.88707591
701.627,64.95946977,56.64938762,69.22888331,72.53299993,65.21716676
701.812,65.27985344,57.02701702,69.50681051,72.87594722,65.63273811
701.996,65.59325414,57.36285167,69.70738562,73.16869562,66.0272734
702.18,65.8610544,57.63351957,69.91419001,73.44359375,66.37726764
702.365,66.11569636,57.90451098,70.09629284,73.73925742,66.71922509
702.549,66.3535643,58.18822653,70.25689936,74.00147358,67.03985341
702.733,66.70207862,58.51745476,70.51639581,74.33560881,67.41805148
702.917,67.04455429,58.83668902,70.74804144,74.65331433,67.84068128
703.102,67.30384326,59.12833258,70.93638801,74.92861213,68.19164423
703.286,67.57806732,59.42707817,71.11542466,75.16572689,68.53505685
703.47,67.80319945,59.70195614,71.30390307,75.43002585,68.85012691
703.654,68.06155655,59.97617332,71.48921776,75.69530154,69.1750715
703.838,68.31132784,60.22974351,71.65600478,75.93577541,69.47650148
704.023,68.54521972,60.49430056,71.85044093,76.22824633,69.79661812
704.207,68.78186997,60.73770987,72.01088007,76.49896393,70.13714983
704.391,69.00998412,61.00953242,72.17773633,76.71502462,70.45354594
704.575,69.2548723,61.27730838,72.38146792,76.95116266,70.78191798
704.759,69.43298746,61.50040108,72.5264588,77.13601394,71.05611285
704.943,69.64991893,61.76850571,72.72722176,77.38624348,71.38019803
705.127,69.90581584,62.05321245,72.88773735,77.62211507,71.70921086
705.311,70.12088356,62.28002135,73.05769471,77.87946249,71.97095299
705.495,70.34215142,62.49616864,73.22421682,78.06014429,72.26005934
705.679,70.54541521,62.74362627,73.40644487,78.3007293,72.55649741
705.863,70.73130854,62.96993271,73.52697803,78.51290904,72.84131691
706.047,70.94601592,63.15461477,73.65378922,78.67907758,73.08857936
706.231,71.10241187,63.33640488,73.7651317,78.80552422,73.27231142
706.415,71.31161489,63.58014458,73.92269311,79.01660504,73.54216479
706.599,71.47828645,63.76870977,74.03083695,79.179703,73.75973339
706.783,71.67095155,64.00212167,74.15434536,79.41113866,74.01370656
706.967,71.83954902,64.17259969,74.23766903,79.53297198,74.22013886
707.15,72.01430938,64.39874781,74.43216779,79.76244701,74.47932257
707.334,72.16339929,64.59085885,74.54004011,79.92933688,74.74326996
707.518,72.3319595,64.78314024,74.64818395,80.11096228,75.01547275
707.702,72.49750035,64.94684491,74.74069891,80.28397121,75.26880514
707.886,72.66860773,65.12460046,74.89189799,80.43368796,75.49983005
708.069,72.81721307,65.29590619,75.00614587,80.61128813,75.74811587
708.253,73.07283661,65.58127199,75.20983531,80.86529853,76.08319863
708.437,73.25270374,65.75869372,75.33940624,81.00858559,76.31662763
708.62,73.44237437,65.96130118,75.42275759,81.16232756,76.5731142
708.804,73.61775598,66.12872378,75.53402299,81.28860785,76.82398785
708.988,73.77329458,66.30407438,75.64829196,81.45574208,77.04951878
709.171,73.90111257,66.44118642,75.68550144,81.55763127,77.25646277
709.355,74.05276209,66.63991248,75.81218018,81.70397787,77.50825048
709.539,74.21814144,66.81783323,75.91719523,81.87086774,77.6962694
709.722,74.34976155,67.00012066,75.99749487,81.9543848,77.87881414
709.906,74.50690298,67.16530522,76.12096175,82.11885916,78.1235434
710.089,74.60098655,67.32595963,76.20115001,82.21951622,78.32568884
710.273,74.68178758,67.42144384,76.23820597,82.28974113,78.49102733
710.457,74.80799029,67.58613797,76.32144594,82.44672002,78.71043367
710.64,74.9062363,67.71969555,76.42028772,82.57111311,78.90041944
710.823,75.00941514,67.82599627,76.49442794,82.67858847,79.07412264
711.007,75.06665801,67.95228835,76.5715151,82.81438007,79.2459881
711.19,75.21177186,68.11004738,76.71351688,82.97022693,79.46533979
711.374,75.37352305,68.25442147,76.82471305,83.11257038,79.66851822
711.557,75.47123478,68.36716342,76.8863941,83.15729424,79.84022934
711.741,75.57999251,68.46264591,76.98217631,83.2855462,80.04208171
711.924,75.62601544,68.58976054,77.02549646,83.3644941,80.18954792
712.107,75.74148278,68.72058449,77.07819575,83.46528438,80.33016469
712.291,75.78454851,68.80590438,77.1432422,83.50588291,80.45444423
712.474,75.94857349,68.96399035,77.26385182,83.67179605,80.68811164
712.657,76.05772882,69.0941604,77.38411283,83.78375152,80.89352057
712.841,76.16237382,69.25191599,77.49542038,83.91617296,81.06469059
713.024,76.29993315,69.40001489,77.52945231,83.98852484,81.20067278
713.207,76.37470798,69.51324727,77.55743557,84.02030027,81.33700269
713.39,76.42926701,69.6259961,77.58229066,84.09266319,81.45222208
713.574,76.50793093,69.75698869,77.63476719,84.21087095,81.6207694
713.757,76.61257592,69.91474944,77.72728877,84.31168332,81.78276995
713.94,76.76828846,70.08027127,77.8260884,84.44450443,81.95509244
714.123,76.87056024,70.21465312,77.89702275,84.50989373,82.12811999
714.306,76.97892037,70.34160771,77.93387702,84.61862332,82.28853084
714.489,76.97807546,70.42693104,77.95554794,84.65430179,82.37842731
714.673,77.07291696,70.55808883,78.03270495,84.74782992,82.55471835
714.856,77.16329783,70.68198284,78.0788402,84.82438441,82.70865688
715.039,77.26642696,70.82619173,78.21156037,84.90092786,82.91384719
715.222,77.36216307,70.92168282,78.29783161,84.98809256,83.0510365
715.405,77.45947721,71.01749398,78.39948787,85.05071085,83.22182394
715.588,77.57311805,71.15105157,78.47059684,85.155282,83.40952456
715.771,77.64300977,71.22687308,78.49846211,85.20181504,83.52470909
715.954,77.70445235,71.33234437,78.56945969,85.27082989,83.66333377
716.137,77.7580298,71.46606887,78.67126287,85.40339561,83.85526658
716.32,77.83829655,71.60383653,78.74876849,85.4930207,84.00935946
716.503,77.91360566,71.70385776,78.79812284,85.54807727,84.12980918
716.685,78.0061858,71.79496326,78.82904705,85.62741381,84.28178087
716.868,78.06573974,71.87012915,78.88470775,85.66644034,84.40892152
717.051,78.16456974,71.97642642,78.93418071,85.76692001,84.56720156
717.234,78.19641553,72.03885955,78.92480881,85.78364929,84.68185462
717.417,78.29627682,72.16902788,78.97120898,85.86125853,84.80821031
717.6,78.35901162,72.30018223,79.03902177,85.95187139,84.89867312
717.783,78.39227385,72.38129892,79.08835566,85.9860292,84.99642261
717.965,78.40591672,72.43243028,79.06039285,86.02811527,85.05156849
718.148,78.53189578,72.52468699,79.11603248,86.0908447,85.15349553
718.331,78.61709535,72.64873415,79.23007083,86.1742175,85.30916249
718.514,78.66771559,72.75114487,79.27318206,86.23277745,85.4301239
718.696,78.71444675,72.86619441,79.35654788,86.32100794,85.49783182
718.879,78.80742449,73.02428383,79.44911162,86.46920402,85.65928583
719.062,78.84677508,73.15494947,79.4861188,86.54187755,85.75452194
719.244,78.9627767,73.35062355,79.64358931,86.71638506,85.91356169
719.427,79.03906739,73.49533148,79.71147917,86.8029727,86.03859134
719.61,79.13118778,73.61856814,79.82882092,86.88339711,86.19056303
719.792,79.24854377,73.76409173,79.89988773,87.00161592,86.3314182
719.975,79.39114772,73.90475305,80.014247,87.09865846,86.52679826
720.157,79.42728019,74.05928974,80.08525119,87.18523506,86.60568752
720.34,79.55007838,74.20995019,80.17148089,87.27598115,86.73432837
720.522,79.66576937,74.35127574,80.25185038,87.32896596,86.82697664
720.705,79.77297398,74.52192583,80.32582983,87.42598643,86.95601986
720.887,79.86246023,74.63160548,80.42449699,87.4524642,87.05554282
721.07,79.9782382,74.80339991,80.60039101,87.5600728,87.20853788
721.252,80.06504061,74.91292125,80.67758294,87.5939752,87.28713408
721.435,80.11906536,75.00856893,80.73625382,87.64287958,87.40100217
721.617,80.19903394,75.12569648,80.80423399,87.70866855,87.52317071
721.799,80.29043366,75.30394074,80.92154144,87.82299536,87.65966458
721.982,80.37281271,75.48589949,81.04502216,87.91457391,87.77565386
722.164,80.53523486,75.64415411,81.17475323,88.02968901,87.95974327
722.347,80.56672031,75.76367113,81.23345903,88.08154179,88.01356309
722.529,80.67705606,75.90367339,81.35372727,88.19624618,88.13853808
722.711,80.769164,76.05143329,81.46511851,88.26580497,88.25388657
722.893,80.87645558,76.23306853,81.53599686,88.39265844,88.38035158
723.076,80.92994605,76.35291766,81.59774776,88.44241737,88.49724475
723.258,81.02834119,76.49390594,81.62548058,88.5293826,88.60003119
723.44,81.13267556,76.63423515,81.71791124,88.65053876,88.66015936
723.622,81.33328032,76.87763929,81.90011822,88.79591967,88.80875826
723.805,81.43843478,77.00524263,81.97724692,88.86520097,88.88970388
723.987,81.57363334,77.16043494,82.06969204,88.97477019,88.99122854
724.169,81.69863081,77.3525563,82.18683872,89.05482805,89.09406964
724.351,81.82263425,77.46661982,82.25467259,89.12761272,89.1489969
724.533,81.88872386,77.64585183,82.31658364,89.19061964,89.23757693
724.715,82.01314978,77.80022504,82.39654191,89.26674134,89.29937888
724.897,82.16596728,77.98299774,82.55399918,89.36084653,89.38652355
725.08,82.3416347,78.1828733,82.68055269,89.52156211,89.51173694
725.262,82.53492104,78.43065272,82.94280164,89.68968411,89.73750629
725.444,82.76014014,78.73748634,83.21160076,89.8881941,89.97284748
725.626,82.790644,78.86120999,83.25168136,89.89950355,90.03189763
725.808,82.93164512,79.07009522,83.44291226,90.01867701,90.17351252
725.99,83.05449303,79.27559119,83.60342785,90.09309348,90.31270354
726.172,83.14640221,79.46431469,83.71156508,90.17348476,90.44768215
726.354,83.57433837,79.95939342,84.15607761,90.60964241,90.99295676
726.535,83.78958003,80.15134614,84.36582957,90.76240765,91.1637442
726.717,83.88670778,80.32298225,84.51090414,90.86777813,91.26836838
726.899,83.93975094,80.46282448,84.56346373,90.90637187,91.31824907
727.081,84.0427931,80.59960439,84.68391382,90.95070709,91.37740853
727.263,84.16108096,80.80849478,84.77968942,91.06154157,91.44327871
727.445,84.23351984,80.91398328,84.81669722,91.05456795,91.48852482
727.627,84.38172757,81.11336497,84.94941739,91.17597951,91.60169747
727.808,84.53857083,81.30226226,85.07907924,91.272445,91.72616078
727.99,84.69796124,81.51568796,85.24269594,91.39835875,91.81966845
728.172,84.92323006,81.72927713,85.39089206,91.52064695,91.92433767
728.354,84.82673601,81.69763295,85.31367244,91.35978709,91.71633129
728.535,84.89381965,81.86586949,85.36633742,91.40844711,91.74245896
728.717,85.11621822,82.09687644,85.57958723,91.55036882,91.93594663
728.899,85.32755836,82.33449326,85.78334714,91.70328936,92.09101783
729.08,85.49355896,82.5575894,85.92841509,91.84913619,92.23354679
729.262,85.61207048,82.69130358,86.05494814,91.87435975,92.31821293
729.444,85.84878289,82.95585031,86.27396062,92.0341207,92.46227693
729.625,85.97606661,83.14037922,86.41890997,92.1347888,92.53817598
729.807,86.18321948,83.38056619,86.57948818,92.23278599,92.65552618
729.988,86.30798085,83.54914516,86.68128413,92.32213359,92.7460983
730.17,86.4055559,83.75835906,86.85090011,92.47895718,92.83329762
730.352,86.51744478,83.93305404,86.98698568,92.56193031,92.89612294
730.533,86.71033353,84.18052027,87.2553459,92.66882862,93.04725502
730.715,86.89315786,84.38602484,87.39093717,92.77253417,93.14392648
730.896,87.03479267,84.58169204,87.54524458,92.83793451,93.21982554
731.078,87.18478964,84.80494651,87.69341301,92.8972938,93.30231584
731.259,87.30531404,85.01498295,87.81392509,93.01117677,93.34491945
731.44,87.36466922,85.19387424,87.94061107,93.07806465,93.41594552
731.622,87.61475113,85.46601858,88.1754481,93.22024176,93.57670409
731.803,87.70728157,85.65813478,88.32973443,93.37999166,93.65209146
731.985,87.88380634,85.88089021,88.52738306,93.50545053,93.78723403
732.166,88.05902645,86.07671744,88.68819188,93.59089509,93.85561761
732.347,88.24520559,86.35869572,88.87632891,93.73321647,93.99544941
732.529,88.40915605,86.57467608,89.02453165,93.89801249,94.07364323
732.71,88.48859035,86.74969285,89.14493235,93.98930251,94.13096495
732.891,88.67772669,86.96890243,89.33628848,94.15976272,94.27835672
733.072,88.81036565,87.13424703,89.52128949,94.2778483,94.35592955
733.254,89.0003469,87.37072295,89.73432376,94.38504618,94.52785929
733.435,89.18776854,87.58333127,89.90083203,94.47846318,94.60844757
733.616,89.26450655,87.71673053,89.97163392,94.51292055,94.64593017
733.797,89.46007914,87.94255171,90.16318574,94.59306747,94.75462259
733.979,89.62179306,88.15110826,90.32995891,94.67197121,94.81475076
734.16,89.74360968,88.33952201,90.4748101,94.72533361,94.98044659
734.341,89.88315708,88.47308475,90.57971377,94.77356083,95.0092912
734.522,90.04535557,88.70649837,90.74956698,94.88018165,95.17447535
734.703,90.28367082,88.9854195,90.98411802,94.99407567,95.26110833
734.884,90.4328477,89.19175351,91.16000543,95.08775911,95.34539189
735.065,90.71200458,89.47678891,91.39779665,95.27898486,95.53078811
735.246,90.96131612,89.70971383,91.58595414,95.44587473,95.63914299
735.427,91.16184635,89.94668362,91.78046013,95.60198803,95.76677009
735.608,91.33880598,90.14605671,91.96259065,95.7147318,95.7912534
735.789,91.44816015,90.33271253,92.12904292,95.77410213,95.86629304
735.97,91.58344568,90.47469199,92.25242611,95.86915093,95.91398827
736.151,91.72473261,90.60213185,92.35151895,95.89215459,95.87534358
736.332,91.88655832,90.76425238,92.49349303,95.99334454,95.90916032
736.513,92.0852248,90.95025258,92.65081062,96.10891452,95.99204337
736.694,92.22815182,91.11107047,92.80218492,96.18822897,96.08903314
736.875,92.36961269,91.30317634,92.9597951,96.29292229,96.1571981
737.056,92.45064982,91.440944,93.0616266,96.30713598,96.13471649
737.236,92.4683309,91.55030013,93.14518087,96.28984067,96.0945914
737.417,92.53058113,91.68046502,93.23484581,96.29667003,96.09515774
737.598,92.68112482,91.90437683,93.41723464,96.45379319,96.29088552
737.779,92.84263991,92.01390332,93.48859466,96.50957109,96.31261703
737.96,93.07326396,92.25020889,93.70783714,96.66152595,96.49934893
738.14,93.27217891,92.5181466,93.93907879,96.85406113,96.66134949
738.321,93.4076881,92.699787,94.12115393,96.91358676,96.79911477
738.502,93.54962108,92.82640948,94.25096146,96.95211353,96.83460528
738.683,93.6841984,93.00819959,94.37133385,97.04719545,96.92364234
738.863,93.73425954,93.11483758,94.45170334,97.06601142,96.9451901
739.044,93.84310425,93.26467377,94.53535453,97.12593672,97.02195818
739.224,94.05171083,93.49180275,94.71417504,97.26156197,97.12922486
739.405,94.20413072,93.62668019,94.83765514,97.36344011,97.22726741
739.586,94.35471168,93.75231837,94.9703127,97.41539299,97.23993877
739.766,94.53766025,93.99299233,95.18011342,97.54081873,97.42397353
739.947,94.52380617,94.06187529,95.18308868,97.53617616,97.3612479
740.127,94.6388262,94.18287392,95.3097048,97.61239796,97.46129216
740.308,94.81906611,94.3643302,95.44258512,97.68891932,97.51815685
740.488,94.83239836,94.47013533,95.5011097,97.7237322,97.52813106
740.669,94.91988418,94.55240496,95.57826671,97.7367027,97.54177114
740.849,95.14013319,94.75129106,95.68936534,97.8149072,97.65746735
741.03,95.30922769,94.9205205,95.85597837,97.90749174,97.74690679
741.21,95.38454924,95.02021307,95.9393165,97.96660666,97.78732494
741.391,95.54540581,95.2160489,96.10291936,98.05679777,97.86907532
741.571,95.73471611,95.40286304,96.24787593,98.19870844,97.95397987
741.751,95.82703533,95.52965415,96.32816173,98.24041692,97.92169818
741.932,96.05337271,95.73193983,96.54141154,98.31542866,98.07820476
742.112,96.17541297,95.89985802,96.64933262,98.34959751,98.10429758
742.292,96.23981276,95.95536293,96.69884773,98.3525459,98.16782795
742.473,96.36458658,96.11055697,96.84691202,98.43590766,98.25400391
742.653,96.45102866,96.28945514,96.95229013,98.50976916,98.31758894
742.833,96.52289599,96.37527234,97.04170338,98.52065686,98.33169567
743.014,96.64310977,96.52899165,97.17727297,98.60079273,98.39069116
743.194,96.71869224,96.63256562,97.2544649,98.64288985,98.46946094
743.374,96.79016197,96.68319622,97.29470564,98.66076221,98.46865619
743.554,96.80929676,96.74028011,97.32884833,98.62592724,98.46675362
743.734,96.976689,96.88820176,97.48004079,98.73701712,98.59609954
743.915,97.0574155,97.00853617,97.51087471,98.77607678,98.58023914
744.095,97.18993023,97.11433613,97.61612698,98.85567976,98.62025492
744.275,97.26868111,97.25499745,97.67164137,98.90651552,98.61057377
744.455,97.37994874,97.32033629,97.70896224,98.87095923,98.62758664
744.635,97.49366411,97.39971053,97.82890296,98.91377767,98.70869623
744.815,97.55321805,97.49180549,97.89691143,98.93157273,98.73018933
744.995,97.62759528,97.55036582,97.91873589,98.9526489,98.77966764
745.175,97.72941975,97.6669909,97.96829977,98.95710691,98.82070679
745.355,97.83353046,97.77749997,98.03919259,99.04743125,98.87299156
745.535,97.91828273,97.91592669,98.14092593,99.05763075,98.93446558
745.715,97.94471112,97.9636774,98.18084576,99.0297694,98.91570448
745.895,97.98191215,98.01158126,98.26423204,99.02558887,98.98220528
746.075,97.97717816,98.05288213,98.28868976,99.04624328,99.00353442
746.255,98.09631093,98.19982465,98.45563693,99.15094764,99.09308317
746.435,98.23799545,98.38194688,98.62544075,99.24799019,99.16772044
746.615,98.30701744,98.42580414,98.6596473,99.24656963,99.18389369
746.795,98.38023914,98.50195433,98.69055105,99.31281347,99.26244485
746.974,98.47025968,98.59404584,98.76485865,99.36199534,99.23342666
747.154,98.56546151,98.61436588,98.84186935,99.37494376,99.2478811
747.334,98.5839875,98.73405154,98.89769743,99.32947651,99.29318186
747.514,98.67913962,98.78807484,98.96270296,99.42843939,99.3616201
747.694,98.74157624,98.82629965,98.95051595,99.43612329,99.40427837
747.873,98.89339969,98.977614,99.07092387,99.55098299,99.50161586
748.053,99.00986107,99.13247592,99.19174302,99.62805932,99.58577032
748.233,99.04788218,99.17022234,99.20414619,99.62094144,99.62383905
748.412,99.10619361,99.22216936,99.22565696,99.62985748,99.64643959
748.592,99.18623671,99.33863612,99.25953536,99.68062239,99.66914944
748.772,99.35196395,99.47607855,99.44475251,99.76341812,99.74982179
748.951,99.40026069,99.50011823,99.50018983,99.75978153,99.81025265
749.131,99.55316515,99.71031815,99.663709,99.90240247,99.9166503
749.311,99.68570469,99.810009,99.78399108,99.99037755,99.98290307
749.49,99.77143854,99.85791629,99.81486653,100.0001332,99.96598991
749.67,99.90108303,100.0090758,99.95382321,100.0611867,100.0208079
749.849,99.923262,100.0080829,99.98181371,100.0801359,100.035774
750.029,100,100,100,100,100
750.208,100.100085,100.1487442,100.1171605,100.0963433,100.0995776
750.388,100.1116652,100.1755055,100.1510251,100.0922849,100.113575
750.567,100.1654166,100.2548746,100.2528144,100.1038498,100.1430953
750.747,100.1939573,100.3234237,100.2651893,100.1388401,100.1872886
750.926,100.3007519,100.4363326,100.3577458,100.1883436,100.2805032
751.106,100.3743712,100.4321259,100.392042,100.2098195,100.308707
751.285,100.4217485,100.4766423,100.4415987,100.1806929,100.3452954
751.464,100.4628137,100.5458591,100.5374923,100.1762348,100.3720735
751.644,100.4368327,100.5252069,100.5191037,100.1140714,100.3221832
751.823,100.4902362,100.5969887,100.5374995,100.1035054,100.2976452
752.002,100.5221689,100.7149199,100.593056,100.1897824,100.3518127
752.182,100.5691237,100.7066769,100.5960174,100.1643925,100.344645
752.361,100.7286509,100.8336298,100.7320265,100.3205389,100.4119955
752.54,100.738094,100.8642759,100.7754304,100.3449521,100.40224
752.719,100.7807124,100.8781513,100.7972061,100.3038317,100.3659993
752.899,100.770735,100.8637872,100.7943771,100.2540617,100.3005316
753.078,100.7158653,100.8778295,100.7570496,100.2120868,100.2322026
753.257,100.6954631,100.8571756,100.7477825,100.1920315,100.2224668
753.436,100.7204626,100.9016937,100.738118,100.1988498,100.2715974
753.615,100.8253313,101.0489735,100.8737508,100.330472,100.3678665
753.795,100.8699253,101.1051392,100.951089,100.3262693,100.4258933
753.974,100.9176381,101.093834,100.9388111,100.3132988,100.4073159
754.153,100.9137117,101.1004301,100.926485,100.2501807,100.3817546
754.332,100.8314693,100.9899141,100.8090246,100.0972602,100.3532577
754.511,101.020556,101.1066941,100.8800289,100.1885503,100.5157994
754.69,101.0811537,101.1410581,100.9200462,100.1958014,100.5671899
754.869,101.1416644,101.227691,100.9691844,100.2444724,100.6285348
755.048,101.1482001,101.2339653,100.9910919,100.2161893,100.6269703
755.227,101.2170232,101.2741184,100.9816363,100.2366663,100.6211736
755.406,101.2716195,101.307653,101.0187621,100.2817008,100.6207166
755.585,101.3365535,101.3429927,101.0218283,100.2819672,100.6500531
755.764,101.3765751,101.3318372,100.9973218,100.2807241,100.65434
755.943,101.4123472,101.3971709,101.0776004,100.2564662,100.6679254
756.122,101.5395191,101.486386,101.1704838,100.3407937,100.7257588
756.3,101.678147,101.6006199,101.2601969,100.3927907,100.7410727
756.479,101.6260357,101.5933578,101.2879785,100.3670011,100.6472076
756.658,101.6411447,101.6006164,101.2383935,100.389583,100.5898019
756.837,101.6999656,101.6549667,101.2632209,100.4279103,100.630841
757.016,101.8176695,101.7622637,101.3310548,100.4864481,100.7174836
757.195,101.8860453,101.7872826,101.3867432,100.4698742,100.7115776
757.373,101.9635413,101.9043998,101.4672379,100.5123599,100.7913359
757.552,101.9401571,101.8609634,101.4394214,100.4888013,100.7748348
757.731,101.914002,101.881779,101.4452954,100.4686017,100.7365474
757.909,101.9424061,101.8748422,101.3960525,100.4470258,100.690983
758.088,101.9682256,101.8858222,101.4452684,100.44828,100.6489751
758.267,101.9489542,101.9374337,101.4791685,100.4774287,100.6280484
758.445,101.96958,101.9066344,101.3804802,100.3946551,100.5696486
758.624,102.0446157,102.0259896,101.55057,100.4155869,100.6884342
758.803,102.0246609,102.0017968,101.5226632,100.3800527,100.6543244
758.981,102.0667822,102.0490381,101.5937788,100.4196343,100.6903716
759.16,102.0637754,102.0911667,101.6001827,100.411695,100.721054
759.338,102.0530027,102.0532499,101.5446406,100.3668489,100.6909577
759.517,102.0357441,102.0476244,101.5356865,100.2978231,100.6443952
759.695,102.1607416,102.1650772,101.6129411,100.3842333,100.7467793
759.874,102.2293411,102.2029819,101.6748732,100.4267191,100.8319769
760.052,102.1853683,102.1962068,101.6440676,100.3902191,100.8692408
760.231,102.2136356,102.1933183,101.6382838,100.4246324,100.9339586
760.409,102.2182827,102.2623613,101.7308759,100.4830259,101.0075178
760.588,102.2572729,102.2527012,101.6906568,100.5540944,100.971004
760.766,102.3410311,102.3361186,101.7804331,100.5585524,101.0438131
760.945,102.2976051,102.2611179,101.6816124,100.4923748,100.9647052
761.123,102.3541025,102.2910946,101.7741617,100.5546825,100.9926706
761.301,102.3820964,102.2943239,101.7801195,100.5024079,100.9368293
761.48,102.4806034,102.3490148,101.7985779,100.5159224,100.9955515
761.658,102.4480742,102.3282026,101.77396,100.5103362,100.949446
761.836,102.4649227,102.3283695,101.7829701,100.5135621,100.944116
762.014,102.5677909,102.4038607,101.807818,100.5806274,100.995641
762.193,102.6363407,102.4265771,101.8169394,100.5626549,100.9860692
762.371,102.637869,102.3957692,101.7767607,100.5004583,100.93222
762.549,102.5885535,102.3676829,101.7243257,100.4160087,100.8776951
762.727,102.5663248,102.2979739,101.6905237,100.3669711,100.7847189
762.905,102.6186597,102.3660344,101.7984244,100.4203556,100.8259418
763.084,102.5810362,102.3589358,101.7336217,100.4101561,100.81786
763.262,102.5982948,102.4003933,101.7862512,100.4688272,100.8965205
763.44,102.6037619,102.3869997,101.8295713,100.461476,100.9121076
763.618,102.6287614,102.3695665,101.851353,100.4293119,100.9365909
763.796,102.6333339,102.44151,101.8668567,100.4190123,100.9583224
763.974,102.6060482,102.4581207,101.9099679,100.3842775,100.9597031
764.152,102.5803404,102.4545749,101.9067554,100.3732565,100.9129766
764.33,102.6243877,102.5058732,101.9777675,100.4347356,101.0118786
764.508,102.7455458,102.59557,102.0458109,100.4733404,101.1461071
764.686,102.8140832,102.7130142,102.1166549,100.5882112,101.2610334
764.864,102.8799492,102.771251,102.0951718,100.51681,101.2878115
765.042,102.9346574,102.7852899,102.1229462,100.5136394,101.2941745
765.22,102.9381116,102.7612519,102.0797796,100.4829518,101.2797747
765.398,103.0173967,102.8536858,102.1199643,100.5524664,101.3350497
765.576,103.0075684,102.8399791,102.0703661,100.5325223,101.2842747
765.754,103.0365937,102.8327119,102.0273524,100.5361147,101.3030707
765.932,103.0199191,102.7612571,101.9287406,100.5042171,101.2417258
766.109,103.112698,102.7994956,101.9688905,100.511324,101.2788258
766.287,103.1652069,102.8715992,101.9505019,100.5006137,101.2740074
766.465,103.0685513,102.7681973,101.8424622,100.4316319,101.1471203
766.643,103.0341459,102.6991578,101.7406175,100.3241234,101.0345434
766.821,103.0470308,102.7377267,101.7807468,100.3903783,101.1082119
766.998,103.1235949,102.7895051,101.8362474,100.3827165,101.147304
767.176,103.2420567,102.8617877,101.9286293,100.442686,101.2221053
767.354,103.1706366,102.823217,101.8917057,100.3625612,101.1140339
767.531,103.2736664,102.9058136,101.9595186,100.3791682,101.1663186
767.709,103.2840787,102.8856518,101.9560484,100.3626163,101.1101296
767.887,103.4231042,103.0232577,102.0577191,100.4395595,101.1784585
768.064,103.4116358,103.0921476,102.0637256,100.437088,101.2359189
768.242,103.5194119,103.099241,102.1254765,100.50833,101.2853972
768.42,103.6847415,103.253616,102.3045276,100.5908372,101.4366386
768.597,103.7336098,103.2947413,102.3383922,100.6314136,101.4577744
768.775,103.7166121,103.2664932,102.3046667,100.5755246,101.4054896
768.952,103.6677314,103.2802069,102.2522323,100.5377633,101.3539099
769.13,103.6970673,103.3347171,102.2739936,100.5114519,101.3197455
769.307,103.7983078,103.3558529,102.3293544,100.5602561,101.3797193
769.485,103.8478594,103.3450346,102.3730166,100.5882507,101.4252933
769.662,103.821605,103.3763433,102.4658934,100.5622948,101.4544659
769.84,103.7685618,103.386678,102.4568562,100.5341118,101.4832108
770.017,103.8307126,103.4484537,102.5372534,100.5872077,101.5486041
770.195,103.7271362,103.4489562,102.4632107,100.5074826,101.4738576
770.372,103.702584,103.4221881,102.4014598,100.5366202,101.4488626
770.549,103.7690092,103.5083356,102.4788402,100.5692281,101.5331558
770.727,103.8084095,103.5939911,102.5250941,100.6320908,101.59461
770.904,103.8396588,103.6375248,102.5620176,100.6953531,101.6738272
771.081,103.8148332,103.6233225,102.558896,100.7699028,101.7351721
771.259,103.8737784,103.7572087,102.5773749,100.8115782,101.8343924
771.436,103.8054895,103.8022172,102.5308001,100.7560888,101.8047532
771.613,103.9269955,103.8399637,102.5524289,100.8150484,101.8865876
771.79,104.0377288,103.8633288,102.5892621,100.8564242,101.9064069
771.968,103.963538,103.7707348,102.4841917,100.732937,101.8737872
772.145,103.9863382,103.7944286,102.552019,100.766662,101.9104007
772.322,103.9822379,103.8455565,102.5582825,100.6539293,101.8623482
772.499,103.979231,103.8147469,102.5673823,100.6158905,101.8657209
772.676,103.9954335,103.791528,102.6137824,100.5487031,101.8348746
772.853,104.0529,103.78913,102.6539178,100.5241567,101.830404
773.03,104.0421274,103.7860746,102.6295715,100.4735653,101.817057
773.207,103.928586,103.6836535,102.5833531,100.4009469,101.6613648
773.385,104.0897656,103.775585,102.71298,100.5255844,101.7686315
773.562,104.0584541,103.8200996,102.7222129,100.5327354,101.7631627
773.739,104.005324,103.7934915,102.6792341,100.4936088,101.7219399
773.916,104.0496819,103.8136601,102.7197175,100.5225911,101.671503
774.093,104.0736128,103.8125123,102.7010422,100.5140786,101.7369804
774.27,104.1607756,103.832674,102.7719706,100.6292048,101.8305524
774.447,104.2527345,103.9398076,102.7813708,100.6832956,101.8959109
774.623,104.342755,104.0017572,102.7627522,100.7401504,101.9681735
774.8,104.394009,104.0794847,102.8463763,100.8339891,102.0533261
774.977,104.493075,104.2033649,102.9418316,100.8909881,102.1643133
775.154,104.5544307,104.200972,103.0220199,100.8760752,102.2238553
775.331,104.4219657,104.1633942,102.9448972,100.8092985,102.124223
775.508,104.5258155,104.236501,102.9603172,100.8382698,102.1460092
775.685,104.4740769,104.1903482,102.9816178,100.7785998,102.1511302
775.861,104.5317174,104.2087606,102.9754373,100.7601725,102.185816
776.038,104.5389613,104.2427891,103.0067516,100.7861025,102.1812265
776.215,104.4484438,104.2261784,102.9792277,100.6754233,102.1079056
776.392,104.4840295,104.1501848,102.9760923,100.6413987,102.0873812
776.568,104.4071796,104.0880786,102.9265844,100.5545667,102.0035253
776.745,104.3666611,104.0005155,102.8275964,100.4395407,101.8890908
776.922,104.306287,103.8487159,102.639522,100.3105004,101.7028802
777.098,104.2444841,103.7746403,102.5191002,100.2939044,101.634854
777.275,104.3490421,103.7886791,102.5994071,100.2939375,101.722977
777.452,104.2616185,103.6526419,102.4974504,100.1603619,101.6626651
777.628,104.3657292,103.6942663,102.5317123,100.1888335,101.6849083
777.805,104.4288243,103.8094063,102.6272723,100.28858,101.7923389
777.981,104.4927644,103.8279925,102.6238581,100.2195652,101.7822554
778.158,104.5922156,103.8791187,102.6451245,100.3264856,101.8524767
778.335,104.5450496,103.8725088,102.6482803,100.3290012,101.8501915
778.511,104.5566796,103.841035,102.6578895,100.3531258,101.8451
778.688,104.5763486,103.826344,102.6271393,100.3289121,101.8488751
778.864,104.6376545,103.9461948,102.7380217,100.3906317,101.9834219
779.041,104.7302347,104.0810585,102.8339792,100.4323181,102.1442352
779.217,104.7408334,104.0253918,102.7782493,100.3839466,102.1339036
779.393,104.7905217,104.1384727,102.8987487,100.4298246,102.1552231
779.57,104.790149,104.1905798,102.8737335,100.4454368,102.1589983
779.746,104.8135456,104.2325277,102.8986163,100.4753627,102.1976334
779.922,104.875945,104.2715836,102.966541,100.5126021,102.1945885
780.099,104.8771627,104.1991497,102.978875,100.3905914,102.2260558
780.275,105.0111435,104.3565783,103.05597,100.4892768,102.3039019
780.451,105.0098638,104.3915928,103.0462218,100.4768502,102.3024762
780.628,105.07942,104.5225906,103.1606094,100.5670193,102.4480302
780.804,105.0264638,104.4721148,103.1608532,100.5195023,102.3233483
780.98,105.0815323,104.5024426,103.1604835,100.5331721,102.2908829
781.156,105.0929759,104.596014,103.1911146,100.5970004,102.2614623
781.333,105.1256168,104.6415112,103.2188256,100.7392327,102.3291798
781.509,105.1050159,104.5665174,103.1819088,100.7032216,102.3084717
781.685,105.0981324,104.5768503,103.1263601,100.6342177,102.2553275
781.861,105.0548305,104.4734399,103.0616128,100.5768009,102.2427108
782.037,105.0586699,104.5391005,103.0463735,100.5612036,102.2129425
782.213,104.9345173,104.4189192,102.9817376,100.3978282,102.1550544
782.39,104.970774,104.4321407,103.0284442,100.4533176,102.1922542
782.566,104.9188491,104.3734203,102.9816533,100.3500227,102.0751424
782.742,105.0526685,104.4700558,103.0650534,100.4584638,102.2018458
782.918,105.0233451,104.4160256,103.0314183,100.373415,102.1916331
783.094,104.965307,104.4008476,102.9918404,100.338569,102.1794831
783.27,104.9433517,104.3590528,102.9271149,100.2550519,102.1575876
783.446,104.9893249,104.4684141,102.9766366,100.2546633,102.1837447
783.622,104.9738928,104.4190235,102.9859038,100.2401501,102.1747392
783.798,104.9777074,104.4994863,102.9984954,100.2959058,102.1889204
783.973,105.0112057,104.5651504,103.0076162,100.4230037,102.2280419
784.149,105.0424303,104.5827419,103.0321089,100.4888148,102.2779226
784.325,105.1189446,104.6919346,103.0753598,100.4806201,102.3086945
784.501,105.2475577,104.8161555,103.2329429,100.610511,102.4470807
784.677,105.1439192,104.7016016,103.2081511,100.5430902,102.3786227
784.853,105.185643,104.8393692,103.2882207,100.6683047,102.461098
785.029,105.2281123,104.7516341,103.2943729,100.6140657,102.5072035
785.204,105.2908471,104.7998821,103.3190468,100.643499,102.6049433
785.38,105.3775128,104.8276345,103.4085654,100.7130578,102.6622104
785.556,105.4314009,104.9044438,103.4702669,100.7512409,102.6963202
785.732,105.5737812,104.9851327,103.6121079,100.807718,102.8638244
785.907,105.584939,104.9844754,103.6739076,100.7976738,102.8631391
786.083,105.6088699,105.0425333,103.7141339,100.8195493,102.8559167
786.259,105.6903046,105.1114076,103.8001956,100.9240762,102.8827692
786.434,105.7265737,105.1312252,103.8067879,100.9463845,102.9120805
786.61,105.806592,105.2930205,103.8001962,101.041278,102.9599493
786.786,105.8335175,105.3101251,103.846506,101.0432315,102.9686323
786.961,105.8988616,105.450795,103.89892,101.11646,103.032938
787.137,105.8884866,105.4446808,103.942198,101.103778,103.0166554
787.312,105.8291438,105.4108089,103.9666978,101.1399335,103.0315021
787.488,105.789085,105.3178845,103.9510202,101.0978364,102.960476
787.663,105.7065941,105.2898051,103.8395453,101.0496163,102.8284624
787.839,105.6781653,105.2633587,103.8577876,101.0640184,102.8797136
788.014,105.7008413,105.2983869,103.8236653,101.0798262,102.9074508
788.19,105.7272325,105.3364672,103.8517744,101.115105,103.0257247
788.365,105.6749597,105.4118034,103.8513698,101.1417673,103.0187113
788.541,105.6084973,105.2767763,103.7867617,101.0359971,102.9771508
788.716,105.6302414,105.2869355,103.7685055,101.0525601,102.9507499
788.891,105.7440189,105.4522904,103.9816018,101.1760252,103.0925287
789.067,105.6780163,105.3764672,103.9478836,101.0928077,102.984184
789.242,105.7412978,105.4583978,103.938623,101.0689164,103.0110912
789.417,105.7756908,105.5129236,104.0069584,101.1267881,103.0686862
789.593,105.8201605,105.5680826,104.0876416,101.1416569,103.1100437
789.768,105.9146665,105.6705174,104.112643,101.2007166,103.1774783
789.943,105.9732264,105.7116479,104.1870198,101.2312157,103.2072268
790.119,105.8676247,105.6098791,104.0632952,101.1259785,103.1080419
790.294,105.8001807,105.4837487,103.9736586,101.0192024,103.007441
790.469,105.910591,105.6187793,104.1650292,101.1199816,103.1702012
790.644,105.8151903,105.5485627,104.1312833,101.068262,103.1102623
790.819,105.7465038,105.3964138,103.9520515,100.9397215,102.9592689
790.995,105.7332213,105.3972363,103.9175386,100.9094558,102.9408009
791.17,105.6628201,105.3149615,103.8527768,100.8985791,102.8704955
791.345,105.6601984,105.3183336,103.7816818,100.9209985,102.9700281
791.52,105.6694801,105.2726695,103.7257838,100.9367218,103.0028215
791.695,105.6786747,105.1934656,103.7814999,100.8782171,102.9334944
791.87,105.5467937,105.1408492,103.7256158,100.7816404,102.8767588
792.045,105.6989899,105.2568289,103.8738475,100.9242282,103.0240959
792.22,105.6895965,105.2113163,103.8093092,100.8899041,102.9724418
792.395,105.6416228,105.1847168,103.7322497,100.900925,102.8765847
792.57,105.7773184,105.1918326,103.7166275,100.896445,102.9429413
792.745,105.7559346,105.1925002,103.7290445,100.8670077,102.9265944
792.92,105.8336915,105.2513789,103.7881542,100.9415867,102.9903633
793.095,105.8367606,105.2526395,103.8157684,100.9645683,103.0401148
793.27,105.887095,105.3110433,103.858699,101.0050446,103.0020113
793.445,105.8700352,105.2768702,103.8682456,100.9940789,102.9893597
793.62,105.747473,105.3008893,103.7320902,100.9231437,102.9400105
793.794,105.8103694,105.3431865,103.7570916,100.9508387,102.9568942
793.969,105.6852974,105.2079787,103.6709383,100.8129533,102.8781341
794.144,105.6914728,105.2629863,103.7204324,100.8325868,102.9809656
794.319,105.7460318,105.3297475,103.7421514,100.7808451,103.0268873
794.494,105.6777305,105.398467,103.7480815,100.8233861,103.0218756
794.668,105.637448,105.4318381,103.7758558,100.903004,103.0468802
794.843,105.7896442,105.6170175,103.9239056,101.1077701,103.3166045
795.018,105.7866746,105.6909383,103.9458698,101.1086688,103.3576731
795.192,105.7713046,105.707382,103.9059638,101.0038423,103.3067047
795.367,105.800156,105.8417604,103.9459041,101.076638,103.4012803
795.542,105.8926242,105.8712605,104.0506832,101.1600108,103.4983343
795.716,105.8763348,105.8101214,104.0102618,101.1034667,103.4125703
795.891,105.8581692,105.847374,104.006847,101.0741068,103.3267421
796.066,105.8851815,105.8670212,104.0962115,101.1028447,103.3575884
796.24,105.8550504,105.757813,104.0406977,101.0787643,103.2704539
796.415,105.9386844,105.8526905,104.1514755,101.125131,103.333875
796.589,105.9974432,105.8880388,104.2410501,101.1786889,103.3399551
796.764,106.075958,105.9635352,104.3519122,101.2010155,103.3663212
796.938,106.1734833,105.9983879,104.3576531,101.2351401,103.2859323
797.113,106.0138568,105.8483745,104.2555573,101.2018258,103.2460258
797.287,106.0134467,105.7857589,104.2741765,101.162078,103.1951866
797.462,105.8993586,105.6780427,104.1728122,101.0262864,103.0412931
797.636,105.9593225,105.7117529,104.2842865,101.1374692,103.1804198
797.81,106.0522133,105.7230615,104.34302,101.1591003,103.2205005
797.985,106.1771114,105.7621364,104.3400171,101.219281,103.2737539
798.159,106.2172944,105.8173144,104.5251783,101.2929723,103.4201673
798.334,106.0815119,105.6569363,104.426148,101.1990555,103.342048
798.508,106.044112,105.5735172,104.2873449,101.1229118,103.2200981
798.682,105.8592997,105.3153962,104.0219593,100.8478583,102.9443934
798.856,105.8685441,105.4218569,104.2038948,100.9915672,103.1354121
799.031,106.1125749,105.6486624,104.4507243,101.1388684,103.3433345
799.205,106.0185286,105.6043061,104.3670105,101.0689138,103.2252888
799.379,106.0897374,105.7386897,104.4317505,101.1666225,103.3960312
799.553,106.0376013,105.7236631,104.3913575,101.155779,103.3169978
799.728,105.8847342,105.7001413,104.3603713,101.1927968,103.2472582
799.902,105.7880413,105.6390109,104.3171487,101.2272873,103.2240366
800.076,105.765415,105.7224162,104.2338178,101.2192076,103.1748959
800.25,105.7613892,105.7619729,104.2775709,101.2184973,103.2038397
800.424,105.9174621,105.9087554,104.4285465,101.367637,103.4959164
800.598,105.8871321,105.972124,104.4935376,101.4702255,103.5475057
800.772,105.832424,105.8538452,104.3245147,101.3217629,103.4655914
800.946,105.7609916,105.8365754,104.3061176,101.2718597,103.4211146
801.12,105.8423021,105.9375809,104.4540561,101.3249408,103.5502125
801.294,105.89829,105.890597,104.4972022,101.2955256,103.5236182
801.468,105.9471707,106.007716,104.561935,101.3351474,103.6491692
801.642,106.0324324,106.1046594,104.6605817,101.3875994,103.7360405
801.816,106.1623502,106.258377,104.7868986,101.4725039,103.8368349
801.99,106.1019265,106.2895238,104.777213,101.4828145,103.8897058
802.164,106.140134,106.3119064,104.7898112,101.5387808,103.9346744
802.338,106.1799941,106.4003358,104.9044216,101.5350993,103.9170406
802.512,106.1793728,106.4218139,104.8704667,101.514389,103.9811571
802.686,106.2460216,106.4119783,104.8977949,101.5039413,103.9579902
802.86,106.1774469,106.3598643,104.7989676,101.4699167,103.8488311
803.033,106.0721807,106.2283658,104.6638707,101.4266914,103.7682879
803.207,106.1397986,106.3214451,104.645768,101.5915986,103.8310039
803.381,106.1078161,106.2745255,104.546975,101.6259787,103.794281
803.555,106.1108355,106.2972488,104.4732388,101.6407253,103.8674181
803.729,106.0249401,106.2386781,104.4302456,101.5024922,103.772887
803.902,106.1308525,106.3456345,104.5479431,101.5733273,103.8909873
804.076,106.1782919,106.3847025,104.6215523,101.6032493,103.8998289
804.25,106.0244058,106.2766104,104.4422574,101.540054,103.8345448
804.423,106.2074289,106.47053,104.6704328,101.6743809,103.9623263
804.597,106.1813857,106.5263498,104.7200172,101.6820648,104.0640894
804.771,106.2437974,106.5880017,104.7941369,101.7526737,104.16321
804.944,106.3759767,106.7086734,104.9203978,101.7646785,104.324748
805.118,106.3291585,106.6301286,104.9629648,101.6697889,104.3155137
805.291,106.4543796,106.8496617,105.2439858,101.7728101,104.5227508
805.465,106.4541932,106.8530423,105.2190404,101.7827431,104.5129603
805.638,106.5327329,106.9918012,105.2775367,101.8241293,104.633574
805.812,106.5554089,106.9315975,105.252569,101.781921,104.5131243
805.985,106.6850037,107.0556498,105.2618229,101.862079,104.5997026
806.159,106.6048114,107.0456369,105.317359,101.821214,104.6061551
806.332,106.4723838,106.9798162,105.2274846,101.7631641,104.6296055
806.506,106.5236502,107.0786983,105.314161,101.8330335,104.6562196
806.679,106.6037928,107.0786828,105.4560712,101.8951677,104.6718614
806.853,106.5825954,107.1099863,105.4468805,101.9337653,104.5799434
807.026,106.5443506,107.2377496,105.5581749,101.9795401,104.6395701
807.199,106.4428368,107.0182097,105.3787342,101.8156317,104.4992266
807.373,106.4937553,107.0830564,105.4802508,101.8022356,104.5356762
807.546,106.2120388,106.7518664,105.2519362,101.6156349,104.2968432
807.719,106.2152693,106.7176693,105.2368998,101.593016,104.2968685
807.892,105.9743946,106.5044157,105.095101,101.4144982,104.1591675
808.066,105.9528865,106.4418122,105.0086413,101.3725674,104.0926121
808.239,106.034023,106.455352,105.0062862,101.4108285,103.9755645
808.412,106.1074559,106.5804075,105.055431,101.4705764,104.0486025
808.585,106.2451395,106.6459064,105.0430489,101.4871503,104.1796125
808.759,106.3740385,106.7921864,105.2000528,101.6685275,104.3332033
808.932,106.4207324,106.6845676,105.1753717,101.6545243,104.3216196
809.105,106.3933845,106.6466629,105.1204768,101.6747018,104.14445
809.278,106.3489147,106.5890954,105.1020328,101.6879095,104.2468436
809.451,106.5819989,106.860264,105.3921753,102.0621812,104.5504687
809.624,106.4248823,106.802368,105.3425982,101.9790566,104.5069804
809.797,106.4716383,106.8805841,105.4259562,102.0047982,104.4972447
809.97,106.5388089,106.996896,105.5185338,102.0254084,104.6070247
810.143,106.4830819,106.959979,105.5892875,102.1076602,104.7673065
810.316,106.3093652,106.7257428,105.4598497,101.9480767,104.5706448
810.489,105.9730524,106.5605428,105.293203,101.8515001,104.3675853
810.662,105.8763098,106.4814972,105.2594703,101.7450124,104.3039258
810.835,105.8634125,106.4979951,105.1730317,101.6513621,104.2503793
811.008,105.9974927,106.6415552,105.2473531,101.7159742,104.4514912
811.181,105.9108518,106.5468987,105.1952673,101.5760573,104.232671
811.354,105.9228172,106.5289716,105.1090791,101.4529248,104.1385225
811.527,106.0611097,106.5862155,105.1923679,101.530885,104.2521522
811.7,106.1570819,106.6584946,105.2977809,101.68853,104.4412882
811.872,106.4039457,106.8212794,105.4458867,101.8495231,104.5994493
812.045,106.5238488,106.8962801,105.4985307,101.8433598,104.5147735
812.218,106.462779,106.9052897,105.3962952,101.8339668,104.6507756
812.391,106.7398981,107.1114534,105.6093842,101.8989234,104.8837673
812.563,106.7829763,107.231817,105.5846272,102.0271753,104.9009837
812.736,106.8820921,107.3713409,105.8037644,102.1801959,105.0496373
812.909,106.7658295,107.3427487,105.8372605,102.1956638,105.026023
813.082,107.1805826,107.7208548,106.1522653,102.5505022,105.4744718
813.254,107.2032337,107.8164904,106.2231383,102.4936144,105.5134449
813.427,107.1796134,107.8421648,106.2819831,102.5117642,105.5073203
813.6,107.1412692,107.8610625,106.2043325,102.4315134,105.482837
813.772,107.0645685,107.8186087,106.1240816,102.3587397,105.4701951
813.945,106.9999202,107.8071417,106.0932062,102.232681,105.4754897
814.117,107.1272786,107.9373066,106.2937246,102.3959674,105.4950357
814.29,107.0681967,108.0137838,106.3184684,102.420092,105.4951
814.462,107.1812412,108.0384584,106.4361383,102.4900284,105.5854433
814.635,107.1302358,107.9106934,106.3220234,102.4012468,105.5248581
814.807,107.1136109,107.9404385,106.3124955,102.3463124,105.5187882
814.98,106.6987584,107.6669812,106.0500858,102.1731325,105.23151
815.152,106.7858466,107.7092784,106.0753865,102.324381,105.3455516
815.325,106.9220641,107.8084737,106.1246156,102.4660031,105.4629661
815.497,107.0118361,107.8513466,106.2546651,102.5597015,105.5372557
815.67,106.9108318,107.8321743,106.285499,102.5943031,105.5639497
815.842,106.9186721,107.8678479,106.3442957,102.6931328,105.6583516
816.014,106.9218902,107.9283769,106.3727125,102.6436442,105.6828896
816.187,106.9612409,107.9615948,106.4590879,102.8395053,105.8034936
816.359,106.8786257,107.8244897,106.3229668,102.7189373,105.7548297
816.531,107.0565048,108.2183925,106.5207966,102.9572692,105.9942097
816.704,107.0415075,108.134803,106.5056573,102.9013471,105.9515418
816.876,107.2497663,108.3604607,106.6628827,103.0051969,106.1607163
817.048,107.1339634,108.2524244,106.5725567,102.8403567,105.9768749
817.22,107.0496585,108.2027051,106.4859857,102.6892525,105.9494759
817.392,106.9988518,108.2439888,106.4543715,102.6254242,105.9495852
817.565,106.9180507,108.2025382,106.439146,102.6726747,105.8544235
817.737,106.9770579,108.2287781,106.3953718,102.6337041,105.8341081
817.909,107.0279888,108.3222066,106.4504322,102.7738387,105.9456418
818.081,106.9331721,108.1884753,106.296397,102.609209,105.7237864
818.253,106.8872237,108.2005421,106.3366654,102.592043,105.7254602
818.425,106.6439881,107.9054886,106.0679,102.3520572,105.3975254
818.597,106.6798348,107.809354,105.9719287,102.2850471,105.3122382
818.769,106.5815639,107.7475695,105.9815812,102.1531696,105.2542211
818.941,106.6532076,107.8222175,106.0930687,102.3409804,105.4221372
819.113,106.6457028,107.8083507,106.1634251,102.4515081,105.3896921
819.285,106.5936412,107.7059349,106.1145578,102.3760415,105.2979681
819.457,106.6187278,107.7333638,106.1671945,102.2839449,105.4010026
819.629,106.6396642,107.8101782,106.204404,102.3866997,105.4574295
819.801,106.5778116,107.6928923,106.157698,102.3396825,105.2972474
819.973,106.7217078,107.7751551,106.2809355,102.4150498,105.413967
820.145,106.7364814,107.7798436,106.253517,102.3923308,105.4418135
820.317,106.8808745,107.9179519,106.4660088,102.5557329,105.775793
820.489,107.0304117,108.2273368,106.6915234,102.796329,106.1142582
820.66,107.1308322,108.2957448,106.7775001,102.9517579,106.1213268
820.832,107.1861492,108.3749693,106.8787524,103.0456077,106.1669561
821.004,107.2410313,108.4776182,106.8456964,103.0140546,106.2438581
821.176,107.5570785,108.7734805,107.0987415,103.2771214,106.5082722
821.348,107.5867499,108.7068304,106.9813443,103.1847995,106.349406
821.519,107.4051432,108.4658019,106.8578425,103.0913006,106.3189566
821.691,107.4380948,108.5425417,106.9046545,103.0220303,106.3959823
821.863,107.2093097,108.4506016,106.7038976,102.8961939,106.2397292
822.034,107.075801,108.4578757,106.7189063,102.8594802,106.1182267
822.206,107.0906243,108.4862872,106.814765,102.8224324,105.9820061
822.378,107.0967375,108.4511109,106.8950502,102.9238888,106.0050541
822.549,106.950965,108.1828119,106.729135,102.7379166,105.9135481
822.721,106.7889902,108.1760282,106.6183789,102.5177313,105.8162208
822.892,106.8823903,108.1534143,106.7234783,102.6117474,105.7558193
823.064,106.7180547,108.0556174,106.6189654,102.6280478,105.6580945
823.235,106.9183737,108.2168163,106.819476,102.9143327,105.7891496
823.407,107.0396933,108.3447861,106.9586706,102.9336153,105.7231605
823.578,107.1056214,108.2912688,106.9525171,103.0026301,105.8043547
823.75,107.2540156,108.2859908,107.0050213,103.0881897,105.9917316
823.921,107.2802204,108.2814538,106.9716722,103.0090708,105.9867493
824.093,107.1004402,108.0606094,106.663769,102.8861197,105.8592963
824.264,106.9688325,107.9091385,106.3948862,102.6049361,105.5677018
824.436,107.099235,108.1190552,106.4686092,102.6757232,105.5742288
824.607,107.0907361,108.0415972,106.3357,102.6502774,105.3836473
824.778,107.0581324,108.2108128,106.3259716,102.6320274,105.4508784
824.95,106.98337,108.1734157,106.2853124,102.6176805,105.3992446
825.121,106.8322299,108.1512923,106.3472939,102.5941557,105.4707277
825.292,107.0486892,108.4222837,106.5012599,102.7775084,105.7574799
825.464,106.9184856,108.3928655,106.3988288,102.7607239,105.6787546
825.635,107.0197261,108.4791749,106.4756444,102.8843996,105.6906716
825.806,107.3785533,108.7584298,106.7867251,103.1930448,105.9682789
825.977,107.5212442,108.9657292,107.0052698,103.3617777,106.0785905
826.148,107.4914486,109.0597979,107.1658269,103.5168291,106.1782521
826.32,107.551276,109.0530573,107.1900829,103.6247301,106.3038031
826.491,107.5560721,109.0907899,107.2394517,103.5867953,106.5509461
826.662,107.4715435,108.9315613,107.1899649,103.5828923,106.6102598
826.833,107.6442537,109.0038198,107.3349643,103.6089665,106.7564541
827.004,107.6323255,109.0509097,107.3225617,103.6396761,106.7186238
827.175,107.3886301,108.752924,107.0913339,103.4757606,106.4571453
827.346,107.5112295,108.8494028,107.3509225,103.5085459,106.5363331
827.517,107.3580019,108.7811128,107.2922727,103.2842242,106.3914295
827.688,107.2191752,108.7877141,107.2179591,103.2637914,106.3778987
827.859,107.2542888,108.7743257,107.1161138,103.2389636,106.5186542
828.03,107.438716,108.8880451,107.1719353,103.2769693,106.7215942
828.201,107.2653224,108.8558615,107.0675806,103.0475274,106.5328156
828.372,107.4048697,108.8836278,107.1540469,103.2513571,106.5758666
828.543,107.3468689,108.8446448,107.1850621,103.2328114,106.5047312
828.714,107.1044782,108.8211076,107.0955019,103.2224566,106.3665641
828.885,107.1165307,108.7630256,106.9566698,103.1324208,106.1953647
829.056,107.1783709,108.9685688,107.0122541,103.193885,106.2548425
829.227,106.9925148,108.8189219,106.7689223,103.1216625,106.1320823
829.397,106.9863643,108.9252956,106.7666371,103.2787966,106.1903085
829.568,106.9369991,108.862064,106.7203766,103.3164026,106.2327031
829.739,106.6941238,108.8988348,106.7419994,103.2669179,105.9799173
829.91,106.7272619,109.0794874,106.9274754,103.4151991,106.1272544
830.08,106.7666994,109.1013517,107.0873366,103.625636,106.2875559
830.251,106.689191,109.1412285,107.099629,103.5962657,106.2862395
830.422,106.8346776,109.3628189,107.2543337,103.8128444,106.3658885
830.592,106.7599153,109.3381236,107.2482285,103.7259682,106.3041016
830.763,106.6459141,109.2629698,107.1983997,103.6186781,106.2804129
830.934,106.7418739,109.3725204,107.41121,103.7483357,106.4725589
831.104,107.0890711,109.6026979,107.7659323,103.9922395,106.6306653
831.275,107.1452578,109.6979894,107.898213,104.0216287,106.7241279
831.446,107.1302854,109.5853868,107.9049293,104.1144322,106.6747589
831.616,107.2373533,109.506491,107.9204817,104.2589807,106.7341568
831.787,107.2280343,109.4119773,107.7757492,104.2716815,106.6404954
831.957,107.3576912,109.4495482,107.7513528,104.3944032,106.7632843
832.128,107.4983444,109.6149988,107.9920554,104.5593876,106.9840318
832.298,107.2480513,109.4696524,107.7043307,104.3702999,106.899753
832.469,107.3807399,109.4457986,107.6766599,104.3927596,107.089797
832.639,107.5184981,109.6682236,107.7385649,104.6959778,107.3755053
832.809,107.2081416,109.4419973,107.5654847,104.4470467,107.08768
832.98,106.9840284,109.5420031,107.3836528,104.3297338,107.1340978
833.15,107.1864597,109.5992522,107.4975882,104.4971786,107.1253854
833.321,107.0246092,109.619068,107.4695496,104.2567671,106.9876849
833.491,107.0555727,109.7248611,107.5712474,104.2435373,107.1732295
833.661,107.0320395,109.694874,107.5488642,104.1307676,107.0414597
833.832,106.8852483,109.7153851,107.4713387,103.8809046,106.7900551
834.002,106.8264646,109.6531919,107.3696482,103.6819508,106.6694414
834.172,106.7952153,109.5864599,107.4505475,103.6331796,106.7161481
834.342,106.7157189,109.495438,107.4103989,103.5642017,106.5686729
834.513,106.567362,109.4656178,107.3452609,103.2180909,106.2502066
834.683,106.5774511,109.3787345,107.2654363,103.4015815,106.1313568
834.853,106.5780972,108.9341263,107.0488995,103.1445667,105.7983166
835.023,106.3471501,108.8527119,107.0583327,103.0494517,105.8047792
835.193,106.5410825,108.8811441,107.0703662,103.141404,105.864212
835.363,106.4726818,108.7063028,106.9128747,102.9833411,105.6945771
835.534,106.472806,108.7492051,106.9409271,103.0409392,105.8056189
835.704,106.5376034,108.9633528,107.135704,103.4007262,106.089251
835.874,106.2711701,108.61329,106.8704166,103.3324327,105.7607348
836.044,106.6587741,108.9165778,107.1780904,103.5363892,106.0426536
836.214,106.7664383,109.2605476,107.3539693,103.7890011,106.2826786
836.384,107.0896675,109.3495837,107.6109866,104.1853439,106.6822742
836.554,107.3288153,109.6565757,107.8292038,104.2154765,106.9608755
836.724,107.2744427,109.8602542,108.0703037,104.3894511,107.2336391
836.894,107.3212857,109.9460645,107.9221498,104.4566976,107.256806
837.064,107.1591866,109.8438018,107.8513809,104.4604154,107.2123095
837.233,107.2589608,110.0598028,108.0094602,104.6147344,107.3653784
837.403,107.288918,110.1396675,108.1412273,104.7123319,107.354555
837.573,107.4445187,110.132254,108.2185734,104.6968797,107.2807128
837.743,107.6296292,110.5305493,108.4991417,104.9330547,107.5825452
837.913,107.3851014,110.2314596,108.2494344,104.7298242,107.1587184
838.083,107.3956628,110.0828926,108.338982,104.6678011,107.0584802
838.252,107.0482295,109.9285383,108.2094393,104.3953003,106.8192798
838.422,107.0396934,109.8314262,108.2473461,104.4889617,106.890519
838.592,107.1370821,109.9568854,108.3575602,104.6287856,106.9732675
838.762,107.0118484,109.8226482,108.357105,104.5010517,106.8893065
838.931,107.1070006,110.0274678,108.4308919,104.463709,106.9093491
839.101,107.2011587,110.2093069,108.5660496,104.7347529,107.0143216
839.271,107.0117614,110.0513603,108.3164675,104.4216503,106.8251112
839.44,106.6843202,109.8337992,108.0320323,104.1880831,106.7691449
839.61,106.704126,109.6913293,108.0225063,104.142042,106.8134476
839.78,106.9351724,110.0270194,108.3012703,104.4300732,107.2662925
839.949,107.1853786,110.2623321,108.4808784,104.6630295,107.3876365
840.119,107.5197032,110.4841487,108.798148,104.8901183,107.7955482
840.288,107.6044678,110.6552737,108.8293167,104.8168228,107.8287788
840.458,107.8050229,110.8649189,108.8236245,104.9915675,107.8054084
840.627,107.9104383,111.0454338,108.9504322,105.0301833,107.9307852
840.797,107.8020658,110.9985452,108.9906789,105.2915072,108.0790616
840.966,107.5730197,110.7034532,108.6941246,104.9307012,107.830314
841.136,107.7379269,110.8338194,108.9935368,105.2270485,108.0303929
841.305,107.9846415,110.8313414,109.1417197,105.4168316,108.0126654
841.474,107.8736473,110.7577614,109.0275976,105.2555759,107.8050416
841.644,107.6110283,110.5828806,108.7958334,105.1106396,107.5686669
841.813,107.1927839,110.2971792,108.4219981,104.7989907,107.3472042
841.983,107.0797146,110.1371298,108.1561158,104.7507414,107.0671231
842.152,106.9925145,110.0834214,108.0848388,104.8366077,106.9497729
842.321,106.7045731,109.9102081,108.1252674,104.7458727,106.9864508
842.49,106.7075675,109.8982927,108.1286816,104.8582499,106.9821549
842.66,106.6845561,109.7484376,107.9433235,104.5439925,106.7333826
842.829,106.977977,110.0630581,108.3135995,104.8801592,107.0734776
842.998,106.9472868,110.1540525,108.3602001,105.0396316,107.1784092
843.167,107.1790789,110.6551567,108.7464807,105.1732442,107.3671741
843.337,107.4454503,111.0255592,109.1663483,105.5614814,107.7834799
843.506,107.7005395,111.2520326,109.4467426,105.8021509,108.1034625
843.675,108.0414372,111.5661575,109.5853309,106.0281375,108.2702658
843.844,108.1149943,111.617885,109.610537,105.8478553,108.2747965
844.013,108.0739913,111.6222585,109.5086851,105.7633947,108.3652635
844.182,108.129184,111.8481785,109.4711528,105.8019442,108.3994334
844.351,108.3573603,112.0330395,109.5487138,105.9043442,108.7005253
844.52,108.561792,112.2822362,109.8177857,106.1164765,108.9395768
844.689,108.375265,112.1016895,109.6888217,105.9518202,108.6313418
844.858,108.4256243,111.9929332,109.6796574,105.7225556,108.5493627
845.027,108.1299543,111.5079008,109.377305,105.6029494,108.4998783
845.196,107.8346944,111.2385596,109.0447683,105.4561076,108.1216413
845.365,107.6215153,110.9940635,108.7487451,105.2642748,107.7620752
845.534,107.8494554,111.2902492,109.1784632,105.5778557,108.2228632
845.703,107.8552083,111.5234667,109.4444604,105.8728533,108.3941426
845.872,107.8670993,111.4426177,109.4810016,105.6969181,108.2949283
846.041,107.7515077,111.295658,109.3519413,105.5739859,108.1276222
846.21,107.65187,111.1500078,109.3330657,105.5420102,107.8884471
846.378,107.7030867,111.1332663,109.3265419,105.5354427,107.772343
846.547,107.9492671,111.260873,109.4341824,105.6973534,107.9332601
846.716,107.7823346,111.1833996,109.0604519,105.5948358,107.8298881
846.885,107.8014446,111.3631636,108.9397375,105.559058,107.5951138
847.054,108.0057397,111.5902402,109.1670063,105.5737487,107.745521
847.222,108.0399959,111.5737372,109.2590046,105.5716106,107.6723251
847.391,107.923721,111.4077841,109.0451275,105.3467112,107.4220321
847.56,107.7131511,111.0249638,108.8039419,105.0861821,107.3024556
847.728,107.567329,111.0814857,108.8260294,105.2686471,107.4918643
847.897,107.6507269,111.2690494,108.885642,105.3661114,107.5531252
848.066,107.900548,111.3907907,109.1096831,105.6110992,107.9072267
848.234,107.9528829,111.6364835,109.2403782,105.8287768,108.1465562
848.403,107.7581056,111.6805807,109.2901715,105.6707555,108.1087709
848.571,107.7971705,111.8171084,109.5656768,105.7872945,108.4827711
848.74,107.9738566,111.8187552,109.7536259,105.8982953,108.614437
848.908,107.9263551,111.834533,109.6802323,105.6881919,108.7049136
849.077,107.9422344,111.841315,109.5691831,105.6354404,108.7481478
849.245,108.0386665,111.817247,109.5198275,105.7057141,108.7393021
849.414,108.1909995,112.0600162,109.6527277,106.0060951,108.9224931
849.582,108.2345249,112.0777386,109.707761,105.8950052,108.8880205
849.751,108.3517939,111.9807066,109.8300845,105.9534098,108.9616152
849.919,108.207525,112.3091698,110.0008095,106.0251469,109.1473182
850.087,108.1043337,112.0309249,109.8982742,105.6188372,108.9394717
850.256,108.0301055,111.8850796,109.7721542,105.5688853,108.9433267
850.424,108.3960027,112.1010702,110.0618843,105.823292,109.0514978
850.592,108.3549499,112.1174219,110.2627111,105.8751338,109.1430033
850.761,108.4106645,111.8149824,110.1943679,105.9458713,108.9862781
850.929,108.4931678,112.0290741,110.3774533,106.0755399,109.0145865
851.097,108.418393,111.8835075,110.3592742,105.8805028,108.9422728
851.266,108.7067569,112.0522172,110.6059239,105.8519162,108.8767366
851.434,108.7109815,111.9309491,110.5228537,106.0710586,108.8926264
851.602,108.6119278,111.6622395,110.4021959,105.9487522,108.7616103
851.77,108.2965514,111.1552395,109.859127,105.520905,108.0551063
851.938,108.5507834,111.5969214,110.09053,105.9725202,108.3652139
852.106,108.7901052,111.9198529,110.1767044,106.0382422,108.7363475
852.275,108.91304,111.95233,110.2387828,106.0793302,108.4916633
852.443,109.0264201,112.127185,110.233229,106.136617,108.6108062
852.611,108.8800265,112.2836679,110.1218661,106.1729836,108.8306245
852.779,108.9976682,112.3104343,110.245103,106.3421935,108.9132486
852.947,108.9711403,112.2382402,110.2879499,106.3254097,108.9993699
853.115,108.5887053,111.989066,109.880571,106.0778511,108.7837525
853.283,108.6940833,112.2027559,110.0627695,105.9962757,108.7230893
853.451,108.7956592,112.3686323,110.1703408,105.9386437,108.7081778
853.619,108.9829938,112.4784685,110.3276511,106.0876053,108.77062
853.787,108.8459688,112.2649278,110.2104117,105.7988593,108.4299688
853.955,108.8526783,112.0416544,110.0618242,105.6962377,108.0507336
854.122,108.5204534,112.0362845,109.9160036,105.4948819,108.0171162
854.29,108.3467366,111.9307247,109.7651453,105.3004089,108.086666
854.458,108.3686546,111.9072745,109.7201455,105.2652374,107.6966519
854.626,108.2063815,111.7329083,109.5530515,105.1646095,107.449892
854.794,108.005988,111.8586074,109.3990583,105.0588536,107.1598235
854.962,108.1715163,111.8475561,109.6077289,105.2200579,107.3298848
855.129,108.1694165,111.6796844,109.4412002,105.0230576,107.1997984
855.297,107.85491,111.6915499,109.2659601,104.8873946,107.1804073
855.465,107.8967706,111.6599349,109.1019809,104.8251934,107.2035195
855.633,107.4679274,111.2528647,108.8613522,104.6455105,107.218267
855.8,107.5138385,111.4789939,109.2013038,104.9313938,107.4968669
855.968,107.5604454,111.2970265,109.1989546,104.9370983,107.4980639
856.136,107.5860785,111.2033492,109.0650496,104.8008922,107.3166873
856.303,107.6535847,111.1913185,109.0151534,104.7048302,107.5449843
856.471,108.0562606,111.6307048,109.2937639,104.9555295,108.2512158
856.638,108.0009434,111.3758804,109.1324511,104.791577,108.1171512
856.806,108.0791352,111.3356196,109.1153233,104.9481562,108.2981958
856.974,108.4311036,111.577252,109.390492,105.3437967,108.4070371
857.141,108.9600566,111.6480753,109.8286843,105.8300271,108.9045654
857.309,108.8963154,111.663718,109.9523613,105.8587255,108.9149618
857.476,109.4499449,112.146989,110.2516338,106.294724,109.3935621
857.644,109.1498889,111.9281632,109.9735795,106.0376826,109.2037307
857.811,109.3541839,112.0646282,110.0591626,106.20209,109.3104856
857.978,109.4626186,112.3650103,110.1427247,106.4613278,109.6136591
858.146,109.5688665,112.743179,110.3897048,106.9477253,109.6408354
858.313,109.2503466,112.2697436,110.0536702,106.4570668,109.2217819
858.481,109.2437861,112.4999873,110.3569552,106.8855406,109.5812231
858.648,109.2825155,112.7154351,110.5482283,106.93595,109.5431507
858.815,109.1151854,112.8588525,110.5288638,106.9545508,109.8046995
858.983,109.1121288,112.9226767,110.510483,106.9476038,109.6795666
859.15,109.1200933,112.9375536,110.7216197,106.8636305,109.7786228
859.317,109.0312905,112.9657913,110.5863968,106.7888474,109.703409
859.484,109.4821758,113.2617689,110.7718163,107.2396367,109.8028576
859.652,109.3606946,113.2298656,110.7048842,107.1593904,109.8452228
859.819,109.5084426,113.3859898,110.8121358,107.2029263,109.8158124
859.986,109.5783094,113.3012963,110.9327954,107.0481964,110.0119516
860.153,109.3651677,113.0003963,110.8542242,106.949034,109.7924263
860.32,109.5999044,113.0846697,110.7747909,106.9755339,109.7026938
860.487,109.7801195,113.2565526,110.681642,107.0666394,109.8598659
860.655,109.5829689,112.9186591,110.4347642,106.9005117,109.307985
860.822,109.5081568,112.891522,110.2706586,106.7816969,109.2054525
860.989,109.480523,113.156905,110.3440475,106.9314618,109.4342571
861.156,109.6075335,113.2795084,110.7592245,107.0928032,109.4432236
861.323,109.2863423,113.06238,110.6199692,106.7296628,109.4995412
861.49,109.3108447,113.057516,110.5946645,106.6946056,109.2528547
861.657,109.2441464,112.853291,110.7590567,106.6935177,109.2738408
861.824,109.0299486,112.7811695,110.4994945,106.689618,109.1432733
861.991,109.6904347,114.0220448,111.1663633,107.6069151,110.0559868
862.158,109.6400381,113.937989,111.2703813,107.4985072,109.8229409
862.324,109.021984,113.484747,110.5931636,106.8175138,109.089642
862.491,109.4740997,114.1809341,111.192868,107.2365212,109.9750201
862.658,109.5474208,114.3391595,111.1353537,107.2556621,109.9960952
862.825,109.3776058,113.9813459,110.518377,106.9556113,109.708285
862.992,109.0796246,113.4253363,110.0846572,106.5366157,109.4256502
863.159,108.8273932,113.0874377,109.8375825,106.237864,109.0796198
863.325,108.5731986,113.0390468,109.6705306,106.0854055,109.2186318
863.492,108.9932571,113.5697561,110.0665575,106.2716852,109.336206
863.659,109.6125785,114.0471012,110.5603775,106.5647812,109.893695
863.826,109.1644142,113.2264168,110.3010984,105.9526355,109.2029264
863.992,109.27306,113.2178486,110.0259357,105.8458035,109.5205874
864.159,109.6860362,113.4823096,110.6942644,106.3371658,109.9383502
864.326,109.1275733,112.7421558,110.0000964,105.5829875,109.0536172
864.492,109.1456892,112.6411572,110.1639034,105.6216228,109.216372
864.659,109.7127005,113.0821775,110.8632772,106.1101687,109.6406954
864.826,110.0578352,113.8414777,111.2852217,106.5495625,110.117374
864.992,110.0844871,113.9653056,111.301605,106.7285021,110.2070326
865.159,110.0337675,113.8815268,111.2414575,106.9298955,110.1546632
865.325,109.4141354,113.0923661,110.3790839,106.5039823,109.6131721
865.492,108.882424,112.608161,110.0885729,106.4444977,108.9989975
865.658,108.8655755,112.9321877,110.1877121,106.7953889,109.2378106
865.825,108.4792391,112.6693679,110.1724324,106.486541,108.9274652
865.991,108.3995189,112.729266,109.9865011,106.4298865,109.1370457
866.158,109.1837725,113.4439907,110.8902681,107.4429868,109.9878329
866.324,108.8958931,113.4228481,110.4288509,107.095718,109.664212
866.49,108.5735214,113.0929367,110.2261759,106.9006134,109.461153
866.657,108.2936438,112.6135196,109.8681586,106.6153573,108.9500627
866.823,108.6932879,112.9296529,110.3283506,106.8768955,109.2991963
866.989,108.9040068,113.0788057,110.5495225,107.0160599,109.4072641
867.156,109.1130856,113.4250119,110.7811682,107.1318365,109.6915378
867.322,109.254596,113.7497606,110.9324594,107.1996718,110.1068754
867.488,109.5083929,113.6780115,110.8927491,106.9963081,110.2442376
867.655,109.9119135,114.3047522,111.4099244,107.6912661,110.7975844
867.821,109.9375716,114.356257,111.729544,107.4544463,110.6325498
867.987,109.351885,114.0611182,111.0711952,106.7865203,110.2983614
868.153,109.5051375,113.9231327,111.2479248,106.9780392,110.2937406
868.319,109.9789352,114.3612456,111.4791268,106.9559817,110.6200708
868.485,110.1834167,114.6930319,111.6471529,107.1000635,110.9767955
868.652,110.8726298,115.3156587,111.9712996,107.47431,111.305367
868.818,111.0151095,115.5935793,112.0926691,107.521812,111.7121796
868.984,110.8583782,115.2384098,112.0097037,107.3213491,111.5775589
869.15,110.5794948,114.890634,111.709025,106.9827921,111.1216787
869.316,110.2301856,114.4047825,111.2510431,106.5046193,110.4382671
869.482,110.2036825,114.3684653,111.0184229,106.46583,110.2728494
869.648,110.1992466,114.360423,110.7287608,106.7713754,110.3519357
869.814,110.1441657,114.6048587,110.9218341,106.98071,110.5776709
869.98,110.5706978,115.0857805,111.2994689,107.4674985,110.9972462
870.146,109.8535776,114.4724599,111.010268,107.1462746,110.7867402
870.312,109.7404213,114.2287536,110.9748351,107.1782651,110.7759451
870.478,109.5168423,114.1605985,111.023391,107.2741672,110.8132998
870.644,109.4140735,113.863992,110.9974636,107.1040222,110.3381078
870.809,109.5620947,113.9778318,111.0807439,107.3301075,110.4430046
870.975,110.0207336,114.5366772,111.690882,107.7838648,110.8222416
871.141,110.5301291,115.1949083,112.1338341,108.4034005,111.8844069
871.307,110.4579886,114.9573129,111.9645252,108.0763274,111.6131775
871.473,110.5745369,115.232841,112.2349775,108.3384254,111.7895639
871.638,111.1823156,115.0416061,112.3791711,108.3680115,111.7723918
871.804,111.1210967,115.3827394,112.7030776,108.4744549,112.1681727
871.97,111.2027425,115.4289765,112.6200887,108.662976,111.9798126
872.136,111.3875425,115.7353035,112.956995,108.7375478,112.0497066
872.301,110.9755106,115.0938256,112.440093,108.3784859,111.6865568
872.467,111.3921148,115.7316916,112.8015185,108.8822365,112.2322495
872.633,111.760286,116.3243849,113.3874469,109.4501241,112.6778925
872.798,111.520666,115.6004322,112.8503328,108.8336867,112.0699704
872.964,111.1509544,115.3142001,112.6885408,108.550646,111.4189106
873.129,110.9771506,114.9901002,112.6942523,108.5901787,111.1376284
873.295,110.9579165,114.907688,112.5546375,108.5901046,111.1251649
873.46,110.4969664,114.5448607,112.2088408,108.0414814,111.1119074
873.626,109.9925904,113.8119235,111.6462912,107.4623219,110.5856468
873.791,110.0181118,114.0196662,111.721748,107.5243624,110.7838671
873.957,110.2772515,113.9924806,111.3904941,107.8878198,110.7297943
874.122,109.8913001,114.0488464,111.3404012,107.6476378,110.8677692
874.288,109.2473398,113.2028464,110.6075342,106.9331652,110.0086761
874.453,108.625061,112.7372419,110.2073889,106.3788557,109.3743049
874.619,108.6395241,113.3175225,110.4909969,106.5485355,109.7401187
874.784,108.964741,113.6879973,110.7476735,106.8768369,109.8448433
874.949,109.5352812,114.3092373,111.2734135,107.156479,110.9001284
875.115,109.5644055,114.1523026,111.2043486,106.7092925,110.6867444
875.28,109.5789182,114.6226894,111.5680678,107.3643838,110.660015
875.445,110.0802376,115.157995,111.7165981,107.9150685,110.9911742
875.61,110.4824536,115.1777661,111.6061016,107.9553278,110.8954372
875.776,110.0624695,115.2493028,111.7849401,107.5373948,110.9482685
875.941,110.1043176,115.1190873,111.9171239,107.6477834,110.651464
876.106,110.132274,115.1070384,111.6338836,107.3943136,111.0104427
876.271,110.1000431,114.9507903,111.2511834,107.281306,110.827074
876.436,110.2119072,114.7637032,111.1798732,107.1389918,110.7221976
876.602,110.059413,114.2973251,110.9512425,106.9299424,110.6558037
876.767,109.7116317,114.2393669,110.836776,106.9782534,110.3858135
876.932,109.8750108,114.3544387,110.9842737,107.1665677,110.2387095
877.097,110.1382386,114.4036123,110.926837,107.4955606,109.9871115
877.262,109.8702021,114.1682224,111.0098832,107.0622435,109.920574
877.427,110.1414814,114.7999125,111.7899943,107.6794313,110.4830885
877.592,109.9185984,114.4829878,111.5561778,107.6430602,110.3912691
877.757,110.113823,114.6363061,111.3195456,107.4477244,110.5640319
877.922,109.8322061,114.6079241,111.6187163,107.6271512,110.2974732
878.087,109.82116,114.5872858,111.8712567,107.8085147,110.3431873
878.252,109.6877507,114.3957797,111.9747016,108.136809,110.4796127
878.417,109.7679802,114.9733941,112.4778514,108.5342643,111.0293285
878.582,110.1425375,115.2043418,112.4627548,108.7069477,111.4391373
878.747,109.1194344,114.6809069,111.9557532,108.0422294,111.5961345
878.911,108.7227352,114.3065087,111.72886,107.042251,111.3689652
879.076,108.7203372,114.6611368,111.9434107,107.3517292,111.1773778
879.241,108.5088356,114.1194069,111.4352791,106.8121973,110.2381113
879.406,108.6274465,113.9673745,111.3223354,106.6569827,110.1137819
879.571,108.7069555,113.7158943,111.5685478,106.6930932,109.4462216
879.735,109.6032718,114.2430017,112.2562273,107.3872646,110.1732116
879.9,110.0852326,114.9592692,112.592392,107.947168,110.9041328
880.065,110.4896603,115.479637,112.7988384,108.0498898,111.5282594
880.229,109.8240548,114.8594277,111.9901618,107.3225344,110.4674579
880.394,109.570581,114.810527,112.0058954,107.436585,109.8314317
880.559,110.8419271,115.5638803,112.7212986,108.3775188,110.0223416
880.723,110.7780491,115.7687775,112.6184142,108.7966696,110.2366551
880.888,111.1375598,115.8007211,112.8119733,109.0340755,110.8826333
881.053,111.6064493,116.4782618,113.3925739,109.7322064,111.5333711
881.217,112.5620587,117.0283545,114.0578248,110.4249204,112.2168296
881.382,112.2492045,117.1883309,113.4574274,110.049334,112.3146181
881.546,111.9195144,116.9047806,113.4488464,109.6395136,112.3002521
881.711,111.3709796,116.0003473,112.6254932,108.5917414,112.1113607
881.875,111.1141382,115.3167137,112.0349133,107.9125936,111.1453263
882.04,111.845535,115.4288682,112.3223479,108.038166,111.8411487
882.204,111.5083772,114.8199071,111.6977035,107.2836706,111.6021971
882.369,111.705354,115.0542148,111.9112085,107.5125101,112.2252625
882.533,111.1297816,114.166559,110.9436399,106.6682492,111.3181627
882.697,110.9275242,113.4842421,110.3636427,106.052883,110.5751047
882.862,110.4951151,113.0474577,110.0361824,105.6066409,110.8651695
883.026,109.5412703,112.6358748,109.4509879,104.8987221,109.8249671
883.19,109.5335914,112.8440235,109.7169214,105.2489763,110.4729241
883.355,109.8229245,113.4804804,109.7794202,105.3382284,110.3592253
883.519,109.963093,113.8517406,110.3618134,105.7911069,110.4200284
883.683,110.1124066,114.3675792,111.0796746,106.2673815,111.3141028
883.847,109.4071651,114.1513748,110.9897019,106.0744371,110.4643424
884.012,109.012628,113.6338044,110.8867989,105.6737882,109.7036642
884.176,108.6696675,113.8796,110.9325339,105.4555701,109.3853666
884.34,108.8909977,114.1513734,111.5355068,105.6945375,109.8116922
884.504,108.4994302,114.7054709,111.824011,106.0571,109.9988823
884.668,108.1815687,114.7444683,111.7684279,105.9764441,109.6460503
884.832,108.4682178,115.1844439,111.7059622,105.969028,110.6345416
884.996,108.4716598,114.9707199,111.8458436,106.0695266,110.1118777
885.161,108.0125985,114.3991495,111.4057061,105.7907506,109.6388904
885.325,108.4289171,114.6523611,111.388267,105.7433976,109.6499264
885.489,108.1427649,114.6573765,110.9805608,105.5420816,108.8357449
885.653,108.8064815,115.0341657,110.7977661,106.1588659,109.1980548
885.817,109.4646814,115.828786,111.1107048,106.7973235,109.7441599
885.981,109.0434052,115.0868912,110.8369383,106.520039,109.6332718
886.145,109.5420778,115.6294935,111.3334211,106.8400283,110.0976807
886.308,109.8714324,115.388251,111.15819,106.3681376,109.7191252
886.472,110.0380293,115.1219335,110.9379656,106.2171421,109.2513459
886.636,109.9257555,114.9029968,110.9175289,106.4509917,108.7917284
886.8,110.2142062,115.214589,110.8747266,106.4400606,109.2619125
886.964,110.2490713,115.2715335,111.1371086,106.7834734,109.6244147
887.128,110.0932841,115.1786039,111.0524292,107.0737191,109.109378
887.292,110.3906314,115.247882,111.2640209,107.6250378,109.5997259
887.455,109.9352355,114.8787403,111.5037002,107.1168954,109.5128324
887.619,110.6772557,116.577307,112.7967073,108.6325103,111.2966281
887.783,111.1097766,116.6411271,112.6830269,108.7976066,110.9125078
887.947,111.3471599,116.3010885,112.389369,108.572127,110.4129171
888.11,111.3642198,116.384795,112.6347736,108.7201087,110.5857288
888.274,110.9618549,115.5434182,112.0408814,108.3482083,110.573741
888.438,111.539825,116.215641,112.8767859,108.7608113,111.2057663
888.601,112.0185182,116.3347193,113.0437593,108.8798494,111.058157
888.765,112.6308692,116.6794453,113.0386918,108.8965739,111.5600869
888.928,113.2513337,117.1705453,113.7978011,109.229256,112.0325134
889.092,112.8554297,116.3562891,113.0792824,108.7098231,111.1564604
889.256,112.5881512,116.0197756,112.5240765,108.2933938,110.4588166
889.419,111.961089,114.5308383,111.6529114,107.2752388,109.6557247
889.583,112.1508716,115.0947826,111.9215103,107.6754775,110.1215503
889.746,111.814646,115.1610065,111.9506038,108.2221607,110.5310746
889.91,111.7724997,115.3890657,111.8924499,108.3224947,110.4986563
890.073,111.8009656,116.1961965,112.6167222,108.6366631,110.510531
890.236,110.4951149,114.9086785,111.4648942,107.7405741,109.0354519
890.4,110.4737186,115.2027363,112.2493095,108.3825449,109.0870814
890.563,110.5248728,114.8656061,112.5495013,107.9296112,108.8002025
890.727,110.5622479,114.0620436,112.0601694,107.0849506,108.9310408
890.89,109.9774685,114.313725,112.1305336,106.8383301,109.1507503
891.053,109.9300168,114.8278288,112.4714115,107.2075068,109.9156746
891.217,109.0690501,114.3463019,111.9504999,106.3562896,108.8458942
891.38,108.4168515,113.5735904,111.6104304,105.7631367,108.3162757
891.543,108.5780062,113.8772262,112.1029926,105.8394404,108.5369545
891.706,108.2921148,113.2650981,111.8696258,105.5420038,108.3259508
891.87,108.5848276,113.2775943,111.7028737,105.3488322,108.5266233
892.033,109.7228016,114.1113375,112.7704219,105.7713349,109.6918102