wavelength,ApoSymb_1,ApoSymb_2,ApoSymb_3,ApoSymb_4,ApoSymb_5
179.865,734.25488,795.5313544,717.1325479,701.1759841,740.5202186
180.087,1264.805786,1339.225859,1250.428897,1156.186344,1237.048027
180.308,11731.80868,12411.34937,11000.78537,10139.04312,10859.59499
180.53,12013.34536,12709.53146,11781.70338,10467.90929,11094.82329
180.751,3599.423315,3712.385027,3413.245144,3119.263633,3373.051115
180.973,783.7786525,806.927667,756.1425084,699.212575,755.5410021
181.194,1667.611356,1858.759768,1810.86183,1479.48987,1648.380597
181.416,756.6626528,916.9820167,908.3206716,723.7376064,812.3097615
181.637,615.0686319,841.2373344,932.3259101,594.5811547,738.8290306
181.858,119.4988932,187.1854025,173.9230228,105.2305284,114.0257659
182.08,-195.7348408,-225.0060025,-243.0338134,-188.3176766,-234.288515
182.301,185.3506867,124.8866858,89.68580192,299.2653303,-126.2537565
182.523,96.27093248,166.5118714,175.3826014,9.768157013,146.1034667
182.744,96.84552179,116.6795599,103.8097397,69.60478439,100.5625268
182.965,75.01188671,90.16519239,87.74257623,66.01815175,82.07956923
183.187,78.14445052,91.2710189,88.06873326,74.02893562,82.94846196
183.408,74.8716421,88.00790346,85.94696191,76.04901271,82.20889538
183.629,69.78199687,85.89683495,81.59136654,73.57182164,77.84873269
183.85,69.22312636,83.79676351,80.09731187,74.70532764,77.3474604
184.072,69.30452254,83.29044847,78.20495168,74.56576548,77.9092816
184.293,71.54641041,84.75611333,77.48774111,75.53460459,77.5255287
184.514,74.46720245,85.31208128,78.60014697,79.15003245,80.11578526
184.736,73.0267739,83.94778266,77.35876052,77.23746995,78.51664567
184.957,74.74616922,84.06777886,78.92843013,80.01420052,80.70258447
185.178,76.35530283,86.86874358,80.58626461,82.50745395,82.51938816
185.399,77.95735179,87.98106964,82.08795503,84.13219087,84.32112133
185.62,78.42850978,88.36432483,81.85527305,83.96077834,86.10849825
185.842,80.77842557,89.43651971,82.14806072,85.09439249,87.92384324
186.063,80.44827876,89.13581848,82.78938987,84.38452714,87.35454085
186.284,80.23511272,89.50385923,82.67585605,84.63972802,86.28201652
186.505,82.46730485,91.49017779,85.38105846,86.25259964,87.09366256
186.726,84.69489559,92.82899394,88.82295737,89.31004988,90.47906001
186.947,83.50455564,93.57157057,89.34362882,86.91256585,90.12410099
187.169,83.43029693,93.49214193,89.22141099,86.83453179,90.03886544
187.39,83.105637,93.48617963,88.16602205,85.90784999,87.95803515
187.611,81.50335807,91.17762409,87.88557722,83.81036463,85.51097214
187.832,83.02432353,91.96318692,87.62539395,84.86357379,85.91282692
188.053,82.38893978,90.8062799,87.20629878,85.12419875,84.87497466
188.274,81.77519869,91.30576426,86.96184272,85.0068874,85.07918787
188.495,83.14245429,92.13662369,88.50131269,86.19840684,86.5024611
188.716,83.79744721,92.09802661,89.43734868,87.44970688,88.74122066
188.937,82.63531306,89.83113806,87.61290852,86.9444862,87.58250599
189.158,80.83624359,89.56889487,84.62798039,85.749898,85.73113584
189.379,80.01457015,87.25724556,82.81119509,85.03119267,84.79640701
189.6,80.13307845,87.38617613,83.90620547,86.72748889,85.74670525
189.821,77.96289542,84.27386008,82.10269574,85.01312187,84.50685912
190.042,78.90588347,85.55978595,80.02470027,84.18398946,85.72095413
190.263,78.64398771,85.41880364,81.70068785,83.95769247,86.52019027
190.484,78.41975997,85.13898439,80.53877631,83.42618147,85.48610617
190.705,78.7846332,84.68524765,81.67637968,83.50103142,84.316155
190.926,80.52808148,86.15914745,82.36096751,84.49322223,84.63807181
191.147,79.18081997,85.90614262,80.44428552,82.55344249,83.3274424
191.368,79.03851804,87.00744041,81.76488019,82.94805019,84.23773957
191.589,78.79863558,85.47418816,81.42132741,82.17350033,83.62986455
191.81,80.32698607,87.9781415,82.96956116,84.06434303,85.94510251
192.03,81.12107262,87.6990817,83.87824638,85.29260323,86.19837908
192.251,80.34445309,88.26871424,83.65997493,85.82083466,86.48424699
192.472,80.08708185,88.47822121,83.96330089,86.6787261,86.30041199
192.693,78.13181523,87.47537785,81.3142577,84.03438719,83.94394173
192.914,79.38574935,88.99552912,84.06452577,85.84472727,85.55855545
193.135,79.31909013,89.67499986,85.75713204,85.92787823,86.52590401
193.356,76.88070474,88.00854704,84.68960904,83.98805554,87.15295214
193.576,77.05941982,87.15967013,84.30178025,83.74543929,87.59708572
193.797,74.88874936,84.42285959,81.507613,80.19321997,83.59724758
194.018,74.06434392,84.73426163,82.71322144,79.14343847,82.58370874
194.239,72.83441098,84.09357332,81.86686169,78.33180715,81.17811565
194.459,71.77191717,83.90882331,78.99163948,76.39810996,78.97722442
194.68,73.28293311,83.93389355,79.9621272,75.41785233,79.44970104
194.901,74.34478499,83.34885816,83.07158004,76.89131275,80.48269916
195.122,76.21794209,85.38372088,85.28348996,79.44115903,82.44931949
195.342,76.91597251,85.88705304,85.14754032,78.91118492,83.10163543
195.563,76.18407232,84.55911063,84.21065426,79.18909653,82.05238876
195.784,77.2845155,85.40495273,85.67662977,80.568929,81.43212108
196.004,77.47109602,85.52569637,86.51003898,80.82670769,80.22311679
196.225,79.15729836,86.47093652,87.72109578,83.02353959,82.46867686
196.446,79.48385951,85.9290063,86.94963366,83.35646733,83.18057251
196.666,78.8787896,83.8154766,87.84125407,82.54225838,82.55677494
196.887,79.44840735,83.53550964,88.05479042,82.36703321,83.57002225
197.108,79.14946098,82.71691834,87.18475437,82.12249409,82.76031431
197.328,78.70488936,82.94718428,87.04832279,82.29589328,83.83385504
197.549,75.96939745,79.82273598,85.33664671,79.64778616,81.68696165
197.769,73.47904633,76.8591995,82.72158447,76.80024366,79.6105353
197.99,73.20083597,76.01828103,80.6570163,74.8534316,78.44776032
198.211,71.60952707,75.46849535,78.67883845,74.48317328,77.93778445
198.431,70.54795994,74.50345166,77.34868212,73.38935237,77.22682286
198.652,70.61359217,75.10581949,77.6518771,73.85318939,77.82624582
198.872,71.74845709,77.27689772,79.23182125,75.20451592,78.77231442
199.093,74.3493312,80.70308934,80.14561337,77.5989462,80.95255813
199.313,72.72538388,80.55911538,80.56991036,75.46839571,79.24906252
199.534,74.4497862,82.54608699,81.4391201,77.46961799,80.56843857
199.754,74.27297738,81.26307504,80.06979858,76.77012946,79.36547832
199.975,77.48396667,82.86611076,81.61826522,79.44987885,81.51177689
200.195,79.64751224,85.1246732,84.01444987,82.95995248,84.27592377
200.415,81.0039458,86.80229501,84.06178197,84.86785899,85.92394617
200.636,82.04768555,86.14210454,83.00896429,84.28679009,86.6627762
200.856,83.96830932,88.17434576,84.14001117,84.43379741,87.85808317
201.077,86.64469631,90.8798855,87.00647688,86.45845429,91.39305727
201.297,86.70555908,89.3837255,86.09076947,87.07581862,91.56155517
201.518,84.85614588,87.8052158,85.64373517,85.9140044,90.24203586
201.738,87.13769279,88.20163143,85.34979257,87.25805299,91.53657729
201.958,86.19425785,88.19281598,85.06646796,86.97846058,92.34727258
202.179,86.06377327,90.26396204,85.48899183,86.30444857,93.37783
202.399,84.76833485,90.2488865,85.11132516,85.15528649,92.63055106
202.619,84.30899808,89.73006303,84.62965779,84.27283193,89.99054513
202.84,82.11981582,87.98962553,84.44834616,81.93063898,87.9611564
203.06,81.27363753,87.24476747,85.74254779,81.66341668,86.98269118
203.28,80.51208651,87.72969271,85.82023375,83.39680325,86.90561323
203.501,76.5678567,85.41035886,82.60593501,79.79555533,83.17324309
203.721,75.12413427,83.75089831,80.68922167,78.1258409,82.47880339
203.941,73.34809699,82.72235777,79.07605475,76.74712096,81.16497829
204.161,71.53984074,81.36547806,78.85143429,77.70185687,81.51762317
204.382,71.57103358,81.60547488,78.61990509,77.53588733,80.47957879
204.602,72.27413746,80.24492938,77.96194636,78.14304896,79.53409071
204.822,70.22878465,78.69996717,75.76492353,75.90484261,77.15439684
205.042,70.07941625,77.84395649,74.464615,74.25693834,77.43090498
205.262,71.81491244,79.66358675,76.32789427,76.22665734,79.88707638
205.483,74.1507472,84.35814802,78.75811722,78.81314616,82.98031617
205.703,74.68708646,84.32382058,79.61728732,78.85561453,84.02389503
205.923,76.91560227,86.49322562,80.45668091,80.85755035,84.74221657
206.143,76.64105833,86.34399966,81.29842147,80.47463643,83.67420792
206.363,79.23492687,88.03394755,82.32840693,81.368456,84.73213238
206.583,79.92039516,89.26443523,81.39645519,81.23043454,84.05083201
206.803,77.93426017,88.05039391,81.40670728,80.85645055,83.06399367
207.024,76.40526372,88.58051563,81.26775599,80.26202714,81.7612475
207.244,79.36807019,90.7850668,84.42828886,83.83591582,84.61795837
207.464,78.77766506,91.76807052,85.98754817,84.51748666,84.16598798
207.684,78.27984628,90.11786409,85.00336167,84.28512993,84.40965278
207.904,76.17220623,86.64424822,82.5436794,82.23578257,81.44015425
208.124,77.34153778,86.84053318,83.49868812,83.00623984,81.48232871
208.344,77.99829817,86.13715196,85.43436025,83.41496837,83.13417751
208.564,77.98945055,87.60037752,85.54355432,84.79836313,83.55482389
208.784,77.38193499,85.70920888,84.06693755,84.23802709,82.20321037
209.004,79.46638289,87.50213643,86.65859606,85.57260726,85.02883867
209.224,79.60400825,86.01454645,85.60709166,84.26457597,84.60163407
209.444,76.83024872,83.77010128,82.35120455,81.3912143,83.16523325
209.664,76.50936607,83.2216268,80.787205,80.76077603,82.48588105
209.884,78.2558095,85.30005952,81.53883977,81.94724055,84.3156674
210.104,77.62377938,85.89551599,81.88807522,81.00706037,82.92795333
210.324,77.40709988,84.81973777,80.70325103,80.86282217,83.23351458
210.544,75.69620223,84.24385344,79.24747069,78.33146249,82.43035897
210.764,74.40789518,82.42193988,77.0606212,77.42007395,80.55387107
210.984,74.96534251,82.50586313,77.23642656,77.30518136,82.4090394
211.203,73.88796899,84.11959218,77.52213901,76.422586,83.03223203
211.423,73.37349136,83.9402686,77.8492134,76.86105705,82.17494585
211.643,75.28624486,87.00382798,78.94918894,78.4071288,83.87172494
211.863,79.33099123,90.41172864,83.12712588,81.37060065,86.30101553
212.083,78.47054516,91.7912765,85.19198998,81.90120346,87.70110465
212.303,77.04649598,90.73177287,83.24504072,81.50465713,86.70145416
212.522,76.78975077,90.78871191,83.16537393,82.25202264,86.74982271
212.742,77.78446726,92.61857785,85.36522046,83.37395268,87.11792005
212.962,77.51697197,91.8730101,85.17840048,84.65660807,88.03018888
213.182,78.23562527,93.57901013,87.03991655,86.64433765,89.71501154
213.402,80.59693883,94.63723782,87.51662917,86.73193116,89.42090406
213.621,82.00787212,94.2151173,88.77756029,89.05481871,89.92064415
213.841,81.51337464,94.46956956,88.11202521,88.13673094,89.43116046
214.061,80.18204721,92.79618229,86.46391393,87.98971875,89.30501588
214.281,79.46631711,90.86964548,85.31171713,86.83350305,89.30928919
214.5,79.59831704,89.79137777,84.05017001,86.66013643,87.50796528
214.72,79.35448073,88.38303022,84.85281658,87.1044891,88.3327559
214.94,80.64470557,87.82480342,85.22425401,87.17033173,88.81315952
215.159,80.94797676,87.35684595,85.13954535,87.3893795,88.69197337
215.379,81.24383438,87.50693036,85.01614659,87.71669341,87.72412712
215.599,80.51962068,87.34237464,83.26484724,85.6868254,86.24599036
215.818,79.13303844,88.0606869,83.71512719,85.74859167,86.90925867
216.038,78.55513858,89.19842329,83.73977391,85.81048825,86.37191493
216.258,79.24854317,88.46151649,83.77117512,85.86201919,86.55658777
216.477,80.57355505,89.89706582,87.54151866,86.75573128,87.0126068
216.697,80.84895122,90.14773676,88.3597352,87.41696299,86.01597636
216.916,82.17389296,91.32081646,89.04148476,87.48327608,88.02264463
217.136,82.04814519,92.07399127,89.30963869,87.03510118,87.30270631
217.355,82.2029379,94.31301919,90.44808759,87.4763714,87.5337586
217.575,81.59678999,92.92703564,89.83355272,86.48029774,86.72172484
217.795,83.27875477,94.64848606,91.1262164,87.20790217,88.57199522
218.014,81.45404471,91.32544014,89.39367215,85.76570679,85.85603613
218.234,81.11690968,90.18867485,88.0953989,84.1133033,84.1761088
218.453,82.24781094,89.44622949,88.38703507,83.56986951,85.4597969
218.673,80.16120226,89.41664991,87.72718103,84.09793333,84.69397759
218.892,79.71565142,89.65600808,86.63406532,82.80218997,85.6042968
219.112,79.14521355,88.37383953,85.70933383,81.50876576,85.2953798
219.331,76.74988799,85.84891966,83.79903985,79.06389994,82.56220589
219.55,77.01623094,84.83777166,82.32140214,78.07519871,82.50821796
219.77,76.55900401,84.83048568,79.69220417,78.32712645,83.33295292
219.989,75.86827297,84.63796865,79.49153618,76.59084141,82.14088706
220.209,74.82083311,83.49231378,79.07126365,76.11733911,80.84195133
220.428,74.64112695,85.3973758,79.72054383,76.63022342,82.31273972
220.648,75.14720189,86.06513181,80.99317821,79.58213907,84.1001432
220.867,76.04255059,87.11457032,82.34471016,81.13674936,84.55109312
221.086,78.37947551,86.81766674,82.32477739,80.6169593,85.00087967
221.306,77.9324194,85.05333715,80.82803403,79.88635538,83.65110142
221.525,77.44622459,86.27642246,80.60096172,81.52012735,83.44909306
221.744,78.25542449,86.28491021,79.49992895,82.47967868,82.506767
221.964,78.01365906,86.57462019,78.95943588,82.48307871,82.61680059
222.183,77.73191891,84.17217608,79.69264362,80.83009883,81.01131321
222.402,77.95140505,84.29769983,79.67124894,82.39529372,82.10913814
222.621,78.26176853,84.59811145,80.38376754,83.16944778,82.13856716
222.841,78.85878349,83.37799782,80.2233232,82.40961434,82.1381745
223.06,77.13682383,80.73454432,78.73110796,79.77838027,78.87947884
223.279,75.99383811,79.07616989,76.65947746,78.09881893,78.75297115
223.498,73.3968635,77.4491014,76.02289863,77.12312761,78.05762587
223.718,73.04269538,77.47107414,76.86171584,76.76213679,77.20860161
223.937,74.29152,79.13055037,78.78757258,77.92935845,79.89535143
224.156,76.57720479,81.31707875,81.18877845,79.5197079,82.92205002
224.375,77.4577278,82.44052878,83.66170499,81.06438985,84.01515852
224.594,76.76927737,83.20724757,83.3432234,82.47308963,84.20619392
224.814,78.03145487,83.56065719,83.87771704,81.95212697,84.92766423
225.033,76.54000253,83.34579204,81.88105401,80.94764346,84.58329749
225.252,78.05563512,84.22117796,83.89011201,81.61018197,86.67559369
225.471,80.74959039,87.66838392,86.43400162,85.2428942,90.18062102
225.69,80.02181269,86.79512116,86.10355843,85.08725174,88.72323166
225.909,80.24942172,86.94500994,86.49385041,83.73212993,87.91023322
226.128,80.32711259,88.17676481,86.45806286,86.0321471,88.29285355
226.347,78.63078696,85.63401549,84.61878954,83.37695352,85.76562187
226.567,74.63020717,82.56436449,82.53366846,81.89697447,82.9102086
226.786,72.73975483,81.23878529,81.3032619,79.8807504,79.71920582
227.005,74.89341409,82.9281451,83.07512014,80.48424871,81.77173133
227.224,73.54901117,83.05557267,82.03773238,79.50493568,81.16119105
227.443,75.38944638,84.72344357,83.63502858,79.99292165,82.46410557
227.662,73.33895734,83.52772308,81.03053462,79.28410336,79.39018801
227.881,71.49983193,81.78520968,78.2576251,75.88342689,76.80339848
228.1,71.1685606,81.95797055,78.94740173,75.44798023,76.93559624
228.319,72.89564855,84.6277987,80.02475219,77.34313558,79.0630114
228.538,73.17981258,84.0237541,80.70429361,75.92762576,79.36531751
228.757,74.2003368,84.9928851,80.89502663,76.29378924,79.27698603
228.976,76.92543785,87.94893924,82.41597549,77.60642843,81.0880063
229.195,78.17401781,89.01735008,82.1053381,79.37608983,83.61274728
229.413,75.67423205,86.74721296,80.29916956,77.69688868,80.50442119
229.632,76.03375053,87.12597389,80.69766832,78.92528389,80.39714873
229.851,75.71879078,86.08579666,80.94216971,78.68922411,78.98608897
230.07,74.90710525,87.10305412,82.32166305,78.91440987,79.88510445
230.289,76.90006092,89.12359308,84.28894804,80.44967314,82.01695785
230.508,77.0063553,88.92864837,83.37434313,80.04355713,81.58598042
230.727,76.66711464,88.08574551,82.65340053,79.9639946,81.21742113
230.946,77.18299142,88.7265563,82.58794363,81.55846444,82.6370382
231.164,77.0467864,88.78305,83.68296497,82.35964447,83.93170279
231.383,76.06089651,87.36009999,81.45864792,80.40525826,82.54186656
231.602,75.77046428,87.05404582,81.84705236,78.5861997,82.39080349
231.821,76.59952534,87.99090749,81.86297653,78.82785035,83.67371662
232.04,76.9821388,87.48044296,81.43723091,79.44174793,83.97425258
232.258,76.71803411,87.13091531,80.46386967,78.74597315,83.45651829
232.477,79.37515508,88.58431277,82.08596637,81.27729155,85.27056824
232.696,77.85470446,87.18468554,80.73841563,81.32293653,83.42347731
232.915,77.4130655,87.2763015,81.10137213,81.59055229,82.97860712
233.133,77.61376435,87.82603593,81.90082663,82.54027316,82.85727073
233.352,76.04802403,86.15210037,80.35943797,80.45338496,80.87832378
233.571,77.00680817,86.61910481,80.3804903,82.0396315,80.52934182
233.789,76.9685883,86.39097526,82.71043058,83.11850578,81.53023067
234.008,77.51280691,87.88509357,82.66874219,85.04880589,81.79677832
234.227,76.75684652,86.91674437,82.63062108,84.11660793,80.74555331
234.445,76.44437493,86.63940234,83.25316991,84.45983151,80.02600078
234.664,77.44769902,88.45892679,84.85055739,86.34350405,83.00709286
234.883,77.07240669,88.41512759,83.98227535,86.54563565,83.12705519
235.101,76.47340471,89.75223983,84.50101335,86.76528593,83.80652799
235.32,77.46559758,90.84692888,85.13628442,87.90011539,85.98387758
235.538,76.95002608,89.29516437,84.08069728,85.78544614,85.53566723
235.757,77.2524079,88.99607187,84.31702973,85.89384699,85.74297
235.976,76.99875685,87.77391271,83.92972827,83.86154118,85.69761055
236.194,78.16628258,87.91450116,82.97503778,84.93751162,85.87349556
236.413,78.06385942,86.50023484,83.31663159,83.99031333,85.40486821
236.631,77.61113303,87.03878399,81.8204605,84.10620584,84.93036449
236.85,76.563782,86.96354655,81.18462205,82.88182086,85.75111174
237.068,76.19340304,86.26629773,80.91427716,81.86942814,84.7699788
237.287,76.11906114,85.30874596,80.55892505,81.3185912,82.75953682
237.505,76.16672347,83.34213638,80.10028443,80.33050977,81.83982654
237.724,75.37752248,82.92854547,79.63530595,79.92580654,80.88802228
237.942,76.3277018,84.2443685,79.4846714,81.12743542,81.43125906
238.161,77.10765979,85.5528989,80.09412966,82.21576568,82.01453328
238.379,76.82861035,86.4928915,79.64103757,82.06113369,81.95662629
238.597,74.74079643,85.24689751,78.60470684,79.976673,79.74865184
238.816,74.97041512,85.538466,78.57268693,80.6201968,79.28695024
239.034,75.49700966,84.64654366,79.56359374,80.98505506,79.57821366
239.253,76.11784227,84.40081407,78.9511002,80.87729439,78.19835936
239.471,75.75729716,83.92607757,79.14489726,80.30199174,77.48969052
239.689,75.48654138,83.11125101,79.17458538,78.96493966,77.91384176
239.908,75.1101345,82.6732488,78.45760698,78.58404429,78.54019802
240.126,75.19325977,83.11733965,77.76756482,78.13469363,77.59634799
240.344,75.49815199,83.72452899,79.98023858,79.63446864,78.99651465
240.563,77.13520533,86.16061498,81.66626578,81.04839434,80.17275228
240.781,76.36293844,84.39810076,81.83293125,80.36449333,78.9544298
240.999,76.34007649,84.92148382,82.88936909,80.5546752,80.00302127
241.218,74.891994,84.0319902,81.15514781,77.84852285,79.35801019
241.436,75.45152425,84.56083002,81.89997285,78.90983832,79.68172738
241.654,76.86989493,85.69000374,83.95988335,80.80264052,81.58323643
241.872,77.2803572,85.67262774,84.34745807,82.32182803,82.51227605
242.091,77.62650355,87.04960557,84.30186881,82.24445945,83.25064142
242.309,78.98532696,87.53214059,85.45163897,83.52852785,82.83256576
242.527,79.54211536,87.49246819,86.42586115,83.93043751,83.33605391
242.745,78.5252644,86.6326249,84.89724433,82.13895272,82.16431868
242.963,78.23791608,83.98218313,83.2854708,80.91414072,81.29966486
243.182,78.48966736,85.47267648,83.03733357,81.79766695,82.94835066
243.4,80.07051423,87.00211217,84.78763516,84.43080728,84.8656541
243.618,81.87422718,88.43595347,86.96578013,87.11718966,86.70177695
243.836,80.90181483,87.52726514,84.93282024,85.02671242,86.91591145
244.054,78.96601073,86.17346619,83.79911819,83.25209583,84.90395794
244.272,78.90227099,85.86278819,82.19329232,82.1673424,84.09688327
244.49,80.03443616,86.52404162,82.90203263,84.27487404,85.07624524
244.708,79.94590917,87.12207269,83.38562407,83.4462681,85.55973965
244.927,77.79614193,85.93220909,80.63063289,81.28865402,84.71427927
245.145,77.97197136,85.20816697,81.19109734,82.11899549,84.74104646
245.363,76.47502466,85.49507633,81.35354107,81.75706371,84.61946914
245.581,76.43988829,85.15320821,79.73071724,81.22550312,84.28337889
245.799,77.99461503,86.88075706,80.15810976,81.53697187,85.72480148
246.017,76.35259635,84.61173836,78.56264101,80.9058166,82.92627546
246.235,79.0648091,88.03434128,82.22658569,84.04608312,84.91605893
246.453,80.71595108,89.63098656,83.39130583,85.53408932,87.65918242
246.671,80.68000694,90.88106134,85.07394608,87.78969954,89.03869062
246.889,79.58864818,89.39586262,84.44065934,86.58289696,88.18778247
247.107,78.36496733,89.48038258,84.594654,85.51061063,87.3173926
247.325,78.46597872,87.94285149,85.45874912,84.55833553,85.95013558
247.543,77.91704895,88.27741569,84.68830894,83.44545417,85.37692615
247.76,77.15252019,86.75991614,83.3352485,82.85895577,84.94400391
247.978,75.99904778,85.36178408,83.92467896,81.46003906,83.93397442
248.196,75.1501399,83.78291223,82.06034091,80.54288256,83.11911235
248.414,77.93090437,87.02010178,83.72237283,82.45898933,86.76392739
248.632,75.66785283,85.01948243,82.27582537,80.58221955,84.71485323
248.85,75.20886573,84.0171454,79.85975706,79.49027583,83.63438263
249.068,75.35901769,83.72541141,79.63665003,78.14677571,83.3222213
249.286,75.38841258,84.46063481,79.43045075,78.37100246,82.65883126
249.503,76.26114811,84.13533283,79.51329297,79.93977482,84.01556323
249.721,78.76850152,87.18139092,81.49556892,83.44573542,87.1949569
249.939,80.31093005,89.38734435,81.24874087,84.81156214,87.76114764
250.157,81.82863569,91.77456226,84.22306272,86.07080962,89.29547225
250.375,81.56265452,94.20099537,84.92121089,88.19046578,88.93409607
250.592,79.68583888,92.55520388,83.85638214,85.97490483,85.86768385
250.81,77.81775119,90.50551361,83.3142454,84.5322245,83.55121656
251.028,79.71750974,91.17203766,83.08379904,85.40716186,84.20292735
251.246,78.93010538,90.96264441,83.00470097,84.07593663,83.10187379
251.463,80.62176737,92.69249602,84.48647981,84.94646212,84.12118786
251.681,79.62818831,91.02220567,82.99677738,83.28358715,83.70551254
251.899,79.12636185,90.43896331,82.07431216,81.88683798,82.24419886
252.116,76.93022016,88.85491207,81.13995577,80.688702,80.0008893
252.334,75.59935272,87.81223443,82.05927795,79.85772392,79.9559853
252.552,76.11767499,87.26199799,79.99738547,78.75799338,79.89054686
252.769,76.678478,85.11689688,78.24303353,77.35182255,79.98122459
252.987,77.25994445,86.00551423,79.36449932,78.97704799,81.24854756
253.205,77.5348453,85.66002365,78.53072807,78.50025596,82.1250797
253.422,76.1101349,84.76506399,77.91004959,77.56065703,81.54166846
253.64,78.00741723,85.22032969,80.88999114,79.84957849,83.89614966
253.857,75.94194655,82.5251807,78.64090664,78.23325686,81.90931037
254.075,78.04221081,84.80980069,80.77061293,80.2351006,84.27572786
254.293,77.82384083,85.47954704,81.40184518,81.6298961,84.40621417
254.51,79.47128055,86.05598217,81.38613724,81.98601912,86.19884818
254.728,79.50416944,84.90933872,79.73136889,81.31908488,85.53714912
254.945,77.71743043,84.52828916,79.76073183,80.59352161,83.79449698
255.163,76.68006934,83.53094994,80.70446088,79.95300227,82.66485607
255.38,76.39519532,83.0092338,80.3447115,79.25776571,82.59041729
255.598,75.52051009,83.01538687,80.45163447,79.30223723,82.41825584
255.815,75.2192946,83.71845791,81.12045737,80.3260447,82.95091912
256.033,74.29290181,84.50594958,79.79411275,79.69306066,81.25343782
256.25,73.20686532,83.3709931,78.85933322,78.99320164,80.7079094
256.467,71.97349467,81.46097272,77.53896234,78.07372716,78.19784214
256.685,72.87198646,80.35307039,77.84641171,77.37101222,78.41622637
256.902,72.21101397,80.53028589,78.11788406,77.0384592,77.90979853
257.12,71.85762024,81.01390327,79.60705508,78.00624673,78.14557701
257.337,73.26262172,81.89436115,80.41778898,80.13717854,79.64149831
257.555,75.06946014,83.38122282,81.07645213,81.9478136,82.11073862
257.772,74.65902221,83.07063056,80.51223214,81.42202924,81.28789667
257.989,74.66158397,82.71117558,80.71088693,80.49818391,79.80970826
258.207,74.72577604,82.5426189,81.48053567,79.54572021,79.63417583
258.424,74.43819529,82.31993383,81.43785873,78.61106889,79.58949784
258.641,74.68801314,82.26958813,81.13482825,78.93969874,79.63713006
258.859,74.69418484,82.49948377,81.75887151,78.97994413,79.40988213
259.076,74.47261042,84.66195577,81.209299,79.88126869,80.10131839
259.293,73.33110319,82.96132382,80.43510973,79.4663012,78.59722649
259.51,73.12148535,82.81348772,80.13335479,79.22949725,77.26627231
259.728,72.16411542,80.81032775,79.02325028,77.07058828,75.51274655
259.945,73.12274905,82.61697187,80.38251858,78.5057622,76.42646135
260.162,73.57370386,82.58602967,81.16973654,78.13356174,76.71215911
260.379,75.60510952,84.77942583,82.80892305,80.51591214,79.08647512
260.597,76.58996396,84.96068155,82.84994059,81.00971877,79.16749216
260.814,75.82670401,84.42947695,82.04256334,80.68067522,78.67051004
261.031,76.49299794,85.83835769,83.31087792,80.87123273,79.25036745
261.248,77.56332007,87.32947639,84.15741925,81.91628825,82.01370964
261.465,78.6128034,86.69157885,84.2836768,81.83286542,82.44936188
261.682,79.35414546,86.90210087,84.8486465,81.38094926,81.77120443
261.9,79.45807278,86.24427735,84.18659691,81.27106601,82.73344072
262.117,80.193779,87.31748817,84.88633159,81.92429094,83.25401141
262.334,78.21521691,84.24931976,81.50140844,77.92435038,80.60014272
262.551,78.58064993,84.80098587,82.1857894,78.27610633,81.80458276
262.768,77.7653294,83.1123527,80.79485639,77.35651639,81.55933586
262.985,76.5016432,82.08928832,79.88289191,76.71144234,81.09643216
263.202,76.30766491,81.39379108,80.11643049,76.54618467,81.47863742
263.419,76.03303389,81.49217548,79.64424355,77.54652571,81.22020524
263.636,76.10587925,81.06597038,79.76335586,76.97717683,80.27403916
263.853,73.22929392,78.58718932,77.91935485,74.03577978,77.77612333
264.07,73.59490804,80.27896865,77.03234526,74.89542469,80.36282204
264.287,73.86287163,79.19083184,77.51134248,74.0460316,79.92635852
264.504,74.30174592,79.66674055,79.13457879,76.02729019,81.72682495
264.721,73.8209386,78.06642432,78.49293472,76.33319391,80.79853477
264.938,74.46911224,79.26585062,78.22821764,78.40105135,81.13532368
265.155,74.52054775,79.90213666,79.16689483,79.09305487,81.96859416
265.372,76.26169802,81.13664156,79.54987341,78.87423616,83.27776791
265.589,75.76094297,80.66147738,77.29068436,78.55241231,82.113949
265.806,75.98671737,81.4467011,77.50792821,78.82227625,82.8406368
266.023,73.3044167,80.02588,74.93509335,76.09958793,81.41980669
266.24,76.29863462,82.41302102,77.32750175,78.5039794,83.82694995
266.457,78.0891429,83.87045938,80.82041031,80.70921295,84.49883809
266.674,79.80980669,87.27411694,81.43295128,83.18653551,86.65302216
266.89,78.38139046,85.86263171,79.24322481,81.24431015,84.29578869
267.107,79.51380907,88.7191994,81.02391553,82.15991576,85.25151868
267.324,78.6587671,87.24033586,80.60813782,79.44389935,83.94909673
267.541,77.73057196,86.56172463,78.94440197,78.13202036,81.3429544
267.758,77.77061296,86.30132309,79.23979038,79.6094623,81.3638024
267.975,78.99066103,87.47717531,81.59148565,80.30465941,82.42125505
268.191,79.16622344,86.02578916,82.27696605,80.14925919,81.8767472
268.408,80.79472289,87.13097338,83.82301485,81.58821155,81.40837363
268.625,79.46395871,87.06909811,83.00561223,81.627576,80.78834115
268.842,77.54113957,84.70119814,80.65806783,78.48388176,78.78219079
269.058,76.2836506,83.81546235,81.16673787,78.0358663,78.90017269
269.275,76.93787313,84.2015673,81.12729017,78.23252675,79.8797418
269.492,75.81787149,83.42114605,80.26412093,77.57012076,79.33795047
269.709,76.47506596,84.48392531,80.40529133,78.88421377,79.95019632
269.925,78.09912011,85.96696828,82.23258681,79.42180662,81.64593389
270.142,78.59912138,86.4435201,82.2993488,80.3353692,81.93578397
270.359,79.45093815,87.0002817,83.53816816,82.41008574,83.43335908
270.575,78.97987851,86.67291116,81.63954953,80.71440327,83.06261398
270.792,79.65767859,87.30343076,81.96524487,81.94762917,85.17084157
271.008,78.72950777,86.69848372,82.41594234,82.13661405,84.79152861
271.225,80.72790314,89.6868878,84.29916392,85.33875823,87.59430678
271.442,80.12033608,88.45339375,82.95681425,83.51945147,85.92314398
271.658,78.43441894,87.14968369,82.0187543,81.46905538,84.02734083
271.875,79.72926637,87.9748151,82.98949576,82.34173416,85.39003828
272.091,80.33797531,89.09810211,84.54159045,83.79546912,87.76245657
272.308,79.25075543,88.11186263,83.59167728,82.40653117,86.69655473
272.524,77.49345658,87.50536961,82.88249868,81.62254409,86.16531961
272.741,78.39857729,89.12141539,83.99051602,81.43611274,86.87706962
272.958,77.78646206,89.08038246,83.10973294,81.47355673,86.65079332
273.174,76.47747118,86.53703534,81.83776482,80.18493702,84.45841648
273.391,77.83974755,87.8103843,82.4762042,79.70567766,85.6069779
273.607,75.8854518,84.98533232,81.05515967,77.22705217,83.1917517
273.823,76.55016555,85.07673833,81.8620334,77.21147214,84.18430899
274.04,79.09049983,86.71534323,83.66698327,79.71865254,85.93222111
274.256,79.04575176,86.09710821,84.76216177,80.12961664,86.01740978
274.473,77.6772464,84.66210846,83.32715114,78.97291622,83.22075534
274.689,78.48703418,84.81208035,84.18449659,80.9856597,85.17471767
274.906,78.57412492,83.4833645,83.46986358,78.64257826,83.65142176
275.122,76.68466527,81.46749643,81.12655566,77.10981739,81.9300728
275.338,77.37284732,82.01419263,83.67226442,77.8504488,81.43121385
275.555,76.35980735,83.16417317,83.31564893,77.37830923,81.46083788
275.771,77.32134946,84.38440168,84.72282052,78.38352754,82.42447768
275.987,76.9940141,84.69964147,84.17854745,78.63570473,82.92429913
276.204,76.73218336,85.4171452,84.28459952,79.94106991,81.92006166
276.42,75.03900393,84.78134387,83.08445215,77.82563308,80.11678103
276.636,75.50131221,85.02386455,81.77165624,77.79993662,79.81026586
276.853,75.80309187,84.84461832,81.76888273,76.6397795,80.63249668
277.069,74.4467501,84.37946106,80.79746476,75.64618981,78.56108267
277.285,74.67118271,85.10762206,81.55125605,76.81053522,79.53757318
277.502,76.0929902,85.78016683,83.22046894,77.48618704,79.99046752
277.718,76.38348253,85.90163246,81.55106005,76.6460969,80.38886458
277.934,77.69083428,86.40756631,83.52165226,78.65189382,81.3384701
278.15,77.73461839,86.19023987,82.63027974,79.44000535,81.97086952
278.366,76.99616809,85.50775679,81.92904676,79.53144402,81.35157402
278.583,77.08473658,83.74944764,80.59242094,77.67018463,80.61237558
278.799,78.35418729,84.92875081,82.0238563,78.77177531,82.2172498
279.015,78.29878726,85.51293207,83.14426706,79.15710802,82.246683
279.231,79.04655377,87.25978089,84.1419092,80.46906884,82.14194599
279.447,79.05385843,86.55979065,83.2709048,80.56598835,82.62923978
279.663,78.6625014,86.63721341,82.31987979,80.46888707,82.25799635
279.88,76.70893254,85.69139016,79.99240516,80.0867245,80.71017647
280.096,76.6215854,85.90240485,81.25998118,81.17914474,81.16750004
280.312,76.39156688,85.72787786,79.94096123,80.53781947,81.39097066
280.528,75.51030553,84.23685206,78.98203375,79.52461686,78.70836168
280.744,76.35172976,85.61362786,79.08671851,80.10749384,79.72968021
280.96,75.65417073,86.31134522,78.98069831,80.62398117,79.69028319
281.176,75.62806878,86.88081825,78.83746275,81.03106482,80.05823718
281.392,76.91000413,88.4660784,79.70959668,83.22346587,81.17949107
281.608,76.35087806,86.71268521,79.29838758,83.08579352,81.59996586
281.824,77.32077014,87.63287737,81.29105565,82.86970614,81.46403709
282.04,77.35084417,88.21350898,81.8775407,83.87933894,82.49910305
282.256,76.96832996,87.72314911,81.50614481,83.53098108,82.94159885
282.472,77.63022811,87.70388247,81.19082985,83.51319688,83.14278886
282.688,76.66835533,87.33918769,81.23147423,81.73403422,81.80827409
282.904,76.41761567,87.3998594,81.43129551,81.73450669,81.55520562
283.12,75.7455767,87.0980742,82.04562538,81.09168047,80.56463898
283.336,78.09971183,89.31576955,83.7388022,82.61316354,83.03939692
283.552,77.55163609,88.7438467,83.94423219,82.6691384,82.42629184
283.768,76.13427588,87.01956089,81.89637414,80.39243814,81.45773996
283.984,74.99186346,86.71098228,80.19434821,79.6095685,80.09929443
284.199,74.28233361,86.74094255,78.11643104,79.29317732,80.33940461
284.415,74.15548116,86.34824405,78.43310012,78.41983199,79.43902458
284.631,75.40787802,86.3528302,79.15703322,78.62139653,79.57598094
284.847,75.04023496,87.30497502,79.29610069,79.07680509,79.96803176
285.063,76.53457791,87.87372752,79.18200587,80.73820167,81.50211416
285.279,77.07452595,87.57457073,78.37256698,80.79101693,82.65683489
285.494,78.2113783,86.13390314,77.48176437,81.27309548,83.90154977
285.71,76.18026137,84.46653769,76.26410739,80.83846031,81.61942216
285.926,76.07145861,83.79166803,74.70535876,79.35641785,81.85805991
286.142,76.35590106,84.33378042,75.94049615,79.71504934,83.48352068
286.357,75.21784321,82.56089319,75.99301107,78.61320808,82.2447479
286.573,75.46438886,82.37818361,76.52595455,78.32716236,82.21347362
286.789,75.61915103,81.10855989,74.91622857,77.47649038,81.94951445
287.005,75.8099067,81.62516764,75.29486803,78.01125266,82.54333187
287.22,76.80568826,81.67147627,75.50667996,78.00829473,82.1677566
287.436,75.91947315,81.05138681,74.70762411,76.98721575,81.02873584
287.652,75.73576392,81.57252943,74.80179929,76.04363963,80.16204401
287.867,74.47256872,81.47159776,73.98316104,74.59874193,78.04376241
288.083,76.05983797,82.45931779,75.60375778,74.48660907,79.32319396
288.299,78.26405227,84.83666444,77.88308807,78.41687706,81.92606523
288.514,78.29460836,85.40116033,78.31598136,78.44275368,80.86954663
288.73,81.0875209,87.16150451,79.02199425,79.6921116,82.31087895
288.945,80.13469979,86.36724194,79.74554387,79.61751594,82.98476458
289.161,81.01492896,88.28553173,82.63232143,81.70133496,84.29309667
289.377,81.32113653,88.6116801,82.82420162,81.15607194,84.01605613
289.592,79.55565693,86.84270961,81.57845591,80.60061879,83.6644289
289.808,79.9993618,87.78964378,82.79302589,82.31736809,84.59154629
290.023,79.42833967,86.99482778,82.52888313,82.68561114,84.72772935
290.239,81.20265929,87.84241,83.96511832,83.85636591,85.96842394
290.454,78.84640357,86.22002663,81.48897143,82.67511183,84.65150164
290.67,77.52939695,85.5079923,80.19249997,81.0870444,82.88918441
290.885,76.80552433,84.46538833,80.70516667,80.91679344,82.50100576
291.101,75.95177739,84.76316451,81.89281783,80.99881303,82.53530759
291.316,76.42608644,84.04883414,80.00474628,81.01232705,81.27705544
291.532,75.59602911,82.79031974,78.5753311,79.41118869,80.79105822
291.747,74.97278747,83.13517672,79.25264472,79.9106622,81.45264426
291.963,75.98979629,83.4528514,81.02780954,81.11214071,83.71588293
292.178,75.59708667,82.45025354,81.08191022,79.59463238,83.02670055
292.393,74.60765611,81.78763641,80.36991597,78.37184411,82.33097592
292.609,75.38522055,82.70843798,81.80806515,78.7260607,82.94562561
292.824,76.65675391,82.81694044,82.84886237,79.01828784,83.47492898
293.039,75.65313803,81.40254318,82.58281138,78.47180086,82.8479523
293.255,76.17024148,82.42085584,82.0731807,78.44467629,84.026946
293.47,76.18927202,82.90029538,81.16804562,78.90304613,83.60433794
293.686,75.38626802,82.95352308,81.80932913,78.13255203,83.44735684
293.901,76.28207026,84.56301801,83.42553294,80.06240379,83.50762604
294.116,75.11281457,83.73366629,82.18072947,78.93101957,82.28918356
294.331,74.31402574,82.99494096,80.26163096,76.55574405,79.37751469
294.547,75.07481265,83.28725727,80.85561541,77.37257386,80.56760672
294.762,76.08670164,83.85082191,82.71419874,78.52069421,81.53218541
294.977,75.60814104,84.47473594,82.36107432,79.70773989,82.88852101
295.192,75.46215799,84.56866864,82.32182974,79.34100216,82.27948457
295.408,76.22236404,85.34394928,82.11374833,78.3567637,82.5570412
295.623,76.0863744,85.19013373,81.49559224,78.67497994,81.89184801
295.838,75.26163374,85.3362229,81.94276909,77.49866467,82.1391415
296.053,76.87289445,87.62823085,83.23889037,78.76215833,83.58346092
296.268,75.6347075,85.71416612,81.13973585,77.55984841,82.45692509
296.484,76.96286117,85.85197579,81.73300211,77.61208367,83.51637882
296.699,77.47925419,88.1108223,83.92473251,79.14930988,85.64298481
296.914,79.01922204,89.53626884,84.57604621,80.20408274,86.81596665
297.129,78.78324536,90.19462997,83.36336255,80.25232068,86.2168536
297.344,78.31596041,89.33836097,82.52561595,79.3844079,84.98339589
297.559,78.22963127,89.68140256,82.84671256,79.6899093,85.78347261
297.774,77.25727119,88.53927898,82.20221389,78.57907631,84.40528862
297.989,77.63358891,87.37304161,82.67646613,78.78718197,84.77584265
298.204,80.21507029,87.40519632,83.4210953,80.84044334,86.51849894
298.419,79.21178231,85.95676511,82.3020432,80.39022701,85.42304069
298.635,79.81622905,86.52384929,82.9525946,80.32030297,86.91693785
298.85,80.28287935,87.72393006,84.48219703,82.06428426,88.23522908
299.065,79.61879529,86.18243028,83.17666557,81.6394282,86.01915183
299.28,78.68100557,86.2561177,83.29288165,81.40016932,85.6150736
299.495,79.43442165,86.89984306,84.3074164,82.61704615,86.71559689
299.71,79.30977532,86.18824806,84.29480044,82.63928672,85.81673735
299.924,78.21262887,85.17162152,83.50547364,82.21609989,85.3506451
300.139,78.13689975,85.1829172,84.78506648,83.7220771,86.4751929
300.354,78.00374906,85.69436182,84.57784727,82.72123361,85.39579859
300.569,76.80648139,84.93658018,83.48834766,80.73490461,84.17993479
300.784,78.35615153,88.32643707,86.18282015,83.56664533,87.20877147
300.999,79.31793891,88.9379953,86.67139,83.96671617,87.2138457
301.214,77.19028712,85.74485149,83.83713136,81.93761119,84.98313554
301.429,76.75774058,84.00121812,82.70866804,80.57452228,84.38671552
301.644,76.08394136,82.720247,80.54943495,80.1279565,83.19702025
301.859,75.21458808,81.86612015,80.34214319,79.50918107,82.94087461
302.073,74.41196302,82.56725559,80.12542473,78.44153341,83.38716412
302.288,75.28891889,83.00738086,80.84488449,79.66400167,84.36892464
302.503,77.40848717,84.70091392,81.50879179,81.40316521,85.60304025
302.718,76.99165112,84.57897945,80.75753549,82.07029296,86.06484021
302.933,76.43351361,85.12134279,80.24098746,81.81954604,85.767227
303.147,76.31913823,83.11393239,78.56344079,80.8481434,84.76866572
303.362,76.04657794,83.50597264,79.13418429,81.7572573,84.67963724
303.577,77.36973313,84.84644755,79.70270058,82.67853959,84.74715169
303.792,76.44780764,86.26212922,80.84838896,83.54071598,85.90702402
304.006,79.00973543,89.62007051,83.47323726,85.51593379,88.16968493
304.221,79.72478835,88.9874106,83.4101166,85.42066999,87.86908173
304.436,80.72505425,89.10119597,83.96747912,87.19264724,89.35770114
304.65,81.4379247,90.5331018,85.26279887,88.2337439,90.61602226
304.865,78.82576416,88.61753495,83.0990395,85.42926496,88.22731938
305.08,78.63891221,89.2404583,83.87318727,85.82197559,87.7310412
305.294,80.10357249,89.18881881,84.72952902,87.20037221,88.47257629
305.509,80.45753565,89.5474285,86.22931305,87.79928514,88.2539252
305.724,78.60980952,88.24935288,85.11869296,86.05821843,86.61499317
305.938,79.81485191,90.08471819,87.62044614,87.67336612,88.52359497
306.153,80.69323928,90.43050565,87.35871639,87.00984286,88.40431217
306.367,78.16764559,87.11770748,86.90064401,85.3693985,85.14562978
306.582,78.64598919,88.6122787,88.73202015,86.56441334,85.92454784
306.797,77.8182355,87.39001287,86.99887516,84.01325311,83.84622167
307.011,77.0440289,85.89909435,84.58320474,82.66195357,82.12841515
307.226,78.2381488,86.39293233,85.84386801,83.16324131,82.81884918
307.44,76.70394564,84.23497453,83.11148677,81.06796246,81.94885196
307.655,76.2590378,84.1576182,83.89646861,81.16385016,81.86539123
307.869,73.02542474,81.61840852,80.48984729,77.8020994,79.11836109
308.084,73.07602546,81.88923564,79.50954532,77.14797263,78.83431874
308.298,72.53607257,82.0050193,79.26666284,75.98428784,77.20362565
308.513,73.44287149,83.57763123,79.9996236,77.06621208,78.67542519
308.727,73.2746271,83.14474258,78.75772882,75.83132734,80.47647579
308.941,72.90499561,82.07794789,76.4631959,74.31026097,78.99603839
309.156,72.48744143,81.88663704,78.01945779,76.27387585,78.77790944
309.37,72.95469324,81.84888947,78.20997399,76.53026686,78.01241106
309.585,72.60702777,82.10569929,78.37255155,76.75850505,78.88086808
309.799,74.3179236,84.07245588,80.76509855,78.16979041,81.08358549
310.013,73.25977496,83.07079331,78.42529083,76.41502804,79.68046968
310.228,77.16929981,85.59218437,82.22980506,78.63514387,81.8336544
310.442,78.32220394,86.61591618,83.09116445,80.1695168,83.57723179
310.656,78.12251691,85.8848338,82.64003598,80.35037642,84.72863696
310.871,78.53300916,85.13371489,83.16184644,80.18977923,84.99137721
311.085,77.84941819,85.25422141,82.07505888,80.07481856,83.90059071
311.299,77.16583273,86.64645744,83.55494293,80.71735155,85.49227587
311.514,77.33259652,87.48921203,83.13368045,79.65283552,85.74832272
311.728,77.571766,88.10319307,83.57695001,78.88773018,86.38418044
311.942,79.48558748,88.49685485,83.89209336,79.91359895,86.9571687
312.156,80.13566654,87.98195169,83.63049034,78.95298539,85.88287249
312.37,80.2540969,87.62557479,83.75896575,79.66068161,85.66574152
312.585,80.14826185,87.83455393,82.02068705,80.47625845,85.53842442
312.799,79.61583894,86.90869519,81.50529687,78.91322941,84.342492
313.013,79.97103098,88.13455907,81.02823642,80.13536983,84.74662301
313.227,78.10028904,86.86408874,80.13222694,79.49997932,83.5360229
313.441,78.6992261,87.58344186,81.70607228,81.10470039,84.46304188
313.656,79.04833563,86.48673555,80.61123292,80.29334967,83.14343301
313.87,79.13797014,85.94007049,80.53344602,79.81334594,82.94442465
314.084,78.01195937,85.63974788,80.81540955,80.40555138,81.95931724
314.298,77.3322334,86.22015289,80.56508166,79.36942423,80.08107339
314.512,76.90251771,86.28426189,81.00973672,81.05752864,80.8037145
314.726,77.83185979,87.50803889,83.09843766,82.69782944,83.03815542
314.94,76.4064166,87.29423426,83.95180529,82.22459699,84.42326043
315.154,77.01057077,87.19674746,83.63002636,83.18906382,84.74618307
315.368,75.07116084,85.29260314,82.27798337,80.97942799,82.9396404
315.582,77.54425882,86.6736844,82.53031724,82.62253473,83.70315168
315.796,77.13519031,85.96621821,81.92767416,81.46100485,82.20999179
316.01,77.37396919,86.1300724,82.99032784,82.38505505,83.70025933
316.224,77.3986295,86.39425973,83.10375648,83.26493562,84.30995686
316.438,78.46362324,88.00015326,82.74387723,84.17062177,86.12430632
316.652,78.11496973,87.33457486,83.04779825,85.13215319,86.71097769
316.866,77.99544264,87.44557307,83.19886216,84.00451454,86.69563466
317.08,78.49705394,88.80177391,83.11707446,83.62154702,85.80495685
317.294,78.29741728,88.33791548,81.62967954,82.68613347,84.66549722
317.508,78.59241688,89.09100964,83.71520529,82.14392745,85.86875957
317.722,80.2495945,88.63169415,84.26454476,82.71911296,85.98859738
317.936,78.38904899,90.00914513,84.70945497,81.12728285,85.61430879
318.15,79.05898247,91.35536308,85.6821135,81.29536719,86.37826366
318.364,78.5371188,90.6510687,84.78310066,80.70637081,85.52782597
318.577,78.92362817,91.10853908,85.98430377,81.89060655,85.60581477
318.791,77.59184203,88.95496848,84.73925423,80.01537021,83.30265113
319.005,78.42702976,90.23550277,84.77030336,81.39439436,84.47399995
319.219,78.30519173,89.75237038,83.70289422,81.01142129,83.12894047
319.433,76.37195947,88.01809663,82.08545751,79.65160525,82.51937408
319.647,75.76823536,88.3446006,82.65221801,79.49342664,82.05064145
319.86,75.40219537,89.55725592,82.30909817,79.06840426,81.49053282
320.074,74.52481014,91.28726321,82.68477402,78.81084775,81.54411177
320.288,73.9398895,88.54281684,82.14478976,79.31377213,80.14144192
320.502,74.16125369,89.09817944,81.19541819,79.91616528,80.69343772
320.715,72.09236376,87.33698798,79.70898725,78.28454186,77.87053312
320.929,73.61572118,88.6243371,80.5163438,78.12547856,79.21182836
321.143,74.44271388,89.72686247,81.37463348,79.09857959,79.02899374
321.356,72.20679674,88.10484249,80.99650407,77.84322622,78.23549495
321.57,71.56918667,88.72142317,81.40155067,78.16904801,78.42621331
321.784,72.63453823,89.10734184,82.537529,78.42593656,79.57038551
321.997,73.43845701,89.36114768,82.50543265,79.06778121,80.01097056
322.211,73.68889072,88.67978009,81.46060499,79.85170043,79.48102135
322.425,72.59327366,87.44356215,80.73758705,78.91831744,78.28549481
322.638,75.39444661,88.6493677,81.62822862,80.36518767,80.62714709
322.852,76.79465497,87.4865431,83.04880391,80.88391754,81.70332435
323.065,79.18660976,89.09417173,84.42382117,81.84415917,84.22351366
323.279,78.2045651,88.1765486,82.42007141,80.16737382,82.55239209
323.493,78.59023413,89.26882233,82.93553551,81.16207687,84.26721553
323.706,77.81375174,87.87701952,81.16560683,78.91199452,82.53900092
323.92,77.57606035,86.78889476,80.65350986,78.9750193,82.7508321
324.133,76.85200819,86.84134667,79.34858113,80.00719924,83.28110883
324.347,77.72116618,87.07328738,81.00010913,80.51924022,83.15284813
324.56,78.10513736,86.03262963,81.26008731,80.01604466,83.63889436
324.774,80.40281165,87.81367009,83.34901035,82.79639388,86.28272447
324.987,78.70105538,87.08759943,82.5884867,82.09615973,84.77776972
325.201,75.03556636,84.58615154,79.2505759,79.96684638,81.9197915
325.414,75.24387426,85.91669964,79.49574218,80.02783855,82.18803105
325.627,73.34858894,84.30175851,79.64888885,80.25737662,82.34538595
325.841,73.08848581,83.87794961,80.2736106,79.72976484,82.46206825
326.054,76.48428577,87.26728736,83.09501934,81.74930188,85.32397103
326.268,77.12139383,87.76724229,83.47511172,82.23801205,85.01891408
326.481,78.10660155,87.88743617,84.92251771,81.92290273,85.29291464
326.694,78.09028566,86.84950922,84.05732179,80.25647133,85.09893014
326.908,76.5485569,86.40658007,83.73686869,80.39895179,85.19870608
327.121,76.50095325,87.39938656,82.86669508,80.50577791,85.27139599
327.334,77.31901022,89.83603612,83.80674963,81.82690505,86.79452811
327.548,80.04929567,93.67763629,86.45982542,83.71683131,89.51188291
327.761,81.65478453,95.06556362,88.50719592,86.90916256,90.63415936
327.974,83.53828289,96.74714987,88.75951653,87.95232554,90.43895351
328.187,85.1859087,97.50307547,89.09240256,88.73071127,91.87283925
328.401,82.67295782,94.37072811,86.22594278,88.06192223,89.45382196
328.614,83.59903128,95.73072468,87.5129454,89.06223718,91.2545125
328.827,83.78497313,96.04968575,87.74879153,89.77814644,90.37698382
329.04,81.62279193,94.86520107,85.78675659,89.70235979,90.28653219
329.254,82.84850867,95.22408813,86.17066326,89.30880873,90.3861027
329.467,82.21819879,93.51918324,86.9029184,88.21735701,89.94193462
329.68,82.15937868,92.17006969,86.04171859,87.06484864,88.85616076
329.893,81.50613527,90.55481398,86.37032733,86.66273247,88.55961698
330.106,79.66921288,88.04129301,85.41748515,83.76670427,87.97220326
330.32,78.49994859,86.42750555,83.97892295,81.50486601,87.5071934
330.533,75.87315503,83.45514095,82.11279863,78.74241507,84.78842427
330.746,76.77254571,84.30036472,83.08763108,79.55543153,85.66191428
330.959,75.19060685,82.88568706,81.96092116,76.96671837,83.01067418
331.172,74.90777169,82.89652076,81.52173557,76.94239549,83.66394194
331.385,74.71056949,84.18574764,82.99764546,77.89530073,84.51406739
331.598,75.37373551,84.77838922,82.65874417,79.2388781,84.60518733
331.811,76.00323422,84.69751364,81.63453635,78.27181857,83.89944421
332.024,75.35426867,85.19401313,82.66666152,78.99302926,83.98806524
332.237,74.97426753,83.81563444,80.92585299,78.94493886,81.68324197
332.45,77.03368008,86.15811867,81.62774347,81.26861629,83.57367162
332.663,77.57798983,86.4848135,82.34417346,82.31058581,83.19340014
332.876,79.78632675,88.56603992,84.21273449,85.016903,86.23510605
333.089,78.69264206,87.86056518,84.49992703,84.62375436,86.09889851
333.302,79.88316844,88.61539188,85.4599822,86.43608187,87.6260863
333.515,78.4137868,87.68276952,84.96494797,84.65437231,86.41725774
333.728,78.07014682,86.43487538,83.23139716,83.34766863,84.64859881
333.941,77.19300439,85.9310312,83.77118894,81.91494855,84.10585299
334.154,76.78885717,85.82558873,83.2830396,81.76625406,84.50375298
334.367,78.12427558,84.68203615,82.42559365,81.0388663,84.21802048
334.58,78.21110151,86.122563,82.93251157,81.54858503,86.23177071
334.793,77.3449676,84.85222362,80.71119824,78.86314571,84.26208677
335.005,76.79721669,84.82793143,79.02944152,78.04482115,83.37113215
335.218,76.12853269,84.90429097,77.9801316,77.74349085,82.927972
335.431,76.4236037,85.94544515,78.27509746,77.52987199,83.18897308
335.644,75.58926332,83.85169965,76.43941666,76.88732611,81.74350824
335.857,76.96808653,84.51725648,76.88168902,78.00880153,81.82216337
336.069,77.47128919,84.94698274,77.87578532,79.17437015,81.6090414
336.282,76.2396529,84.39618556,76.13247153,80.44933466,80.64759535
336.495,74.94407691,83.71619934,75.2819724,79.42910735,78.93188071
336.708,74.48984803,83.13524562,74.83143436,78.45340495,78.42752586
336.92,74.38102433,82.95629932,75.85753344,77.47604692,77.64421656
337.133,73.10899965,81.19949234,76.20414272,78.13089253,76.90268556
337.346,74.05516228,82.719184,78.72691897,79.2426377,79.17519162
337.559,73.9176697,81.90873265,79.73996502,78.70476187,78.98758814
337.771,75.39613713,83.91195735,80.80188563,79.78524466,79.07722418
337.984,76.19459286,86.12807304,81.58515354,80.23212238,80.06110971
338.197,76.05805735,86.19696156,82.03998099,79.85879738,80.87539176
338.409,76.97684474,85.59220675,82.60697157,79.07768619,81.69407852
338.622,78.07412471,86.35724957,83.51547596,77.76937678,82.83430875
338.835,78.02214041,85.19836882,84.30588807,79.30980416,82.5803053
339.047,77.95215992,86.27285893,84.84554445,79.66953996,84.21292818
339.26,77.26574943,86.24364686,84.06691797,78.62158696,84.05938308
339.472,77.48766755,87.32291392,83.18752795,78.24697867,84.14072354
339.685,78.97047886,88.80393665,83.88111149,80.33585563,85.64776379
339.897,79.48158418,89.55280035,83.14274858,81.12963494,85.25506358
340.11,79.20644065,87.5382217,82.25876554,79.83965568,84.83789994
340.323,77.71403584,86.40680004,82.03339597,78.71727153,84.45276109
340.535,78.06969627,85.11017157,80.6719402,78.18280187,83.38337139
340.748,78.46525073,86.5994604,80.95075371,79.20876572,84.09648479
340.96,77.26868482,85.71022996,81.09369231,79.62175051,84.49011877
341.173,77.46051925,86.90307646,80.60243402,79.85004821,85.35957299
341.385,75.78627857,85.22578001,78.87239607,79.09826203,83.48242952
341.597,76.97793399,86.58679633,79.5803451,81.85094493,84.92074077
341.81,75.40962651,86.2315023,79.12410765,81.21986352,84.4542582
342.022,72.31627807,82.04836208,75.63407727,77.38549203,80.62860513
342.235,71.43955615,81.32256937,74.96579994,76.15942576,80.18149518
342.447,72.13933265,83.1409604,75.75825305,78.75881563,82.08340191
342.659,73.00616385,82.34751144,75.10294364,78.12080216,81.16438737
342.872,72.48602642,83.27746251,74.77092514,78.25780806,82.09058478
343.084,72.18118723,82.0451484,73.85963704,77.41162894,81.52217292
343.297,71.28298672,81.14646134,73.05169198,76.58572273,79.70164261
343.509,71.78882243,81.38908495,73.7016745,76.56079739,80.03352881
343.721,73.42741827,81.51314921,74.11875368,77.23119558,81.67730283
343.934,74.13118031,80.29490807,73.72047888,75.09319686,80.05258072
344.146,75.80786212,80.2636158,75.13272106,76.14336172,80.57756088
344.358,78.47766612,83.17176893,77.33726401,79.78750397,82.0702886
344.57,78.24725909,82.47597842,78.03285873,80.39443807,81.13413669
344.783,77.60349078,81.65041007,77.56841957,79.03419193,80.03420946
344.995,78.23116529,83.51044109,79.33231985,80.5440311,82.12868308
345.207,79.41019665,83.9083223,81.0544353,81.88312823,83.11866633
345.419,79.15144956,85.18733513,80.84353453,83.24592625,82.64148134
345.631,80.33258676,86.02467085,81.88962024,84.10872106,83.58208213
345.844,80.69737405,86.44202775,82.37047092,84.03054347,85.19549635
346.056,78.78377509,86.81993225,82.04855135,82.66164068,83.1775316
346.268,77.26445856,86.63709894,82.02998495,82.02343963,83.19646892
346.48,77.43120685,87.52712688,83.25272748,82.24881836,84.55869179
346.692,74.64025153,84.70207842,81.68674838,78.72935691,82.66192704
346.904,74.31834449,84.82522225,81.18442051,77.62861337,82.23880454
347.117,73.57708643,84.50228835,80.41102782,76.81810329,81.43310933
347.329,72.51518828,84.11562422,78.90676431,75.78611022,81.47230481
347.541,70.65304919,82.12051786,77.40928012,73.77828526,78.88932645
347.753,70.26678824,79.99570177,77.0067064,71.11138952,79.00264704
347.965,70.90761966,79.75454599,76.62700529,70.47528443,79.08846621
348.177,71.08438155,78.94308382,76.07814795,70.88009558,77.83584274
348.389,71.24683256,78.2135029,76.37028796,71.80048367,78.32357365
348.601,74.08737222,80.08418501,78.5067193,74.76964691,80.31505738
348.813,75.65254156,81.57117581,79.91890404,77.89874809,81.47260504
349.025,76.08583483,82.79353547,80.3250191,78.38497306,83.14833428
349.237,76.36794587,83.45742994,80.36187066,79.37161319,83.85118681
349.449,76.02543587,82.73599422,80.25234203,78.94388354,83.70400688
349.661,77.00893416,83.42043268,81.97984751,80.80822455,83.78111959
349.873,77.73159388,84.83482172,82.12083245,81.18068596,84.50804065
350.085,78.53929157,86.37680465,84.0206875,82.53500606,84.88396659
350.297,79.04197563,88.42490761,84.7735285,84.28358428,86.47663911
350.508,79.25336019,90.19175403,85.35729198,84.23759154,87.33736003
350.72,80.35339095,91.11839495,86.72308327,84.9660316,88.65528163
350.932,77.41992592,89.72546702,84.83159056,83.85205834,87.88562081
351.144,76.05656351,90.03582084,83.92614166,81.39236907,86.57537763
351.356,76.30464489,88.75023892,83.15397839,81.29735321,85.14675716
351.568,77.74973848,89.95606817,84.27496011,81.88274007,86.22384051
351.78,78.51362969,90.17272886,85.17194891,81.94515222,87.46922691
351.991,77.49713838,88.60554079,84.68330134,80.8450921,85.95688071
352.203,76.7790187,88.30395886,84.32799213,80.79522106,85.92248918
352.415,76.20578077,87.12643829,81.99882375,80.04956034,84.57254177
352.627,75.51096546,86.09693362,80.420754,78.48082724,83.42616984
352.838,73.76887953,84.25769702,79.88610506,77.4541676,81.99178504
353.05,72.41380376,82.91626446,77.88516556,75.80757546,79.27656354
353.262,73.19672888,82.7049273,77.58653638,74.27036791,77.7029712
353.474,71.74947819,80.8160584,76.31371524,73.42433441,77.134727
353.685,71.28932452,81.77483556,77.64039542,74.14604747,77.16853126
353.897,70.01190579,80.66269267,76.41173482,73.11379896,75.88294359
354.109,68.75421734,78.92365647,74.7216532,72.9428226,74.05216322
354.32,67.001191,78.90396602,71.88480546,72.11354879,73.29444643
354.532,67.69465989,79.72283868,72.62960012,72.67907906,73.80547757
354.744,68.39034596,82.35906929,74.70951492,74.69106462,75.72437545
354.955,68.4140659,82.04195953,74.60475225,75.61675989,74.87484256
355.167,68.64445391,81.64171648,73.5742303,76.00348228,74.21421599
355.378,70.3143111,83.24160892,75.0361528,76.53501467,75.31782028
355.59,71.12727055,83.37761954,74.57409825,77.68760492,77.10982817
355.802,71.75315232,83.76101791,75.07706796,78.08012905,76.77037634
356.013,72.99450236,84.81736193,76.41082516,79.676974,78.5674882
356.225,73.37866576,85.20995701,76.72634951,80.54024132,79.14806732
356.436,73.87322068,85.71712967,77.5368802,79.76820156,79.97639618
356.648,75.61306323,85.40703307,79.13899175,81.31134359,79.83971933
356.859,73.83259215,83.82510846,78.19290972,79.98567417,78.60782927
357.071,73.80433362,83.00931845,78.11059959,79.3666,77.7163244
357.282,73.78073896,82.32709127,77.81854059,78.44434084,77.55498048
357.494,75.20659457,83.51678126,79.7302783,79.15545845,79.75496882
357.705,74.72179697,83.73308797,79.00927057,79.75376607,79.80560875
357.916,72.77623056,82.33735029,78.89341076,79.81650418,78.28717894
358.128,73.44141927,82.15118495,78.41114607,78.590037,79.72039192
358.339,73.98085498,81.61218605,77.84016041,77.08074429,79.21171494
358.551,73.98978009,80.64213279,77.806701,76.42944063,78.86776001
358.762,74.22007496,82.45377661,78.77141427,77.43203274,79.30934873
358.973,74.7892238,84.80031137,80.82530454,77.81493399,83.20576335
359.185,75.71248339,84.70721956,80.65933968,78.19905647,82.27691737
359.396,76.52924301,84.18038032,81.26700877,78.46686633,82.54043506
359.607,77.03532561,85.24576592,83.10461576,79.03254878,84.38779261
359.819,76.67823288,84.9714086,82.87245821,79.1788098,83.83023178
360.03,76.63284457,83.42946095,82.30190299,78.63144821,83.99565477
360.241,77.86054554,85.2939825,83.07547949,78.46925707,85.46558147
360.453,77.75896562,85.31557958,82.10555495,79.60072199,84.73869431
360.664,77.1423466,85.3876663,81.58415573,80.19535366,85.26884982
360.875,76.91559037,86.02779443,80.73702894,80.04048776,85.00325365
361.086,78.63979046,86.61682398,82.11685964,82.63989731,87.18462026
361.298,78.65500256,84.152242,80.69947416,81.13610568,84.12087359
361.509,78.92228541,85.79158539,81.84342296,82.21413607,86.31943176
361.72,77.09705629,86.47205005,80.23308651,81.05171218,85.14584328
361.931,76.51312115,87.29928678,80.40803582,82.13340033,84.22688266
362.142,76.84578112,88.05030474,79.48140012,81.64088709,84.17731731
362.353,77.63735284,90.64782108,81.11640382,83.24505191,85.52426812
362.565,78.06715753,89.30934786,80.55798121,82.17954252,84.00696914
362.776,76.12742014,86.94226095,79.4858634,79.92258916,81.34058702
362.987,75.61203121,85.6626573,78.91415372,79.09103989,81.50603668
363.198,75.92425966,86.23588189,80.38002966,79.40038451,82.95944692
363.409,73.6364179,83.62782895,78.10032732,77.23615018,80.7916987
363.62,73.8256394,85.25483056,78.1498834,77.7176999,81.60630927
363.831,74.42684199,84.62856537,77.57755128,77.77171866,80.98176912
364.042,74.85137076,83.51569279,77.70055645,78.2077263,81.26735484
364.253,75.71571379,83.19549831,77.81666746,77.76159302,81.88410161
364.464,76.04412878,83.21884034,78.64353965,78.34587796,82.213175
364.675,72.98126532,80.0203132,75.60715215,75.00533819,78.23693277
364.886,72.18910296,82.32304491,75.71428267,77.07939765,79.55047425
365.097,73.70527168,84.62728316,77.67014794,79.21308089,81.61459043
365.308,74.25294848,85.74925111,77.50487845,79.65650411,81.38268064
365.519,72.66591215,83.09187688,75.37500324,78.05372984,79.72419285
365.73,73.73089939,84.32658291,75.92762284,77.74872627,79.7907842
365.941,72.79929486,83.81414591,76.06398626,77.45361596,79.43898179
366.152,71.61855326,83.25726208,75.9487207,76.10724741,79.27181082
366.363,70.86297846,82.98282883,75.34137295,76.17003823,79.48214631
366.574,70.86534242,83.66647665,75.29690337,77.08748113,80.4532328
366.785,70.09615305,82.58292731,74.68057826,75.91860271,79.93561989
366.995,72.26289817,84.03982842,77.23822424,78.85129799,83.3994166
367.206,72.08082872,81.56614361,76.48359567,77.36716871,81.36176511
367.417,71.41493555,80.41887323,76.37549439,76.51144745,81.27172644
367.628,70.1951566,79.29511631,75.37443428,76.04007761,79.81043631
367.839,71.92121683,82.26097821,77.5252818,77.5777004,81.95374848
368.049,71.30176239,81.8369911,76.27630422,77.143998,80.72690553
368.26,71.73937512,80.63428718,74.61285211,75.73308567,79.65839868
368.471,72.39510261,80.50633566,74.55640366,75.98528063,79.73893888
368.682,74.08167605,81.59429914,76.03319305,76.93240412,81.63957486
368.893,73.58251112,80.70689377,74.46059075,74.85739462,80.0403099
369.103,72.82991578,81.8580228,75.13271697,76.15335977,80.43850329
369.314,73.63857477,82.78465056,75.61692131,77.20042381,80.24165422
369.525,75.65029028,84.10820041,78.49426419,78.32788032,83.04578305
369.735,76.45897372,85.45515323,78.53578919,78.56659479,82.28100784
369.946,77.34016155,86.88668383,80.35221189,79.30706983,83.45282596
370.157,78.33963746,87.09830154,80.53669205,81.26985366,84.0723552
370.367,77.08260042,86.9064909,79.36741843,80.59213771,84.57468958
370.578,76.43784817,87.49130879,80.33129549,80.75793457,84.34110077
370.789,76.07735306,86.35563568,79.77150192,80.23256593,83.43536317
370.999,74.32813389,84.27608308,77.77581204,77.68451156,81.3599467
371.21,74.62086623,83.8856244,78.54760915,78.47241687,81.69626395
371.42,75.60646867,83.46179701,77.74424445,76.78048424,80.60310801
371.631,74.02090767,82.16008959,77.26863598,74.11903722,79.9546262
371.841,70.38639915,79.85869914,73.47155217,71.45275947,76.23589446
372.052,69.94700397,79.04759219,73.69099702,71.52911837,76.96294984
372.262,68.11436537,76.82734643,71.72953896,69.61447092,75.97352188
372.473,63.99302171,73.53952388,68.62369004,64.95837976,71.81928141
372.683,64.66413266,73.69898977,70.60305484,65.80022521,72.13453924
372.894,65.13338406,74.52828131,70.55311049,66.42767504,73.18365899
373.104,65.67255295,77.40790028,72.49327536,67.88399003,75.03944071
373.315,66.86371562,79.50110972,73.51424635,69.59066719,75.36551601
373.525,65.56092295,77.87450395,72.07898591,67.95624301,73.26907377
373.736,64.41157407,76.7428765,72.25269871,67.67999313,73.05842503
373.946,63.24416692,76.52575738,71.20669983,68.13109795,72.25499909
374.157,64.76537522,78.35295019,72.29110245,70.65339178,74.87242871
374.367,64.02092192,76.09378023,70.03200437,69.86367502,73.26802737
374.577,64.24393489,77.366089,70.80274542,70.50155194,72.85937801
374.788,66.01382047,78.6211208,72.46859167,72.09442896,73.96968931
374.998,66.30499187,78.34021301,71.18809014,71.96469655,72.82263838
375.208,65.62088305,77.76988762,70.41173655,71.67995771,72.75753744
375.419,64.52797098,75.13410876,68.36575497,69.88330619,70.77895925
375.629,63.14290735,74.03679367,67.96885269,69.30073812,70.79930959
375.839,63.19808427,75.44949864,69.67811104,69.87433999,71.72063938
376.049,62.786604,75.01055291,68.65990405,68.83813915,70.87200603
376.26,64.16384237,75.52576583,68.87530707,68.97945365,70.88940521
376.47,63.89468206,74.08869112,68.89032695,67.44971013,69.25826477
376.68,64.70148555,76.41891621,70.23669723,68.56493969,70.72173833
376.89,65.82815654,76.46084948,70.83370878,68.29484436,71.40468565
377.101,64.6088193,75.4729141,69.09534283,67.24167057,71.1701043
377.311,63.87440435,75.11146788,70.07700368,66.60859425,71.59462224
377.521,63.56482507,74.85083356,69.84025562,66.75757464,71.00379359
377.731,64.24191311,76.16764864,70.00702368,67.54264261,71.65889933
377.941,65.97394208,77.5041892,70.94959628,67.87275486,72.20166965
378.151,65.53909025,76.14451813,69.27045392,66.39209548,71.08813521
378.362,66.91360167,76.17514932,70.16457418,67.91706423,72.68752277
378.572,67.92136633,77.68752076,71.13922453,68.69028476,74.1043772
378.782,69.40921463,80.13400967,73.25677681,70.54824786,75.63149515
378.992,67.58986019,78.01627061,72.01014267,69.17896495,74.21916543
379.202,67.86101613,78.69358612,71.94060095,69.72068314,75.08830067
379.412,68.64536518,79.86664124,73.19008813,70.16171473,75.04888621
379.622,68.46889328,79.47059483,72.44696854,70.63386377,74.87227256
379.832,68.85247256,79.02871619,72.32757094,70.91664504,75.50076437
380.042,68.33186369,79.01685776,71.8400286,71.08423293,75.76403028
380.252,67.10458706,78.94856477,71.53013936,71.33835218,75.66321255
380.462,67.3562142,79.50975133,72.18410887,72.9666209,75.93584823
380.672,66.7095122,80.81273271,71.72946826,73.24264771,75.82633257
380.882,65.05584799,78.37901914,70.5921129,71.49268123,74.13857416
381.092,63.4301309,77.36291395,68.52919442,69.68237093,72.82355525
381.302,64.19617559,78.1405078,68.81957924,69.45969967,73.52520163
381.512,63.42780689,77.43341104,68.0798286,69.24372417,72.43406041
381.722,64.71066778,78.74104566,68.93907515,71.22929322,73.9024747
381.932,65.34383948,79.60098672,68.63422141,71.4038615,73.84972076
382.142,65.73429594,79.77252832,69.16638965,70.7020566,72.82226387
382.351,65.27207393,78.04916361,68.50827309,69.03932478,71.1546084
382.561,64.27302141,75.80011883,66.63746302,66.58655866,69.71793292
382.771,64.86902057,76.73182826,67.35225922,66.80059492,70.37836262
382.981,65.09375846,75.44543025,67.11785081,65.78973115,69.47134742
383.191,66.39311649,77.00381065,67.77647328,66.71188195,70.94014611
383.401,66.4371344,76.18437359,67.01185147,66.31139462,70.95188468
383.61,66.27761388,75.88620623,67.18579653,66.41899833,70.31104671
383.82,66.720238,75.92460878,67.17075068,65.90929138,69.89267714
384.03,65.39137895,73.76221947,66.43278761,63.90567698,69.1497321
384.24,65.28078037,73.23321359,66.31411263,63.02020373,69.1976273
384.449,65.04805566,73.2646391,66.26057732,62.83344811,69.80200591
384.659,64.31305954,73.21090771,66.27599395,62.01788014,70.1438758
384.869,64.97126617,73.88853988,67.16736345,63.07945436,70.627532
385.078,63.98558201,73.03688044,66.07965658,62.25862559,69.69425058
385.288,63.16986655,72.62104381,65.46379254,61.70679018,69.37224937
385.498,62.08933675,71.67145337,64.53256951,60.99793094,68.21909944
385.707,61.4018459,70.46733054,63.74214179,59.99600425,66.98594651
385.917,60.97589837,70.77762836,63.85691618,59.3318473,66.69326018
386.127,60.77724204,70.72885548,64.01072795,59.27831422,67.47302384
386.336,60.54747778,70.82676057,63.02588546,58.60136446,65.93399724
386.546,59.80930316,70.1750772,62.64774948,58.60297455,65.13390723
386.755,58.96739322,70.03858047,62.02242647,58.31783733,64.40927516
386.965,59.86628355,71.1036157,63.14677598,59.47676627,65.47335125
387.175,59.36711336,70.6946203,62.57018392,59.04863219,65.33179784
387.384,59.16227227,70.09591373,62.32915871,57.96541784,65.43900981
387.594,60.12015109,71.23535346,63.16496989,58.6616578,66.40271771
387.803,60.50138373,71.50058556,62.99646041,58.92883575,66.6416467
388.013,60.26674759,71.72927449,63.30124354,58.66738208,66.75236149
388.222,60.45512291,71.26765156,62.14753371,58.53208895,66.47172031
388.432,59.79885848,70.532696,61.73406342,58.03557765,65.24735973
388.641,59.32121999,70.40499369,61.66402148,57.77275642,65.94086905
388.851,58.81558011,70.04161509,60.97846007,57.25994933,65.66941096
389.06,59.46911096,69.88748544,61.08652976,56.90164721,65.7864643
389.269,58.88209873,68.70852961,59.65847749,55.40977642,64.2333176
389.479,58.62245772,68.09314056,59.51022763,54.95954478,63.9061107
389.688,57.97101233,67.73127856,58.66795543,54.5564566,63.28705371
389.898,57.29104073,66.85904776,57.17711488,53.60866238,62.60319795
390.107,56.31280283,65.79784315,56.29828646,52.65398233,61.81759269
390.316,56.31797785,65.89438585,56.28242323,52.68658035,62.01073623
390.526,55.80309617,65.11702943,55.72157319,51.73197912,61.65743543
390.735,54.82919778,64.28556911,54.6361648,51.05288459,60.8489771
390.944,54.99332759,63.7743043,54.59519498,51.36275709,60.45755389
391.154,55.01324366,63.87784818,54.29654101,51.27571846,60.27299867
391.363,53.98595571,62.94035119,53.33213821,50.45338491,59.5391858
391.572,53.24609584,62.49539108,52.59983854,50.17455949,59.13607295
391.781,52.80267832,62.35840236,51.82866013,49.86484959,58.70970906
391.991,52.51788277,61.95651968,51.4267966,49.6169243,58.44274163
392.2,51.75055147,61.17763628,51.07932092,49.07125896,57.40446582
392.409,51.29574598,60.95962403,50.667388,48.63119982,57.0015876
392.618,50.87628742,60.7310495,50.17692642,48.17030439,56.65142176
392.827,50.55246616,60.46914725,50.01382404,48.28764211,56.55392175
393.037,50.52871561,60.16135399,49.92535993,47.97365735,56.71471128
393.246,49.64765165,59.87395432,49.30374271,47.11753369,56.30074625
393.455,49.07947084,59.34466636,49.05976325,46.394317,56.10888911
393.664,49.20762045,59.6886678,49.11380594,46.72071316,56.2773829
393.873,49.20766886,59.65368406,49.43210137,46.64816879,56.42221298
394.082,48.65051023,59.06303527,48.95154834,45.93907052,55.68271209
394.291,48.48484209,59.05721394,48.74282102,45.6338269,55.43125777
394.5,48.30614003,58.75585179,48.54072678,45.41074809,55.49190551
394.709,48.2855843,58.45631137,48.3787428,45.22243465,55.33145025
394.918,48.45331299,58.27657806,48.27587122,45.1464312,55.23322597
395.127,48.24917266,58.22311147,47.91381199,44.71622502,54.74840099
395.336,48.10548282,58.44120855,47.65078464,44.67643192,54.53969418
395.545,48.03580769,58.22471784,47.42220866,44.55249156,54.36954788
395.754,48.05294977,58.16032116,47.16313575,44.45865086,54.15846077
395.963,47.70316841,57.59748726,46.81322949,43.92396202,53.77368237
396.172,47.48767763,57.24095842,46.13133225,43.60679407,53.22852625
396.381,47.47482888,57.26301599,45.94824985,43.68474973,53.34628414
396.59,47.26130185,57.04518555,45.80319517,43.31410427,53.14718762
396.799,46.9221403,56.83951036,45.38177593,42.90529415,52.66881852
397.008,46.65590343,56.5898674,45.13644363,42.63863939,52.5235271
397.217,46.2399427,56.17275138,44.62765172,42.21324134,52.18998603
397.426,46.02329449,55.80286588,44.45148861,41.92217199,52.06450621
397.635,45.83448181,55.36933234,44.15413169,41.63142054,51.74150425
397.844,45.70809183,55.10736954,43.84268091,41.42561966,51.52679405
398.052,45.60338132,54.89956921,43.69601618,41.1743955,51.30337263
398.261,45.4742679,54.76513508,43.41211273,40.91632585,51.03161271
398.47,45.31644773,54.52797729,43.26382523,40.77054084,50.9770907
398.679,45.03390005,54.21129572,43.02721873,40.40895301,50.69123991
398.888,44.90519069,53.93276207,42.76545237,40.25614704,50.51810782
399.096,44.75449249,53.77825395,42.648286,40.15140068,50.48948511
399.305,44.66450361,53.7310352,42.47465954,39.95925886,50.37060531
399.514,44.43754283,53.56357244,42.25253605,39.73925556,50.17883041
399.723,44.3288105,53.49423087,42.10244668,39.6624711,50.14878275
399.931,44.25230171,53.38157715,42.05150741,39.53826492,50.18233323
400.14,44.07451712,53.19586212,41.9367143,39.35828816,50.06670009
400.349,43.85443841,53.02440321,41.73144304,39.25097774,49.95761804
400.557,43.66654536,52.82429448,41.58571298,39.11328588,49.86167622
400.766,43.61136669,52.69751245,41.53012921,39.01785077,49.83537397
400.975,43.68030528,52.72320293,41.54825052,39.06968247,49.85563745
401.183,43.67656332,52.60630019,41.50417473,39.08263066,49.84153302
401.392,43.60362394,52.49452017,41.36516557,38.99245084,49.76943088
401.601,43.43916581,52.23597294,41.22900158,38.84524621,49.66908451
401.809,43.35874458,52.12218161,41.12654354,38.75690433,49.61260962
402.018,43.27545262,52.03462455,40.9935449,38.61041057,49.52108323
402.226,43.15670018,51.91683633,40.87648611,38.51929511,49.40451034
402.435,43.16725688,51.94428599,40.81434736,38.43454607,49.42673761
402.643,43.11455336,51.83446653,40.72338564,38.32870877,49.39443196
402.852,43.05504142,51.75888763,40.66176803,38.29219858,49.39754273
403.06,42.96014898,51.74079921,40.55232981,38.18467866,49.35181624
403.269,42.88381274,51.68401711,40.46066936,38.10768469,49.33845788
403.477,42.78953477,51.64550052,40.38351376,38.03742992,49.28203192
403.686,42.79315467,51.61148708,40.33978151,38.01078654,49.27263712
403.894,42.78267794,51.64189534,40.3031837,38.01708866,49.28550761
404.103,42.78970732,51.61056408,40.32164853,38.09059021,49.35757438
404.311,42.80693145,51.57615893,40.3401367,38.15287032,49.42589573
404.519,42.84531106,51.6438066,40.41347491,38.25605252,49.54684869
404.728,42.83107974,51.57562765,40.38398821,38.27967669,49.54123734
404.936,42.84859848,51.58916288,40.41295378,38.2964352,49.58915932
405.145,42.92164099,51.68609369,40.46001731,38.39499792,49.71676124
405.353,42.9811761,51.66889148,40.48120806,38.41860402,49.77283318
405.561,43.02292941,51.66127691,40.47428622,38.46519849,49.82141428
405.77,43.06507623,51.68999125,40.52238033,38.49514285,49.91860095
405.978,43.13481238,51.73156922,40.55861127,38.51709448,50.0258035
406.186,43.23951236,51.82671584,40.64670449,38.60928281,50.16871667
406.395,43.30956838,51.89815828,40.64619504,38.59395121,50.21610186
406.603,43.37923719,51.99185061,40.69379137,38.61291975,50.30855443
406.811,43.46305736,52.02585154,40.71562249,38.61648443,50.39354062
407.019,43.55024491,52.17628845,40.7930257,38.71361015,50.53803908
407.228,43.64119336,52.30815569,40.87365261,38.82827751,50.69794665
407.436,43.74253858,52.4255522,40.98003307,38.87351734,50.80197594
407.644,43.83662083,52.5847288,41.09742372,39.00628987,50.96843461
407.852,43.92027475,52.70879186,41.17077359,39.05762232,51.0928388
408.06,44.07000915,52.89327973,41.2767755,39.19561401,51.30408421
408.268,44.20958036,53.05516352,41.41969542,39.34131667,51.44228774
408.477,44.32108876,53.15644541,41.48522378,39.4025239,51.57962492
408.685,44.47440519,53.36031139,41.64680947,39.58742796,51.80493674
408.893,44.62094475,53.52999935,41.76826513,39.70977015,51.99146521
409.101,44.69764295,53.68029669,41.82029333,39.77095931,52.118408
409.309,44.86879798,53.86044599,41.95936084,39.89554768,52.30208187
409.517,45.00459567,54.02646623,42.08792761,40.02175438,52.48008189
409.725,45.15812675,54.17710526,42.17226434,40.13643981,52.66689098
409.933,45.31870614,54.3843743,42.30118631,40.28653438,52.87257398
410.141,45.5179366,54.58025901,42.4702383,40.47503926,53.13807433
410.349,45.66454351,54.7589533,42.59542711,40.59713582,53.30638802
410.557,45.81811245,54.9749245,42.7538241,40.75023154,53.56065211
410.765,45.99957166,55.22795802,42.92679852,40.97984803,53.79512703
410.973,46.14969326,55.3892855,43.06669567,41.1052817,53.97536056
411.181,46.31370738,55.57048486,43.19897225,41.27321774,54.1944753
411.389,46.48807617,55.78121951,43.35264052,41.46746121,54.40982016
411.597,46.67665104,55.9984554,43.51813695,41.66304125,54.65117573
411.805,46.85477442,56.20230887,43.65046022,41.82326634,54.85772507
412.013,47.00482867,56.41376441,43.80885721,42.03451395,55.08408806
412.221,47.11650962,56.52678482,43.90791394,42.15604696,55.24232337
412.429,47.24919245,56.71600298,44.03678923,42.281654,55.41412631
412.636,47.4028098,56.89218041,44.17637787,42.44105185,55.64926034
412.844,47.54940409,57.04972562,44.26774147,42.55873842,55.81005872
413.052,47.6612071,57.16638873,44.37817526,42.63225804,55.96741678
413.26,47.79718365,57.30258204,44.47355719,42.76227506,56.13455902
413.468,47.89186775,57.41943475,44.57973671,42.89724754,56.27683753
413.676,48.00000246,57.52542191,44.66100399,42.97572262,56.42444676
413.883,48.0940784,57.62922139,44.74923981,43.04158547,56.55141403
414.091,48.21261618,57.71586796,44.81954358,43.10222916,56.66620529
414.299,48.31722988,57.80269162,44.87748639,43.1178606,56.74610336
414.507,48.43583501,57.9651192,44.99827833,43.23581087,56.91130628
414.714,48.5227027,58.03256475,45.04839964,43.30112825,57.02255935
414.922,48.58902937,58.0815802,45.11058506,43.37602058,57.09557677
415.13,48.62750158,58.11446853,45.15474508,43.44160166,57.20811005
415.337,48.7007966,58.1788527,45.19081009,43.52664256,57.29337687
415.545,48.78456836,58.2960596,45.28958165,43.62207767,57.41275544
415.753,48.87833706,58.38287076,45.35161281,43.65388601,57.5303279
415.96,48.95536144,58.44020916,45.406201,43.72576921,57.6510247
416.168,48.97976856,58.44383935,45.42380118,43.77515533,57.68584449
416.376,49.00768406,58.48506314,45.44832321,43.8607417,57.73852504
416.583,49.01099673,58.49915467,45.459511,43.8997336,57.79464591
416.791,49.01796508,58.46046098,45.43017856,43.89729599,57.77648006
416.998,49.02119778,58.46371196,45.44155562,43.91731935,57.78963118
417.206,49.03490721,58.52032948,45.46710823,43.92474855,57.83387024
417.413,49.06613538,58.56193247,45.46324415,43.93598806,57.84857129
417.621,49.02744853,58.5572397,45.46679971,43.93357861,57.87736322
417.828,48.99606674,58.50425238,45.41567116,43.87189818,57.86513828
418.036,48.97839438,58.46682338,45.37448722,43.87797273,57.84136108
418.243,48.9780198,58.47061816,45.37018626,43.91529208,57.83415087
418.451,48.96722952,58.47625893,45.36289755,43.94546401,57.84537357
418.658,48.94284765,58.44677367,45.38879368,43.91339197,57.90958191
418.866,48.95033789,58.40987595,45.33676547,43.91121009,57.90421316
419.073,48.96052631,58.44081549,45.35882087,43.91096445,57.9618704
419.281,48.94660854,58.40772506,45.35868995,43.92550494,57.99071126
419.488,48.93951813,58.37405331,45.2519543,43.9161937,57.95495172
419.695,48.93944448,58.37081483,45.27395134,43.90028049,57.96871303
419.903,48.96383267,58.37821478,45.22653261,43.87827467,57.97377669
420.11,48.96379057,58.4083709,45.22616574,43.92548688,58.02172314
420.317,48.9117457,58.40816879,45.19417741,43.914493,57.989355
420.525,48.92959692,58.41919893,45.17948075,43.91228296,58.02036688
420.732,48.91568546,58.35024907,45.13514312,43.8746999,58.02694243
420.939,48.95396195,58.36113964,45.12058904,43.89498696,58.03945891
421.147,48.93596551,58.32715122,45.10975645,43.86428762,58.02162262
421.354,48.95010424,58.34615013,45.10161476,43.88731212,58.04920773
421.561,49.01316874,58.34651683,45.09442196,43.89996048,58.11385705
421.768,49.01318136,58.32773254,45.14170977,43.90740775,58.13607341
421.976,49.02367072,58.34235535,45.13429014,43.97302496,58.17589437
422.183,49.04126311,58.35753446,45.17440849,44.00023188,58.22876858
422.39,49.08318266,58.30856905,45.18083255,44.02933093,58.22405895
422.597,49.15643982,58.37354704,45.22790775,44.1014959,58.32567462
422.804,49.14216009,58.29284614,45.24598238,44.10566025,58.33948487
423.012,49.12470447,58.30858155,45.24295962,44.10237734,58.369241
423.219,49.11788342,58.30129616,45.20145549,44.11558126,58.36016486
423.426,49.18103212,58.33093349,45.2531285,44.22092729,58.42316638
423.633,49.16012914,58.27717525,45.23504221,44.22912952,58.39464153
423.84,49.16705963,58.28365221,45.289808,44.25104501,58.37791419
424.047,49.16351969,58.2046077,45.24545871,44.27238688,58.34999952
424.254,49.18416592,58.13336737,45.26691129,44.2380506,58.35503871
424.461,49.15962411,58.05074271,45.23017089,44.24161528,58.35103712
424.668,49.09983018,58.03169377,45.18947307,44.19962224,58.33002758
424.875,49.0577086,57.95587524,45.15959616,44.13051261,58.26726865
425.082,49.04712666,57.96586709,45.1150576,44.13981587,58.21145287
425.289,49.04045923,57.90326712,45.07723994,44.13401511,58.17703603
425.496,48.99526488,57.85463087,45.05165233,44.10296175,58.14446066
425.703,48.91487944,57.72261155,45.01388135,44.0530121,58.13034533
425.91,48.90080174,57.69694608,44.99128149,44.02097619,58.10492034
426.117,48.83062367,57.66786505,44.88115621,43.9713625,58.06415963
426.324,48.76784955,57.60403718,44.85958693,43.91513889,57.99548426
426.531,48.73305197,57.58597378,44.79658354,43.94395617,57.95538268
426.738,48.71219109,57.55665311,44.79981891,43.90471863,57.87737501
426.945,48.70919828,57.50875025,44.81812948,43.92942576,57.8447398
427.152,48.68487744,57.41872564,44.79580058,43.90857517,57.75916788
427.359,48.69947703,57.43387973,44.89437119,43.93024502,57.78800874
427.566,48.6397315,57.38181541,44.9157162,43.91464972,57.72748333
427.772,48.63283049,57.32374361,44.93382583,43.93821969,57.72459069
427.979,48.63648618,57.39757584,44.94194418,43.95302389,57.67539941
428.186,48.62979982,57.37444047,44.98267702,43.97218387,57.65160865
428.393,48.5951243,57.30661572,45.01855276,43.97735892,57.54755223
428.6,48.60581568,57.32219905,45.0657939,44.02481676,57.55040683
428.806,48.52556492,57.24583672,45.0726924,43.98422458,57.46632236
429.013,48.47346957,57.15034842,45.03115326,43.97765078,57.40541846
429.22,48.40386178,57.04764977,44.99101157,43.93149338,57.29101659
429.426,48.37944204,57.02792998,45.00595585,43.94407956,57.29323655
429.633,48.31985644,56.90301896,44.98379288,43.91639944,57.20384582
429.84,48.39727855,56.98370735,45.10061572,44.02196505,57.22292694
430.047,48.33141273,56.95118572,45.11540575,44.00606992,57.0902994
430.253,48.27932368,56.85245895,45.14028297,44.03620571,57.0398388
430.46,48.21649277,56.77596882,45.1241305,44.01617437,56.93450218
430.666,48.15740381,56.68443989,45.17834016,44.02577748,56.87369614
430.873,48.11952084,56.66761615,45.21377646,44.04057369,56.81347582
431.08,48.15475403,56.67343403,45.29016077,44.08888693,56.77807031
431.286,48.16555485,56.68576638,45.4185266,44.0995629,56.7128842
431.493,48.15864122,56.72961959,45.52318942,44.17964835,56.68401888
431.699,48.13787715,56.7050417,45.6244276,44.25669652,56.61816274
431.906,48.08945011,56.69039388,45.64606945,44.25556944,56.49655067
432.113,48.00216997,56.60415153,45.59782107,44.17303841,56.39465437
432.319,48.0053648,56.59008502,45.67434796,44.23753864,56.32256313
432.526,47.99860479,56.60675594,45.74292243,44.24880631,56.22598665
432.732,48.04431471,56.62884124,45.8634901,44.36460074,56.25607235
432.938,48.05155874,56.72439208,45.92886421,44.43623831,56.23156264
433.145,48.08333196,56.71267857,46.02077482,44.52756327,56.17200143
433.351,48.10448114,56.76916902,46.12613636,44.6347653,56.19454736
433.558,48.10857875,56.80681264,46.15439154,44.74064881,56.19230294
433.764,48.09812518,56.80247407,46.21973064,44.75762691,56.18633757
433.971,48.14419075,56.85495513,46.29292625,44.80100276,56.18693419
434.177,48.15140322,56.87631955,46.37273519,44.86350245,56.20882099
434.383,48.19357952,56.93367046,46.49280507,44.96934983,56.2100903
434.59,48.20792659,56.93821114,46.56512436,44.99999497,56.17183018
434.796,48.22939563,56.97643608,46.67099536,45.06035689,56.20001192
435.002,48.19496,56.98028089,46.75445576,45.1091614,56.13637574
435.209,48.22988596,56.9611299,46.87574549,45.17522578,56.13254336
435.415,48.21585667,56.96226752,46.91169126,45.19359465,56.08458335
435.621,48.14654981,56.88667611,46.89326144,45.12718633,55.98645694
435.828,48.13978348,56.87586059,46.97712372,45.14938359,55.92030662
436.034,48.17868498,56.8729763,47.06878416,45.21987602,55.88019147
436.24,48.16177441,56.88547323,47.17785552,45.32189502,55.86958986
436.446,48.19670667,56.90252336,47.27218353,45.38418521,55.85802404
436.653,48.19330773,56.9000433,47.34130246,45.44643927,55.84202921
436.859,48.21819888,56.93480263,47.46861437,45.52986182,55.8896461
437.065,48.23548826,56.91904221,47.48264732,45.57866633,55.86512283
437.271,48.2672741,56.94293599,47.54752364,45.62226974,55.84097805
437.477,48.2922389,56.91766223,47.58342273,45.64915876,55.82966839
437.683,48.34842555,56.9853224,47.70367021,45.76571826,55.87068525
437.89,48.38717343,57.00543391,47.81306175,45.85625211,55.8337189
438.096,48.43954447,57.02211734,47.87068438,45.91465971,55.83496374
438.302,48.48892901,57.06411204,47.95097943,46.00330143,55.86314548
438.508,48.48890377,57.08746203,47.98351223,45.99316294,55.82010233
438.714,48.49284776,57.09182561,48.03887171,46.02799049,55.80504725
438.92,48.49335702,57.0979859,48.08239136,46.03078213,55.74231279
439.126,48.50052109,57.12803997,48.1330688,46.07412185,55.75612303
439.332,48.55672037,57.20839919,48.24992665,46.16080925,55.77904744
439.538,48.54600374,57.23486059,48.31956671,46.18906299,55.78967352
439.744,48.53910904,57.26311795,48.36273116,46.2304925,55.79440762
439.95,48.53593737,57.25588259,48.41689414,46.28184301,55.80979225
440.156,48.55319728,57.29766267,48.47857011,46.32983834,55.86178922
440.362,48.52541646,57.3121334,48.55932794,46.366894,55.84165692
440.568,48.5008494,57.32318857,48.60946091,46.3761792,55.83288587
440.774,48.50801979,57.32155718,48.63869999,46.42475614,55.83192166
440.98,48.54969313,57.39447893,48.67429056,46.48838291,55.87199878
441.186,48.5603782,57.37640302,48.75797524,46.55253708,55.86921757
441.392,48.58488845,57.4028394,48.82419066,46.6126353,55.87896639
441.598,48.58150213,57.3842197,48.86472256,46.62276581,55.83660683
441.803,48.65188855,57.41933323,48.92720482,46.69132997,55.86391131
442.009,48.69393016,57.52043802,49.01478859,46.76726913,55.85856703
442.215,48.71136262,57.51684535,49.05510788,46.75899462,55.8284324
442.421,48.74668209,57.60064515,49.13978814,46.81413739,55.82146479
442.627,48.78895728,57.64659922,49.209073,46.87474494,55.86033509
442.832,48.82769886,57.67412319,49.26410063,46.91891189,55.8619204
443.038,48.88709297,57.73258671,49.36289552,46.99486912,55.89395898
443.244,48.90503469,57.72103779,49.46514095,47.04699267,55.90083963
443.45,48.98876227,57.82779587,49.57943881,47.14657407,55.99357283
443.655,48.995859,57.88513427,49.60861699,47.18217466,55.9888632
443.861,49.01006507,57.91119145,49.66279164,47.22026706,56.02582955
444.067,49.00278948,57.86523738,49.69514684,47.21919418,56.00915114
444.273,49.02733128,57.86560408,49.73578631,47.24031856,56.01702047
444.478,49.05560875,57.91971651,49.79068303,47.30507241,56.06499138
444.684,49.08015056,57.920627,49.85284511,47.3714446,56.10801006
444.89,49.11508282,57.95501964,49.88228512,47.45211164,56.14659974
445.095,49.12892063,57.96697278,49.94428127,47.51056337,56.14968605
445.301,49.12562059,57.96733948,49.95915554,47.52865047,56.15147858
445.506,49.16398758,58.03174866,50.00679855,47.5283687,56.155224
445.712,49.16442319,58.05416314,50.01699077,47.53713448,56.14330416
445.917,49.21696678,58.07371835,50.08656081,47.57694564,56.17025461
446.123,49.24855059,58.12384641,50.15244437,47.64637318,56.2019881
446.329,49.28723744,58.20327012,50.18906552,47.7152191,56.2414795
446.534,49.30842449,58.21903055,50.24735186,47.73307864,56.29001167
446.74,49.36785016,58.28705742,50.35369731,47.8013791,56.32483146
446.945,49.39243406,58.30514583,50.39758382,47.81454688,56.35265917
447.151,49.41008748,58.30227405,50.48873481,47.82495916,56.34200863
447.356,49.43135449,58.310597,50.51396722,47.83099758,56.37996365
447.562,49.46277207,58.34861983,50.57935301,47.88423014,56.3840631
447.767,49.50138526,58.38716144,50.65269121,47.98792169,56.44830947
447.972,49.53610288,58.42627186,50.69689791,48.05128475,56.46649978
448.178,49.50465375,58.44183018,50.74078443,48.05565861,56.47555146
448.383,49.5394324,58.44074259,50.78078353,48.07648316,56.46798722
448.589,49.51533251,58.41976989,50.79497075,48.08361252,56.43413164
448.794,49.54681742,58.46553435,50.83139095,48.14915747,56.43823109
448.999,49.51559557,58.45922199,50.82379373,48.13050682,56.41469649
449.205,49.51206825,58.46719075,50.86036819,48.15409486,56.35951536
449.41,49.54349845,58.55040924,50.87899895,48.19224146,56.39367603
449.615,49.55050889,58.58805286,50.90829638,48.23065175,56.38267147
449.821,49.59983872,58.66856416,50.98553367,48.28058334,56.45695819
450.026,49.62430688,58.66513608,51.01873018,48.31377447,56.49361944
450.231,49.63155722,58.66912046,51.0295511,48.31351077,56.48544502
450.436,49.69463226,58.6839704,51.08000427,48.37798285,56.52208181
450.642,49.70220246,58.68542468,51.13113281,48.39746073,56.57002826
450.847,49.7891375,58.7829368,51.24462438,48.46630666,56.63113939
451.052,49.79624054,58.81278876,51.29897662,48.48961293,56.65811432
451.257,49.84540412,58.83540535,51.37265835,48.54335483,56.68949378
451.462,49.87722152,58.86692621,51.41210132,48.55513981,56.74781014
451.668,49.90174439,58.8701772,51.45917652,48.60563493,56.78576517
451.873,49.92981352,58.90817501,51.50710471,48.6673515,56.84026271
452.078,49.90524015,58.84413253,51.49949581,48.62975037,56.80016113
452.283,49.95080276,58.93061451,51.55116883,48.70247888,56.81615595
452.488,49.95431746,58.9302353,51.59132219,48.72908613,56.84376553
452.693,49.96157411,58.94923421,51.62503983,48.7828461,56.86008991
452.898,50.02082091,59.05543599,51.67281375,48.85776658,56.91056141
453.103,50.03496595,59.02486314,51.67671284,48.89784144,56.92253018
453.308,50.05269934,59.03773929,51.71361916,48.92007483,56.92533586
453.513,50.05237317,59.0373976,51.70953081,48.9217394,56.91556258
453.718,50.07329508,59.0561944,51.73562788,49.0007339,56.90926764
453.923,50.0523353,59.04498716,51.74695826,49.00264411,56.92368807
454.128,50.11188303,59.08511085,51.79814516,49.03364327,56.96816973
454.333,50.15737199,59.13035654,51.83506315,49.09291425,56.99354579
454.538,50.1363575,59.08603385,51.85252074,49.07781022,56.96313053
454.743,50.21703755,59.15137854,51.93333692,49.12828728,57.01795764
454.948,50.21016179,59.162067,51.94810361,49.11622052,57.01291845
455.153,50.15775919,59.1021985,51.90727486,49.0797284,56.97246284
455.358,50.15437287,59.13385893,51.9333836,49.06462437,56.99558092
455.563,50.15787494,59.1222975,51.95542733,49.0999974,57.012453
455.768,50.19992287,59.15340163,51.9806364,49.1702341,57.06948916
455.973,50.15824321,59.16407759,51.99502456,49.13953477,57.06164429
456.178,50.21427625,59.18688378,52.02045791,49.17079764,57.05693466
456.382,50.20378058,59.18077352,52.0607772,49.17683606,57.03815862
456.587,50.23871916,59.2256275,52.13379522,49.23085973,57.09048515
456.792,50.23557274,59.24009823,52.16290338,49.22179412,57.12775659
456.997,50.17612182,59.17643495,52.12257242,49.21576578,57.0754056
457.202,50.22490451,59.20771617,52.13355927,49.24595578,57.1064555
457.406,50.30549829,59.27823562,52.23650342,49.32798756,57.18226769
457.611,50.35804189,59.30449491,52.29849957,49.42374057,57.18824663
457.816,50.33723573,59.32311461,52.33118662,49.43387107,57.18265974
458.02,50.34779242,59.34192391,52.37897222,49.44431948,57.19677508
458.225,50.37914897,59.31551254,52.38238519,49.46323383,57.22372554
458.43,50.39314039,59.33124796,52.44433466,49.49014091,57.25816684
458.634,50.37946882,59.36543849,52.44062484,49.50166219,57.25880149
458.839,50.33762293,59.30902308,52.41791741,49.50222573,57.21806526
459.044,50.36920675,59.3661969,52.46194651,49.54750169,57.23752488
459.248,50.38670655,59.39623845,52.50189893,49.58180183,57.26763503
459.453,50.3727025,59.4081916,52.55186598,49.60099795,57.27041624
459.658,50.38309295,59.38217195,52.5513682,49.59000407,57.2757225
459.862,50.34822803,59.3703959,52.53271409,49.57137149,57.28199297
460.067,50.40067903,59.39302499,52.55811244,49.59335925,57.30355022
460.271,50.38329498,59.38978651,52.5689217,49.62681409,57.26752361
460.476,50.42182191,59.44010417,52.60530689,49.6986973,57.30453889
460.68,50.38680336,59.4136928,52.5573787,49.67974682,57.3010741
460.885,50.41461997,59.38656054,52.58291964,49.72228533,57.3195695
461.089,50.44276275,59.44391146,52.60866151,49.77112597,57.36341651
461.294,50.41826303,59.41351571,52.57550001,49.74040857,57.32416771
461.498,50.43579439,59.40932921,52.5899115,49.77632707,57.34890912
461.703,50.42905963,59.3744178,52.57958836,49.76427838,57.33670865
461.907,50.38365063,59.35181372,52.53929241,49.74069034,57.26178728
462.112,50.4187302,59.39017823,52.5720028,49.75523083,57.30409791
462.316,50.37656445,59.36032628,52.52426389,49.74014487,57.29187297
462.52,50.44295215,59.40391557,52.57187189,49.76703389,57.35925457
462.725,50.43254276,59.39178533,52.58642597,49.77088034,57.33668419
462.929,50.4466878,59.42526748,52.60509174,49.79283196,57.34543077
463.134,50.41517133,59.42600087,52.58275116,49.76894409,57.31188028
463.338,50.39765259,59.36557607,52.58310636,49.72696911,57.29715476
463.542,50.39771993,59.32454189,52.57918393,49.74561975,57.298473
463.746,50.39411265,59.35512724,52.59390394,49.75301282,57.31416273
463.951,50.39418,59.39365634,52.63387971,49.79140505,57.32796207
464.155,50.41160615,59.4202323,52.67824067,49.80162589,57.39101252
464.359,50.40461886,59.41206142,52.70077051,49.83750825,57.36243874
464.564,50.44005616,59.42237068,52.75562054,49.88413885,57.38500912
464.768,50.3913345,59.3581511,52.72260163,49.85394886,57.3642802
464.972,50.43660881,59.339721,52.75582148,49.87124486,57.38682612
465.176,50.42977514,59.32923465,52.76256572,49.90113502,57.35327563
465.38,50.50670692,59.36398148,52.83981468,49.96151501,57.43034357
465.585,50.51007431,59.39022826,52.84691412,49.97577373,57.41401918
465.789,50.55903586,59.45424573,52.8909549,50.03643549,57.45197421
465.993,50.57310094,59.43324875,52.89434453,50.07073564,57.45133956
466.197,50.55558852,59.37664374,52.85367003,50.05206692,57.42717031
466.401,50.58013663,59.39547806,52.87519264,50.09869753,57.44283558
466.605,50.54183699,59.38066564,52.8489063,50.07952956,57.46166054
466.809,50.54159078,59.38845731,52.85976224,50.08913267,57.46072079
467.013,50.55553379,59.41995315,52.88568171,50.11849542,57.47172536
467.217,50.52418357,59.44652911,52.89281616,50.14097445,57.46421005
467.421,50.53826758,59.44200094,52.9185697,50.13742783,57.5168906
467.625,50.51370683,59.44850291,52.89958374,50.13305398,57.53698487
467.829,50.56973987,59.45988724,52.95480064,50.20602813,57.58653018
468.033,50.53142129,59.44451853,52.95463471,50.18816859,57.60905163
468.237,50.54900737,59.46459251,52.99155271,50.18242202,57.60087721
468.441,50.60826048,59.49897264,53.05047942,50.23754672,57.62380162
468.645,50.57338925,59.46043103,53.0469472,50.22461659,57.6090761
468.849,50.59792474,59.47942994,53.09456687,50.24162074,57.61529764
469.053,50.59058812,59.4683998,53.11996522,50.23609166,57.61621292
469.257,50.57651042,59.43474055,53.11220206,50.21770472,57.56788798
469.461,50.57306307,59.41176977,53.10812538,50.19437029,57.56760735
469.665,50.59041557,59.43456346,53.14487745,50.21300287,57.56859602
469.869,50.58369342,59.42371041,53.17041838,50.23983769,57.51467064
470.073,50.57315566,59.43943331,53.17381967,50.23627301,57.54692736
470.276,50.57321038,59.42897198,53.15501132,50.2269437,57.49116051
470.48,50.60119323,59.46411052,53.16196817,50.25737933,57.52754114
470.684,50.57672507,59.47586155,53.15113557,50.23902851,57.53786212
470.888,50.62214669,59.5259771,53.18789931,50.30074508,57.56288416
471.092,50.6535832,59.53830945,53.19531893,50.34654845,57.57956257
471.295,50.67866583,59.56544171,53.20244172,50.36467169,57.59021311
471.499,50.72429579,59.61104159,53.2461273,50.4447752,57.69307362
471.703,50.74179559,59.61792276,53.25391379,50.45824281,57.68702128
471.906,50.73828721,59.63330399,53.27575658,50.51173907,57.71394728
472.11,50.7275832,59.6103207,53.25035824,50.48188505,57.72617222
472.314,50.70685701,59.60312285,53.23188174,50.4651446,57.68447177
472.518,50.71366544,59.61431759,53.27624269,50.48079411,57.73835913
472.721,50.70325605,59.62514562,53.28689769,50.50057183,57.74582551
472.925,50.69630663,59.59820297,53.29370029,50.5266336,57.76806633
473.128,50.65103863,59.55264061,53.25640376,50.4936881,57.70195404
473.332,50.65119225,59.54918752,53.24503837,50.47394651,57.71043356
473.536,50.587871,59.49202621,53.18994071,50.4473212,57.66873311
473.739,50.57387327,59.48351365,53.19417165,50.39547144,57.62642248
473.943,50.56683126,59.50287926,53.21959334,50.40012706,57.63801276
474.146,50.55985659,59.46924503,53.18690629,50.34582162,57.59848334
474.35,50.57050588,59.49148241,53.21960501,50.39107952,57.63170427
474.553,50.58441103,59.48332405,53.24498002,50.39190676,57.65085879
474.757,50.59144041,59.49019272,53.24823873,50.4105574,57.65245766
474.96,50.56705222,59.42997002,53.22284038,50.39573514,57.62675204
475.164,50.57424153,59.44100017,53.23418243,50.38613204,57.60448674
475.367,50.59142779,59.46395844,53.27855506,50.40344611,57.66718318
475.571,50.59860448,59.45221992,53.31162065,50.43033512,57.6706235
475.774,50.63726608,59.46722193,53.36670663,50.43695514,57.70445462
475.978,50.63016304,59.48910513,53.36249903,50.4569785,57.69691485
476.181,50.64080602,59.47354681,53.36249903,50.48247674,57.71262904
476.384,50.63767853,59.45906357,53.36230977,50.49891735,57.72080347
476.588,50.64140156,59.45258661,53.35841068,50.47612042,57.72454889
476.791,50.6552583,59.47990847,53.36571106,50.49150622,57.69540294
476.995,50.65190354,59.49076152,53.38057366,50.49891735,57.68472793
477.198,50.6519835,59.50614275,53.39887256,50.48302221,57.68849782
477.401,50.65213081,59.49836359,53.40885218,50.50031821,57.71203242
477.604,50.67653162,59.5365385,53.4381496,50.52281531,57.73867778
477.808,50.66252126,59.52154899,53.4013742,50.49896357,57.7226585
478.011,50.69044308,59.54851666,53.43051737,50.55602451,57.75182891
478.214,50.69426501,59.54906045,53.4488046,50.55275967,57.78252479
478.417,50.71193736,59.538397,53.40797585,50.53465449,57.76746971
478.621,50.73631925,59.57946871,53.45932868,50.56319001,57.79661566
478.824,50.71888678,59.57510512,53.47067073,50.58266789,57.76994583
479.027,50.75367174,59.6007956,53.50390225,50.61749544,57.82474846
479.23,50.76048016,59.60114979,53.52964412,50.65207736,57.84701376
479.433,50.79190405,59.62412057,53.55895322,50.65973412,57.86487451
479.637,50.82333424,59.65125283,53.58860584,50.6682362,57.8642154
479.84,50.83755294,59.63894549,53.58457584,50.66137053,57.87550059
480.043,50.8725841,59.68415366,53.6431707,50.70852854,57.90368233
480.246,50.87939884,59.69954739,53.66181312,50.70468209,57.92782711
480.449,50.88612098,59.69990158,53.67278831,50.72004983,57.93004707
480.652,50.90346085,59.72612335,53.72412946,50.74530243,57.94571233
480.855,50.91745228,59.72231606,53.71989852,50.73487209,57.95944917
481.058,50.95942024,59.73354832,53.7382091,50.7230871,57.98545989
481.261,50.91780161,59.68869434,53.70482332,50.70330938,57.98611901
481.464,50.9560213,59.69361423,53.71196944,50.69863569,58.00020987
481.667,50.93507414,59.68567048,53.71532406,50.70631053,58.00426039
481.87,50.95258026,59.69271625,53.70481165,50.71702264,58.03406546
482.073,50.9245911,59.69652353,53.70478831,50.71700457,57.99707464
482.276,50.92796479,59.67446324,53.70446812,50.70714785,57.99209794
482.479,50.89681659,59.65146745,53.66771606,50.69206189,57.94978731
482.682,50.94238552,59.67843512,53.70414793,50.71482269,57.96575767
482.885,50.95637063,59.70086211,53.72631091,50.73486411,57.99176838
483.088,50.96683474,59.72782977,53.74086499,50.7466491,57.97894682
483.291,50.95621701,59.73616523,53.75914055,50.76529974,57.94162645
483.494,51.01563636,59.77814743,53.80708041,50.8007089,57.95731618
483.696,51.00201952,59.78481399,53.81805559,50.7938613,57.94287129
483.899,51.07175568,59.83022427,53.85126377,50.83583628,57.9798621
484.102,51.09950494,59.89119286,53.90936084,50.88192141,58.01776819
484.305,51.13100248,59.9027668,53.92021678,50.89374253,58.03593404
484.508,51.14162021,59.89497513,53.94645644,50.90363538,58.04969535
484.71,51.18339245,59.92881147,53.99438463,50.94891134,58.08793101
484.913,51.17972414,59.94689989,54.0203041,50.9560407,58.11771161
485.116,51.17255376,59.95125097,54.03114836,50.96397924,58.11898091
485.319,51.17944846,59.95867594,54.05404507,50.97525488,58.13865866
485.521,51.1968683,59.98850287,54.07947843,51.00184406,58.184129
485.724,51.18639157,59.99156426,54.08660121,50.99390553,58.16778015
485.927,51.22119546,60.01019647,54.09713696,51.03148859,58.18943525
486.13,51.20046296,59.98394969,54.10833642,51.03779071,58.18126083
486.332,51.19717554,59.98775697,54.11596866,51.01859459,58.16243587
486.535,51.22501107,60.00602248,54.16389684,51.0748283,58.19379086
486.737,51.22830481,60.00511199,54.16728647,51.07398299,58.20003687
486.94,51.25299392,60.03225676,54.17081868,51.09428812,58.21473792
487.143,51.29152715,60.05124316,54.20368334,51.11761245,58.23700321
487.345,51.31628993,60.05430454,54.21790556,51.1294155,58.25795027
487.548,51.32347293,60.0615274,54.24668186,51.15272177,58.2861945
487.75,51.38641328,60.08831797,54.27970077,51.18677628,58.34919603
487.953,51.3899406,60.07329094,54.2724004,51.19773403,58.36491023
488.155,51.41455606,60.1230523,54.32049451,51.23310705,58.4147117
488.358,51.45646299,60.18744897,54.36028101,51.27536379,58.46706269
488.56,51.4948426,60.19828952,54.39721067,51.31788425,58.52320802
488.763,51.49490363,60.21800931,54.3895901,51.31458327,58.5460835
488.965,51.51256337,60.26794776,54.40431011,51.36012293,58.56928854
489.168,51.54375367,60.30862775,54.45937275,51.37930098,58.59906914
489.37,51.56480603,60.32688075,54.48564742,51.41056385,58.59871512
489.573,51.59623623,60.38044939,54.52614431,51.470644,58.64420992
489.775,51.65548303,60.4385337,54.5815388,51.51974834,58.68742227
489.977,51.69050157,60.47958039,54.62165715,51.55814058,58.72257162
490.18,51.74302622,60.5781676,54.7205713,51.60833586,58.79089296
490.382,51.77070815,60.60440187,54.73516039,51.62040261,58.80941284
490.584,51.7881343,60.60422478,54.74276929,51.61821064,58.83353316
490.787,51.83010857,60.65741421,54.7974884,51.66206767,58.87303811
490.989,51.90705297,60.72905876,54.88609108,51.74026098,58.94353048
491.191,51.96295763,60.78911687,54.94473261,51.78030769,59.00056664
491.394,51.98406471,60.80107001,54.95184372,51.81539894,59.0538329
491.596,52.04338517,60.86980526,54.99925078,51.86174778,59.12625369
491.798,52.09217417,60.92586648,55.04344582,51.88670853,59.16823477
492,52.15862291,60.98952975,55.07632214,51.92236332,59.24817087
492.203,52.15862922,61.02298688,55.13189423,51.95115245,59.26282299
492.405,52.22469076,61.05663362,55.17221353,51.99423644,59.30824439
492.607,52.29840246,61.12120739,55.25280543,52.04797834,59.37720039
492.809,52.3752669,61.2188716,55.36276478,52.13166459,59.44081211
493.011,52.42061486,61.25232873,55.41036111,52.16183652,59.46550459
493.214,52.45195879,61.30513896,55.44656871,52.19227215,59.51910041
493.416,52.52879798,61.35739289,55.51955172,52.23862098,59.59809677
493.618,52.62658432,61.4552467,55.6260981,52.29707271,59.68524308
493.82,52.67560691,61.51187672,55.68858036,52.34315783,59.73068895
494.022,52.73508099,61.56487656,55.74717522,52.39005214,59.79524041
494.224,52.75246504,61.59851078,55.83913251,52.41827774,59.82626585
494.426,52.84330196,61.68171676,55.89790497,52.4715103,59.89934576
494.628,52.89606651,61.7352729,55.95312186,52.53349056,59.95888249
494.83,52.94477555,61.76509984,56.00072987,52.58477679,60.01495443
495.032,52.98324144,61.81521538,56.03425823,52.63659042,60.05321455
495.234,53.03569876,61.88431733,56.10811756,52.69830699,60.14886485
495.436,53.12310727,61.96446193,56.19992059,52.7688074,60.20149646
495.638,53.18596766,62.06340332,56.2809027,52.83493395,60.28044389
495.84,53.24188495,62.13556665,56.34306479,52.89282214,60.36351522
496.042,53.28714664,62.18169781,56.40152872,52.9474274,60.40832643
496.244,53.34650496,62.2643475,56.50453122,53.04289864,60.50108409
496.446,53.44781231,62.37830342,56.58515813,53.17347921,60.60515142
496.648,53.52451051,62.46837806,56.66918634,53.26152125,60.71453855
496.85,53.5664974,62.52896745,56.72762694,53.30567812,60.76499915
497.051,53.65031126,62.6197755,56.81606368,53.38553599,60.8552807
497.253,53.75169857,62.70315857,56.92583376,53.43271206,60.94520822
497.455,53.82840307,62.77839579,56.98800751,53.49169119,61.00158525
497.657,53.87015638,62.80497175,57.03204829,53.52267229,61.07337139
497.859,53.94349351,62.85797158,57.09064315,53.59615578,61.13356724
498.061,53.99226989,62.88402876,57.15330301,53.63892187,61.14923251
498.262,54.06912802,62.97102952,57.23426178,53.69347294,61.22881459
498.464,54.13189582,63.03596999,57.28931275,53.73348351,61.29056037
498.666,54.19130255,63.05424801,57.31878778,53.74279476,61.33848236
498.868,54.27542365,63.08953863,57.38502654,53.78257777,61.38079299
499.069,54.36610695,63.18848003,57.45157382,53.8514237,61.48170061
499.271,54.40793392,63.28690264,57.5103346,53.91038476,61.55129126
499.473,54.44982822,63.33862529,57.57284021,53.96880034,61.63155692
499.674,54.52338631,63.42147708,57.65008916,54.02638869,61.68515274
499.876,54.59663716,63.50413926,57.74598055,54.09579816,61.7500093
500.078,54.65246186,63.55297762,57.80103152,54.14271053,61.8124142
500.279,54.73988299,63.64849093,57.88879288,54.22608686,61.91365138
500.481,54.80625807,63.73079893,57.96179923,54.31499228,62.00393293
500.682,54.90767694,63.79104664,58.02394964,54.41157253,62.07729347
500.884,54.98110034,63.87535271,58.12269785,54.49250328,62.1430653
501.085,55.02270004,63.95022323,58.15556251,54.55557449,62.20731167
501.287,55.071569,64.03325212,58.25449999,54.62111944,62.3013631
501.489,55.15538286,64.06363536,58.33126283,54.67900763,62.37281968
501.69,55.24967976,64.17019132,58.39746658,54.764594,62.43263704
501.892,55.33012623,64.22698593,58.45996052,54.83563988,62.52041801
502.093,55.41410001,64.28776493,58.52196834,54.89047272,62.61069955
502.294,55.50157587,64.38311366,58.60648267,54.96510134,62.70816685
502.496,55.55033963,64.45021753,58.65089031,55.00379341,62.76145758
502.697,55.62391034,64.49976426,58.70577535,55.06686463,62.83790442
502.899,55.68667183,64.58351403,58.77945708,55.12607132,62.92347634
503.1,55.7460049,64.66616371,58.83468565,55.20315562,63.00285118
503.302,55.82293669,64.73870625,58.94511945,55.26157121,63.08903328
503.503,55.94864485,64.81812996,59.02978803,55.34689388,63.15080353
503.704,56.01509358,64.91977854,59.11850995,55.42997038,63.24073105
503.906,56.06389521,64.97314507,59.19238095,55.47741015,63.31034617
504.107,56.11965888,65.03792096,59.28027323,55.54734702,63.38585327
504.308,56.19986546,65.12871649,59.35022181,55.6183929,63.48360119
504.51,56.25561019,65.19310066,59.40528445,55.6641782,63.54091797
504.711,56.32536528,65.27683793,59.49013063,55.76811538,63.61235009
504.912,56.42301694,65.34864706,59.57161052,55.84161693,63.6806959
505.113,56.47900788,65.44632378,59.63766002,55.88415545,63.7574723
505.315,56.58376258,65.48429658,59.7150749,55.9398336,63.84614408
505.516,56.64670925,65.55554942,59.78501181,56.02568367,63.92638527
505.717,56.69566449,65.60491906,59.81076535,56.09231956,63.99468215
505.918,56.78987511,65.68866883,59.86194058,56.16146533,64.05077856
506.119,56.87359638,65.76103427,59.92055877,56.23826786,64.14134073
506.321,56.95388292,65.83608188,59.96480048,56.30465812,64.22316723
506.522,57.02393263,65.90391915,60.02036091,56.37431322,64.26517277
506.723,57.08678671,65.96830332,60.07964282,56.42916413,64.33351858
506.924,57.1428513,65.99145119,60.10895192,56.45797132,64.37580475
507.125,57.19538227,66.06002185,60.18620087,56.48621498,64.43755053
507.326,57.28606558,66.11031449,60.2604154,56.55339634,64.51591223
507.527,57.3348672,66.19389968,60.29362358,56.60494627,64.57170354
507.728,57.40475067,66.25884015,60.32294434,56.65101334,64.63531526
507.929,57.45376694,66.29663585,60.38530736,56.66745395,64.7039417
508.13,57.52022199,66.33498786,60.44832243,56.70389985,64.76568749
508.331,57.56236881,66.37259396,60.49255247,56.73242527,64.79954307
508.532,57.61826086,66.45561033,60.54084752,56.79521472,64.85782406
508.733,57.71944614,66.52762158,60.61454093,56.86599689,64.94026074
508.934,57.79637792,66.58043181,60.68061376,56.93317826,65.01232751
509.135,57.90824197,66.7246314,60.77668274,57.03383252,65.14901913
509.336,57.98478654,66.79245616,60.84258965,57.10540581,65.23866602
509.537,58.01974406,66.8414591,60.88307487,57.15669204,65.27814652
509.738,58.0861991,66.89499022,60.9567566,57.20002166,65.31729745
509.939,58.16649196,66.94724415,61.03788129,57.25624528,65.39442788
510.14,58.24999227,67.05306672,61.10426264,57.32370841,65.45556347
510.341,58.29532761,67.09735189,61.12257322,57.37116625,65.50131443
510.541,58.35467331,67.16139438,61.17421122,57.43423746,65.5856306
510.742,58.41731274,67.21439421,61.25531258,57.47454787,65.6451918
510.943,58.44514197,67.26322006,61.2957978,57.51348558,65.71975915
511.144,58.50808233,67.3162324,61.35100302,57.56860019,65.77274479
511.345,58.56039233,67.34912072,61.39858769,57.60919237,65.79908507
511.545,58.61285596,67.39432889,61.40992974,57.65665021,65.84200588
511.746,58.68275204,67.45095891,61.45413644,57.69285047,65.90592269
511.947,58.75257448,67.51063781,61.51698558,57.743873,65.98491905
512.148,58.80839918,67.57920847,61.55784933,57.79596839,66.04002678
512.348,58.86437749,67.61699167,61.594779,57.84669109,66.10674926
512.549,58.90988539,67.65444569,61.64609681,57.89548551,66.15563546
512.75,58.96570377,67.69296228,61.66456164,57.92427463,66.1929069
512.95,59.0183147,67.72333302,61.70149131,57.95225459,66.24303793
513.151,59.07766672,67.76817448,61.74197653,57.99969437,66.27973721
513.352,59.13357138,67.83979402,61.76417451,58.05126236,66.35149889
513.552,59.17180369,67.8815741,61.80128178,58.0751141,66.38907542
513.753,59.23473773,67.92336669,61.86020849,58.12557309,66.44453718
513.953,59.30808748,67.99517583,61.91900428,58.20016558,66.50567278
514.154,59.35006806,68.04021941,61.94815912,58.25473472,66.54390843
514.355,59.43042826,68.08886817,61.9918447,58.31726046,66.60438491
514.555,59.45834376,68.10805668,62.01066473,58.32962705,66.63414105
514.756,59.50721904,68.15779302,62.05538089,58.37652136,66.69214141
514.956,59.59095924,68.20950315,62.1072315,58.43851969,66.77113776
515.157,59.65374598,68.25853111,62.14382931,58.49774445,66.81248419
515.357,59.70611702,68.3189309,62.19176916,58.55206795,66.87857202
515.558,59.75491233,68.33375582,62.24006422,58.59896226,66.90175259
515.758,59.81089696,68.39435772,62.28054944,58.63157977,66.97070859
515.958,59.87040259,68.43613781,62.31411281,58.67600034,67.03181972
516.159,59.8947045,68.46180327,62.34357617,58.69189547,67.04685034
516.359,59.92965571,68.48839173,62.37674934,58.71657445,67.107937
516.56,59.97837737,68.5334228,62.41774402,58.74536359,67.14369654
516.76,60.04476507,68.59781948,62.48022628,58.80788932,67.20513723
516.96,60.10761915,68.64304015,62.52053391,58.85536523,67.25338877
517.161,60.15632819,68.70491924,62.59742766,58.90361418,67.30632549
517.361,60.18095627,68.75012741,62.60847287,58.94009621,67.34929523
517.561,60.24036301,68.81490329,62.67097847,58.99933904,67.41985009
517.762,60.27874894,68.86047815,62.71503092,59.04019493,67.47064025
517.962,60.30665182,68.87492387,62.73721724,59.06078182,67.49351573
518.162,60.33784843,68.9273674,62.77767912,59.10822159,67.53271559
518.362,60.39712048,68.96136833,62.7996995,59.17212005,67.59759661
518.563,60.46342191,69.01037127,62.84376362,59.22340627,67.65779246
518.763,60.49487104,69.04872327,62.86984902,59.24701237,67.70323833
518.963,60.53333061,69.07040436,62.91036925,59.28786826,67.74802508
519.163,60.57172916,69.10439278,62.95458762,59.33089805,67.7953749
519.363,60.63481683,69.14888005,62.97337264,59.40057121,67.84176051
519.563,60.69391632,69.18649866,63.01026729,59.42798764,67.87309104
519.764,60.71129406,69.19370902,63.01027896,59.43317066,67.87243193
519.964,60.76023668,69.22012039,63.05075251,59.47184466,67.93196866
520.164,60.82677801,69.26282347,63.09140366,59.52530479,67.99654459
520.364,60.87572694,69.28163278,63.12443425,59.56754348,68.03381603
520.564,60.91434014,69.335366,63.15782002,59.59139522,68.08741185
520.764,60.97352591,69.42617404,63.22066916,59.6500745,68.13533384
520.964,61.0156538,69.44841143,63.25337955,59.68818497,68.18452513
521.164,61.07500581,69.50611653,63.2863868,59.73481557,68.22372499
521.364,61.12387478,69.56255696,63.31889625,59.76636021,68.27605151
521.564,61.15530498,69.61555679,63.37004814,59.78334629,68.31775196
521.764,61.20440122,69.66476184,63.41461004,59.84204365,68.35688933
521.964,61.25677225,69.67959927,63.47658285,59.86482251,68.39072045
522.164,61.32308,69.74399595,63.50232472,59.92051872,68.43649587
522.364,61.37180166,69.80041135,63.53518937,59.97154125,68.48318658
522.564,61.42425266,69.86915911,63.59042961,59.99980297,68.55497272
522.764,61.45897027,69.89555797,63.61634908,60.02697376,68.58475332
522.964,61.49743616,69.91055999,63.6568343,60.04343243,68.61137422
523.163,61.53230109,69.96337022,63.69730785,60.08787106,68.64899968
523.363,61.54980089,69.99682735,63.71933991,60.1117228,68.6762797
523.563,61.58808792,70.01978563,63.73442678,60.13229163,68.70730514
523.763,61.62297177,70.03099287,63.7387044,60.14053,68.74521123
523.963,61.66823977,70.04599489,63.76021533,60.16877366,68.79979573
524.163,61.69976256,70.08415729,63.76430369,60.20469215,68.86123643
524.362,61.71382133,70.10332078,63.79004556,60.209066,68.86905683
524.562,61.7452389,70.11398423,63.81223188,60.22526098,68.89688454
524.762,61.75212729,70.11380713,63.80833279,60.2353814,68.87492434
524.962,61.81514761,70.16263298,63.85591746,60.27128183,68.9272264
525.161,61.82203599,70.17021003,63.85557392,60.28691326,68.94790639
525.361,61.85338623,70.18540165,63.87811544,60.3028084,68.95855693
525.561,61.88467543,70.20747445,63.8933449,60.33846319,69.01399422
525.76,61.91611824,70.22935764,63.94486366,60.38590296,69.07006617
525.96,61.9405864,70.23278572,63.96706164,60.4174476,69.08165645
526.16,61.93370432,70.25197424,63.98232612,60.41797501,69.08507231
526.359,61.9755376,70.30117929,64.01554596,60.46077723,69.12206313
526.559,61.98594068,70.29338762,64.03063284,60.46049546,69.14243803
526.759,62.00337314,70.30098969,64.04536452,60.46624202,69.14029147
526.958,61.99992579,70.30766875,64.05332861,60.46924317,69.16724193
527.158,62.0070162,70.30749166,64.06823789,60.47778137,69.17539189
527.357,62.05954717,70.32632597,64.08670272,60.51645538,69.20924747
527.557,62.0770596,70.34605828,64.1086881,60.52441198,69.25563308
527.756,62.07025749,70.35457084,64.11903458,60.52934937,69.2528274
527.956,62.09487926,70.35855522,64.1266318,60.53704226,69.26408813
528.155,62.10182237,70.38459988,64.17063757,60.54909095,69.3017136
528.355,62.14372929,70.41842372,64.21434649,60.58804672,69.34338958
528.554,62.15770809,70.41804451,64.22551094,60.58940137,69.34273046
528.754,62.20689061,70.45604233,64.25463077,60.62833907,69.38283205
528.953,62.23503339,70.48207449,64.2837506,60.65109987,69.43108359
529.152,62.28045501,70.52439837,64.31289377,60.70214046,69.46493917
529.352,62.28376136,70.50467857,64.30543913,60.71392544,69.49125497
529.551,62.29430543,70.53432842,64.33101507,60.74682473,69.51511913
529.751,62.33606506,70.5560095,64.35678028,60.7778239,69.52668495
529.95,62.38506871,70.57806979,64.37894326,60.80935047,69.55236611
530.149,62.40594221,70.60066137,64.3972655,60.82524561,69.55206101
530.349,62.45833218,70.6350415,64.42640868,60.85926398,69.57868192
530.548,62.47247722,70.66486844,64.43756146,60.87847816,69.61253749
530.747,62.49680438,70.6726476,64.47786907,60.9100228,69.66519358
530.946,62.53157672,70.71007661,64.50718984,60.9613271,69.70719911
531.146,62.5665216,70.74407753,64.55160916,60.99698188,69.74135979
531.345,62.62922206,70.80051795,64.61375957,61.03484671,69.82033168
531.544,62.68526773,70.8468137,64.64662422,61.07076521,69.8538577
531.743,62.70974219,70.86199282,64.66863294,61.06639135,69.87923376
531.943,62.73436397,70.89600625,64.69743258,61.10892987,69.93533017
532.142,62.79699709,70.96402061,64.75622837,61.15857968,70.01774238
532.341,62.82850093,70.99838824,64.80025748,61.19670821,70.07227795
532.54,62.85985117,71.0240537,64.83684362,61.21725897,70.1217988
532.739,62.9157432,71.04684739,64.869519,61.26006119,70.13807426
532.938,62.92979566,71.08882958,64.87664178,61.28638667,70.13898953
533.137,62.95075543,71.12681489,64.9173046,61.3165586,70.16153545
533.336,62.99961809,71.14203153,64.9432124,61.33549101,70.18848592
533.535,62.99624439,71.15016487,64.95067871,61.34810323,70.19633078
533.735,62.99624439,71.1684429,64.98031966,61.33988293,70.19694097
533.934,63.04166602,71.23285208,65.03570249,61.3936429,70.23013743
534.133,63.0590122,71.25998434,65.05823233,61.40184514,70.21037272
534.332,63.05916582,71.2449573,65.06214309,61.40680059,70.17310128
534.531,63.11513151,71.30176442,65.09481847,61.44656553,70.22013244
534.73,63.12582921,71.32511441,65.11701646,61.46990794,70.23546815
534.928,63.14334794,71.35569976,65.14313686,61.50556273,70.25740389
535.127,63.19923999,71.39692355,65.19462061,61.53354268,70.29158903
535.326,63.22721652,71.41193807,65.21644006,61.53818024,70.31886904
535.525,63.24463636,71.44935457,65.26050417,61.57274409,70.34143943
535.724,63.27958756,71.46020762,65.29046532,61.60317972,70.34925983
535.923,63.33204487,71.50181061,65.35278165,61.67204372,70.41041989
536.122,63.35305305,71.49728243,65.38598983,61.67669934,70.43767545
536.321,63.40559033,71.54575409,65.42950948,61.73074107,70.49598091
536.52,63.43012583,71.5643863,65.46609562,61.7691333,70.53452165
536.718,63.44059625,71.57540394,65.51031399,61.78395557,70.55112666
536.917,63.46146975,71.59384655,65.53232271,61.78752025,70.55706757
537.116,63.49281998,71.63562663,65.57581902,61.81109022,70.58434759
537.315,63.51729445,71.66565569,65.60529405,61.83360538,70.61567813
537.513,63.55919506,71.70002331,65.64543574,61.8761439,70.6495337
537.712,63.58718422,71.71866802,65.68185594,61.9153453,70.69088013
537.911,63.63274684,71.77130116,65.73977542,61.96090303,70.73885104
538.11,63.65362034,71.81743232,65.76503117,61.95458284,70.75261235
538.308,63.67456749,71.82973966,65.7684208,61.9696688,70.75635777
538.507,63.71286714,71.83392615,65.80198418,61.9776254,70.76731341
538.706,63.74787306,71.86811668,65.84601328,61.98173556,70.79329966
538.904,63.76874656,71.87952603,65.83873624,62.01271666,70.78922468
539.103,63.80712617,71.91770094,65.88668777,62.05825632,70.82840007
539.302,63.85262144,71.91352695,65.8980765,62.05414617,70.84720057
539.5,63.8979631,71.97032157,65.9565171,62.10486886,70.89858735
539.699,63.92257856,71.99655584,66.00430269,62.12461045,70.90921343
539.897,63.97150856,72.04232031,66.05562051,62.14354286,70.93211337
540.096,63.96798756,72.06168591,66.05224256,62.1448975,70.92515932
540.294,63.99604405,72.07596704,66.07492666,62.17917958,70.93265016
540.493,64.05194241,72.13240746,66.13777579,62.23048387,70.9702267
540.691,64.07640425,72.17020317,66.19586119,62.28041546,71.01223224
540.89,64.10073141,72.20438119,66.24736828,62.3147156,71.02601801
541.088,64.12879422,72.23855921,66.30241924,62.32319961,71.04891796
541.287,64.17068853,72.28017471,66.33883945,62.3508978,71.08183379
541.485,64.1671549,72.31057046,66.36455799,62.37420407,71.09311899
541.684,64.18114002,72.3227007,66.3393139,62.39754647,71.08904401
541.882,64.20912917,72.3411433,66.36894318,62.42800016,71.11163886
542.08,64.21617118,72.37551093,66.39502858,62.44336789,71.12603482
542.279,64.25110975,72.40951185,66.446524,62.47053868,71.13767403
542.477,64.28261992,72.44768676,66.47922272,62.49384495,71.19129433
542.676,64.28965561,72.44026179,66.48633383,62.50974008,71.22453972
542.874,64.28966192,72.45851479,66.4646453,62.50698458,71.21671932
543.072,64.33148257,72.49217404,66.46837845,62.54592228,71.25591918
543.27,64.37697785,72.54917076,66.52749444,62.58487805,71.30544003
543.469,64.41536377,72.57214154,66.54985835,62.60820238,71.32925526
543.667,64.46446633,72.61771641,66.62285303,62.65045913,71.38942664
543.865,64.47838409,72.61336533,66.6670714,62.63124495,71.39597774
544.063,64.50269863,72.63254133,66.68892586,62.64331171,71.41192363
544.262,64.5376309,72.62151118,66.68469492,62.65537846,71.39684409
544.46,64.5480466,72.62496428,66.68470659,62.65616957,71.41531503
544.658,64.59705025,72.65536003,66.74347904,62.67536568,71.41498547
544.856,64.63535621,72.70853696,66.78786334,62.68715067,71.43786095
545.054,64.67380948,72.74671187,66.83934709,62.7173226,71.4651165
545.253,64.68802186,72.78088989,66.90540825,62.75241385,71.48328235
545.451,64.70538698,72.77309822,66.92336363,62.76091592,71.49296868
545.649,64.70179864,72.78737935,66.93065234,62.75348673,71.48008463
545.847,64.74705401,72.82881775,66.96404978,62.79214266,71.49982488
546.045,64.7787241,72.8592135,66.98236036,62.82697021,71.53464467
546.243,64.79294911,72.85467282,66.96458258,62.82393293,71.52776401
546.441,64.83829077,72.90314448,67.03506395,62.87054547,71.58548375
546.639,64.873303,72.92955585,67.07874953,62.90921947,71.61149446
546.837,64.85923792,72.9371329,67.05637395,62.92513267,71.62341431
547.035,64.86283889,72.92230797,67.04893098,62.92869735,71.61245867
547.233,64.8593305,72.91471842,67.04894265,62.90261751,71.62247456
547.431,64.8904724,72.92251009,67.04858745,62.89139606,71.59299905
547.629,64.9010291,72.94549337,67.03453115,62.90318105,71.59831887
547.827,64.94997172,72.98384538,67.08602657,62.9457015,71.64505851
548.025,64.95013165,72.97984849,67.07856026,62.92733262,71.63313866
548.223,64.9778746,72.98799435,67.10426712,62.93830844,71.6343835
548.421,65.00907752,73.02618176,67.1481303,62.96519745,71.67446062
548.619,65.01252488,73.02635886,67.13728603,62.96163277,71.67691227
548.816,65.02301423,73.04171507,67.1372977,62.95065696,71.6929071
549.014,65.05795912,73.05619831,67.15223032,62.93690757,71.68539179
549.212,65.07898623,73.07500761,67.17796052,62.94129949,71.68883212
549.41,65.09650497,73.06323157,67.18151608,62.9572127,71.69104117
549.608,65.10007438,73.05888049,67.17459423,62.95470282,71.71738144
549.805,65.1140595,73.06211897,67.20354814,62.95115621,71.70956104
550.003,65.12468353,73.06916473,67.19250293,62.94757346,71.70953657
550.201,65.1594748,73.07713349,67.2033472,62.94151697,71.71358709
550.399,65.16644315,73.09122502,67.21455833,62.9387434,71.73679213
550.596,65.18021993,73.11780097,67.25112113,62.96644159,71.75311651
550.794,65.17663789,73.11418329,67.24723372,62.95874869,71.74310062
550.992,65.21494386,73.11815516,67.28043022,62.95763968,71.75719149
551.189,65.25326244,73.12971659,67.30262821,62.9686155,71.79038795
551.387,65.29500944,73.17149668,67.32484954,63.00892591,71.83173437
551.585,65.32642701,73.22124552,67.36179087,63.02894926,71.87310526
551.782,65.37882329,73.25199547,67.39836534,63.06244024,71.90283693
551.98,65.40673248,73.26284852,67.39887479,63.07011507,71.93793735
552.177,65.42401133,73.24440591,67.40637611,63.08244553,71.92978739
552.375,65.44153007,73.27043807,67.42500687,63.13209534,71.97525772
552.573,65.47655492,73.31999732,67.43229558,63.16311257,71.98934859
552.77,65.49773565,73.3241713,67.43230725,63.14087918,71.99966957
552.968,65.52227746,73.33575775,67.42129706,63.16831367,72.01785989
553.165,65.54337823,73.35384617,67.44347171,63.20315929,72.04858023
553.363,65.54337823,73.37646276,67.45836931,63.21524411,72.07145571
553.56,65.51538907,73.33088789,67.43294762,63.16806803,72.01973938
553.758,65.52257839,73.32291913,67.42225762,63.18371754,72.00812463
553.955,65.52265835,73.33033159,67.41903392,63.19550252,72.02320417
554.152,65.52611201,73.31947854,67.39311445,63.19193784,72.01571333
554.35,65.55066645,73.34172843,67.40039149,63.18865493,72.03010929
554.547,65.54723172,73.34590242,67.41867872,63.17083152,72.03418427
554.745,65.55074641,73.32293164,67.43732116,63.16396586,72.04483481
554.942,65.59601441,73.33812326,67.43715522,63.19526486,72.06021945
555.139,65.61351421,73.35728675,67.4486632,63.18046067,72.07899549
555.337,65.65534749,73.37663985,67.47425082,63.20872239,72.08964602
555.534,65.66933891,73.39940852,67.46679618,63.22024368,72.09339145
555.731,65.70437008,73.45584894,67.51404899,63.27484894,72.15702763
555.929,65.73228558,73.48642179,67.54690197,63.30281084,72.19151786
556.126,65.7461297,73.49762903,67.56504661,63.3105218,72.22848421
556.323,65.80202174,73.56924856,67.61605591,63.36180803,72.28048117
556.52,65.78810397,73.57396634,67.62013259,63.35850705,72.29581688
556.718,65.80545015,73.55117265,67.59115535,63.36618188,72.30613786
556.915,65.82617003,73.58155589,67.5762344,63.38594154,72.3227918
557.112,65.80521657,73.55839551,67.56893403,63.37798493,72.33501674
557.309,65.82617634,73.56219029,67.57234699,63.4015549,72.34696105
557.506,65.83659205,73.57376423,67.53999179,63.38620524,72.35164622
557.703,65.86451386,73.58155589,67.56233237,63.39772652,72.37014163
557.901,65.8609129,73.5594831,67.54066718,63.3916881,72.35541611
558.098,65.85379724,73.51370612,67.48971623,63.33353622,72.34102015
558.295,65.86420663,73.54140719,67.50477977,63.33378185,72.3416548
558.492,65.86069194,73.4994375,67.47952401,63.32141526,72.3526349
558.689,65.87102767,73.50321977,67.50491069,63.31815042,72.35739346
558.886,65.87078778,73.50338436,67.51204514,63.2764572,72.3583332
559.083,65.8708004,73.48095737,67.50866718,63.26795513,72.34294857
559.28,65.89541586,73.48492925,67.51648868,63.2685006,72.35392867
559.477,65.88830651,73.47372201,67.53119702,63.27264689,72.35800364
559.674,65.8709477,73.46538655,67.55305148,63.26934591,72.39185923
559.871,65.88509906,73.4583658,67.56051779,63.27841152,72.41098929
560.068,65.90597887,73.47716259,67.54204129,63.27814782,72.42163982
560.265,65.94423011,73.52238327,67.61891171,63.33877344,72.47305107
560.462,65.93398065,73.4762396,67.58198204,63.32809746,72.44704035
560.659,65.95494042,73.52256036,67.60011502,63.33250745,72.4576909
560.856,65.96891923,73.54895922,67.60403744,63.34374697,72.48087147
561.052,65.97619481,73.55998937,67.59625094,63.37748358,72.48186014
561.249,65.99722824,73.5945591,67.63992485,63.41672111,72.53418667
561.446,65.98651793,73.63200062,67.68378803,63.43289802,72.55051105
561.643,66.01106605,73.64663593,67.69533102,63.43644464,72.55331672
561.84,66.02481758,73.66961923,67.72075271,63.44440124,72.53357648
562.037,66.03872273,73.67738588,67.74241789,63.4745551,72.55334119
562.233,66.04935307,73.68174946,67.77934756,63.50086251,72.56177178
562.43,66.07740326,73.71287861,67.77580367,63.51596654,72.58085291
562.627,66.12610599,73.75468371,67.84881002,63.56561635,72.60212952
562.824,66.13312275,73.74384317,67.87081874,63.58537601,72.58801419
563.02,66.1751833,73.75544212,67.92618989,63.62324083,72.60992546
563.217,66.1960568,73.79742432,67.9888731,63.63860857,72.64218217
563.414,66.2203524,73.84283459,68.0368363,63.64380966,72.66001846
563.61,66.24841521,73.85062626,68.05866742,63.65784082,72.67066901
563.807,66.26936236,73.9041824,68.11016283,63.69955209,72.70923422
564.004,66.31493129,73.93894173,68.15793676,63.73822609,72.74843408
564.2,66.35323725,73.99518004,68.20588829,63.76760692,72.77004026
564.397,66.39521152,74.06754548,68.28989315,63.81836573,72.83650658
564.593,66.39887983,74.07424956,68.35595432,63.8181201,72.83994691
564.79,66.42355632,74.12798279,68.40762733,63.86776992,72.90798762
564.987,66.47249264,74.19979193,68.48114313,63.93169651,72.94186767
565.183,66.51780905,74.25279176,68.51756334,63.98847569,72.96856196
565.38,66.52849411,74.27141146,68.56530226,64.04142648,72.97197783
565.576,66.56381358,74.29077707,68.60901118,64.08202875,72.98361704
565.773,66.61633193,74.35228946,68.68624846,64.15389389,73.02748851
565.969,66.66190085,74.42123932,68.77771964,64.21451952,73.07070087
566.165,66.69345942,74.46682669,68.86205637,64.2897037,73.11049736
566.362,66.72531892,74.51658805,68.94268328,64.35470318,73.13997286
566.558,66.78479299,74.57339517,69.02383132,64.42906013,73.20518344
566.755,66.80946317,74.63398456,69.08920542,64.50145267,73.2305595
566.951,66.86542887,74.71810103,69.18049901,64.54179123,73.27223548
567.148,66.90723058,74.76296751,69.25738109,64.59144105,73.34275232
567.344,66.93191339,74.82069763,69.34157523,64.64850199,73.38002376
567.54,67.02649859,74.91169528,69.43730069,64.7206489,73.45089462
567.737,67.07205489,74.98045554,69.53636909,64.79251404,73.50074502
567.933,67.12457324,75.03725015,69.60565396,64.86520642,73.53083072
568.129,67.18052631,75.07867605,69.68222752,64.91900251,73.55780564
568.325,67.23656566,75.16189453,69.75521053,64.99224036,73.61828213
568.522,67.33084362,75.24241834,69.86498061,65.08331969,73.72265454
568.718,67.34496973,75.27641927,69.90497971,65.1104724,73.72077505
568.914,67.39732815,75.32292963,69.97121848,65.19470413,73.75055565
569.11,67.40434491,75.32313175,69.99661682,65.21582852,73.75058011
569.307,67.44648542,75.37993887,70.06980077,65.26797014,73.78881576
569.503,67.48502496,75.44524603,70.16143787,65.32039352,73.85148773
569.699,67.49548907,75.47619808,70.23425495,65.37388979,73.86147916
569.895,67.49533545,75.48722823,70.24917589,65.41507366,73.86807919
570.091,67.51644253,75.51782609,70.30067131,65.46389623,73.91013366
570.287,67.51313618,75.54063228,70.33367855,65.48036499,73.95054033
570.483,67.50617414,75.54117608,70.34843357,65.48670325,73.93456997
570.679,67.48185329,75.54841144,70.3482443,65.50946405,73.90888881
570.876,67.51687183,75.60993634,70.42443933,65.56956227,73.9549938
571.072,67.5099161,75.63200914,70.4352836,65.57149054,73.96283866
571.268,67.53101687,75.68084749,70.48660141,65.62911501,74.00767435
571.464,67.50323606,75.69243394,70.49013363,65.65298482,74.00364829
571.66,67.53119997,75.71107865,70.51163289,65.69852448,74.02654824
571.856,67.53134096,75.73786923,70.54802976,65.7042992,74.06103847
572.052,67.54217334,75.76899838,70.60253626,65.73392566,74.10867983
572.248,67.54214178,75.78725138,70.61710201,65.74000021,74.1227707
572.444,67.55269217,75.81476284,70.67534167,65.80090761,74.15318595
572.639,67.57370666,75.87211375,70.74447227,65.85768678,74.23719703
572.835,67.58776543,75.87953873,70.77324857,65.86678054,74.2745174
573.031,67.612141,75.89799384,70.8212001,65.94249213,74.33000362
573.227,67.6296408,75.93690214,70.90180367,65.98311246,74.40117957
573.423,67.62970183,75.9457939,70.92755722,66.01356616,74.43034999
573.619,67.66464672,75.96895429,70.99365339,66.03495425,74.47702713
573.815,67.66457306,76.00730629,71.01549618,66.06707251,74.49620612
574.01,67.67511714,76.03408436,71.07054715,66.14964976,74.54137136
574.206,67.70983476,76.07929252,71.10342347,66.20150961,74.57836217
574.402,67.72023152,76.07696454,71.16879758,66.25006848,74.61221775
574.598,67.75156282,76.09633014,71.2016739,66.27914947,74.63266605
574.794,67.74115974,76.09651975,71.21267243,66.30796675,74.62046557
574.989,67.73380419,76.09744275,71.24160299,66.34530417,74.60885082
575.185,67.71285703,76.087146,71.25989022,66.35109696,74.60416565
575.381,67.71285703,76.09512727,71.25619208,66.38839825,74.6192452
575.576,67.70933603,76.09947835,71.28836968,66.39691041,74.62961511
575.772,67.68142684,76.09586066,71.30240263,66.42931044,74.64219407
575.968,67.65380595,76.07345869,71.32815617,66.47486817,74.63498386
576.163,67.63988818,76.04000156,71.32394857,66.48914496,74.64973385
576.359,67.61887999,76.03714229,71.35274821,66.52590078,74.67890426
576.555,67.59808646,76.06374326,71.36732563,66.55910998,74.6927145
576.75,67.55984153,76.06791724,71.38525767,66.58051613,74.69774013
576.946,67.55654149,76.06867566,71.41117714,66.61757179,74.70563393
577.141,67.54293727,76.10000691,71.43732089,66.66256598,74.77591906
577.337,67.55699603,76.13872561,71.51371686,66.73499466,74.8289047
577.532,67.55354869,76.14669437,71.54604872,66.78193518,74.86591998
577.728,67.56035711,76.1628215,71.58261152,66.85711936,74.89947047
577.923,67.55698972,76.18672779,71.61176635,66.90541453,74.96183734
578.119,67.55692869,76.19831424,71.63715303,66.94083377,75.01296796
578.314,67.56755904,76.26292553,71.68829324,67.0036875,75.05876785
578.51,67.56777369,76.26386104,71.70336845,67.04790865,75.08232691
578.705,67.55378227,76.26859132,71.7177566,67.07949951,75.12779724
578.901,67.53634981,76.26191225,71.7211579,67.12698551,75.17609771
579.096,67.52580573,76.26680713,71.724204,67.1742078,75.22847317
579.291,67.51882476,76.25995097,71.76007974,67.22088462,75.24823788
579.487,67.48044514,76.21872719,71.73058137,67.23297953,75.24922655
579.682,67.47699779,76.23864909,71.78528881,67.30050695,75.28214239
579.877,67.47385768,76.28351557,71.79612141,67.37158098,75.33922747
580.073,67.45992098,76.27305424,71.81407679,67.42291342,75.31764576
580.268,67.45286635,76.29712511,71.84321996,67.47092682,75.35216046
580.463,67.4109468,76.27218053,71.84660958,67.50660977,75.37598659
580.658,67.38661964,76.28068058,71.87539756,67.55764238,75.40826777
580.854,67.40770148,76.33479302,71.92281629,67.64763076,75.47668697
581.049,67.42866125,76.34406399,71.95568094,67.71433094,75.52496298
581.244,67.39721843,76.35621924,71.97770133,67.7310634,75.52091247
581.439,67.37268293,76.35752144,71.99988764,67.78292325,75.56012323
581.635,67.37941139,76.37744335,72.02139857,67.83395586,75.57897266
581.83,67.37970601,76.4087621,72.02868728,67.90007443,75.61695215
582.025,67.35891247,76.387979,72.06526175,67.91599772,75.61262101
582.22,67.36594817,76.41874145,72.10167029,67.98185259,75.69103164
582.415,67.35196305,76.44570912,72.13756937,68.03288521,75.72807139
582.61,67.3518894,76.46220294,72.14823604,68.07733393,75.74191966
582.805,67.34486002,76.48104977,72.16974697,68.12455622,75.76423388
583,67.32390655,76.48485706,72.18042531,68.16765029,75.777385
583.195,67.29607102,76.49283833,72.22426514,68.21128984,75.7975282
583.39,67.29622463,76.50877585,72.25694053,68.28319111,75.85612519
583.585,67.2999666,76.57260372,72.28574017,68.34163485,75.88722403
583.78,67.26515639,76.56194027,72.30419333,68.36607828,75.90760983
583.975,67.26499647,76.56158608,72.33670279,68.41658349,75.96375517
584.17,67.25434718,76.5809642,72.34365964,68.48765752,76.01924139
584.365,67.21242763,76.56271119,72.32857276,68.51977578,76.00230682
584.56,67.19498254,76.52963326,72.33583814,68.55956888,76.02146134
584.755,67.18450581,76.5251176,72.36089295,68.61499341,76.03840682
584.95,67.15313033,76.49258346,72.36783814,68.61995895,76.04597105
585.145,67.14608202,76.51611054,72.4154228,68.66879959,76.06107506
585.34,67.12863694,76.53603245,72.42612447,68.7118756,76.09396643
585.535,67.12518958,76.56263342,72.47728803,68.77279308,76.13538625
585.73,67.09023207,76.52558362,72.47338895,68.79393553,76.15699243
585.924,67.07653527,76.54172326,72.48390136,68.86470973,76.19398324
586.119,67.03126727,76.52040887,72.49489988,68.89763716,76.16637366
586.314,67.05923749,76.58137747,72.5936481,68.95718992,76.21938377
586.509,67.08035088,76.6155805,72.65193443,69.03128316,76.27272343
586.703,67.02451356,76.59426612,72.65161424,69.0414498,76.2614627
586.898,67.02129349,76.61401093,72.68853224,69.10100254,76.30912852
587.093,67.05288992,76.65580352,72.71832745,69.16764852,76.36180907
587.288,67.03545746,76.63375574,72.70292039,69.20442241,76.38437945
587.482,67.01793241,76.62960677,72.70984223,69.23652261,76.40669367
587.677,67.00393468,76.6037517,72.69456609,69.25108117,76.40261869
587.872,66.97258445,76.57827584,72.69456609,69.26481248,76.36661656
588.066,66.95498574,76.58281652,72.71623128,69.28978332,76.39708074
588.261,66.95841416,76.59096238,72.7157335,69.32188352,76.44009942
588.456,66.90620936,76.54629801,72.68592661,69.3273584,76.44604033
588.65,66.88877059,76.51719195,72.68979068,69.3449181,76.47678514
588.845,66.92372179,76.55102829,72.72619922,69.39896993,76.51283621
589.039,66.89900743,76.53258568,72.73669996,69.41213771,76.52756173
589.234,66.88132876,76.54544932,72.75837682,69.44123676,76.54544695
589.428,66.83597448,76.49680057,72.75126571,69.47003598,76.53105099
589.623,66.87810868,76.51615366,72.78398778,69.54274642,76.55614642
589.817,66.83628803,76.50494642,72.75774811,69.54082824,76.58003504
590.012,66.8259523,76.49807775,72.77197034,69.55099488,76.61545146
590.206,66.80837253,76.51291519,72.79788981,69.56393509,76.61264578
590.401,66.78053068,76.49375169,72.8089,69.57329256,76.58916012
590.595,66.74892162,76.48598504,72.78315813,69.58647841,76.56347896
590.79,66.71405038,76.45541219,72.77570349,69.58101361,76.55568303
590.984,66.6686961,76.44149776,72.76485923,69.60322894,76.56041712
591.178,66.63053745,76.42649574,72.76149294,69.59829155,76.54665581
591.373,66.61332595,76.38017498,72.74640607,69.61202286,76.55419559
591.567,66.61684695,76.41077284,72.77179274,69.62492694,76.57709553
591.761,66.5644633,76.38436147,72.77478049,69.60407635,76.56300466
591.956,66.58539151,76.40390417,72.85201777,69.66306556,76.56143027
592.15,66.59931559,76.42959465,72.8552298,69.71134266,76.57304502
592.344,66.59601555,76.3995656,72.86554128,69.73791378,76.57306948
592.539,66.60297128,76.42653327,72.90904925,69.80266762,76.63607101
592.733,66.60642494,76.41550312,72.91617203,69.81336167,76.65770165
592.927,66.58905982,76.44627808,72.9083622,69.80566877,76.63793694
593.121,66.57857678,76.45332384,72.92240682,69.80925152,76.64168236
593.315,66.59600924,76.48824777,72.91799829,69.83174861,76.64891704
593.51,66.58553251,76.50780298,72.93225552,69.84244265,76.64076708
593.704,66.57856416,76.51918731,72.93921237,69.85782845,76.6539182
593.898,66.53313623,76.48177081,72.92111441,69.8485172,76.63759382
594.092,66.51226904,76.47473755,72.88757437,69.8405606,76.63855803
594.286,66.48082622,76.44128042,72.88011973,69.8402969,76.62694328
594.48,66.48801553,76.45686376,72.89876216,69.85429192,76.64574378
594.674,66.4463485,76.43443677,72.85065637,69.81450891,76.59369789
594.868,66.4431158,76.47278877,72.86912121,69.84496261,76.60250696
595.063,66.44664311,76.46139193,72.90961809,69.86968781,76.60627685
595.257,66.45031142,76.45072848,72.90978402,69.9015243,76.63198247
595.451,66.42584327,76.4284911,72.91368311,69.91278188,76.62446716
595.645,66.41536023,76.42431711,72.93532496,69.94242641,76.64326766
595.839,66.42246957,76.42488592,72.95395572,69.97837306,76.6633864
596.033,66.45397973,76.47498896,72.96834387,70.02719563,76.68065053
596.227,66.48555724,76.50157743,73.02729392,70.0916677,76.72138676
596.42,66.50667063,76.55910543,73.06421191,70.13336091,76.78130199
596.614,66.49588666,76.54734189,73.03403816,70.13226997,76.79197699
596.808,66.5203422,76.54826489,73.04859224,70.15120239,76.80328665
597.002,66.52385689,76.5479107,73.07361205,70.16110532,76.80298156
597.196,66.5272853,76.55280557,73.0697013,70.1956511,76.84220589
597.39,66.50640549,76.5490233,73.06224666,70.18137431,76.81242528
597.584,66.53453564,76.57506797,73.09492204,70.21100077,76.84281607
597.778,66.54149138,76.57563678,73.10206816,70.2263685,76.85660185
597.971,66.54142403,76.5716524,73.10528019,70.2184119,76.85002629
598.165,66.54493241,76.55990137,73.11985761,70.23021495,76.86317741
598.359,66.49933824,76.53728478,73.0649609,70.18741273,76.85599166
598.553,66.47471015,76.49912238,73.04651941,70.18577632,76.82178206
598.746,66.4506292,76.49494839,73.07262815,70.19016824,76.80703207
598.94,66.44350723,76.48734632,73.07991686,70.21675742,76.82178206
599.134,66.41192342,76.44249235,73.05488538,70.21262921,76.81801217
599.328,66.41551176,76.46509643,73.06556372,70.23540806,76.81982917
599.521,66.41910642,76.45803816,73.07284076,70.23814551,76.81674287
599.715,66.39463195,76.4513591,73.0694628,70.24090101,76.82711278
599.909,66.39815295,76.47415278,73.07691744,70.24009184,76.82023212
600.102,66.40516971,76.48500583,73.06572965,70.29026906,76.84023944
600.296,66.40524336,76.50798912,73.07284076,70.29383374,76.85656382
600.489,66.40539067,76.51161931,73.10555115,70.3004357,76.84026391
600.683,66.44055021,76.53838487,73.13502618,70.33473585,76.88226944
600.876,66.46499943,76.53189541,73.14959192,70.36545324,76.90701085
601.07,66.46164467,76.53587979,73.1682577,70.36439843,76.91356195
601.264,66.47580233,76.54346934,73.17145805,70.37180957,76.89850687
601.457,66.45492883,76.50151216,73.15386955,70.34411138,76.86498085
601.651,66.46867405,76.53099743,73.17575902,70.38308522,76.90505796
601.844,66.46859409,76.51164433,73.17538048,70.40667325,76.87527736
602.037,66.45467001,76.48486626,73.15318249,70.41159258,76.87937681
602.231,66.4652267,76.48885064,73.18639067,70.40832773,76.87313081
602.424,66.48624751,76.48505586,73.20856532,70.43442564,76.87720579
602.618,66.49322217,76.48559965,73.20144254,70.4549764,76.8859904
602.811,66.45124159,76.44817065,73.17553474,70.44343705,76.85279394
603.005,66.46171201,76.45901119,73.18974529,70.47747349,76.84998826
603.198,66.48259182,76.47493621,73.18564527,70.48541203,76.8352872
603.391,66.49650959,76.50154969,73.20749973,70.50845459,76.86160301
603.585,66.51730313,76.53953499,73.24747549,70.54326408,76.91114832
603.778,66.52105771,76.50644456,73.2621955,70.55341265,76.90019269
603.971,66.52816706,76.55185484,73.29897091,70.57947443,76.94940844
604.164,66.52123026,76.55241114,73.31049055,70.58305717,76.95221412
604.358,66.50721991,76.54101429,73.30641388,70.57016318,76.96316975
604.551,66.47931071,76.54081218,73.30269239,70.56738961,76.96628052
604.744,66.4828254,76.54878095,73.31725814,70.5742914,76.97756571
604.937,66.50722622,76.58622246,73.37229744,70.61626638,77.02989224
605.131,66.50025787,76.60501926,73.37940855,70.6047451,77.06311316
605.324,66.4831074,76.63070974,73.40871765,70.63108864,77.08756304
605.517,66.46918963,76.6189462,73.41224986,70.6280875,77.10198347
605.71,66.48708295,76.62637117,73.44102616,70.66955314,77.14147486
605.903,66.47301787,76.62998885,73.44475931,70.65420347,77.14304926
606.096,66.49740606,76.6191358,73.45559191,70.65420347,77.13456974
606.289,66.4974734,76.62978674,73.45136097,70.64159125,77.13927937
606.482,66.51857417,76.65258043,73.48100193,70.66902574,77.16999972
606.676,66.52562249,76.65602101,73.50270213,70.70664493,77.19193546
606.869,66.50106174,76.60283158,73.49509323,70.69099542,77.16058046
607.062,66.50120905,76.59143474,73.48780452,70.65012945,77.13426465
607.255,66.49777433,76.57644522,73.48089435,70.66138703,77.10137328
607.448,66.50451541,76.5608869,73.47310785,70.66195057,77.09666365
607.641,66.51505948,76.59544413,73.49141843,70.69926993,77.12017378
607.834,66.5146849,76.61785861,73.51732623,70.71516506,77.11423287
608.027,66.55659183,76.67431154,73.55015587,70.7771634,77.14995438
608.219,66.55665917,76.67033967,73.55016754,70.78812115,77.17252477
608.412,66.59854717,76.68970527,73.59809573,70.86465997,77.20921049
608.605,66.59497776,76.67414695,73.5870972,70.88030948,77.19417987
608.798,66.59504509,76.66765749,73.58673034,70.87619932,77.19321566
608.991,66.59161037,76.67127517,73.5939957,70.89569527,77.21889682
609.184,66.57417791,76.62514401,73.55669918,70.90586191,77.20700144
609.377,66.58113995,76.61355756,73.57124158,70.91108107,77.23956325
609.569,66.57073687,76.6059555,73.5781751,70.92152948,77.26964894
609.762,66.5776926,76.59492535,73.57072046,70.9193476,77.2593035
609.955,66.54280874,76.53071828,73.52246041,70.85132891,77.23042461
610.148,66.51841424,76.4851184,73.50010817,70.83871668,77.21220984
610.341,66.5044102,76.48438501,73.49604316,70.82310331,77.19244513
610.533,66.48346304,76.44638719,73.48471278,70.8044346,77.1745599
610.726,66.46944006,76.43138517,73.47316979,70.79182238,77.18238031
610.919,66.46223813,76.43482576,73.49554537,70.81869332,77.19024963
611.111,66.45551598,76.43481325,73.4957113,70.8112822,77.18680931
611.304,66.48326525,76.47659334,73.53603059,70.84886526,77.22848529
611.497,66.48677994,76.50643279,73.54651966,70.87055318,77.23946539
611.689,66.47981158,76.49504845,73.54668559,70.86723413,77.24163641
611.882,66.51483644,76.51728584,73.60511451,70.91495568,77.2927181
612.075,66.56041168,76.54009203,73.63099898,70.98604777,77.33818843
612.267,66.54650653,76.50915249,73.60846913,70.96766083,77.32723279
612.46,66.51837006,76.47550575,73.58288152,70.9597223,77.32164591
612.652,66.47999045,76.43315686,73.53543944,70.91723798,77.28404491
612.845,66.49767543,76.45504005,73.5683041,70.91725605,77.29717156
613.037,66.50487736,76.44780469,73.53829628,70.91591947,77.28899714
613.23,66.50823213,76.45430666,73.52662237,70.92693141,77.28178693
613.422,66.52230351,76.45502755,73.50800328,70.93818899,77.30529705
613.615,66.5050857,76.42917248,73.48582863,70.93077786,77.25732614
613.807,66.50844677,76.42499849,73.49312901,70.94588189,77.27612664
614,66.45958411,76.38358511,73.42707952,70.88444709,77.23819609
614.192,66.40017107,76.35771753,73.37917467,70.8463005,77.20183992
614.384,66.40359318,76.37688103,73.38664098,70.84960147,77.21970068
614.577,66.39686472,76.37688103,73.37885448,70.87268017,77.22971657
614.769,66.42126553,76.41107155,73.4040869,70.89104905,77.24069667
614.961,66.39693837,76.40439249,73.37089039,70.91435532,77.22597115
615.154,66.38293433,76.38102999,73.36344742,70.90392498,77.2184803
615.346,66.39003737,76.36658427,73.37073613,70.91433725,77.22415415
615.538,66.35181137,76.33149576,73.36700298,70.88799371,77.1811844
615.731,66.33087053,76.32409581,73.35580352,70.88444709,77.19494571
615.923,66.32056004,76.33511345,73.34106017,70.89159452,77.17303444
616.115,66.33096312,76.33854153,73.34815961,70.8951592,77.19244513
616.307,66.35543127,76.36041221,73.37710184,70.90777143,77.20028999
616.5,66.33088315,76.35264556,73.37710184,70.91876531,77.2075002
616.692,66.30970241,76.31429356,73.34778107,70.89294916,77.1952508
616.884,66.28874895,76.29476336,73.35472625,70.90861673,77.20620644
617.076,66.25365044,76.22564891,73.3220392,70.86667788,77.20870702
617.268,66.22222656,76.21482088,73.31068548,70.85131015,77.20590134
617.46,66.16954198,76.17610217,73.27391007,70.80192404,77.18580707
617.653,66.14499385,76.13413248,73.23732393,70.78987535,77.16830034
617.845,66.10973542,76.09213778,73.21546948,70.7630044,77.14542486
618.037,66.0711096,76.07297429,73.20800317,70.75095572,77.16703103
618.229,66.03272367,76.00495993,73.17126277,70.73093236,77.13226018
618.421,66.00144078,75.95575488,73.14943165,70.71366451,77.11532561
618.613,66.03990036,75.96281315,73.16380813,70.74411821,77.14854653
618.805,66.04012763,75.96300275,73.18210704,70.76169598,77.1642118
618.997,66.04012763,75.96716422,73.16006331,70.75291214,77.16451689
619.189,66.04028125,75.97837146,73.1666533,70.75975973,77.14291072
619.381,66.02987186,75.96679753,73.15226514,70.76306071,77.15950217
619.573,66.05105891,75.97093399,73.17393033,70.79021343,77.1691885
619.765,66.02306344,75.95627365,73.1552879,70.7520849,77.16855385
619.957,66.04761156,75.96008094,73.1402127,70.74795668,77.17642317
620.149,66.04065583,75.91773204,73.1139497,70.72050413,77.14416646
620.34,66.01274033,75.90217373,73.08410781,70.69474219,77.13351592
620.532,65.99866894,75.91792165,73.07275409,70.69528766,77.14103123
620.724,65.94980628,75.87993634,73.05783314,70.66485203,77.10533418
620.916,65.93572858,75.86492181,73.01752552,70.62370429,77.08339845
621.108,65.93571596,75.85768645,73.02109274,70.63111542,77.1025285
621.3,65.92531919,75.84647921,73.00991662,70.62619609,77.12856368
621.491,65.93570965,75.84305113,73.03160515,70.64073659,77.10318762
621.683,65.92506667,75.86495934,73.03161683,70.64431933,77.11136205
621.875,65.9217056,75.87257391,73.04279295,70.66679836,77.12198812
622.067,65.91835084,75.87998637,73.0646474,70.70411772,77.15395331
622.258,65.90114565,75.88090937,73.03143923,70.7148479,77.13107783
622.45,65.90810138,75.89935198,73.04244942,70.74419258,77.14203347
622.642,65.90802773,75.87563529,73.04938293,70.7480571,77.1354579
622.833,65.90131189,75.86857702,73.02755181,70.75437729,77.142009
623.025,65.89444244,75.86856451,73.01993125,70.76946325,77.15642943
623.217,65.86668686,75.84921141,72.9977566,70.76644405,77.154501
623.408,65.8630859,75.8117699,72.99030196,70.75846938,77.13944592
623.6,65.82126525,75.77321578,72.94287156,70.71981344,77.112471
623.791,65.79352229,75.74699402,72.93862895,70.72586993,77.1422516
623.983,65.79712326,75.74280753,72.94184098,70.73661817,77.16077147
624.174,65.79359595,75.71621906,72.93455227,70.74020092,77.15545165
624.366,65.80406006,75.74661481,72.97878231,70.7596788,77.22629805
624.557,65.78661497,75.71640866,72.97862805,70.74459284,77.23100768
624.749,65.79372432,75.73920235,72.97508417,70.76599899,77.25261386
624.94,65.76572885,75.72437743,72.93424375,70.74706657,77.22316281
625.132,65.75523318,75.70540353,72.91899094,70.73554529,77.20403275
625.323,65.74811753,75.67538699,72.93354503,70.71471276,77.17554592
625.515,65.75530053,75.70883162,72.95858817,70.75726935,77.19027144
625.706,65.75882153,75.70540353,72.96569928,70.764135,77.21003615
625.898,65.75865529,75.71659827,72.95841057,70.76441677,77.20565608
626.089,65.74452287,75.69761187,72.9512878,70.76081596,77.18402544
626.28,65.73762817,75.72022846,72.96553336,70.76136143,77.19910499
626.472,65.70276325,75.68260985,72.96145668,70.7616432,77.17245962
626.663,65.71308636,75.70485974,72.96906557,70.78085738,77.17498467
626.854,65.68517086,75.6940192,72.95399037,70.77042704,77.18598923
627.046,65.67101319,75.68171187,72.95416796,70.78142092,77.18474439
627.237,65.65350708,75.6929066,72.98008744,70.81051997,77.23929087
627.428,65.63278088,75.68854301,72.96129075,70.82917062,77.26219082
627.619,65.59782969,75.65834937,72.94286092,70.79377953,77.25123518
627.811,65.60141803,75.68095346,72.94962851,70.83303514,77.29948672
628.002,65.57710349,75.68095346,72.96387407,70.84785739,77.30295151
628.193,65.55973206,75.65852647,72.94506571,70.84678452,77.30606228
628.384,65.51767783,75.62452555,72.89728011,70.83334506,77.28561399
628.575,65.48968867,75.62739732,72.88625825,70.82073283,77.30033951
628.766,65.42704293,75.60116305,72.83102968,70.80731144,77.27807422
628.958,65.39201807,75.55937046,72.81999614,70.78647891,77.23948454
629.149,65.39575373,75.55916834,72.83791651,70.81282245,77.25547937
629.34,65.36432353,75.53295909,72.82331575,70.79773648,77.23007884
629.531,65.35376683,75.56298814,72.82349335,70.77854037,77.24072938
629.722,65.33626072,75.55428598,72.79081797,70.77773119,77.24386461
629.913,65.28717079,75.50128615,72.74712072,70.73025529,77.1864989
630.104,65.25932263,75.46006236,72.71407847,70.69981966,77.14449336
630.295,65.27322146,75.4938862,72.70678976,70.71054983,77.16235412
630.486,65.24179127,75.47145921,72.70304493,70.68750727,77.13733208
630.677,65.23130191,75.44923433,72.6696825,70.69410923,77.12103216
630.868,65.23489657,75.43007083,72.68425992,70.67928696,77.12824237
631.059,65.22456715,75.42609896,72.6984938,70.6866981,77.14803155
631.25,65.161873,75.37708351,72.66157581,70.62168055,77.09912089
631.441,65.13732487,75.35465652,72.62095967,70.60165719,77.05400458
631.631,65.08135918,75.30924624,72.59536039,70.59781075,77.02768877
631.822,65.05007629,75.29839319,72.57283055,70.59315512,77.02674903
632.013,65.00815674,75.28012768,72.55401052,70.55063467,77.0358632
632.204,64.98024755,75.26873084,72.52828032,70.54102359,77.04087793
632.395,64.93138489,75.24954233,72.52101495,70.53252152,77.02617687
632.586,64.92105547,75.24501415,72.50239586,70.54871649,77.03996265
632.776,64.88636309,75.22563605,72.48375343,70.51718992,77.03277689
632.967,64.84789721,75.1952403,72.4392032,70.50403222,77.00676618
633.158,64.77808109,75.15688829,72.38431815,70.46811373,76.98763612
633.349,64.74641731,75.14985503,72.36549812,70.47471568,76.99958043
633.539,64.70121034,75.11910509,72.35769996,70.47722556,77.01680654
633.73,64.6629654,75.10754366,72.34638125,70.472588,77.00081171
633.921,64.58954201,75.06974796,72.32417159,70.42239272,76.96480957
634.111,64.57239785,75.06595318,72.30589603,70.43668757,76.93757848
634.302,64.53407926,75.03916261,72.28014249,70.40927115,76.95138873
634.493,64.47496083,74.99339814,72.2315039,70.37059715,76.93000068
634.683,64.42279182,74.97495553,72.21319333,70.35715769,76.90962579
634.874,64.34936211,74.92612968,72.17307498,70.31028145,76.86137424
635.064,64.30753515,74.91092555,72.16918757,70.28725695,76.84664873
635.255,64.25177779,74.84745188,72.10296047,70.22527668,76.77863247
635.446,64.2275306,74.81288214,72.07384065,70.21240075,76.76893258
635.636,64.18561736,74.78248639,72.02979987,70.16137823,76.72318162
635.827,64.13338101,74.73400223,71.9560948,70.08374846,76.67055
636.017,64.09162139,74.69148874,71.919497,70.03987336,76.65045573
636.208,64.03559466,74.62635867,71.87865658,70.01986808,76.62065067
636.398,63.96577223,74.56578179,71.81225189,69.98421328,76.55574519
636.588,63.87836372,74.47876852,71.73874775,69.91454012,76.48244714
636.779,63.79446989,74.3843428,71.65742212,69.82129697,76.41914052
636.969,63.74903565,74.34292941,71.59066223,69.79769087,76.38809061
637.16,63.707356,74.27872234,71.53203237,69.76068144,76.34542596
637.35,63.65847441,74.25517024,71.50220214,69.7595905,76.34074079
637.54,63.59216666,74.22533079,71.45780617,69.7077588,76.31002045
637.731,63.50138445,74.16490599,71.36193813,69.65015238,76.23950361
637.921,63.44204507,74.11190616,71.30990991,69.61397019,76.2009384
638.111,63.39677707,74.07861361,71.27603802,69.6016578,76.16046923
638.302,63.31991263,74.0223753,71.22422242,69.5083966,76.11191259
638.492,63.23257777,73.94982026,71.1684844,69.41817266,76.03013503
638.682,63.20136853,73.93480573,71.16475124,69.37786225,76.01920386
638.872,63.13858811,73.87727772,71.09871342,69.32794874,75.98440854
639.063,63.05469428,73.80741737,71.03588763,69.26872397,75.95024786
639.253,62.97439512,73.75330493,70.99118314,69.21881046,75.93237355
639.443,62.91857673,73.68493638,70.93614384,69.15628472,75.87597204
639.633,62.85235527,73.63067187,70.87685026,69.10226105,75.81043191
639.823,62.80347999,73.58871469,70.86920635,69.0847295,75.8013422
640.014,62.73013024,73.51997944,70.81434465,69.03755343,75.76718153
640.204,62.65671315,73.43659637,70.72998458,68.96842573,75.68849027
640.394,62.58703803,73.37942255,70.66762156,68.93716286,75.64210466
640.584,62.56967922,73.36784861,70.6567773,68.95036678,75.64741092
640.774,62.50314421,73.30689252,70.60510429,68.90294507,75.60663665
640.964,62.45434889,73.25713117,70.55719944,68.86210725,75.53424033
641.154,62.37068234,73.1706742,70.49821438,68.7759754,75.43833387
641.344,62.27974021,73.06939231,70.41383097,68.67916758,75.33365636
641.534,62.19577904,73.02398204,70.35504685,68.6312004,75.27909632
641.724,62.13987438,72.97459988,70.29660625,68.5692382,75.22740445
641.914,62.07710658,72.92539483,70.22663434,68.49930133,75.17034384
642.104,62.03888058,72.89935016,70.20800358,68.48586186,75.14278319
642.294,61.97608753,72.84561693,70.14157555,68.42279065,75.1123924
642.484,61.90956514,72.76167756,70.08280309,68.35394472,75.04720629
642.674,61.86428452,72.70451625,70.00556581,68.29660201,75.0045661
642.863,61.79462832,72.64698824,69.91747259,68.24503402,74.91524876
643.053,61.71074082,72.59398841,69.85847585,68.17096893,74.86228759
643.243,61.67235489,72.57860718,69.80699211,68.15124541,74.85163705
643.433,61.62365216,72.55998748,69.75195281,68.12298368,74.82188091
643.623,61.55742439,72.49180853,69.68183831,68.06507743,74.7611238
643.813,61.48057257,72.40173389,69.58597026,67.96795171,74.68872748
644.002,61.42130053,72.34020899,69.55244189,67.9210574,74.64672194
644.192,61.33748036,72.2790633,69.47145979,67.81768376,74.57147101
644.382,61.25358654,72.22643016,69.43098623,67.77767318,74.50411387
644.572,61.19789652,72.20725416,69.38694546,67.73325262,74.48437362
644.761,61.11760367,72.13525542,69.32407298,67.65894189,74.40130229
644.951,61.06520107,72.07557652,69.27206812,67.59775273,74.37435183
645.141,61.02682146,72.04573707,69.2392268,67.55881503,74.35835701
645.33,60.96403472,71.98550187,69.19891918,67.50368235,74.30132085
645.52,60.93948029,71.94751657,69.16874543,67.47217385,74.2521051
645.71,60.92915086,71.95094464,69.18702099,67.47522919,74.26713572
645.899,60.89434697,71.91963841,69.1573567,67.45578743,74.24552954
646.089,60.84204328,71.87043335,69.10603889,67.41602249,74.17654908
646.278,60.78253765,71.80965436,69.04725476,67.38695159,74.11981801
646.468,60.72670664,71.73690971,68.981016,67.33262809,74.06148809
646.658,60.68135236,71.69549633,68.94390874,67.31345004,73.99316675
646.847,60.61481104,71.62440808,68.89651335,67.29453569,73.94741579
647.037,60.52746355,71.55095505,68.81588643,67.2441309,73.88628019
647.226,60.46803789,71.45580844,68.77131286,67.17858595,73.81011398
647.415,60.40876584,71.42523559,68.71982912,67.14404017,73.74897837
647.605,60.34942014,71.34926498,68.67580001,67.08477928,73.72483359
647.794,60.27601568,71.24345492,68.59145162,66.99590999,73.64555661
647.984,60.22363201,71.2065697,68.57657735,66.96132808,73.61012664
648.173,60.18493885,71.16133652,68.54776604,66.89880234,73.58350573
648.363,60.1290405,71.09803994,68.48933711,66.83433026,73.55784904
648.552,60.08705992,71.07544836,68.46341764,66.79484709,73.52335881
648.741,60.03812361,71.03330158,68.41904501,66.74052359,73.5126838
648.931,60.01388904,71.02134844,68.38210368,66.68486351,73.47915778
649.12,59.99670909,70.9884351,68.35636181,66.63821484,73.42209716
649.309,59.97583559,70.97340806,68.31573399,66.60282375,73.37252738
649.499,59.94088439,70.92004153,68.27521376,66.55208299,73.35526326
649.688,59.89201543,70.88167702,68.23508374,66.5222109,73.30263164
649.877,59.86400733,70.85849162,68.20205316,66.47640754,73.27876749
650.066,59.83937294,70.83098016,68.16885665,66.45889406,73.23016192
650.255,59.80114063,70.77022618,68.09502066,66.39774103,73.20665179
650.445,59.78361558,70.77274377,68.09775825,66.38186395,73.1702576
650.634,59.75577373,70.72319703,68.04306247,66.34266255,73.12266518
650.823,59.752339,70.68612222,68.00309838,66.32650371,73.07410854
651.012,59.70675114,70.64759312,67.96599112,66.27739936,73.02833311
651.201,59.68211675,70.60128486,67.9626365,66.21896571,73.02084227
651.39,59.63286689,70.57053492,67.92231721,66.1690522,73.02779632
651.579,59.61888809,70.56674014,67.9040183,66.15394816,72.99867484
651.769,59.60498294,70.53690069,67.87096438,66.13445222,72.997114
651.958,59.60139459,70.5371028,67.84895567,66.11444693,72.97482424
652.147,59.54213517,70.48086449,67.80473729,66.05984165,72.94784932
652.336,59.51758705,70.48483636,67.81183673,66.06257909,72.92558403
652.525,59.50376187,70.45498441,67.76759502,66.04638412,72.90395339
652.714,59.50704298,70.46691253,67.76722815,66.03017109,72.91801979
652.903,59.48953055,70.4743375,67.77041684,66.01150238,72.91168683
653.092,59.47218436,70.44033658,67.74078756,65.97337384,72.90574592
653.281,59.4371048,70.41771999,67.71858957,65.97695659,72.87816081
653.469,59.41991223,70.40198457,67.72570068,65.9879324,72.86371592
653.658,59.42680061,70.38697005,67.75466625,65.97586565,72.86399655
653.847,59.40568722,70.37428351,67.75094477,65.9410381,72.8097416
654.036,59.37755075,70.32813984,67.73246827,65.92951682,72.80161611
654.225,59.36340571,70.30968472,67.71059047,65.9086742,72.77499521
654.414,59.35653626,70.28162946,67.68093784,65.88261243,72.77598389
654.603,59.36358458,70.25105662,67.66281654,65.85298597,72.77598389
654.791,59.37751497,70.22391185,67.67721636,65.86589802,72.78790373
654.98,59.36002779,70.1929598,67.64844006,65.84642014,72.78170665
655.169,59.36339517,70.2113899,67.64111634,65.84229192,72.7578425
655.358,59.41225783,70.22278675,67.64822745,65.8505303,72.79607815
655.546,59.43313133,70.20506503,67.61485334,65.8198129,72.78479296
655.735,59.45056379,70.21321088,67.59265535,65.8206582,72.79266229
655.924,59.46808884,70.24722432,67.60669998,65.83628963,72.82929908
656.113,59.46128673,70.24416294,67.57670383,65.83351606,72.81614796
656.301,59.51743129,70.26604613,67.58757143,65.8746638,72.8516024
656.49,59.5139229,70.23583998,67.58792663,65.84886573,72.82429792
656.678,59.50658629,70.25445968,67.6060596,65.86502457,72.82903201
656.867,59.50308421,70.26531273,67.60980443,65.87354471,72.84064676
657.056,59.49948956,70.23473989,67.57201011,65.87024373,72.839353
657.244,59.52741138,70.23583998,67.58254586,65.87985481,72.88922787
657.433,59.50294953,70.19822137,67.53492618,65.87049734,72.84472174
657.621,59.49240546,70.19368069,67.53882527,65.87160635,72.82936157
657.81,59.49227078,70.1518881,67.50937358,65.8523741,72.8108417
657.998,59.48868243,70.1104622,67.49837506,65.82633039,72.81051214
658.187,59.5130159,70.09399339,67.48382098,65.79917768,72.77913268
658.375,59.49199509,70.06361015,67.44689131,65.73607831,72.75274348
658.564,59.50232452,70.04480084,67.43909315,65.74488022,72.76713944
658.752,59.51983064,69.995052,67.39877386,65.71940005,72.76144113
658.941,59.50569822,69.95740838,67.34317842,65.67329685,72.70595491
659.129,59.52651068,69.96445414,67.37993049,65.66616748,72.7188145
659.317,59.52644965,69.94166045,67.34296582,65.65847459,72.69464525
659.506,59.52273294,69.94435514,67.33502506,65.63186734,72.69462078
659.694,59.54355171,69.93871436,67.33856895,65.65299172,72.72972121
659.882,59.50853948,69.91843826,67.31264948,65.63766012,72.74824108
660.071,59.49440706,69.88858631,67.27875424,65.64207011,72.7078344
660.259,59.46268857,69.85439578,67.25249124,65.63824173,72.72288948
660.447,59.45199087,69.81964895,67.22620491,65.61906368,72.6921936
660.636,59.42027869,69.76229804,67.17434263,65.57982614,72.65550788
660.824,59.38887374,69.71634397,67.1450452,65.54141584,72.62699658
661.012,59.33994374,69.65446488,67.08645035,65.47339715,72.61003755
661.2,59.30163778,69.58589422,67.01278028,65.42346557,72.54576672
661.388,59.24566577,69.50103184,66.9540195,65.38098125,72.48810947
661.577,59.20382618,69.44441433,66.88778074,65.32420208,72.44858004
661.765,59.14823507,69.35055741,66.81747696,65.23340452,72.36079908
661.953,59.1028387,69.24835252,66.73650653,65.1582384,72.26705274
662.141,59.04703293,69.12912252,66.63383589,65.04000637,72.18431097
662.329,58.9876262,69.05964137,66.54932156,64.9637493,72.11533051
662.517,58.92479737,68.96428014,66.46855206,64.89899546,72.06047894
662.705,58.90378287,68.92212085,66.42062387,64.84962742,72.02191372
662.893,58.83710055,68.82713882,66.32438896,64.76158537,71.93886686
663.081,58.79159896,68.73996096,66.25729722,64.70754364,71.87393691
663.269,58.74243538,68.66359864,66.18021419,64.62773996,71.83099162
663.457,58.69673808,68.59829147,66.14308358,64.55970321,71.78865653
663.645,58.64774705,68.51741348,66.07276814,64.50239663,71.73256012
663.833,58.57755635,68.44430213,65.97330953,64.42944055,71.65794384
664.021,58.51446869,68.36398044,65.88131723,64.33836122,71.57927704
664.209,58.43762949,68.28798481,65.80765884,64.26925159,71.52657203
664.397,58.40613827,68.20801731,65.74835359,64.19406741,71.46918186
664.585,58.34673153,68.13531019,65.67802648,64.12111133,71.41462182
664.773,58.26997862,68.04447713,65.58214676,64.06350492,71.33311132
664.961,58.2351137,67.98314183,65.51539854,64.03331492,71.30231758
665.149,58.15821978,67.88038065,65.39394289,63.94198996,71.19764007
665.337,58.05340406,67.77764447,65.28335483,63.85366615,71.07658925
665.524,57.94511573,67.65246881,65.13987878,63.71980267,70.9787924
665.712,57.85419253,67.58426484,65.05127611,63.63532531,70.87906712
665.9,57.81231085,67.48910572,65.00353719,63.56236923,70.84705301
666.088,57.76704916,67.45093081,64.97035235,63.52752361,70.81506336
666.275,57.72859589,67.38219556,64.90023784,63.46246993,70.73859205
666.463,57.63432424,67.28415215,64.78980405,63.36345208,70.63735487
666.651,57.5677345,67.20074406,64.69783508,63.27952018,70.56179885
666.839,57.48736168,67.12008068,64.63515188,63.17310926,70.47589737
667.026,57.40694046,67.06727045,64.55096941,63.06200659,70.38568922
667.214,57.36152515,66.99038935,64.50321882,63.01286611,70.3286286
667.401,57.34769366,66.93356972,64.45474617,62.93606358,70.2801209
667.589,57.32668547,66.86555537,64.41053947,62.90480071,70.21177508
667.777,57.31271299,66.80079199,64.37737796,62.86609057,70.18455756
667.964,57.22860451,66.71323493,64.25927692,62.7700558,70.09055506
668.152,57.18655659,66.63346954,64.18845202,62.71659566,70.05262449
668.339,57.12691628,66.57666242,64.1291351,62.67081037,69.99528325
668.527,57.08822942,66.51100106,64.06641689,62.60034609,69.93921131
668.714,57.06362027,66.46106261,64.00373368,62.55810741,69.87810018
668.902,57.01116296,66.36627019,63.91904176,62.51888794,69.79596859
669.089,56.9869347,66.30116513,63.87802374,62.47118446,69.73794376
669.277,56.96223927,66.2662412,63.82650499,62.42813661,69.73323413
669.464,56.90268523,66.22066634,63.77198682,62.37822309,69.68432347
669.652,56.87814342,66.15915395,63.72352583,62.30115686,69.6263231
669.839,56.81192827,66.07521457,63.65001003,62.21777043,69.5591841
670.027,56.75947727,65.99181899,63.59481647,62.16290146,69.45007759
670.214,56.72443979,65.97171999,63.56921719,62.12831955,69.39205276
670.401,56.71067564,65.94495443,63.52178679,62.08994538,69.36472381
670.589,56.65472257,65.88054525,63.45544045,62.02134509,69.2966831
670.776,56.63054272,65.83515999,63.42647488,61.98567223,69.25531221
670.963,56.60233891,65.80438503,63.37106871,61.91679017,69.24716225
671.151,56.58467918,65.75822885,63.34196055,61.91405272,69.221176
671.338,56.55670264,65.72531551,63.30878738,61.86745826,69.16507959
671.525,56.50775371,65.65620106,63.26778103,61.82137313,69.09949053
671.712,56.44147121,65.61115748,63.223586,61.80709633,69.06973439
671.9,56.4342819,65.61568565,63.19392171,61.76761316,69.02555783
672.087,56.44836591,65.60069614,63.16819151,61.74186929,69.02996236
672.274,56.43422087,65.51730056,63.09095422,61.69058306,68.98454096
672.461,56.3780279,65.45631946,63.03982567,61.63624149,68.93414286
672.648,56.36408489,65.43677676,63.03589158,61.63516862,68.90688731
672.835,56.32562531,65.38052594,62.99863006,61.58469156,68.86422266
673.022,56.29778977,65.36949579,62.96865725,61.58467349,68.79559622
673.21,56.24531983,65.31324497,62.89868533,61.51965595,68.74541625
673.397,56.21035601,65.26730341,62.85836604,61.46666903,68.68086479
673.584,56.23145678,65.25970135,62.83258916,61.4614318,68.67026318
673.771,56.23480523,65.24396593,62.8217449,61.4405812,68.64799789
673.958,56.19634566,65.17087961,62.75584966,61.41097281,68.60599235
674.145,56.14723679,65.12166205,62.73007278,61.37884657,68.56085158
674.332,56.08432168,65.07300079,62.71145369,61.3223311,68.51540571
674.519,56.11934653,65.07263409,62.70719941,61.33852607,68.49941088
674.706,56.10192669,65.03789976,62.68892385,61.31682008,68.47401035
674.893,56.05629042,65.00243205,62.6555264,61.27869155,68.43388431
675.08,56.06319143,64.96499053,62.65616677,61.24908316,68.42062176
675.266,56.04201701,64.92032616,62.61905951,61.20573547,68.37611564
675.453,56.03514125,64.85971176,62.6224258,61.19449596,68.37298041
675.64,56.02116876,64.82931601,62.58958448,61.15391176,68.34944581
675.827,56.00014164,64.78752341,62.55686242,61.12921471,68.31620042
676.014,56.02132237,64.79695897,62.6115932,61.16265148,68.33530601
676.201,56.03186645,64.8311495,62.59295077,61.15223921,68.3277907
676.387,56.08072911,64.84293805,62.58920595,61.16979891,68.34409062
676.574,56.06314934,64.82053608,62.57429667,61.11930379,68.3434315
676.761,56.08410911,64.82254667,62.57786389,61.12204124,68.33839231
676.948,56.09448695,64.81624681,62.59619781,61.13301705,68.34028271
677.134,56.0943207,64.8383071,62.61757782,61.13410001,68.37143047
677.321,56.12246348,64.85639551,62.65063174,61.15657904,68.36890543
677.508,56.1257509,64.90977455,62.66911991,61.19003388,68.38801102
677.695,56.15708851,64.92497868,62.72737124,61.24654935,68.40276101
677.881,56.18830405,64.95194635,62.752627,61.27370207,68.40655536
678.068,56.21231767,64.96603787,62.76734701,61.27726675,68.38648555
678.254,56.24039941,64.96677127,62.84053095,61.31454998,68.42001158
678.441,56.26478129,65.00853885,62.91762565,61.3828685,68.43881207
678.628,56.29260421,65.01323161,62.96147715,61.44732251,68.465787
678.814,56.29949891,65.03909918,62.9943068,61.4852054,68.48682102
679.001,56.36244557,65.09643759,63.02001366,61.5386836,68.51033115
679.187,56.40451874,65.12033137,63.05318683,61.60426468,68.52500774
679.374,56.43580163,65.15091673,63.08230666,61.66596318,68.55106738
679.56,56.48117484,65.14097416,63.10820279,61.7005451,68.57050254
679.747,56.54036693,65.18692823,63.15243283,61.73920103,68.60843309
679.933,56.59283055,65.2701092,63.21865992,61.81106617,68.65293922
680.12,56.65216994,65.32403203,63.2880757,61.8873413,68.72224924
680.306,56.72872083,65.38391304,63.32500537,61.95675077,68.76524345
680.493,56.7740688,65.43006922,63.36565652,62.00417247,68.80380866
680.679,56.85436796,65.52541795,63.43867453,62.08069323,68.86086928
680.865,56.95906163,65.62094377,63.51254553,62.18106574,68.94575761
681.052,57.0392682,65.70035497,63.60808172,62.27430888,69.04515333
681.238,57.1266704,65.75391111,63.69619828,62.32891415,69.1031537
681.424,57.24518926,65.82264635,63.83560931,62.43948942,69.23070669
681.611,57.3289968,65.9132773,63.94112512,62.54288113,69.29213381
681.797,57.4443145,66.04246237,64.07289224,62.6841738,69.40625505
681.983,57.58387309,66.14976424,64.21587051,62.82734852,69.54636254
682.169,57.69223507,66.23298272,64.32265284,62.94254329,69.65638433
682.356,57.84242401,66.38187508,64.47236367,63.09286544,69.78862249
682.542,57.99605399,66.4954643,64.62667232,63.2486986,69.91526019
682.728,58.14977024,66.64363577,64.78099262,63.40343074,70.05440347
682.914,58.33145041,66.79197182,64.97136628,63.58829867,70.20490533
683.1,58.5094812,66.98609735,65.14061921,63.77346644,70.34475666
683.287,58.70837917,67.19412481,65.32778083,63.99697223,70.50931402
683.473,58.83097247,67.36181396,65.42347128,64.13190858,70.61149095
683.659,59.03015244,67.54397384,65.60390033,64.31732199,70.7983136
683.845,59.16284158,67.64744341,65.71844582,64.45993317,70.91679045
684.031,59.31287059,67.80247104,65.84380056,64.58693099,71.050919
684.217,59.49440345,67.97776225,66.02382773,64.77290793,71.19793161
684.403,59.62365785,68.13351077,66.20477791,64.93582423,71.3518738
684.589,59.80527699,68.33124148,66.38465083,65.12285598,71.55653274
684.775,59.96578904,68.49080978,66.54352227,65.33020294,71.69861758
684.961,60.12624006,68.67749784,66.71292945,65.50300412,71.8857698
685.147,60.30090978,68.82148281,66.90384757,65.68621758,72.08567018
685.333,60.45453345,69.00817087,67.1096633,65.87001263,72.28976787
685.519,60.66398812,69.2207265,67.34514332,66.09325473,72.50639559
685.705,60.89447623,69.46442379,67.60583242,66.35439779,72.73144034
685.891,61.08640585,69.68078671,67.8224574,66.55323259,72.92389881
686.077,61.28912576,69.88647367,68.06449239,66.7880321,73.12924135
686.263,61.47794052,70.0807763,68.24455457,66.98742246,73.33460834
686.448,61.71537173,70.3020466,68.45424605,67.2603505,73.56438719
686.634,61.89675097,70.46538467,68.60857803,67.48826629,73.70639863
686.82,62.09910261,70.66765606,68.83269266,67.69724966,73.87466339
687.006,62.28789844,70.87260963,69.05712747,67.87828921,74.03170544
687.192,62.51135085,71.10165909,69.27443951,68.11911706,74.1840868
687.377,62.82229804,71.35711992,69.55003788,68.40435749,74.42917688
687.563,63.09461311,71.59665573,69.81802735,68.65587938,74.64552398
687.749,63.2935174,71.79603032,70.00569844,68.86897291,74.84586535
687.934,63.57310806,72.03592033,70.25995181,69.15862333,75.08817422
688.12,63.82447597,72.28813017,70.48848664,69.4345605,75.2822071
688.306,64.08946073,72.53523052,70.75712817,69.72447461,75.49878588
688.491,64.33385398,72.74361217,70.97413168,69.95732779,75.67801984
688.677,64.64136645,73.05188323,71.30087027,70.22833766,75.95762463
688.863,64.93155591,73.32539494,71.58039107,70.50646679,76.24566
689.048,65.2005099,73.5540652,71.8009268,70.8002093,76.49390979
689.234,65.49729312,73.78976871,72.04348292,71.0854678,76.7594237
689.419,65.66130725,73.9681213,72.21373142,71.29501471,76.92683567
689.605,65.90227839,74.23819244,72.45356163,71.55034692,77.16064057
689.791,66.21643936,74.51515725,72.76661079,71.84767217,77.4205051
689.976,66.49227543,74.78868148,73.03831008,72.12550147,77.6571646
690.162,66.73660765,74.99813821,73.27658858,72.39505627,77.87155882
690.347,66.98827649,75.26388328,73.55612105,72.66519268,78.07059285
690.532,67.28845865,75.52766706,73.85747297,72.96604647,78.33898584
690.718,67.47690514,75.6765469,74.01319073,73.13167207,78.46566157
690.903,67.75253919,75.93487951,74.29962169,73.42648746,78.66789333
691.089,68.02141953,76.17781839,74.56098617,73.68236514,78.88732673
691.274,68.25538654,76.41715209,74.79272137,73.93081361,79.09069191
691.459,68.5064914,76.64998381,75.04611009,74.18967437,79.2633612
691.645,68.77162977,76.84557614,75.29988901,74.44857126,79.46832524
691.83,68.98094976,77.02827981,75.50235012,74.69564703,79.63354172
692.015,69.22179254,77.23884915,75.72325272,74.94628748,79.82947855
692.201,69.51157794,77.48887131,75.93334606,75.17914066,80.06141751
692.386,69.80135702,77.70324792,76.1503029,75.44516691,80.28965999
692.571,70.03199874,77.89772764,76.33780806,75.67278286,80.43791743
692.757,70.33225456,78.17507167,76.62793717,76.02792403,80.68209224
692.942,70.57996048,78.36213893,76.80495325,76.25884097,80.88112628
693.127,70.85902924,78.56892599,77.05499902,76.56518772,81.07327966
693.312,71.13832529,78.82018782,77.30467792,76.82736752,81.2811717
693.497,71.41430867,78.99642705,77.49593957,77.08219039,81.46366321
693.682,71.67287852,79.19720663,77.6903899,77.34930758,81.6236088
693.868,71.9033119,79.40633418,77.86346023,77.55193463,81.78438272
694.053,72.09503319,79.53300166,78.01083535,77.735138,81.90976469
694.238,72.31833198,79.65657023,78.19140699,77.9429943,82.03170632
694.423,72.53095201,79.84671138,78.3864018,78.14676649,82.18533252
694.608,72.78227783,80.04785766,78.60710346,78.3798653,82.35550123
694.793,73.02638909,80.24270409,78.78396528,78.61410128,82.55957446
694.978,73.29888302,80.45200873,79.02230213,78.86613251,82.74647051
695.163,73.53254279,80.66514569,79.20610914,79.06881376,82.92200797
695.348,73.76593743,80.82182971,79.39040227,79.29725695,83.10035111
695.533,74.02782625,81.06910715,79.6434708,79.56409237,83.31069481
695.718,74.26874899,81.27065765,79.82014335,79.81095864,83.53830263
695.903,74.492012,81.41956252,80.01464037,80.02407023,83.67749483
696.088,74.79936454,81.639341,80.28193112,80.32496017,83.91167822
696.273,75.06117971,81.87469032,80.5355091,80.5871761,84.13055036
696.458,75.29862986,82.00931406,80.69370516,80.79944239,84.3370997
696.643,75.54956847,82.21863121,80.90715312,81.05702077,84.57943304
696.827,75.7552454,82.35971939,81.09024974,81.25308199,84.70010538
697.012,75.95394767,82.49395141,81.23051375,81.39678412,84.81321347
697.197,76.16703486,82.63559588,81.40345316,81.62745541,84.98310156
697.382,76.36965164,82.77761957,81.54338532,81.79363657,85.07776318
697.567,76.62073125,82.96647103,81.73155419,82.01059461,85.25582569
697.751,76.81577152,83.12025825,81.89705062,82.1767577,85.38742919
697.936,77.06363736,83.30695882,82.08859744,82.44717587,85.56768719
698.121,77.24837345,83.48135205,82.22141849,82.63940073,85.71184519
698.306,77.42977793,83.61793707,82.38998437,82.85302166,85.82000106
698.49,77.64586425,83.78130015,82.56598154,83.07159007,85.90995304
698.675,77.85887149,83.92623314,82.72776816,83.28080101,86.03468679
698.86,78.07165776,84.10894932,82.87868718,83.46071349,86.15698246
699.044,78.28092935,84.25079591,83.01839506,83.664214,86.30688769
699.229,78.48666099,84.37274561,83.17283462,83.8397064,86.43919924
699.413,78.66426879,84.47062443,83.30799138,84.02592897,86.60192605
699.598,78.85218708,84.59042324,83.45467945,84.22062757,86.73515288
699.783,79.05103665,84.66278868,83.56138009,84.40412279,86.83047362
699.967,79.25678723,84.78509257,83.68233797,84.5456611,86.99065091
700.152,79.50107105,84.94232038,83.88101924,84.77636853,87.14082321
700.336,79.77665037,85.12253148,84.04330364,84.95488014,87.28499212
700.521,80.02451622,85.29347162,84.22777437,85.14412193,87.4718637
700.705,80.19156732,85.38935163,84.33074186,85.2700288,87.55648497
700.89,80.3418741,85.41346003,84.40496805,85.3937437,87.64864601
701.074,80.52675749,85.52436707,84.57742134,85.594225,87.77743027
701.258,80.71157354,85.65104706,84.69130311,85.73135332,87.88717144
701.443,80.94913521,85.81967172,84.86425418,85.92719707,88.02763294
701.627,81.12697659,85.91083395,84.9528802,86.04842016,88.10321344
701.812,81.36088257,86.11344702,85.13294238,86.23852532,88.2696612
701.996,81.5735026,86.26342696,85.29504919,86.41840166,88.39940967
702.18,81.72304128,86.3777746,85.40887262,86.53436947,88.52800027
702.365,81.84865263,86.47403382,85.5086164,86.68579265,88.61201135
702.549,81.97412298,86.54405876,85.5858887,86.78452874,88.67468332
702.733,82.21534033,86.68787914,85.75849624,86.97427986,88.84530391
702.917,82.43132144,86.88902543,85.95646712,87.18573697,89.01741195
703.102,82.56026861,87.00246257,86.02443519,87.2932569,89.10115596
703.286,82.7274544,87.13846627,86.17164439,87.42928419,89.22218232
703.47,82.8808087,87.25030883,86.28941358,87.56476602,89.29297979
703.654,83.04151224,87.37315651,86.43625591,87.68514381,89.41327363
703.838,83.18775719,87.46400207,86.55739138,87.82057143,89.50669041
704.023,83.36229222,87.58882356,86.71864521,87.95031467,89.58792028
704.207,83.55443227,87.700464,86.84434348,88.07974,89.68220341
704.391,83.7601576,87.80359188,86.94342355,88.18889634,89.79192011
704.575,83.96221463,87.94849985,87.09449683,88.37432781,89.9286362
704.759,84.04253903,88.00010721,87.19025729,88.4324797,89.96993369
704.943,84.25538634,88.14216841,87.32275815,88.58362909,90.08653105
705.127,84.47514097,88.28707639,87.48334827,88.7495646,90.21536424
705.311,84.66030004,88.40270121,87.60140263,88.88889287,90.30967184
705.495,84.81388161,88.4826437,87.71586642,88.95111878,90.39465803
705.679,84.96408948,88.60044443,87.8593308,89.08907434,90.50133735
705.863,85.16285909,88.71983901,87.98499406,89.23063071,90.57625873
706.047,85.2987262,88.79618884,88.06224302,89.32799409,90.64113975
706.231,85.389601,88.82676168,88.11376177,89.36612263,90.64782673
706.415,85.49746634,88.96788738,88.25404913,89.48597301,90.80675918
706.599,85.61259464,89.05454646,88.3241753,89.55671906,90.88476686
706.783,85.81106332,89.21537945,88.43866244,89.70596833,91.00515857
706.967,85.91226123,89.25031588,88.49456639,89.79397424,91.03524426
707.15,86.10076244,89.35379795,88.66376097,89.91821655,91.17601086
707.334,86.20188669,89.41781542,88.74490901,90.02130842,91.22527555
707.518,86.35532096,89.54698798,88.84843263,90.18181528,91.29641613
707.702,86.52618768,89.61973263,88.95175532,90.25448959,91.37877941
707.886,86.65858851,89.70315322,89.06595727,90.32853661,91.45240702
708.069,86.77743353,89.80629362,89.15540126,90.43033603,91.57808051
708.253,87.04624022,90.03172539,89.37574773,90.6566696,91.7952804
708.437,87.21394158,90.11147828,89.52990211,90.78391305,91.83948142
708.62,87.3289773,90.21119059,89.65865815,90.91473925,91.90876698
708.804,87.45450237,90.29093097,89.76554806,91.00852785,91.98432301
708.988,87.58713678,90.41248895,89.89763538,91.10428087,92.08781817
709.171,87.68826104,90.52720329,89.98283675,91.18136517,92.13199473
709.355,87.8662308,90.69241237,90.11917835,91.30783558,92.21695646
709.539,88.00924936,90.81508296,90.24421291,91.43209595,92.33857944
709.722,88.08574553,90.93866403,90.32878558,91.55305534,92.43430313
709.906,88.18694975,91.07163137,90.43140954,91.69515719,92.53843294
710.089,88.29855705,91.13640725,90.54507871,91.79800343,92.56194308
710.273,88.32626422,91.18290511,90.59692931,91.8136168,92.56288282
710.457,88.48680782,91.31047057,90.69669644,91.91676287,92.69453526
710.64,88.63724297,91.39877353,90.78971933,92.00154007,92.79427144
710.823,88.72800624,91.50973061,90.85645588,92.09561045,92.85825074
711.007,88.83246002,91.60125954,90.9601571,92.14197735,92.91060172
711.19,88.9685965,91.73025501,91.11478593,92.27636823,93.01148488
711.374,89.09770992,91.84389426,91.28723921,92.38197796,93.17196727
711.557,89.19529424,91.92257207,91.33975354,92.40496633,93.20357843
711.741,89.31405929,91.99836559,91.42526344,92.44775048,93.26490769
711.924,89.41517092,92.0570187,91.47441148,92.46913857,93.3025087
712.107,89.53020664,92.15742689,91.5522049,92.52920863,93.37935849
712.291,89.58581038,92.22168399,91.58608846,92.59556276,93.42854978
712.474,89.7324299,92.37387736,91.72567709,92.74839478,93.53044608
712.657,89.88615247,92.51153746,91.87610999,92.8699278,93.64393266
712.841,90.0151312,92.59871532,91.99704453,92.95248698,93.72071997
713.024,90.12344477,92.69480995,92.1039461,93.03336353,93.739496
713.207,90.18609051,92.73026515,92.14107671,93.06931018,93.76689835
713.39,90.30814929,92.800113,92.20422269,93.1225608,93.80014374
713.574,90.37440231,92.87034006,92.31450223,93.19363484,93.88392312
713.757,90.51741457,92.95464613,92.43209381,93.32559819,93.95860189
713.94,90.6467237,93.0801885,92.58995802,93.45398679,94.09022986
714.123,90.7165335,93.11437903,92.6420938,93.50584664,94.09776963
714.306,90.84548699,93.16085187,92.71880996,93.55386003,94.16864049
714.489,90.88351727,93.15992887,92.76386965,93.55823389,94.15201101
714.673,90.95615995,93.24425996,92.84498267,93.62293353,94.19335744
714.856,91.07485766,93.32933696,92.93782796,93.71208458,94.28116286
715.039,91.21442257,93.42503987,93.0262297,93.80374551,94.40312897
715.222,91.32608459,93.50863757,93.1219785,93.86930853,94.46699684
715.405,91.36756853,93.54677496,93.17079467,93.92606964,94.51062571
715.588,91.51776377,93.65025703,93.29578255,94.07501908,94.62063394
715.771,91.54196256,93.68935494,93.35453167,94.07667355,94.65567187
715.954,91.63278264,93.74652876,93.45790103,94.11476595,94.69522576
716.137,91.76893806,93.88115249,93.59425429,94.23684444,94.83943269
716.32,91.87745365,94.00795954,93.71267552,94.3133652,94.88765976
716.503,91.93344459,94.08250015,93.77143631,94.34134516,94.93974368
716.685,92.0315087,94.14635303,93.89285696,94.43134152,94.99017981
716.868,92.04869496,94.18758932,93.96641944,94.46123168,95.03565015
717.051,92.13589513,94.26339535,94.05502211,94.51470988,95.14631749
717.234,92.14647707,94.25671628,94.07398473,94.51717353,95.16104302
717.417,92.25866729,94.34195786,94.14772481,94.59148425,95.24345523
717.6,92.31452355,94.38628056,94.19227504,94.61946421,95.27230965
717.783,92.36730072,94.45429491,94.18621786,94.66888645,95.30151808
717.965,92.39183621,94.46475625,94.14995191,94.69552983,95.28389993
718.148,92.46870065,94.511052,94.17556286,94.73005755,95.32807649
718.331,92.53150001,94.58179857,94.26394126,94.81539829,95.39545809
718.514,92.60134138,94.6223515,94.31207038,94.8497165,95.41800402
718.696,92.65367032,94.65726291,94.31637134,94.86397523,95.48039536
718.879,92.79327309,94.75406593,94.41202678,94.97428679,95.52897646
719.062,92.8598081,94.79260753,94.44503402,95.00364955,95.52169285
719.244,93.01322343,94.93355614,94.562413,95.11285211,95.63550899
719.427,93.10047832,95.03559644,94.65401509,95.17628744,95.69408152
719.61,93.19459636,95.13619423,94.75739613,95.250898,95.74393192
719.792,93.31642787,95.17567134,94.87884012,95.33341097,95.80599371
719.975,93.44538767,95.30686699,94.97032297,95.39184462,95.88941906
720.157,93.51138186,95.36639381,95.04771451,95.42452642,95.94014672
720.34,93.64033535,95.43700007,95.15494794,95.50849445,96.02866019
720.522,93.7135862,95.4907333,95.24300616,95.58584245,96.10292245
720.705,93.80405485,95.5710675,95.33834141,95.644594,96.15437172
720.887,93.86027306,95.62390275,95.41989132,95.65722429,96.1913136
721.07,93.96491201,95.73751698,95.57032422,95.80758258,96.32020929
721.252,94.00332318,95.80011696,95.63706077,95.86738096,96.30767926
721.435,94.00663585,95.79853487,95.61539558,95.84592061,96.35034392
721.617,94.08314464,95.85515239,95.69616508,95.86321661,96.42086075
721.799,94.12512522,95.91518548,95.76575846,95.93318163,96.47514016
721.982,94.20544332,95.95696557,95.86212429,96.01658612,96.55069619
722.164,94.3208052,96.04566024,95.96888328,96.11427538,96.61411423
722.347,94.31735155,96.07695398,95.93537825,96.12247762,96.59771645
722.529,94.41510841,96.19490678,95.98061554,96.1718276,96.69179235
722.711,94.4990822,96.27503888,96.01434485,96.25054033,96.73722465
722.893,94.58313595,96.34411581,96.03226521,96.2840313,96.77077514
723.076,94.65999408,96.35772534,96.04417507,96.27577487,96.76483423
723.258,94.73307869,96.36477111,96.06266324,96.26839987,96.82248057
723.44,94.83423873,96.42714469,96.15499907,96.39296008,96.81240219
723.622,94.96384878,96.54833598,96.22108358,96.53260625,96.87730767
723.805,95.0443205,96.64727737,96.2617814,96.56443266,96.91642058
723.987,95.08608012,96.71133237,96.31364368,96.63821598,96.97473694
724.169,95.15227634,96.79925612,96.37271298,96.69933288,97.01674248
724.351,95.16996763,96.80482259,96.43589398,96.68756596,97.00517666
724.533,95.19421483,96.76648309,96.47194732,96.73091364,96.99452612
724.715,95.2045695,96.77808205,96.51915344,96.75942101,97.02180613
724.897,95.27378377,96.84937241,96.60772111,96.85675623,97.11117241
725.08,95.29817196,96.91628667,96.66987151,96.90804246,97.16409555
725.262,95.42761154,97.06697573,96.78081477,97.07973463,97.31608486
725.444,95.60928117,97.2109732,96.92429081,97.19523931,97.47822594
725.626,95.58819933,97.14042875,96.90969006,97.14063404,97.47285719
725.808,95.70283522,97.18910251,97.02008884,97.21030721,97.52424396
725.99,95.75196933,97.2307055,97.08530869,97.23829726,97.53047906
726.172,95.80790555,97.18762322,97.10738743,97.23497821,97.60064188
726.354,96.23716326,97.58313467,97.51176518,97.67222342,98.05480635
726.535,96.355781,97.70561565,97.62601382,97.75427327,98.13476691
726.717,96.4147395,97.7553645,97.70365298,97.7411517,98.14944351
726.899,96.4186414,97.717025,97.68553168,97.71671836,98.11275778
727.081,96.47066941,97.70848743,97.68620706,97.72409336,98.11468621
727.263,96.49176387,97.71533108,97.7075754,97.71336318,98.1066232
727.445,96.43217828,97.65527298,97.6589485,97.6162194,98.03756934
727.627,96.45688632,97.71839247,97.67335998,97.66370539,98.0178291
727.808,96.50606884,97.73870609,97.65476423,97.67854572,98.04546314
727.99,96.59299757,97.78918833,97.69897094,97.72734014,98.1356822
728.172,96.66995459,97.89356839,97.78366286,97.8187193,98.15514181
728.354,96.44644746,97.6496815,97.52964799,97.56275927,97.88213705
728.535,96.37302406,97.58274222,97.45980699,97.48952142,97.84075261
728.717,96.49560473,97.63139097,97.47465792,97.56516872,97.92139675
728.899,96.55828834,97.67520666,97.54751001,97.60414255,97.97186825
729.08,96.61076459,97.77509607,97.63187007,97.68456397,98.01571525
729.262,96.62448034,97.7877576,97.64680269,97.6467172,98.0041005
729.444,96.72935287,97.95112068,97.72099387,97.77322375,98.12446774
729.625,96.77806822,97.9893206,97.78707837,97.75864712,98.20098797
729.807,96.81646676,98.09096919,97.84905119,97.81488083,98.23856451
729.988,96.82382232,98.10562952,97.84956064,97.82366467,98.18442099
730.17,96.85861359,98.16043857,97.88241363,97.84252482,98.24926399
730.352,96.87603342,98.15664379,97.86706491,97.7980761,98.22169243
730.533,97.00200042,98.29119321,97.93663495,97.94427003,98.29780971
730.715,97.01912564,98.31780669,97.9732561,98.03203031,98.34759763
730.896,97.07484513,98.353946,97.98493001,98.06791267,98.37492658
731.078,97.08205968,98.30818153,97.96273202,98.09891183,98.38588221
731.259,97.10283429,98.26734946,97.98822628,98.14173212,98.36397094
731.44,97.10618905,98.18774865,97.98026218,98.12413628,98.31545233
731.622,97.21801731,98.22914954,98.07628448,98.26897557,98.39442422
731.803,97.2670399,98.21030271,98.10646991,98.28759009,98.44962981
731.985,97.308547,98.23594316,98.16442439,98.29361044,98.54547378
732.166,97.270321,98.22892241,98.18239143,98.31173368,98.55584369
732.347,97.32601102,98.31012958,98.27083985,98.39404723,98.66712123
732.529,97.37136529,98.29514007,98.31508156,98.3589379,98.72451141
732.71,97.33682023,98.29476086,98.32474099,98.31070702,98.66492574
732.891,97.42079402,98.37868773,98.34354935,98.35898412,98.72229145
733.072,97.48309465,98.40741457,98.36114953,98.34307092,98.74987656
733.254,97.54252032,98.4824747,98.40913607,98.38421866,98.80689916
733.435,97.60908689,98.51359134,98.44623166,98.41440865,98.81192478
733.616,97.54238564,98.46511968,98.37662661,98.33950624,98.73985801
733.797,97.58745792,98.47326554,98.41657904,98.4006954,98.79689417
733.979,97.6610665,98.5011437,98.40233347,98.4492904,98.77686239
734.16,97.71328392,98.5360426,98.40693128,98.49843088,98.77716748
734.341,97.72764992,98.4814239,98.37774143,98.48994687,98.72790281
734.522,97.75557805,98.56590707,98.45435001,98.5351867,98.70500286
734.703,97.87085365,98.66430467,98.51142713,98.62488322,98.81410937
734.884,97.86726531,98.64044842,98.56900307,98.64794385,98.82946954
735.065,97.94101488,98.80018131,98.72415303,98.80017621,98.92326481
735.246,98.02837499,98.89205193,98.83762126,98.91231563,99.01731625
735.427,98.05962632,98.96222969,98.91081687,98.99240107,99.10851307
735.608,98.07748385,98.98125361,98.94346892,99.03467589,99.10191304
735.789,98.09137637,98.99552223,98.9365354,99.0596005,99.08026884
735.97,98.09067562,98.97904091,98.98797247,99.06481168,99.0633832
736.151,98.09763767,98.9186036,98.95424316,98.97812428,99.02740553
736.332,98.14270364,98.92041208,98.9723878,98.98332537,99.0362146
736.513,98.21969014,98.98120358,98.9876056,99.08618968,99.09488499
736.694,98.2159608,98.94374956,99.01961727,99.12731935,99.10371853
736.875,98.29971994,98.9905891,99.04556008,99.18079755,99.18516653
737.056,98.3035103,98.93451537,98.99780949,99.13278415,99.14657686
737.236,98.24713848,98.84211348,98.91342608,99.00114878,99.0634566
737.417,98.20539779,98.81226152,98.91343776,98.95339908,98.97942106
737.598,98.28216964,98.87663318,98.98311282,99.05652709,99.12202912
737.779,98.27200646,98.87830208,98.98666838,98.98630845,99.09040706
737.96,98.33540767,99.00135187,99.06047848,99.06636574,99.18754479
738.14,98.43283206,99.1185963,99.16260465,99.20186563,99.26901726
738.321,98.45028976,99.17375954,99.20998837,99.21561502,99.29563817
738.502,98.42552699,99.10879405,99.19128759,99.17011149,99.29091763
738.683,98.47444437,99.15457103,99.21241999,99.16408315,99.28833009
738.863,98.41204484,99.16236269,99.20955148,99.12869207,99.23061035
739.044,98.42530603,99.15188885,99.17300036,99.11497083,99.24910576
739.224,98.4711401,99.23274183,99.24889855,99.23842203,99.34195038
739.405,98.47452011,99.21718351,99.23468799,99.24723403,99.38367529
739.586,98.53709219,99.26406058,99.2282406,99.24888851,99.37611105
739.766,98.63484276,99.39933088,99.32323232,99.37810434,99.40586719
739.947,98.61031357,99.31899668,99.25975703,99.34627793,99.35480997
740.127,98.65244777,99.39153922,99.32955135,99.39127212,99.38234616
740.308,98.69465562,99.43172471,99.31093226,99.39891082,99.40246489
740.488,98.68435776,99.43588618,99.27030445,99.36896646,99.35073499
740.669,98.65958867,99.3937269,99.23426278,99.36705626,99.32474874
740.849,98.71509351,99.44057895,99.31772318,99.42854526,99.40131791
741.03,98.73666776,99.48199233,99.37254987,99.45982619,99.40405019
741.21,98.79959549,99.47513617,99.33730283,99.43648379,99.372085
741.391,98.94974234,99.57297748,99.37699597,99.49899147,99.48370566
741.571,99.01924491,99.60911679,99.48517933,99.50312977,99.54861114
741.751,99.02245868,99.55233468,99.47066026,99.48009729,99.57995258
741.932,99.10584324,99.62867199,99.55966482,99.50509417,99.68683913
742.112,99.10548759,99.63027909,99.52694275,99.49272758,99.67551591
742.292,99.09479621,99.56440312,99.55762596,99.52455399,99.6767472
742.473,99.14037145,99.55338548,99.63472065,99.58494196,99.73451585
742.653,99.20653188,99.58146575,99.66484772,99.57777646,99.77282491
742.833,99.18163443,99.52432946,99.59885658,99.53634696,99.73705447
743.014,99.2409675,99.61348111,99.60208028,99.59174333,99.82229682
743.194,99.20587531,99.5928133,99.58700507,99.62520615,99.8464416
743.374,99.11125224,99.53219889,99.54417248,99.59505229,99.76523621
743.554,99.05566113,99.5106949,99.51536117,99.58674964,99.6903393
743.734,99.09414595,99.57380188,99.58443342,99.65809535,99.77250892
743.915,99.05918213,99.55103321,99.56234301,99.6789199,99.71078759
744.095,99.06973882,99.53748548,99.59520767,99.68413906,99.75406245
744.275,99.03822866,99.57529369,99.5801558,99.69809796,99.72020687
744.455,99.00673113,99.56714783,99.4879859,99.6676724,99.67718818
744.635,99.02799814,99.62499324,99.51219941,99.68029472,99.67395509
744.815,99.08100889,99.63962856,99.54165109,99.70031807,99.64510067
744.995,99.0561914,99.57976006,99.55672629,99.67093725,99.61609061
745.175,99.07042272,99.59225699,99.63315728,99.66023523,99.60135152
745.355,99.11601058,99.65796838,99.6906023,99.69206163,99.63299805
745.535,99.1612428,99.66409115,99.62156506,99.65946219,99.60640162
745.715,99.203377,99.65072051,99.57432393,99.64079347,99.56626201
745.895,99.18287177,99.65394648,99.48965534,99.58264159,99.56786087
746.075,99.22141131,99.61467147,99.47508959,99.56370918,99.50144348
746.255,99.31547463,99.64773689,99.57367188,99.64137508,99.59486026
746.435,99.37155815,99.74685538,99.68070438,99.66081683,99.67258731
746.615,99.34316917,99.70270979,99.6448403,99.65126793,99.68992483
746.795,99.37469827,99.69474103,99.61941862,99.65125995,99.70903043
746.974,99.43035672,99.71083063,99.61145453,99.70619321,99.72682869
747.154,99.44422608,99.72618684,99.55370099,99.66095338,99.70170879
747.334,99.44439233,99.70104016,99.51387948,99.63931168,99.70039056
747.514,99.44422608,99.74106106,99.58720601,99.72899014,99.7109677
747.694,99.37755639,99.71901328,99.57653935,99.67057455,99.69060637
747.873,99.46803767,99.78345999,99.68359518,99.75180513,99.78487594
748.053,99.49941946,99.89074935,99.70665783,99.83797311,99.89370182
748.233,99.52053285,99.89565673,99.63701777,99.78361348,99.84097234
748.412,99.56911983,99.88011092,99.64009888,99.7981359,99.8651416
748.592,99.6323127,99.91614744,99.69883632,99.86645443,99.84507178
748.772,99.65316095,100.0215908,99.78659768,99.93065271,99.88208708
748.951,99.61822869,99.96082432,99.78695288,99.90042658,99.84701111
749.131,99.78951209,100.0585261,99.89704315,100.0156756,99.94947958
749.311,99.86653015,100.0986622,99.98021837,100.0669256,100.0003187
749.49,99.90866435,100.0601206,99.99783023,100.0400908,100.0304397
749.67,99.99224462,100.131386,100.0299611,100.134435,100.0814969
749.849,100.0171189,100.1130955,100.0218311,100.0996075,100.019179
750.029,100,100,100,100,100
750.208,100.0313692,100.0835977,100.1026356,100.0998812,100.1132304
750.388,99.98621061,100.0150395,100.0735508,100.0702548,100.0427272
750.567,99.99025348,100.0162674,100.0992085,100.0976531,100.0784487
750.747,100.0250511,100.0112448,100.1356053,100.1251057,100.0875003
750.926,100.1024437,100.0839894,100.2094763,100.1852119,100.1197706
751.106,100.0741473,100.0528478,100.1721914,100.184912,100.1316905
751.285,100.0734592,100.0754643,100.1735889,100.1964695,100.1015803
751.464,100.129469,100.0865195,100.1728668,100.1832395,100.120991
751.644,100.0981251,99.97217185,100.1217733,100.1069824,100.0834145
751.823,100.1115821,99.96325508,100.0965642,100.0844853,100.060136
752.002,100.1463481,100.007982,100.1058101,100.1390726,100.0366259
752.182,100.1740363,99.95117489,100.0537819,100.0962884,99.96952492
752.361,100.2647638,100.0651683,100.1899576,100.2194759,100.0911343
752.54,100.2575324,100.0814725,100.1971763,100.1928506,100.0949042
752.719,100.2437072,100.0611839,100.1492247,100.1684172,100.0851445
752.899,100.23986,100.0649787,100.0792645,100.0677268,100.0892929
753.078,100.1315717,100.0362269,100.0412925,100.0161408,100.052351
753.257,100.111098,99.99266258,100.0004171,99.96979194,100.0301102
753.436,100.0901256,100.0503426,100.0016253,99.99317046,100.0627453
753.615,100.1460976,100.1728361,100.1047704,100.0639266,100.0712738
753.795,100.1639236,100.1976654,100.1188034,100.1372006,100.0747875
753.974,100.1355241,100.2166018,100.0830935,100.1416105,100.0296712
754.153,100.0902561,100.2039278,100.0282435,100.0991262,100.0218753
754.332,100.027181,100.1020521,99.87714689,99.96582632,99.92970335
754.511,100.0934025,100.1508654,99.92833378,100.0138397,99.9657055
754.69,100.1456452,100.1886987,99.92596307,99.9880597,99.98239479
754.869,100.1421684,100.2194486,99.97657049,100.0135941,99.99679075
755.048,100.1698629,100.1507133,99.96307034,100.0130747,99.95848172
755.227,100.1383401,100.12663,99.93322845,99.98260288,99.92493121
755.406,100.1311761,100.1029133,99.93197357,99.94937561,99.90173977
755.585,100.1350421,100.0649155,99.89964173,99.95902284,99.94963728
755.764,100.0583503,100.0601727,99.85150093,99.94193632,99.95679856
755.943,100.0624121,100.0372144,99.89467704,99.90682702,99.97623369
756.122,100.1148273,100.0979809,99.97159416,99.97563679,99.97334107
756.3,100.1917528,100.1621629,100.0488548,100.0395634,99.98872568
756.479,100.1744129,100.1019402,99.9536271,100.0033531,99.92602927
756.658,100.153632,100.0259196,99.89776983,99.96792584,99.85673281
756.837,100.1744192,100.0521539,99.90522447,100.0488024,99.88962418
757.016,100.2479963,100.1552818,99.97887118,100.1294514,99.95202909
757.195,100.2863948,100.1400651,99.98670436,100.135208,99.93316609
757.373,100.3489417,100.1820598,100.0316798,100.203299,99.95854215
757.552,100.331042,100.1659577,99.98307624,100.1089187,99.88362078
757.731,100.3484492,100.1386609,99.99492774,100.0694536,99.85793963
757.909,100.3690702,100.1175111,99.92516843,100.0809749,99.83164828
758.088,100.4041687,100.1368891,99.92565455,100.0678172,99.87117771
758.267,100.3969983,100.0902017,99.91853177,100.0760555,99.8685657
758.445,100.3619735,100.0616027,99.91850844,100.005855,99.85170453
758.624,100.3968931,100.1636179,100.0285637,100.1202666,99.93261576
758.803,100.3796206,100.0933909,100.0358524,100.0199302,99.82259395
758.981,100.4284959,100.1122002,100.0572091,100.0240505,99.84642008
759.16,100.4672627,100.1308574,100.0749985,100.0759002,99.87289624
759.338,100.4044212,100.0774909,100.0199942,100.0504121,99.86783258
759.517,100.3904298,100.0326619,100.0200059,100.0811295,99.84900761
759.695,100.5086856,100.1272898,100.1154462,100.1873128,99.95057438
759.874,100.5369147,100.1649084,100.210106,100.1417731,99.97369243
760.052,100.4318275,100.0967044,100.1696092,100.1008891,99.90501707
760.231,100.4912594,100.0931242,100.1255334,100.085767,99.9213659
760.409,100.5437294,100.1448837,100.1582905,100.1458653,99.94579132
760.588,100.5573462,100.1150567,100.1210406,100.117376,99.90658056
760.766,100.5956038,100.1568743,100.1428951,100.1994157,99.98153997
760.945,100.5082879,100.0991693,100.051258,100.0817111,99.8905993
761.123,100.5116868,100.1411389,100.0841693,100.066589,99.95169688
761.301,100.4872734,100.1167632,100.0284922,99.99686161,99.86430796
761.48,100.5014247,100.1398985,100.0249249,100.0256789,99.88282783
761.658,100.3829859,100.0758435,99.91813093,99.94859459,99.80762583
761.836,100.3586292,100.0720738,99.87886555,99.99798072,99.79765887
762.014,100.5057032,100.1183945,99.90004464,100.0487576,99.83158785
762.193,100.4290661,100.1164457,99.94020966,100.0718002,99.81752143
762.371,100.41494,100.0746907,99.9149189,100.0062271,99.7984403
762.549,100.3595467,100.0481397,99.88949721,99.94668439,99.77813881
762.727,100.2829411,100.0039942,99.79820364,99.86956397,99.68562376
762.905,100.300201,100.0191733,99.82040164,99.93214391,99.68821129
763.084,100.2795674,99.92852982,99.76968918,99.88553137,99.62266026
763.262,100.335331,100.0140638,99.83246574,99.91844872,99.6737664
763.44,100.3393992,100.019276,99.8503511,99.93599834,99.68378227
763.618,100.3673946,99.98961371,99.84700816,99.91100944,99.61387565
763.796,100.3603337,100.0076896,99.83934089,99.86279662,99.59283071
763.974,100.324848,99.99539479,99.84020556,99.84742889,99.59247669
764.152,100.3309746,99.98594673,99.7642957,99.7991337,99.55049562
764.33,100.3486343,100.0152424,99.76772034,99.7999349,99.5902812
764.508,100.4110465,100.044488,99.79362814,99.86193323,99.62030441
764.686,100.5436304,100.0922638,99.85678579,99.94805712,99.71494156
764.864,100.5262169,100.0664212,99.84137873,99.94584706,99.72653185
765.042,100.4972261,100.1183335,99.85584857,99.95159363,99.7383892
765.22,100.4941049,100.0329641,99.81932333,99.95544009,99.72773866
765.398,100.5460277,100.0677234,99.84531282,99.9277419,99.79170441
765.576,100.5637674,100.0143569,99.83802411,99.93076111,99.78607947
765.754,100.6050114,99.99157573,99.85633468,99.96608791,99.82964585
765.932,100.5218184,99.92318215,99.81234059,99.92275829,99.7628989
766.109,100.5365652,99.95939577,99.85913062,99.98589377,99.80646528
766.287,100.5403072,99.99752067,99.90649099,100.0440637,99.82154484
766.465,100.453046,99.91938666,99.81095481,99.93765282,99.7237751
766.643,100.3306926,99.86042865,99.71204066,99.833142,99.65917471
766.821,100.3977937,99.90147533,99.78913536,99.86524219,99.6911508
766.998,100.4720588,99.94741688,99.81958262,99.92783224,99.74163587
767.176,100.5313793,100.0485467,99.88077247,99.97639111,99.79556124
767.354,100.4822641,99.99173956,99.84365354,99.91629287,99.71750463
767.531,100.5096746,100.0266885,99.89600193,99.9700709,99.78298227
767.709,100.4192985,99.97714179,99.8592382,99.96268792,99.72283536
767.887,100.5024916,100.0390083,99.92122268,100.0480287,99.82214413
768.064,100.5161758,100.0354032,99.91003489,100.0143101,99.82808768
768.242,100.5438766,100.0310896,99.94683363,100.0596042,99.81608088
768.42,100.6731184,100.1275509,100.0601943,100.1808554,99.95118454
768.597,100.6767573,100.136001,100.0667726,100.1907764,99.95280786
768.775,100.6202613,100.098572,99.97172253,100.1581408,99.89199093
768.952,100.5955343,100.064394,99.91943246,100.1243681,99.82928094
769.13,100.6128258,100.0640147,99.89807579,100.114765,99.80487999
769.307,100.7004195,100.1255146,99.92313061,100.1724256,99.85009416
769.485,100.7181297,100.172,99.91720538,100.1263766,99.86198953
769.662,100.7810322,100.1912905,99.90248536,100.0695613,99.87390939
769.84,100.8054814,100.2051924,99.92106944,100.0218217,99.87177638
770.017,100.9070539,100.2456954,100.0203038,100.0848387,99.93287397
770.195,100.8443534,100.1633998,99.91429021,99.98904955,99.84145899
770.372,100.7993,100.1333583,99.91076966,99.97422729,99.834456
770.549,100.9077357,100.1713936,100.0097655,100.0614602,99.87241103
770.727,100.9741676,100.1798812,100.0756957,100.1168746,99.99116584
770.904,100.9740329,100.1874833,100.1379887,100.137244,99.99653459
771.081,100.9076641,100.1388095,100.1452658,100.1306601,100.01281
771.259,100.9107916,100.1882042,100.1942479,100.1970063,100.0509723
771.436,100.890078,100.1563541,100.1589775,100.1684266,99.97951573
771.613,100.9351377,100.2026874,100.2209503,100.2641797,100.0123582
771.79,100.977255,100.2311093,100.2623235,100.2968615,100.0292167
771.968,100.8894362,100.17902,100.1370272,100.1923788,99.90355408
772.145,100.9309496,100.2228107,100.1595336,100.2022717,99.96144304
772.322,100.9059532,100.1764899,100.1227349,100.1317431,99.94525456
772.499,100.8531698,100.1567576,100.1044126,100.0988156,99.94904891
772.676,100.8566234,100.1540629,100.0308618,100.0283153,99.90397061
772.853,100.9196985,100.1517725,100.0527046,100.072436,99.91739145
773.03,100.9371561,100.1519996,100.0237857,100.0488479,99.87728989
773.207,100.8432654,100.057005,99.90228339,99.91830351,99.76375436
773.385,100.9296975,100.1253861,100.0490182,100.0310607,99.8966761
773.562,100.9370467,100.1255257,100.0654791,99.98634823,99.8754484
773.739,100.9024512,100.0497697,99.96462307,99.87821856,99.78208055
773.916,100.8715113,99.98572719,99.92800194,99.8288606,99.76380329
774.093,100.8470305,99.97826541,99.94561379,99.84064558,99.73808676
774.27,100.9591471,100.0576516,100.0087831,99.95232987,99.75781345
774.447,101.022401,100.1236554,100.0300931,99.99509594,99.83619961
774.623,101.0641354,100.1802729,100.1286754,100.0332245,99.8456678
774.8,101.1055078,100.2482622,100.1250965,100.0905853,99.91402453
774.977,101.1789922,100.3276109,100.2194012,100.1722991,100.027119
775.154,101.2627871,100.3280026,100.2750199,100.2233036,100.0666104
775.331,101.1655774,100.2420895,100.1654508,100.1602504,99.95721242
775.508,101.1969213,100.2567873,100.1170365,100.2107376,99.97060879
775.685,101.147924,100.2298071,100.0916732,100.2384719,99.94840599
775.861,101.1584007,100.2731818,100.1174384,100.258777,99.96665879
776.038,101.1824943,100.2600133,100.1089648,100.2725083,99.99610982
776.215,101.1190868,100.1369885,100.0532735,100.1717818,99.92749696
776.392,101.1257479,100.1310428,100.0360401,100.1509673,99.8882237
776.568,101.0215024,100.0342649,99.92374509,100.1052001,99.84077601
776.745,100.9136392,99.9200818,99.81382076,99.9864226,99.72758362
776.922,100.7421706,99.72655009,99.64533658,99.82928899,99.54703409
777.098,100.6443106,99.64444419,99.50184886,99.74205613,99.42265436
777.275,100.6580747,99.69997413,99.50843885,99.78975961,99.43526869
777.452,100.5702664,99.61221496,99.48197491,99.69920769,99.37603705
777.628,100.6085177,99.62418061,99.54773923,99.72553315,99.42648408
777.805,100.6468425,99.6881078,99.6572967,99.8256239,99.52651445
777.981,100.6123038,99.68337752,99.63233779,99.79386976,99.50343174
778.158,100.6331899,99.79447418,99.62124336,99.84163751,99.51999872
778.335,100.5843631,99.70348903,99.52875327,99.79364218,99.47339497
778.511,100.6148968,99.69372355,99.52827882,99.75409473,99.45871838
778.688,100.6077138,99.69694953,99.53202365,99.74940298,99.43214641
778.864,100.75813,99.78754296,99.59924631,99.87505413,99.51397291
779.041,100.7830401,99.87114066,99.73561125,99.96556992,99.62680038
779.217,100.7797043,99.78500034,99.72083289,99.93237878,99.61612536
779.393,100.7731294,99.81686288,99.77606146,99.97248976,99.68669115
779.57,100.7552235,99.90253644,99.77059796,100.020785,99.69608593
779.746,100.8424299,99.90883629,99.75623315,100.0509207,99.72486429
779.922,100.8600771,99.93849867,99.76285814,100.0777917,99.73506295
780.099,100.8180607,99.89617479,99.7808044,100.0552946,99.75388792
780.275,100.9195785,99.97230999,99.92001451,100.1861128,99.82025638
780.451,100.8360403,99.9851736,99.9339891,100.1982077,99.82717506
780.628,100.940635,100.0694922,100.0366481,100.2755738,99.95818194
780.804,100.9093101,99.9872092,100.0002629,100.2278342,99.91116168
780.98,100.9684537,100.010205,100.0429295,100.2465209,99.96890588
781.156,100.9790336,100.075183,100.0867927,100.2243518,99.99866202
781.333,101.0452445,100.1225796,100.1101639,100.2413018,100.0306761
781.509,101.0455455,100.0866674,100.0283988,100.2339268,99.97392062
781.685,100.9586589,100.0206644,99.97403489,100.2062828,99.97173869
781.861,100.920033,99.90512635,99.92035801,100.1577059,99.9938103
782.037,100.923897,99.96991473,99.95210682,100.1650447,99.96089449
782.213,100.8401631,99.83549312,99.86788934,100.1005727,99.881593
782.39,100.9241622,99.85688255,99.88743144,100.15706,99.93421107
782.566,100.8892299,99.82958569,99.84576138,100.0953434,99.88977835
782.742,100.9279062,99.94430004,99.92803695,100.15927,100.0217739
782.918,100.8335357,99.87986585,99.88042893,100.1295893,100.0185517
783.094,100.812921,99.83407636,99.81437945,100.1216147,99.96334613
783.27,100.8483562,99.80154223,99.81672684,100.1490311,99.94292227
783.446,100.9043598,99.77909021,99.83033455,100.0785126,99.98158537
783.622,100.8551772,99.8318254,99.83356992,100.1026823,99.94753345
783.798,100.9146345,99.89887925,99.86254718,100.1745835,99.92280294
783.973,100.9354596,99.89980224,99.87150786,100.2355451,100.0384741
784.149,100.9977118,100.0072812,99.84363123,100.2009632,100.0707689
784.325,101.0430113,100.1027445,99.91695777,100.2483849,100.0940609
784.501,101.1791352,100.220141,100.0309121,100.3893496,100.1902208
784.677,101.1190572,100.2122223,99.96607079,100.3350442,100.0642042
784.853,101.1888544,100.2908876,99.97384563,100.3995524,100.1040632
785.029,101.2231533,100.2540399,99.94538949,100.3828199,100.1780937
785.204,101.2471248,100.3300105,99.91555927,100.4008709,100.2175851
785.38,101.2755138,100.4050956,100.0011625,100.5034433,100.277378
785.556,101.3379869,100.3644657,100.0600893,100.5223577,100.3415021
785.732,101.4183156,100.4450145,100.1622621,100.582893,100.4176303
785.907,101.4533404,100.4288624,100.2061136,100.6267782,100.4117383
786.083,101.4536477,100.3775064,100.2773323,100.631488,100.515476
786.259,101.5197702,100.3923313,100.2915195,100.7067083,100.5605679
786.434,101.4438338,100.3493484,100.3181727,100.6965698,100.5898143
786.61,101.4994123,100.314564,100.38721,100.7366165,100.7455491
786.786,101.5583161,100.3118568,100.4449868,100.7366165,100.7546497
786.961,101.5901777,100.4042962,100.4943627,100.8817557,100.7709251
787.137,101.54886,100.3465411,100.4664511,100.889575,100.7907632
787.312,101.510049,100.313059,100.4803414,100.9156187,100.8364762
787.488,101.5307267,100.311679,100.4877727,100.8554302,100.7873854
787.663,101.5270416,100.259273,100.4262394,100.8011609,100.8055268
787.839,101.5797325,100.2749959,100.3647994,100.7254934,100.808978
788.014,101.6042617,100.346678,100.3760338,100.7842008,100.7625326
788.19,101.674526,100.3830194,100.4378874,100.8190385,100.8453477
788.365,101.6742546,100.3826152,100.4619117,100.7985238,100.8120643
788.541,101.6120697,100.3226071,100.3564892,100.7639419,100.7012033
788.716,101.5601911,100.3283006,100.3653413,100.7850844,100.6528675
788.891,101.7029508,100.4558418,100.5263216,100.9257774,100.8303198
789.067,101.6709861,100.4420802,100.4919753,100.9161302,100.713382
789.242,101.7163277,100.481458,100.5322595,101.0055911,100.7086859
789.417,101.7197688,100.5673211,100.4553891,101.1085659,100.7238368
789.593,101.7374222,100.6247373,100.5316542,101.1524511,100.7369906
789.768,101.7018986,100.6930038,100.6221065,101.2560624,100.7479217
789.943,101.76152,100.6890194,100.6888547,101.312268,100.8398375
790.119,101.6253351,100.5605677,100.5602529,101.1674649,100.749153
790.294,101.6008312,100.5030522,100.3896482,101.1092949,100.6481829
790.469,101.7016734,100.6392205,100.5104051,101.2695019,100.7086213
790.644,101.7361638,100.5689407,100.4771502,101.1901975,100.7415236
790.819,101.5720634,100.4139381,100.3719896,100.9943357,100.5487111
790.995,101.5159251,100.3477822,100.35388,100.8767033,100.5872383
791.17,101.4391785,100.2624379,100.2924516,100.7148136,100.5795294
791.345,101.4326837,100.2475754,100.4204623,100.7115206,100.5978664
791.52,101.3383068,100.2393268,100.3831541,100.7016437,100.5593366
791.695,101.3731296,100.1796229,100.3690511,100.6764735,100.5555912
791.87,101.2361724,100.0862355,100.2772364,100.6592317,100.4519023
792.045,101.3231516,100.2051113,100.4143584,100.7607053,100.5267368
792.22,101.2844458,100.116252,100.4138139,100.7321336,100.5204418
792.395,101.2738218,100.0818969,100.4020583,100.6517122,100.5023249
792.57,101.2984373,100.1385019,100.4092511,100.7164862,100.5297408
792.745,101.3300021,100.1561736,100.3658741,100.7249442,100.5608641
792.92,101.4276728,100.240138,100.4763195,100.8387381,100.6364337
793.095,101.5004501,100.3099365,100.4904834,100.9200149,100.6458394
793.27,101.5978303,100.3462904,100.4990036,100.97051,100.776285
793.445,101.6781968,100.3294667,100.4844612,100.9683382,100.8257569
793.62,101.5532189,100.2578596,100.4509445,100.878404,100.7264237
793.794,101.6367655,100.288395,100.509752,100.8300727,100.7079997
793.969,101.608991,100.2489429,100.4765088,100.7696385,100.6698374
794.144,101.640194,100.3687292,100.5211524,100.8480594,100.7720524
794.319,101.6441632,100.333426,100.5653708,100.8628535,100.7930239
794.494,101.6403581,100.3623925,100.59756,100.9320173,100.8089562
794.668,101.7135732,100.373081,100.6786614,100.9754011,100.8712497
794.843,101.854144,100.5293858,100.8396676,101.1339718,101.0561304
795.018,101.8478574,100.5569098,100.7768418,101.0683907,101.0886677
795.192,101.8065481,100.4842277,100.7674219,100.9748838,100.9573339
795.367,101.8066891,100.4863786,100.8268347,101.0272971,100.9438913
795.542,101.924785,100.5644751,100.9147037,101.1902315,101.0563647
795.716,101.8269628,100.5243764,100.8301893,101.1697349,101.0760092
795.891,101.7821305,100.4708703,100.7265348,101.1629134,101.0167531
796.066,101.8660748,100.4858223,100.7625531,101.1654052,101.0588809
796.24,101.8135627,100.4903505,100.7254342,101.1810648,101.0534877
796.415,101.8870787,100.4903755,100.7326879,101.1624142,101.1138194
796.589,101.9045112,100.5523941,100.6955456,101.1555384,101.112332
796.764,101.9913242,100.6180187,100.7139146,101.3716612,101.1854364
796.938,101.9984587,100.646099,100.7982396,101.4670682,101.1208496
797.113,101.9317638,100.5024557,100.6119426,101.3602129,101.0044948
797.287,101.9668013,100.580173,100.6297088,101.3857111,101.0220613
797.462,101.8516435,100.4654586,100.4634517,101.2029167,100.8502693
797.636,101.973696,100.5555208,100.5441628,101.3191944,100.90578
797.81,102.0499901,100.6131884,100.5714447,101.3505396,100.9714315
797.985,102.0397323,100.6637581,100.6185316,101.418049,100.9757736
798.159,102.130605,100.7222091,100.6673478,101.4095831,101.0237581
798.334,102.1096073,100.7396537,100.6673361,101.3406548,100.939039
798.508,101.9628405,100.6356403,100.6920358,101.3469749,100.9129059
798.682,101.7216,100.3538425,100.4318328,100.9588963,100.6574459
798.856,101.8328369,100.3974067,100.5972942,101.0033088,100.8323107
799.031,102.0913332,100.6673501,100.8068664,101.2705987,101.0770577
799.205,101.9898154,100.482533,100.7152993,101.1147836,101.0312224
799.379,102.0528589,100.538986,100.7635137,101.1960323,101.19706
799.553,101.9698005,100.4874154,100.7816583,101.1323253,101.1428186
799.728,101.9383513,100.4311271,100.7806978,101.1254336,101.1060839
799.902,101.9211588,100.3976206,100.7647813,101.1273698,101.1320946
800.076,101.9033938,100.3429894,100.7021331,101.2107562,101.1679656
800.25,101.8474786,100.22439,100.6914431,101.2307434,101.1955018
800.424,102.0463955,100.4076625,100.8420886,101.3143213,101.3266419
800.598,102.0604796,100.4687832,100.9343777,101.3880685,101.332839
800.772,101.9697352,100.3969615,100.7876288,101.30721,101.207457
800.946,101.8440691,100.3506658,100.7874161,101.2517935,101.1949895
801.12,101.9457405,100.4967766,100.8695598,101.3754903,101.2551228
801.294,101.9248249,100.4830768,100.8794424,101.4065537,101.2390437
801.468,102.0744372,100.5593766,100.9054319,101.4502735,101.2983243
801.642,102.0917098,100.6011442,100.9787001,101.5224566,101.3892269
801.816,102.164403,100.6311482,101.0980586,101.5444363,101.4152621
801.99,102.2060405,100.6692079,101.1532054,101.4913223,101.3978132
802.164,102.2371319,100.7578407,101.1106321,101.4606872,101.3528083
802.338,102.265361,100.7591061,101.1436977,101.5633601,101.371778
802.512,102.2970479,100.8193038,101.1904527,101.6372077,101.3830496
802.686,102.3247488,100.8007986,101.2740324,101.6854466,101.380952
802.86,102.2345747,100.7864307,101.1632784,101.6728625,101.3257573
803.033,102.1641126,100.6755362,101.083779,101.633643,101.2250236
803.207,102.2962062,100.7849639,101.2299576,101.7631066,101.3197695
803.381,102.237313,100.740667,101.2267949,101.7857951,101.3645807
803.555,102.3211268,100.8847145,101.2821427,101.8055086,101.3627882
803.729,102.2272423,100.8268198,101.2012773,101.7453641,101.2997242
803.902,102.4029137,100.9262432,101.3304468,101.9178192,101.417016
804.076,102.5078473,100.9972537,101.4685446,102.077954,101.5701143
804.25,102.5035708,100.9136928,101.3340866,101.9430719,101.5397724
804.423,102.6950964,101.0455725,101.4948427,102.0863737,101.7564626
804.597,102.7233318,101.0919308,101.4800034,102.1324791,101.8219403
804.771,102.8203206,101.0462289,101.6096008,102.1228217,101.7789705
804.944,102.8589295,101.1287015,101.7539415,102.2076452,101.9177327
805.118,102.806569,101.0527433,101.6555367,102.0885939,101.8908202
805.291,103.0336055,101.222316,101.7204248,102.2715797,102.0528499
805.465,103.0193132,101.109106,101.6078446,102.3228559,102.1047979
805.638,103.1970283,101.1520605,101.6529159,102.4467904,102.2628422
805.812,103.0539614,101.1676313,101.6229548,102.3828457,102.170109
805.985,103.0438108,101.1900083,101.629047,102.4588109,102.2001077
806.159,102.9987028,101.1467489,101.5985413,102.4815435,102.1628499
806.332,102.9192032,101.0899543,101.5475203,102.4876362,102.1396557
806.506,102.9994645,101.1303051,101.5885734,102.5935537,102.2487758
806.679,103.0243809,101.2996256,101.6796777,102.7125588,102.4936478
806.853,103.0244462,101.3434663,101.6466238,102.7112042,102.4666864
807.026,103.1188188,101.4013485,101.8141824,102.8244627,102.5202442
807.199,102.9512963,101.2701404,101.7697981,102.6903897,102.3405854
807.373,102.8995881,101.2929465,101.8558419,102.6977928,102.3732342
807.546,102.5644884,101.1299502,101.6416952,102.4861081,102.0660688
807.719,102.5358238,101.0050794,101.5858988,102.412361,102.1053556
807.892,102.4059864,100.9078847,101.4557067,102.3070691,102.0131259
808.066,102.288444,100.8745678,101.4022308,102.2236126,102.0426014
808.239,102.312887,100.9101884,101.3957342,102.1716443,102.0234224
808.412,102.3687916,100.9716633,101.5096418,102.1938697,102.0590814
808.585,102.4694971,100.9495412,101.5687928,102.2013712,102.0569104
808.759,102.6825296,101.1043917,101.6885192,102.322522,102.2866403
808.932,102.6513877,101.1256685,101.5416185,102.2488109,102.2829084
809.105,102.6060692,101.0823189,101.4722144,102.2062443,102.2358638
809.278,102.6405785,101.0456358,101.475569,102.2710162,102.1652735
809.451,102.9684889,101.2969879,101.7772061,102.5297137,102.5011928
809.624,102.870812,101.240687,101.7624627,102.5290779,102.4408122
809.797,102.8613664,101.2459486,101.8169692,102.4418992,102.4153492
809.97,102.9515152,101.3203121,101.8675533,102.5352146,102.3710367
810.143,102.9646522,101.2723717,101.8570901,102.5775436,102.2791209
810.316,102.8173572,101.200398,101.6801207,102.4914017,102.1735199
810.489,102.6249983,101.0460913,101.476768,102.3950671,102.0007527
810.662,102.4781326,101.045053,101.456241,102.3390891,101.9037128
810.835,102.4040147,100.9664127,101.4782381,102.3213949,101.804099
811.008,102.4385492,101.108185,101.674607,102.3639356,102.0646471
811.181,102.3409334,100.9907385,101.52837,102.1494874,101.9755724
811.354,102.2821116,100.9263418,101.3774627,102.1053024,101.9252123
811.527,102.3417393,100.9825398,101.4150093,102.0847235,102.0312325
811.7,102.491922,101.0317199,101.5128087,102.2328637,102.1168669
811.872,102.7252682,101.1917049,101.6836519,102.3835319,102.2868039
812.045,102.8235238,101.2696994,101.7994066,102.4379197,102.4450168
812.218,102.8004382,101.2020142,101.8331476,102.4392664,102.4615703
812.391,102.996558,101.424347,102.0693883,102.618442,102.6481585
812.563,103.0663131,101.3685907,102.0749126,102.8121559,102.7208735
812.736,103.2383941,101.5739762,102.2220985,102.8996323,102.9753313
812.909,103.2736272,101.4786025,102.0726506,102.9341138,102.8142523
813.082,103.6403697,101.9413081,102.5682143,103.3518992,103.2088311
813.254,103.6366993,101.9792809,102.663241,103.3937838,103.2309959
813.427,103.7097229,102.1413293,102.6379137,103.4445969,103.2266022
813.6,103.7093967,102.1089847,102.5498581,103.3628208,103.2017984
813.772,103.612046,102.0208088,102.5868811,103.3427411,103.1396741
813.945,103.5308861,102.0282956,102.4339842,103.2453698,103.0849672
814.117,103.6827337,102.1104147,102.5216288,103.3395305,103.1618279
814.29,103.6892728,102.0603895,102.480008,103.236604,103.1548848
814.462,103.7842704,101.9976617,102.5798451,103.1515551,103.1925211
814.635,103.6759463,101.9319344,102.4000306,103.1417165,103.0133986
814.807,103.6032952,102.001012,102.4569768,103.1801448,103.0018817
814.98,103.4424254,101.7200753,102.2185932,102.9664055,102.6979385
815.152,103.6163228,101.766117,102.328375,103.1061961,102.7829763
815.325,103.7520048,101.7944771,102.4639326,103.2600027,102.8524935
815.497,103.7824732,101.8762163,102.5969545,103.3957483,103.0787071
815.67,103.7725984,101.8548769,102.5667458,103.3028411,103.1851329
815.842,103.8985148,101.8309706,102.6242258,103.3903738,103.2676565
816.014,103.9167848,101.8408874,102.6607278,103.3716248,103.2479652
816.187,104.0293981,101.9782426,102.7893879,103.5982763,103.3150553
816.359,103.9523252,102.0107017,102.6033269,103.5154896,103.2880559
816.531,104.2348161,102.2608392,103.0242042,103.8408309,103.5828985
816.704,104.2264252,102.091213,102.9578578,103.7694852,103.5541535
816.876,104.2924509,102.1710152,103.0501587,103.9474412,103.7958141
817.048,104.1669701,102.0312694,102.8000429,103.7375302,103.6300635
817.22,104.0800287,101.997231,102.6610606,103.6692739,103.5623768
817.392,104.0772674,102.0800953,102.7181738,103.7325726,103.4379481
817.565,104.0002809,102.0855222,102.7007045,103.6989834,103.3619756
817.737,103.9588959,102.0505858,102.8479137,103.6860511,103.3609625
817.909,103.9767829,102.1367643,102.8345562,103.8128033,103.4850017
818.081,103.756942,101.9766252,102.6187141,103.620478,103.2543701
818.253,103.7496475,101.9899556,102.7038922,103.6915159,103.2339327
818.425,103.4846522,101.6319232,102.4001696,103.3502794,103.0091333
818.597,103.3736151,101.6851001,102.3961888,103.3296362,102.98133
818.769,103.2544124,101.7270205,102.3550632,103.2992027,102.8621451
818.941,103.3207559,101.9488839,102.6090897,103.4711766,103.07527
819.113,103.3702878,101.9122258,102.7403463,103.463522,103.1692236
819.285,103.3799291,101.713497,102.6116746,103.3385789,103.1384897
819.457,103.4880743,101.7712272,102.6922289,103.5144253,103.1611579
819.629,103.4802663,101.8598593,102.6927734,103.527575,103.1709312
819.801,103.4022276,101.7266759,102.5571072,103.4116072,103.057518
819.973,103.5413716,101.7931734,102.6564582,103.5452331,103.1697733
820.145,103.523251,101.8825917,102.6884699,103.5679939,103.1572568
820.317,103.6383268,102.0393258,102.801216,103.8332832,103.2865284
820.489,103.9423813,102.2786351,103.0982787,104.0645802,103.5140982
820.66,104.0967668,102.3471808,103.1392266,104.0895771,103.6195571
820.832,104.2302198,102.4331065,103.2166999,104.2264959,103.7172561
821.004,104.2505672,102.5170834,103.1455665,104.2632236,103.7686538
821.176,104.4292187,102.8070889,103.5033785,104.5180284,103.9520851
821.348,104.3060804,102.7158642,103.4025097,104.3534214,103.897209
821.519,104.1291229,102.5418133,103.1417739,104.2562235,103.8432347
821.691,104.2168933,102.676742,103.3631403,104.2882211,103.9667643
821.863,104.0280155,102.6051099,103.2631256,104.1963146,103.9566016
822.034,104.0082004,102.4814511,103.0937884,104.1535846,103.872664
822.206,104.0707915,102.504549,103.1276811,104.1977957,103.9064217
822.378,104.0279986,102.6105611,103.059096,104.2523568,103.9972264
822.549,103.8850621,102.4126658,102.9676832,104.0828205,103.849435
822.721,103.7347974,102.2331763,102.8075792,103.9087088,103.6193375
822.892,103.8329331,102.2828376,102.9639607,103.9474471,103.6495836
823.064,103.8018228,102.2437772,102.8211834,103.9748917,103.7478241
823.235,103.9491473,102.4460244,103.0334815,104.2410986,103.9591429
823.407,104.0564297,102.503717,103.2130342,104.3978674,104.0240837
823.578,103.9377572,102.5504294,103.0847983,104.4498739,103.9770036
823.75,104.0460582,102.6036834,103.2294941,104.4783833,104.1065693
823.921,103.9512668,102.5325208,103.255984,104.4250865,104.0852683
824.093,103.8141286,102.4277741,103.0099215,104.01244,103.9554599
824.264,103.7060023,102.1069678,102.7546016,103.733238,103.6637552
824.436,103.7575821,102.1975855,102.7868283,103.8674093,103.7162883
824.607,103.6137954,101.9869779,102.7602568,103.710449,103.6471632
824.778,103.5468311,101.901926,102.7253077,103.7142392,103.5486854
824.95,103.4284848,101.8709211,102.610512,103.5474945,103.4668073
825.121,103.459915,101.8971297,102.5379801,103.4552238,103.3967539
825.292,103.7093655,102.2193152,102.7029671,103.7218237,103.5910538
825.464,103.7516238,102.1704275,102.7167149,103.6711841,103.6594594
825.635,103.8919989,102.2734659,102.7559803,103.6977913,103.732379
825.806,104.2067449,102.6526349,102.9358156,104.0186865,104.1075471
825.977,104.3957511,102.7532326,103.2239561,104.2338167,104.2850973
826.148,104.5612004,102.9205801,103.4806152,104.4840924,104.4007304
826.32,104.6598222,102.9579446,103.5784262,104.5657882,104.5071542
826.491,104.7055826,103.1216126,103.678849,104.6520934,104.6133661
826.662,104.7340684,103.257185,103.7392315,104.7050261,104.7600464
826.833,104.7331951,103.3258952,103.9855091,104.8127455,104.8237342
827.004,104.7190753,103.2432589,103.9463757,104.8497469,104.815464
827.175,104.365592,102.9900107,103.7249636,104.5393081,104.599411
827.346,104.421705,103.0831467,103.7866512,104.6172557,104.6120498
827.517,104.3445964,102.937872,103.6647212,104.5413426,104.4312775
827.688,104.3197411,102.8106858,103.7895314,104.461549,104.2892687
827.859,104.1563836,102.904151,103.817783,104.6472803,104.1836134
828.03,104.256605,103.0346883,103.8697646,104.6838895,104.3623976
828.201,104.0713407,102.8858487,103.7710747,104.5437159,104.3591149
828.372,104.2111266,102.9075798,103.8006314,104.6238476,104.378953
828.543,104.2421822,102.7749159,103.8434056,104.6353147,104.3081446
828.714,104.3334169,102.7506937,103.6916946,104.5510851,104.243174
828.885,104.2602145,102.7747013,103.6358479,104.457105,104.139848
829.056,104.5041805,102.9203052,103.7902966,104.4716382,104.2712824
829.227,104.4476677,102.7349318,103.6488736,104.3242971,104.1682261
829.397,104.4087157,102.6520417,103.6864553,104.3917501,104.3157286
829.568,104.4335774,102.7765611,103.6849153,104.4668519,104.3127157
829.739,104.5002828,102.6270722,103.4836507,104.3425554,104.3047621
829.91,104.57676,102.6425186,103.5972965,104.4643904,104.4252245
830.08,104.6854019,102.8126476,103.6017543,104.5141024,104.4930961
830.251,104.6294867,102.8915386,103.6911983,104.6186132,104.7336994
830.422,104.7102593,103.0758224,103.7065211,104.7103644,104.9431767
830.592,104.6334138,103.0594048,103.6894654,104.7544368,104.8038377
830.763,104.6086595,102.9475755,103.6444676,104.8239395,104.8327655
830.934,104.6227603,102.9150163,103.7928033,105.0663589,104.9132269
831.104,104.8254318,103.1955739,104.1109831,105.3069432,105.1303888
831.275,104.9408105,103.3769643,104.1469405,105.4357891,105.1416849
831.446,105.0235238,103.2959342,104.1228813,105.4096529,105.3246616
831.616,104.9817347,103.3629137,104.1160553,105.4804553,105.4097654
831.787,104.9465941,103.3541088,104.0520331,105.3076902,105.2991089
831.957,105.0582772,103.3619907,104.2239535,105.4547215,105.4304542
832.128,105.1487859,103.5417726,104.3169389,105.5921858,105.4173874
832.298,104.9634606,103.3225781,104.1175122,105.4452108,105.1781295
832.469,105.0033027,103.3486979,104.1734395,105.4850039,105.3752262
832.639,105.2062037,103.5174351,104.2981305,105.6529378,105.5037054
832.809,105.0848078,103.3899474,104.0565243,105.4964227,105.415056
832.98,104.9272254,103.2981913,103.9088757,105.4791548,105.4208902
833.15,105.0397418,103.5621272,104.0201624,105.5894744,105.596637
833.321,104.8686877,103.4351673,103.9808981,105.5548838,105.4803203
833.491,105.0253526,103.6121525,104.1614216,105.5671781,105.6101801
833.661,104.7672226,103.5476565,104.1344821,105.6505364,105.6355433
833.832,104.5681584,103.50279,103.8845388,105.5073335,105.3830112
834.002,104.6172546,103.4452634,103.8031432,105.5173896,105.389756
834.172,104.617585,103.3768198,103.7871683,105.5545363,105.4107411
834.342,104.4803017,103.3335354,103.6875555,105.5424233,105.3618882
834.513,104.1824683,103.0663513,103.5450131,105.3832551,105.2215137
834.683,104.1882645,103.1677326,103.5163408,105.361086,105.1231066
834.853,104.087336,103.0758237,103.4629607,105.2573924,104.9255356
835.023,103.9922016,103.0134251,103.419336,105.2450547,104.9043059
835.193,104.0179029,103.1384744,103.5554534,105.1812653,104.8830157
835.363,103.7912388,102.8989636,103.4073318,105.1699615,104.7287819
835.534,103.9238185,102.9434884,103.4180685,105.1319883,104.8320345
835.704,104.1895187,103.1448243,103.7185324,105.3178409,105.1338067
835.874,103.8650367,102.9415514,103.4418334,104.9775688,104.8665383
836.044,104.2106615,103.3354558,103.7402559,105.3002631,105.0992071
836.214,104.5453446,103.711412,103.9793301,105.5585697,105.363661
836.384,104.8360033,104.1263008,104.3366012,105.7873106,105.7293854
836.554,105.1203018,104.3240323,104.5911175,106.052272,105.8833167
836.724,105.2497434,104.3384905,104.6938348,106.1013322,105.9969283
836.894,105.2853302,104.2878311,104.7171836,106.1476984,105.9210338
837.064,105.2670244,104.15432,104.5797988,106.129094,105.906818
837.233,105.4556161,104.2440898,104.866551,106.3071606,106.1567889
837.403,105.497946,104.4128165,105.0543879,106.5139801,106.3214306
837.573,105.5632563,104.4032656,105.089433,106.6384833,106.3806867
837.743,105.9189181,104.4794918,105.3526588,106.9957695,106.7771205
837.913,105.5637277,104.2129891,105.1022344,106.7000005,106.5985728
838.083,105.4517353,103.9426658,105.1315374,106.5992197,106.3703059
838.252,105.2310463,103.7692358,104.7960168,106.3233448,106.1715327
838.422,105.0761979,103.6979955,104.8324395,106.2172879,106.2456835
838.592,105.2820243,103.8106617,104.9138387,106.2364218,106.3771241
838.762,105.24693,103.7375887,104.9138621,106.1586996,106.3391888
838.931,105.3238029,103.814053,104.7741659,106.2555255,106.2913564
839.101,105.5332638,103.9893101,104.8190947,106.4178501,106.2852796
839.271,105.2395534,103.7341515,104.5526696,106.0891147,105.897328
839.44,105.055476,103.6002737,104.4086374,105.9961539,105.6766143
839.61,105.0205374,103.6734718,104.3898864,105.833354,105.5462801
839.78,105.2832726,104.0919165,104.6602197,106.0877867,105.9191169
839.949,105.4759451,104.2675494,104.7989578,106.2260942,106.1771645
840.119,105.8543869,104.5714945,105.2451224,106.7103443,106.3996108
840.288,105.9412377,104.664263,105.1448899,106.736742,106.606612
840.458,105.9903676,104.8384917,105.3051598,107.0174692,106.7489285
840.627,106.0214779,104.7648476,105.3174015,106.9265914,106.8775462
840.797,106.0674383,105.0074038,105.6487882,107.0161976,107.0484074
840.966,105.6858563,104.7379883,105.367808,106.6131542,106.8410569
841.136,106.1434294,105.0258699,105.4568512,106.9322418,107.0197622
841.305,106.1317658,104.9245756,105.4932856,106.8893082,106.959847
841.474,106.0595651,104.8378262,105.4363501,106.7811632,106.7584816
841.644,105.9070967,104.5332847,105.340106,106.6087602,106.4455689
841.813,105.6597464,104.2992008,104.8000854,106.3347694,106.0544549
841.983,105.4215703,104.1644249,104.4826419,106.0545212,105.9344615
842.152,105.3503669,104.1699782,104.5460938,106.0406996,105.7469552
842.321,105.182874,104.0730106,104.2791922,105.8611151,105.6931413
842.49,105.1240438,104.091708,104.237915,106.0433742,105.633629
842.66,104.984885,103.7247971,103.8744324,105.742029,105.3644784
842.829,105.4508953,104.2780836,104.1727966,106.1169632,105.6999208
842.998,105.365145,104.2792865,104.3624927,106.1863994,105.7402078
843.167,105.7425304,104.7025393,104.5597623,106.3767002,106.0630848
843.337,105.9692324,104.9495653,104.8984479,106.7864439,106.5219718
843.506,106.2250156,105.1280359,105.2032594,106.9568095,106.8258057
843.675,106.3495327,105.2670232,105.5380347,107.1946926,107.2899371
843.844,106.2347243,104.9826182,105.4474398,107.1627008,107.1110218
844.013,106.1395499,104.8549909,105.4389211,106.9907189,107.0055295
844.182,106.1399202,104.8266926,105.5523229,107.011024,106.9962951
844.351,106.391265,104.9874611,105.8417416,107.0930276,107.2535008
844.52,106.613741,105.210403,106.2290647,107.4693011,107.6013202
844.689,106.316478,104.8057817,106.093463,107.3916092,107.4167399
844.858,106.3026843,104.859185,105.9752696,107.0458255,107.3724383
845.027,106.0202124,104.6151961,105.8114791,106.9372587,107.2136772
845.196,105.81941,104.4925373,105.462815,106.4968332,106.8752036
845.365,105.5706056,104.2894422,105.1197464,106.4522861,106.5534846
845.534,106.0298201,104.7946738,105.5129013,106.8235601,106.8994707
845.703,106.4304804,105.1945883,105.8664824,106.9518656,107.1811861
845.872,106.5466672,105.1947002,105.7701785,107.1569136,107.2726011
846.041,106.4260693,105.142017,105.7238578,107.1258964,107.2178562
846.21,106.3480748,105.252265,105.5655659,106.9997699,107.0240061
846.378,106.179881,105.3731271,105.5695984,107.1121651,107.0323273
846.547,106.370386,105.5439277,105.7777813,107.1190856,107.1341013
846.716,106.128914,105.308011,105.5985578,107.2481281,106.9903218
846.885,106.1360612,105.3450573,105.4223597,107.1319897,106.8601303
847.054,106.3359693,105.4879074,105.5408779,107.5356515,107.1761183
847.222,106.3786022,105.4140099,105.6580417,107.4458257,107.2427315
847.391,106.2137695,105.1690875,105.5621539,107.3513342,106.8649873
847.56,105.8722528,104.9454774,105.422236,107.1852302,106.7327851
847.728,105.9301486,104.8932485,105.3611943,107.0435612,106.771103
847.897,106.1650541,105.0031575,105.3682973,107.1219019,106.7069572
848.066,106.3816687,105.1823102,105.5895901,107.4748431,106.9511184
848.234,106.5682671,105.404202,105.7567793,107.3807366,107.1729525
848.403,106.4299059,105.3095625,105.6220153,107.3736427,107.1151723
848.571,106.7673334,105.4529259,105.8219631,107.6587125,107.5679879
848.74,106.7528727,105.7028355,106.052927,107.7199639,107.898287
848.908,106.7847491,105.7142046,106.1008177,107.534695,107.6634439
849.077,106.5466234,105.8460718,105.8464582,107.5688225,107.5198716
849.245,106.5536654,105.9400781,105.9432056,107.348757,107.6918594
849.414,106.8424302,106.0395007,106.1156923,107.5895848,107.6973484
849.582,106.6817898,106.2246845,106.0902976,107.6412071,107.5612066
849.751,106.7036608,106.341715,106.3474803,107.5476078,107.568463
849.919,106.6544467,106.5403172,106.4273324,107.7154607,107.8401985
850.087,106.5522534,106.1807645,106.033326,107.6800675,107.6442148
850.256,106.549147,106.1478019,105.9236645,107.6119203,107.7025718
850.424,106.8147693,106.3847076,106.2248048,107.5573852,107.9107038
850.592,106.9333281,106.2058647,106.3362353,107.6685421,107.75237
850.761,106.6539794,106.0672163,106.074989,107.464116,107.7455498
850.929,106.9432303,106.3136478,106.3526003,107.5489655,108.0408694
851.097,106.7638927,106.1651464,106.1079622,107.6651848,107.9737284
851.266,106.872463,106.2019303,106.0279605,107.5398682,108.2237945
851.434,107.0811791,106.0801202,106.1756908,107.8666104,108.3988713
851.602,106.8987709,105.9430524,105.9118328,107.7870523,108.3578279
851.77,106.4735455,105.4413768,105.4252145,107.1716965,107.8014349
851.938,106.7959542,105.5961022,105.8743327,107.3036981,108.0394241
852.106,106.9943893,105.6902606,106.1235828,107.3329156,108.2347752
852.275,106.8886834,105.9335149,106.1465262,107.5443647,108.0478819
852.443,106.9915269,106.0355051,106.3227761,107.6884758,108.3479438
852.611,107.1925798,106.0225171,106.3946702,108.0521934,108.3447596
852.779,107.2763221,105.9936132,106.4557773,107.9418659,108.3836647
852.947,107.4317303,106.0368593,106.4193363,107.9401103,108.3334405
853.115,107.2362544,105.8463507,106.2577765,107.9087261,108.0816959
853.283,107.1349891,105.750925,106.1200131,107.7133476,108.0041183
853.451,107.2617368,105.773934,106.3950071,107.9376157,108.1717151
853.619,107.4423858,105.9316195,106.6003779,108.1220372,108.1287344
853.787,107.2067985,106.1069858,106.3237865,108.140414,107.9769877
853.955,106.9298367,105.9698187,106.0748515,108.1271118,107.7307126
854.122,106.8497037,105.3972061,105.702627,107.8555543,107.5888017
854.29,106.8587411,105.3238426,105.4098912,107.8555898,107.2881411
854.458,106.545719,105.3312676,105.4257001,107.699183,107.1300281
854.626,106.4603454,105.1745593,105.2989256,107.7740364,107.0719434
854.794,106.2771732,104.9168983,105.1342446,107.6188939,106.843349
854.962,106.313082,105.1469728,105.3173412,107.7877316,107.1379744
855.129,106.2030929,105.2475949,105.5054,107.6894218,107.249307
855.297,106.0208551,105.0898108,105.1368944,107.4763203,106.9793667
855.465,106.0083388,104.8726117,105.1755427,107.4928373,106.9746265
855.633,105.758164,104.3837628,104.9899572,107.2537168,106.6484804
855.8,105.97497,104.82379,105.2902486,107.4325946,106.8988169
855.968,105.9641209,105.0227979,105.435932,107.2971771,106.8392864
856.136,105.7690574,104.8458468,105.2423646,107.1339637,106.6655305
856.303,106.0053544,104.8207369,105.2704112,107.0314274,106.8559763
856.471,106.3220368,105.1736064,105.5742545,107.4470497,107.112109
856.638,106.0116072,105.0018835,105.5019363,107.2540119,106.9952779
856.806,106.0330489,105.1269709,105.3629155,107.3241503,107.0203562
856.974,106.2911389,105.3245128,105.6381764,107.482452,107.1129691
857.141,106.6221789,105.6018693,106.0233418,107.8326659,107.4710444
857.309,106.6534681,105.5739279,106.0083706,107.7276718,107.6807081
857.476,107.1912877,106.1857502,106.3990579,108.1365722,108.2497997
857.644,107.1734744,105.8305736,106.2552967,108.1110618,107.9646522
857.811,107.3238506,106.1034145,106.4522928,108.5237566,108.3421408
857.978,107.4182464,106.4526954,106.9794572,108.8949172,108.6178445
858.146,107.6996531,106.7375805,107.3097824,109.2739383,108.7283598
858.313,107.2652583,106.4131455,106.7715012,108.888587,108.3786058
858.481,107.5208332,106.6258907,107.0977537,109.1247397,108.6836933
858.648,107.6729691,106.7487656,107.3042342,109.1183004,108.8382675
858.815,107.857297,106.8672657,107.2493841,109.1877098,108.7236101
858.983,107.9076958,106.8215255,107.3706526,109.2272934,108.7340893
859.15,108.0609701,106.9401979,107.3446525,109.3285192,108.6188863
859.317,108.0042574,106.6896847,107.3153032,109.2767757,108.3530918
859.484,108.0478836,107.0266083,107.4622704,109.4128795,108.5986629
859.652,107.9662961,106.842767,107.1785267,109.1342938,108.3565252
859.819,108.2879221,106.7596881,107.0746738,109.0726537,108.3936357
859.986,108.1897949,106.680354,106.9237756,109.0378262,108.5976294
860.153,107.8957115,106.2869774,106.9491368,108.647723,108.235378
860.32,107.8035572,106.402019,106.7557546,108.528309,108.1162088
860.487,107.842162,106.5265863,106.9932517,108.6488782,107.9767006
860.655,107.4992206,106.1312333,106.5912188,108.4195674,107.7676526
860.822,107.4074115,106.2737944,106.2913394,108.4885183,107.858484
860.989,107.5651601,106.497899,106.3379311,108.5518011,108.1441139
861.156,107.6416437,106.6628809,106.3837824,108.3405014,108.3191017
861.323,107.6098157,106.4463527,106.0871953,108.0902438,108.1339825
861.49,107.4769793,106.2928286,106.1771756,108.1956743,108.058792
861.657,107.3930855,106.4263932,106.2562564,107.8703388,108.073894
861.824,107.2875921,106.2673167,106.1924248,107.8661644,107.8799549
861.991,108.3177322,107.3872562,107.1045543,109.0197918,108.9512757
862.158,108.5377037,107.3291719,107.0229064,109.1460528,108.9951206
862.324,107.8806518,106.571365,106.256473,108.5917488,108.4518977
862.491,108.2794578,107.0867717,106.7404811,109.2630385,108.9482749
862.658,108.3705894,107.0525534,106.7388558,109.0806305,108.8337398
862.825,107.8275464,106.6381819,106.5490266,108.9055168,108.5103402
862.992,107.3157585,106.4462691,106.3598013,108.8061932,108.2615292
863.159,106.9737851,106.3938256,106.0284415,108.6629132,107.9194237
863.325,107.0264109,106.2724857,105.9233677,108.5103045,107.8683013
863.492,107.2119108,106.5097698,106.0722514,108.9179174,108.1662214
863.659,107.5828141,107.0672428,106.5166633,109.3122051,108.5775458
863.826,106.840355,106.2152138,105.6604763,108.5798634,107.8199884
863.992,106.8161878,106.2247923,105.8806229,108.7166797,107.8213216
864.159,107.3100398,106.7120481,106.2512896,109.0686102,108.0630312
864.326,106.6654702,106.1834388,105.6672246,108.2134813,107.504372
864.492,106.9460924,106.1630766,105.9090146,108.3853961,107.7234352
864.659,107.6465011,106.7011229,106.4001778,108.8758493,108.1291757
864.826,108.1577229,107.039982,106.8686479,109.3215374,108.4690626
864.992,108.3658203,106.8923536,107.246653,109.4565568,108.59134
865.159,108.1810719,106.9663249,107.2705545,109.5505606,108.5039511
865.325,107.5986619,106.4646715,106.7377642,108.9570639,107.8230805
865.492,107.4654361,106.3021154,106.4468196,108.5861547,107.5567003
865.658,107.7696086,106.6230112,106.7970471,108.857947,107.8396496
865.825,107.4018851,106.1957081,106.5099408,108.3727166,107.3733837
865.991,107.4372846,106.0423258,106.722792,108.3486459,107.6827393
866.158,108.4727723,106.6692549,107.5218344,109.2458964,108.3688843
866.324,107.7527965,106.2886143,107.2186288,108.8188207,108.0658216
866.49,107.388847,105.9461485,107.0647982,108.3356435,107.9590913
866.657,107.170115,105.6714964,106.6050391,108.2566821,107.7288986
866.823,107.3972379,106.1080955,106.7534119,108.3114218,108.0311634
866.989,107.5941174,106.2495024,106.9377994,108.4891099,108.2071038
867.156,107.9142345,106.0488373,107.0624697,108.5796048,108.5501375
867.322,107.9743694,106.2397666,107.3116158,108.6655814,108.8375382
867.488,107.8350043,106.2940659,107.2656153,108.4160485,108.8648318
867.655,108.3703471,106.9123449,107.8950281,109.0261231,109.7083042
867.821,108.2683264,107.1698684,107.7603666,109.2561802,109.3831678
867.987,107.8042121,106.9593991,107.2970378,108.8210105,109.1449557
868.153,107.9623774,107.1977328,107.540115,109.002597,109.0545403
868.319,108.3468068,107.6966402,107.6449391,109.3761793,109.0967442
868.485,108.2822188,107.5537413,107.856023,109.2764839,109.1054038
868.652,108.7976304,107.8829719,108.4035267,110.063196,109.5212504
868.818,109.2143908,108.0605008,108.5596499,110.2114836,109.6586106
868.984,109.0373428,108.4173936,108.4043654,110.1601772,109.4815754
869.15,108.5493601,107.7171012,107.9770859,109.9373722,108.7911605
869.316,108.2853433,107.1555695,107.5941902,109.3171411,108.2965575
869.482,108.1993452,107.2812127,107.5375667,109.2301719,108.1680397
869.648,108.102207,107.0424088,107.7203304,108.955869,108.3534534
869.814,108.2353444,107.0725794,108.1001989,109.2495567,108.5163594
869.98,108.6319808,107.2666458,108.3696736,109.6094056,108.925282
870.146,108.007578,106.9451813,107.9222167,109.4583097,108.8815953
870.312,107.927451,107.2574256,107.9287671,109.3728793,108.7569085
870.478,107.8492398,107.1764588,107.6626379,109.2303734,108.7399441
870.644,107.3346678,107.0297549,106.9826105,108.8801415,108.5482719
870.809,107.4519661,107.1877529,107.0630897,109.1772059,108.6385719
870.975,108.0068142,107.8100864,107.5356101,109.5569075,109.1700027
871.141,108.8599358,108.4421383,108.3390432,110.7804458,110.011794
871.307,108.7610084,108.045515,107.8662113,110.4469095,109.592518
871.473,109.2035716,108.6399988,108.0880262,110.9011818,109.8254728
871.638,109.519639,108.6997736,108.0120814,110.8168778,109.6630756
871.804,109.6920272,109.1276371,108.0345737,110.8952365,109.9620285
871.97,109.7849138,108.8478393,108.0603287,110.6804892,109.7372087
872.136,110.0558189,108.9748762,108.0084486,110.8269,110.4058632
872.301,109.5476992,108.5671435,107.7519529,110.3918286,110.0616899
872.467,110.1023052,108.9205477,108.4804424,110.9038418,110.7493291
872.633,110.6128132,109.2444916,109.2398179,111.5369923,111.4308532
872.798,110.1014571,108.6816201,108.8420033,110.9484135,110.7910348
872.964,109.651115,108.5537255,108.2703896,110.5550758,110.4807342
873.129,109.5093637,108.6036112,108.5249723,110.2716212,110.4310609
873.295,109.6850309,108.3818334,108.4244963,110.0332225,110.4971562
873.46,109.1772169,108.0100776,107.9472781,109.629865,110.1550833
873.626,108.7302448,107.5248639,107.4300243,109.1821693,109.6403145
873.791,108.9871371,107.650521,107.460842,109.3642716,109.5704853
873.957,109.2544139,107.4836653,107.661859,109.3106712,109.1917993
874.122,109.0963812,107.6195287,107.6527567,109.1013115,109.151841
874.288,108.3560606,106.8613554,107.1999768,108.2922187,108.2368965
874.453,108.0091689,106.4986344,106.265177,107.4960407,107.728439
874.619,108.3782371,106.8816226,106.4205837,107.9368166,107.9479098
874.784,108.8333418,107.01692,106.9447283,108.136611,108.2175742
874.949,109.4276443,107.4775287,107.4314659,108.9486024,109.0382418
875.115,108.808002,107.3095229,107.2247946,108.9576514,108.9379689
875.28,108.7146019,107.7895847,107.6756214,109.1191581,109.1661922
875.445,109.2085575,108.2045111,108.209558,109.3350614,109.5042684
875.61,109.2093492,108.4394186,108.3411439,109.4700116,109.7929248
875.776,109.0166662,108.4697997,108.1771113,109.1630581,109.9041746
875.941,109.3721507,108.121948,108.068414,109.1018669,109.5256098
876.106,109.3003414,108.1939828,107.9936408,109.2023478,109.5600947
876.271,108.7412629,107.6465927,108.0747736,109.1745252,109.4293711
876.436,108.5609315,107.4141497,107.9960607,108.8101176,109.483912
876.602,108.0224002,107.2519333,107.4355273,108.4493699,109.033834
876.767,107.9576375,107.0961293,107.028753,108.3654345,108.7522165
876.932,108.3122109,106.9306063,106.9197724,108.551613,108.6172517
877.097,108.6020195,106.8466559,107.3248849,108.9392386,109.1106372
877.262,108.276317,106.2209546,106.9868627,109.1355751,108.7382285
877.427,108.7826976,106.7448905,107.6393686,109.4739078,109.0424665
877.592,108.8777668,106.5083175,107.765204,109.7773826,108.8190599
877.757,108.5040964,106.6235749,107.7987368,109.6934479,108.8563522
877.922,108.5424196,106.6289643,107.5104527,109.6367598,108.93741
878.087,108.6256446,106.7972332,107.5805332,109.5468489,108.5857602
878.252,108.7307149,107.2178421,107.6353862,109.952819,108.8876371
878.417,109.0457707,107.6376695,108.2793628,110.2641834,109.2515934
878.582,109.1172134,108.0999701,108.6525083,110.5660162,109.5038141
878.747,108.2983052,107.7331703,108.1450434,110.0900088,109.1504125
878.911,107.9870125,107.5037104,107.6473646,109.5564695,108.4828316
879.076,108.0818607,108.0177087,107.7171103,109.3574642,108.5303099
879.241,107.6514817,107.4344466,107.5687954,108.7138257,107.8494449
879.406,107.2599302,107.4761394,107.2204515,108.6631485,107.7637645
879.571,107.409854,107.3276186,107.1114898,108.7149079,108.0593662
879.735,108.1740928,108.3508142,108.3712985,109.8327302,108.9510624
879.9,108.7230794,109.2133865,109.0579513,110.3258046,109.8110835
880.065,109.0015358,109.331913,109.2817793,110.6309375,109.9188801
880.229,108.5699566,108.4120803,108.3966578,109.910573,109.4704573
880.394,108.0919772,108.233673,107.9213212,109.7186261,109.6699081
880.559,109.0453721,109.1961693,108.8075179,110.3850449,110.2957016
880.723,108.7737346,109.4439049,108.6624882,110.5675618,110.535955
880.888,109.0942726,109.9514228,109.4197371,111.1369214,111.2110996
881.053,109.5408891,110.4873508,109.6308063,111.903582,112.2105623
881.217,110.3143592,111.3908224,110.4023008,112.5129248,112.6016238
881.382,110.3525601,111.4868871,109.9677259,112.3663846,112.5522285
881.546,110.1478562,110.8823661,109.3338696,111.5880634,112.2150399
881.711,109.9409145,110.7039926,108.827967,111.0176677,111.4988384
881.875,109.4030507,110.3966063,108.5186925,110.1836395,111.2789224
882.04,109.8959436,110.9389792,109.1265858,110.5534788,111.7066143
882.204,109.5211558,110.0994867,108.4110794,109.6966485,110.7750674
882.369,109.8093335,110.2302648,108.7928543,110.0893,111.1723994
882.533,108.9488627,109.0275471,107.9082929,109.0628649,110.3848792
882.697,108.604328,108.2325371,107.2970485,108.3949085,109.6324018
882.862,108.4216163,108.0456575,106.8993165,108.3903071,109.5279795
883.026,107.8476603,106.9627921,106.3580893,107.3792676,108.9912725
883.19,107.865562,107.2244014,106.8622681,107.5886845,109.6496375
883.355,107.8204893,107.1739533,107.298211,107.7787497,109.741393
883.519,107.992465,106.8021885,107.3574264,107.9861242,109.9356779
883.683,108.3794791,107.044978,107.655512,108.7262484,110.3751876
883.847,107.7778559,106.5582481,106.8967185,108.0779939,109.8170021
884.012,107.7275745,106.5197592,106.9389529,107.8329635,109.3779057
884.176,107.6338434,106.6274307,106.7469594,107.432487,109.2222042
884.34,108.2001744,107.3340858,106.800207,108.2356887,109.1661187
884.504,108.1714277,107.6186483,106.5784631,108.5049784,109.5429196
884.668,107.4814764,107.4473081,106.3274491,108.0528487,109.2664516
884.832,107.7413429,108.0100047,106.5717087,108.7816177,109.590182
884.996,107.5041895,107.5592662,106.0821646,108.5489076,108.7227664
885.161,107.0517204,107.6928683,105.6440429,108.3460575,108.3473129
885.325,107.0823021,107.9878465,106.1050583,108.8013464,108.7536338
885.489,106.9975203,107.7641302,106.2882751,108.7726403,108.4167774
885.653,107.5658126,108.5254601,106.5966707,109.6989725,108.9823824
885.817,107.8099512,109.0470349,107.5650872,110.3436716,109.3298505
885.981,107.4994038,108.9593709,107.2027754,109.891748,109.0953791
886.145,108.3176453,109.6234867,108.0080184,110.0285114,109.9951583
886.308,108.4216462,109.639721,108.085485,109.976867,109.55363
886.472,108.656548,109.3684009,108.0608723,109.8433236,109.1067049
886.636,108.4925655,109.5287914,107.7056039,109.4233844,108.9301387
886.8,108.7977417,110.3689039,108.6171483,109.9574417,108.9991811
886.964,109.1435303,110.7352303,108.9937464,110.0473724,109.0457984
887.128,109.2080139,110.387175,108.7593334,109.7683729,108.7134267
887.292,109.4872885,110.7781833,108.7812382,110.3261491,108.9152446
887.455,109.2762488,110.2802516,108.697897,110.149786,108.5499476
887.619,110.8000217,111.6468747,109.4013788,112.023564,110.2717455
887.783,110.8639515,111.2125209,109.789153,112.338926,110.4667582
887.947,110.2768505,110.6730252,109.4286399,112.0194938,110.0461681
888.11,110.4017801,110.712746,109.6727219,112.1037731,110.5736693
888.274,109.8497624,109.864364,109.3751066,111.4771843,110.1493994
888.438,110.4033793,110.307274,110.1883296,112.377824,110.8222206
888.601,110.3725952,110.2619061,109.9550219,112.5931227,111.6036049
888.765,110.7201589,110.037095,109.534515,112.6801082,111.6700461
888.928,111.2864409,110.7390614,109.9058114,113.441369,112.3923849
889.092,110.5454969,110.1478208,109.2345559,111.9187484,111.6985421
889.256,109.8092595,109.8635396,109.1047489,111.2072712,111.4269104
889.419,109.1233807,109.0001338,108.6273485,110.0902428,110.5089699
889.583,109.4545785,109.2876438,108.7425582,110.5193703,111.2568823
889.746,109.8326878,109.3061017,109.2167104,110.9453478,111.4888513
889.91,109.2283963,109.8208238,109.131367,111.0892067,111.5194155
890.073,109.8261449,110.8413453,109.120849,111.746633,111.7916299
890.236,108.8377181,109.3360349,108.0821388,110.5660405,110.9782683
890.4,109.4911251,109.8337568,108.4010011,110.9347126,110.8205548
890.563,109.6346777,109.7516655,108.6033054,110.9182894,110.8603817
890.727,108.8766653,109.2160862,107.9466599,110.1168798,110.3472674
890.89,108.6859739,108.7598083,107.8959277,110.1164759,110.3315402
891.053,108.9924111,108.8505202,108.1858397,110.310293,110.4472993
891.217,107.9414571,107.8715085,107.3789023,109.150263,109.5553537
891.38,107.3385166,107.3981083,106.6784093,108.3348389,108.2873371
891.543,107.3777343,107.6878625,106.7044106,108.3158392,108.517762
891.706,107.6814689,106.5684342,106.1553831,107.5393444,107.9380308
891.87,107.8148778,106.4481639,106.6507257,107.3251479,108.3581651
892.033,108.3376353,107.6003827,107.0405353,107.8517813,108.6604703